
=================================================================
  SSEE-V3.6 — B1 Full CMB Posterior Analysis
  Mode: both | Fast: False
=================================================================

  SSEE algebraic predictions:
    w₀    = -0.839950  (−Tr/Mv)
    wₐ    = -0.669975  (−P_sc/Kv)
    Ωm_cmb= 0.308894  (ω_m/h² derivado, ω_m-directo)
    ns    = 0.965558  (1 − φ⁻⁷)
    N_data= 6478  (full plik TTTEEE + lowl TT+EE + lensing, via clipy)

=================================================================
  SSEE-V3.6 — B1 Full CMB Posterior Analysis
  Mode: both | Fast: False
=================================================================

  SSEE algebraic predictions:
    w₀    = -0.839950  (−Tr/Mv)
    wₐ    = -0.669975  (−P_sc/Kv)
    Ωm_cmb= 0.308894  (ω_m/h² derivado, ω_m-directo)
    ns    = 0.965558  (1 − φ⁻⁷)
    N_data= 6478  (full plik TTTEEE + lowl TT+EE + lensing, via clipy)

=================================================================
  SSEE-V3.6 — B1 Full CMB Posterior Analysis
  Mode: both | Fast: False
=================================================================

  SSEE algebraic predictions:
    w₀    = -0.839950  (−Tr/Mv)
    wₐ    = -0.669975  (−P_sc/Kv)
    Ωm_cmb= 0.308894  (ω_m/h² derivado, ω_m-directo)
    ns    = 0.965558  (1 − φ⁻⁷)
    N_data= 6478  (full plik TTTEEE + lowl TT+EE + lensing, via clipy)

=================================================================
  SSEE-V3.6 — B1 Full CMB Posterior Analysis
  Mode: both | Fast: False
=================================================================

  SSEE algebraic predictions:
    w₀    = -0.839950  (−Tr/Mv)
    wₐ    = -0.669975  (−P_sc/Kv)
    Ωm_cmb= 0.308894  (ω_m/h² derivado, ω_m-directo)
    ns    = 0.965558  (1 − φ⁻⁷)
    N_data= 6478  (full plik TTTEEE + lowl TT+EE + lensing, via clipy)

=================================================================
  Running MCMC: SSEE
  Output prefix: /home/mike/Proyectos/SSEE/src/results/chains/ssee_cmb_k2
  Convergence target R−1 < 0.02
=================================================================

=================================================================
  Running MCMC: SSEE
  Output prefix: /home/mike/Proyectos/SSEE/src/results/chains/ssee_cmb_k2
  Convergence target R−1 < 0.02
=================================================================

=================================================================
  Running MCMC: SSEE
  Output prefix: /home/mike/Proyectos/SSEE/src/results/chains/ssee_cmb_k2
  Convergence target R−1 < 0.02
=================================================================

=================================================================
  Running MCMC: SSEE
  Output prefix: /home/mike/Proyectos/SSEE/src/results/chains/ssee_cmb_k2
  Convergence target R−1 < 0.02
=================================================================
[0 : output] Output to be read-from/written-into folder '/home/mike/Proyectos/SSEE/src/results/chains', with prefix 'ssee_cmb_k2'
[0 : prior] *WARNING* External prior 'SZ' loaded. Mind that it might not be normalized!
[0 : camb] `camb` module loaded successfully from /home/mike/Proyectos/SSEE/eftcamb_ssee/camb
[0 : planck_2018_highl_plik.ttteee] `clipy` module loaded successfully from /home/mike/cobaya_packages/code/planck/clipy/clipy
----
clipy_0.15
----
clipy_0.15
----
clipy_0.15
Checking likelihood '/home/mike/cobaya_packages/data/planck_2018/baseline/plc_3.0/hi_l/plik/plik_rd12_HM_v22b_TTTEEE.clik' on test data. got -1172.47 expected -1172.47 (diff 4.00569e-06)
----
Checking likelihood '/home/mike/cobaya_packages/data/planck_2018/baseline/plc_3.0/hi_l/plik/plik_rd12_HM_v22b_TTTEEE.clik' on test data. got -1172.47 expected -1172.47 (diff 4.00569e-06)
----
Checking likelihood '/home/mike/cobaya_packages/data/planck_2018/baseline/plc_3.0/hi_l/plik/plik_rd12_HM_v22b_TTTEEE.clik' on test data. got -1172.47 expected -1172.47 (diff 4.00569e-06)
----
----
clipy_0.15
Checking likelihood '/home/mike/cobaya_packages/data/planck_2018/baseline/plc_3.0/hi_l/plik/plik_rd12_HM_v22b_TTTEEE.clik' on test data. got -1172.47 expected -1172.47 (diff 4.00569e-06)
----
[0 : mcmc] Getting initial point... (this may take a few seconds)
[1 : mcmc] Getting initial point... (this may take a few seconds)
[2 : mcmc] Getting initial point... (this may take a few seconds)
[3 : mcmc] Getting initial point... (this may take a few seconds)
[3 : mcmc] Initial point: logA:3.0359, tau:0.0432782, A_planck:0.9982186, calib_100T:0.9992969, calib_217T:0.9988704, A_cib_217:76.39627, xi_sz_cib:0.01208567, A_sz:9.83694, ksz_norm:0.36878, gal545_A_100:7.242867, gal545_A_143:8.242426, gal545_A_143_217:20.76478, gal545_A_217:60.33472, ps_A_100_100:269.9096, ps_A_143_143:47.28553, ps_A_143_217:31.9264, ps_A_217_217:112.2775, galf_TE_A_100:0.03563379, galf_TE_A_100_143:0.2960507, galf_TE_A_100_217:0.4956224, galf_TE_A_143:0.2329175, galf_TE_A_143_217:0.7458731, galf_TE_A_217:1.612883
[2 : mcmc] Initial point: logA:3.051534, tau:0.05159025, A_planck:1.000795, calib_100T:1.000349, calib_217T:0.9978326, A_cib_217:60.80831, xi_sz_cib:0.03430726, A_sz:3.982252, ksz_norm:0.5710715, gal545_A_100:7.122491, gal545_A_143:8.17365, gal545_A_143_217:21.62167, gal545_A_217:72.66258, ps_A_100_100:271.9104, ps_A_143_143:54.5008, ps_A_143_217:32.62202, ps_A_217_217:111.0266, galf_TE_A_100:0.1631933, galf_TE_A_100_143:0.1576708, galf_TE_A_100_217:0.3397867, galf_TE_A_143:0.1349128, galf_TE_A_143_217:0.613971, galf_TE_A_217:2.150235
[0 : mcmc] Initial point: logA:3.049443, tau:0.05875774, A_planck:0.9975799, calib_100T:1.000986, calib_217T:0.9998287, A_cib_217:61.15414, xi_sz_cib:0.1514288, A_sz:5.268607, ksz_norm:5.409802, gal545_A_100:7.083788, gal545_A_143:9.557546, gal545_A_143_217:22.0243, gal545_A_217:72.43723, ps_A_100_100:257.2263, ps_A_143_143:51.42361, ps_A_143_217:42.39151, ps_A_217_217:85.85154, galf_TE_A_100:0.1175584, galf_TE_A_100_143:0.2210553, galf_TE_A_100_217:0.5035469, galf_TE_A_143:0.08452879, galf_TE_A_143_217:0.4484765, galf_TE_A_217:2.073145
[1 : mcmc] Initial point: logA:3.063651, tau:0.05730282, A_planck:0.999718, calib_100T:1.001861, calib_217T:0.9976435, A_cib_217:51.63981, xi_sz_cib:0.03205243, A_sz:9.829596, ksz_norm:2.607011, gal545_A_100:7.986899, gal545_A_143:7.740302, gal545_A_143_217:23.4504, gal545_A_217:74.13148, ps_A_100_100:203.0652, ps_A_143_143:57.48098, ps_A_143_217:32.1879, ps_A_217_217:102.6216, galf_TE_A_100:0.1954779, galf_TE_A_100_143:0.1010095, galf_TE_A_100_217:0.3393749, galf_TE_A_143:0.1386662, galf_TE_A_143_217:0.7254246, galf_TE_A_217:1.894143
[0 : model] Measuring speeds... (this may take a few seconds)
[0 : model] Setting measured speeds (per sec): {planck_2018_highl_plik.TTTEEE: 21.5, planck_2018_lowl.TT: 1430.0, planck_2018_lowl.EE: 9680.0, planck_2018_lensing.native: 3130.0, camb.transfers: 0.257, camb: 1.43}
[0 : mcmc] Oversampling with factors:
[0 : mcmc] * 1 : ['tau']
[0 : mcmc] * 2 : ['logA']
[0 : mcmc] * 6 : ['A_planck']
[0 : mcmc] * 6 : ['calib_100T', 'calib_217T', 'A_cib_217', 'xi_sz_cib', 'A_sz', 'ksz_norm', 'gal545_A_100', 'gal545_A_143', 'gal545_A_143_217', 'gal545_A_217', 'ps_A_100_100', 'ps_A_143_143', 'ps_A_143_217', 'ps_A_217_217', 'galf_TE_A_100', 'galf_TE_A_100_143', 'galf_TE_A_100_217', 'galf_TE_A_143', 'galf_TE_A_143_217', 'galf_TE_A_217']
[0 : mcmc] Covariance matrix not present. We will start learning the covariance of the proposal earlier: R-1 = 30 (would be 2 if all params loaded).
[0 : mcmc] Sampling! (NB: no accepted step will be saved until 300 burn-in samples have been obtained)
[1 : mcmc] Progress @ 2026-06-20 14:30:55 : 1 steps taken -- still burning in, 1801 accepted steps left.
[3 : mcmc] Progress @ 2026-06-20 14:30:55 : 1 steps taken -- still burning in, 1801 accepted steps left.
[0 : mcmc] Progress @ 2026-06-20 14:30:59 : 1 steps taken -- still burning in, 1801 accepted steps left.
[2 : mcmc] Progress @ 2026-06-20 14:30:59 : 1 steps taken -- still burning in, 1800 accepted steps left.
[3 : mcmc] Progress @ 2026-06-20 14:31:57 : 818 steps taken -- still burning in, 1660 accepted steps left.
[1 : mcmc] Progress @ 2026-06-20 14:31:59 : 855 steps taken -- still burning in, 1637 accepted steps left.
[0 : mcmc] Progress @ 2026-06-20 14:31:59 : 784 steps taken -- still burning in, 1617 accepted steps left.
[2 : mcmc] Progress @ 2026-06-20 14:32:02 : 955 steps taken -- still burning in, 1586 accepted steps left.
[3 : mcmc] Progress @ 2026-06-20 14:32:59 : 1766 steps taken -- still burning in, 1482 accepted steps left.
[1 : mcmc] Progress @ 2026-06-20 14:32:59 : 1698 steps taken -- still burning in, 1488 accepted steps left.
[0 : mcmc] Progress @ 2026-06-20 14:33:03 : 1744 steps taken -- still burning in, 1420 accepted steps left.
[2 : mcmc] Progress @ 2026-06-20 14:33:04 : 1876 steps taken -- still burning in, 1413 accepted steps left.
[3 : mcmc] Progress @ 2026-06-20 14:33:59 : 2706 steps taken -- still burning in, 1293 accepted steps left.
[1 : mcmc] Progress @ 2026-06-20 14:33:59 : 2604 steps taken -- still burning in, 1333 accepted steps left.
[2 : mcmc] Progress @ 2026-06-20 14:34:04 : 2847 steps taken -- still burning in, 1257 accepted steps left.
[0 : mcmc] Progress @ 2026-06-20 14:34:07 : 2704 steps taken -- still burning in, 1252 accepted steps left.
[1 : mcmc] Progress @ 2026-06-20 14:34:59 : 3404 steps taken -- still burning in, 1164 accepted steps left.
[3 : mcmc] Progress @ 2026-06-20 14:34:59 : 3521 steps taken -- still burning in, 1127 accepted steps left.
[2 : mcmc] Progress @ 2026-06-20 14:35:08 : 3823 steps taken -- still burning in, 1087 accepted steps left.
[0 : mcmc] Progress @ 2026-06-20 14:35:08 : 3584 steps taken -- still burning in, 1085 accepted steps left.
[3 : mcmc] Progress @ 2026-06-20 14:35:59 : 4480 steps taken -- still burning in, 941 accepted steps left.
[1 : mcmc] Progress @ 2026-06-20 14:36:02 : 4324 steps taken -- still burning in, 999 accepted steps left.
[0 : mcmc] Progress @ 2026-06-20 14:36:10 : 4435 steps taken -- still burning in, 901 accepted steps left.
[2 : mcmc] Progress @ 2026-06-20 14:36:11 : 4791 steps taken -- still burning in, 911 accepted steps left.
[1 : mcmc] Progress @ 2026-06-20 14:37:03 : 5184 steps taken -- still burning in, 837 accepted steps left.
[3 : mcmc] Progress @ 2026-06-20 14:37:03 : 5439 steps taken -- still burning in, 757 accepted steps left.
[0 : mcmc] Progress @ 2026-06-20 14:37:10 : 5359 steps taken -- still burning in, 737 accepted steps left.
[2 : mcmc] Progress @ 2026-06-20 14:37:13 : 5711 steps taken -- still burning in, 748 accepted steps left.
[3 : mcmc] Progress @ 2026-06-20 14:38:06 : 6433 steps taken -- still burning in, 554 accepted steps left.
[1 : mcmc] Progress @ 2026-06-20 14:38:07 : 6250 steps taken -- still burning in, 655 accepted steps left.
[2 : mcmc] Progress @ 2026-06-20 14:38:13 : 6668 steps taken -- still burning in, 566 accepted steps left.
[0 : mcmc] Progress @ 2026-06-20 14:38:14 : 6196 steps taken -- still burning in, 575 accepted steps left.
[3 : mcmc] Progress @ 2026-06-20 14:39:08 : 7474 steps taken -- still burning in, 361 accepted steps left.
[1 : mcmc] Progress @ 2026-06-20 14:39:09 : 7144 steps taken -- still burning in, 480 accepted steps left.
[2 : mcmc] Progress @ 2026-06-20 14:39:13 : 7666 steps taken -- still burning in, 395 accepted steps left.
[0 : mcmc] Progress @ 2026-06-20 14:39:18 : 7126 steps taken -- still burning in, 400 accepted steps left.
[3 : mcmc] Progress @ 2026-06-20 14:40:08 : 8370 steps taken -- still burning in, 188 accepted steps left.
[1 : mcmc] Progress @ 2026-06-20 14:40:14 : 8033 steps taken -- still burning in, 299 accepted steps left.
[2 : mcmc] Progress @ 2026-06-20 14:40:17 : 8544 steps taken -- still burning in, 252 accepted steps left.
[0 : mcmc] Progress @ 2026-06-20 14:40:19 : 8051 steps taken -- still burning in, 238 accepted steps left.
[3 : mcmc] Progress @ 2026-06-20 14:41:09 : 9229 steps taken -- still burning in, 24 accepted steps left.
[1 : mcmc] Progress @ 2026-06-20 14:41:14 : 8890 steps taken -- still burning in, 139 accepted steps left.
[2 : mcmc] Progress @ 2026-06-20 14:41:18 : 9543 steps taken -- still burning in, 71 accepted steps left.
[0 : mcmc] Progress @ 2026-06-20 14:41:20 : 8941 steps taken -- still burning in, 70 accepted steps left.
[3 : mcmc] Finished burn-in phase: discarded 300 accepted steps.
[2 : mcmc] Finished burn-in phase: discarded 300 accepted steps.
[0 : mcmc] Finished burn-in phase: discarded 300 accepted steps.
[1 : mcmc] Finished burn-in phase: discarded 300 accepted steps.
[3 : mcmc] Progress @ 2026-06-20 14:42:10 : 10110 steps taken, and 86 accepted.
[1 : mcmc] Progress @ 2026-06-20 14:42:17 : 9759 steps taken, and 23 accepted.
[2 : mcmc] Progress @ 2026-06-20 14:42:18 : 10513 steps taken, and 61 accepted.
[0 : mcmc] Progress @ 2026-06-20 14:42:22 : 9770 steps taken, and 60 accepted.
[3 : mcmc] Progress @ 2026-06-20 14:43:10 : 10965 steps taken, and 182 accepted.
[2 : mcmc] Progress @ 2026-06-20 14:43:18 : 11357 steps taken, and 165 accepted.
[1 : mcmc] Progress @ 2026-06-20 14:43:18 : 10611 steps taken, and 119 accepted.
[0 : mcmc] Progress @ 2026-06-20 14:43:25 : 10696 steps taken, and 166 accepted.
[3 : mcmc] Progress @ 2026-06-20 14:44:10 : 11783 steps taken, and 283 accepted.
[2 : mcmc] Progress @ 2026-06-20 14:44:18 : 12257 steps taken, and 267 accepted.
[1 : mcmc] Progress @ 2026-06-20 14:44:21 : 11569 steps taken, and 235 accepted.
[0 : mcmc] Progress @ 2026-06-20 14:44:25 : 11582 steps taken, and 271 accepted.
[3 : mcmc] Progress @ 2026-06-20 14:45:10 : 12761 steps taken, and 389 accepted.
[2 : mcmc] Progress @ 2026-06-20 14:45:18 : 13186 steps taken, and 382 accepted.
[1 : mcmc] Progress @ 2026-06-20 14:45:23 : 12542 steps taken, and 359 accepted.
[0 : mcmc] Progress @ 2026-06-20 14:45:25 : 12481 steps taken, and 374 accepted.
[3 : mcmc] Progress @ 2026-06-20 14:46:10 : 13666 steps taken, and 497 accepted.
[2 : mcmc] Progress @ 2026-06-20 14:46:18 : 14113 steps taken, and 482 accepted.
[1 : mcmc] Progress @ 2026-06-20 14:46:23 : 13411 steps taken, and 455 accepted.
[0 : mcmc] Progress @ 2026-06-20 14:46:27 : 13346 steps taken, and 470 accepted.
[3 : mcmc] Progress @ 2026-06-20 14:47:13 : 14706 steps taken, and 609 accepted.
[2 : mcmc] Progress @ 2026-06-20 14:47:18 : 14922 steps taken, and 575 accepted.
[1 : mcmc] Progress @ 2026-06-20 14:47:23 : 14216 steps taken, and 564 accepted.
[0 : mcmc] Progress @ 2026-06-20 14:47:27 : 14267 steps taken, and 586 accepted.
[3 : mcmc] Progress @ 2026-06-20 14:48:14 : 15601 steps taken, and 712 accepted.
[2 : mcmc] Progress @ 2026-06-20 14:48:22 : 15867 steps taken, and 697 accepted.
[1 : mcmc] Progress @ 2026-06-20 14:48:27 : 15173 steps taken, and 672 accepted.
[0 : mcmc] Progress @ 2026-06-20 14:48:28 : 15016 steps taken, and 677 accepted.
[3 : mcmc] Progress @ 2026-06-20 14:49:16 : 16525 steps taken, and 835 accepted.
[3 : mcmc] Learn + convergence test @ 840 samples accepted.
[3 : mcmc] Ready to check convergence and learn a new proposal covmat (waiting for the rest...)
[2 : mcmc] Progress @ 2026-06-20 14:49:25 : 16721 steps taken, and 800 accepted.
[1 : mcmc] Progress @ 2026-06-20 14:49:27 : 16106 steps taken, and 772 accepted.
[0 : mcmc] Progress @ 2026-06-20 14:49:28 : 15966 steps taken, and 789 accepted.
[2 : mcmc] Learn + convergence test @ 840 samples accepted.
[2 : mcmc] Ready to check convergence and learn a new proposal covmat (waiting for the rest...)
[0 : mcmc] Learn + convergence test @ 840 samples accepted.
[0 : mcmc] Ready to check convergence and learn a new proposal covmat (waiting for the rest...)
[1 : mcmc] Learn + convergence test @ 840 samples accepted.
[1 : mcmc] Ready to check convergence and learn a new proposal covmat (waiting for the rest...)
[0 : mcmc] All chains are ready to check convergence and learn a new proposal covmat
[0 : mcmc]  - Acceptance rate: 0.707 = avg([0.7254, 0.6919, 0.7169, 0.6927])
[0 : mcmc]  - Convergence of means: R-1 = 8131.440852 after 3484 accepted steps = sum([856, 840, 865, 923])
[0 : mcmc] Convergence less than requested for updates: waiting until the next convergence check.
[3 : mcmc] Progress @ 2026-06-20 14:50:16 : 17434 steps taken, and 934 accepted.
[2 : mcmc] Progress @ 2026-06-20 14:50:26 : 17538 steps taken, and 892 accepted.
[1 : mcmc] Progress @ 2026-06-20 14:50:27 : 17082 steps taken, and 871 accepted.
[0 : mcmc] Progress @ 2026-06-20 14:50:28 : 16838 steps taken, and 888 accepted.
[3 : mcmc] Progress @ 2026-06-20 14:51:19 : 18540 steps taken, and 1054 accepted.
[2 : mcmc] Progress @ 2026-06-20 14:51:26 : 18426 steps taken, and 1006 accepted.
[0 : mcmc] Progress @ 2026-06-20 14:51:28 : 17787 steps taken, and 997 accepted.
[1 : mcmc] Progress @ 2026-06-20 14:51:29 : 18013 steps taken, and 979 accepted.
[3 : mcmc] Progress @ 2026-06-20 14:52:19 : 19482 steps taken, and 1152 accepted.
[2 : mcmc] Progress @ 2026-06-20 14:52:29 : 19310 steps taken, and 1094 accepted.
[1 : mcmc] Progress @ 2026-06-20 14:52:29 : 18978 steps taken, and 1091 accepted.
[0 : mcmc] Progress @ 2026-06-20 14:52:32 : 18701 steps taken, and 1101 accepted.
[3 : mcmc] Progress @ 2026-06-20 14:53:22 : 20359 steps taken, and 1267 accepted.
[1 : mcmc] Progress @ 2026-06-20 14:53:29 : 19759 steps taken, and 1188 accepted.
[2 : mcmc] Progress @ 2026-06-20 14:53:30 : 20206 steps taken, and 1200 accepted.
[0 : mcmc] Progress @ 2026-06-20 14:53:32 : 19517 steps taken, and 1199 accepted.
[3 : mcmc] Progress @ 2026-06-20 14:54:23 : 21191 steps taken, and 1363 accepted.
[1 : mcmc] Progress @ 2026-06-20 14:54:29 : 20675 steps taken, and 1303 accepted.
[2 : mcmc] Progress @ 2026-06-20 14:54:30 : 21043 steps taken, and 1306 accepted.
[0 : mcmc] Progress @ 2026-06-20 14:54:36 : 20484 steps taken, and 1303 accepted.
[3 : mcmc] Progress @ 2026-06-20 14:55:27 : 22168 steps taken, and 1475 accepted.
[1 : mcmc] Progress @ 2026-06-20 14:55:29 : 21506 steps taken, and 1407 accepted.
[2 : mcmc] Progress @ 2026-06-20 14:55:34 : 22016 steps taken, and 1418 accepted.
[0 : mcmc] Progress @ 2026-06-20 14:55:38 : 21356 steps taken, and 1415 accepted.
[3 : mcmc] Progress @ 2026-06-20 14:56:27 : 23181 steps taken, and 1599 accepted.
[1 : mcmc] Progress @ 2026-06-20 14:56:30 : 22372 steps taken, and 1513 accepted.
[2 : mcmc] Progress @ 2026-06-20 14:56:34 : 22889 steps taken, and 1518 accepted.
[0 : mcmc] Progress @ 2026-06-20 14:56:41 : 22259 steps taken, and 1528 accepted.
[3 : mcmc] Learn + convergence test @ 1680 samples accepted.
[3 : mcmc] Ready to check convergence and learn a new proposal covmat (waiting for the rest...)
[3 : mcmc] Progress @ 2026-06-20 14:57:30 : 24077 steps taken, and 1712 accepted.
[1 : mcmc] Progress @ 2026-06-20 14:57:33 : 23320 steps taken, and 1623 accepted.
[2 : mcmc] Progress @ 2026-06-20 14:57:37 : 23850 steps taken, and 1618 accepted.
[0 : mcmc] Progress @ 2026-06-20 14:57:42 : 23172 steps taken, and 1637 accepted.
[1 : mcmc] Learn + convergence test @ 1680 samples accepted.
[1 : mcmc] Ready to check convergence and learn a new proposal covmat (waiting for the rest...)
[0 : mcmc] Learn + convergence test @ 1680 samples accepted.
[0 : mcmc] Ready to check convergence and learn a new proposal covmat (waiting for the rest...)
[2 : mcmc] Learn + convergence test @ 1680 samples accepted.
[2 : mcmc] Ready to check convergence and learn a new proposal covmat (waiting for the rest...)
[0 : mcmc] All chains are ready to check convergence and learn a new proposal covmat
[0 : mcmc]  - Acceptance rate: 0.701 = avg([0.7017, 0.7172, 0.6813, 0.7021])
[0 : mcmc]  - Convergence of means: R-1 = 583.864769 after 6877 accepted steps = sum([1707, 1694, 1680, 1796])
[0 : mcmc] Convergence less than requested for updates: waiting until the next convergence check.
[3 : mcmc] Progress @ 2026-06-20 14:58:30 : 24978 steps taken, and 1820 accepted.
[1 : mcmc] Progress @ 2026-06-20 14:58:35 : 24192 steps taken, and 1724 accepted.
[2 : mcmc] Progress @ 2026-06-20 14:58:37 : 24889 steps taken, and 1722 accepted.
[0 : mcmc] Progress @ 2026-06-20 14:58:42 : 24157 steps taken, and 1741 accepted.
[3 : mcmc] Progress @ 2026-06-20 14:59:30 : 25807 steps taken, and 1920 accepted.
[1 : mcmc] Progress @ 2026-06-20 14:59:37 : 25142 steps taken, and 1831 accepted.
[2 : mcmc] Progress @ 2026-06-20 14:59:41 : 25765 steps taken, and 1836 accepted.
[0 : mcmc] Progress @ 2026-06-20 14:59:42 : 25002 steps taken, and 1842 accepted.
[3 : mcmc] Progress @ 2026-06-20 15:00:30 : 26664 steps taken, and 2025 accepted.
[1 : mcmc] Progress @ 2026-06-20 15:00:37 : 26067 steps taken, and 1937 accepted.
[2 : mcmc] Progress @ 2026-06-20 15:00:41 : 26687 steps taken, and 1950 accepted.
[0 : mcmc] Progress @ 2026-06-20 15:00:42 : 25930 steps taken, and 1958 accepted.
[3 : mcmc] Progress @ 2026-06-20 15:01:31 : 27503 steps taken, and 2129 accepted.
[1 : mcmc] Progress @ 2026-06-20 15:01:37 : 26927 steps taken, and 2037 accepted.
[2 : mcmc] Progress @ 2026-06-20 15:01:41 : 27637 steps taken, and 2062 accepted.
[0 : mcmc] Progress @ 2026-06-20 15:01:42 : 26837 steps taken, and 2071 accepted.
[3 : mcmc] Progress @ 2026-06-20 15:02:33 : 28395 steps taken, and 2225 accepted.
[1 : mcmc] Progress @ 2026-06-20 15:02:38 : 27821 steps taken, and 2137 accepted.
[2 : mcmc] Progress @ 2026-06-20 15:02:41 : 28469 steps taken, and 2163 accepted.
[0 : mcmc] Progress @ 2026-06-20 15:02:46 : 27807 steps taken, and 2179 accepted.
[3 : mcmc] Progress @ 2026-06-20 15:03:33 : 29411 steps taken, and 2354 accepted.
[1 : mcmc] Progress @ 2026-06-20 15:03:39 : 28728 steps taken, and 2249 accepted.
[2 : mcmc] Progress @ 2026-06-20 15:03:44 : 29341 steps taken, and 2276 accepted.
[0 : mcmc] Progress @ 2026-06-20 15:03:49 : 28774 steps taken, and 2302 accepted.
[3 : mcmc] Progress @ 2026-06-20 15:04:37 : 30415 steps taken, and 2478 accepted.
[1 : mcmc] Progress @ 2026-06-20 15:04:41 : 29621 steps taken, and 2347 accepted.
[2 : mcmc] Progress @ 2026-06-20 15:04:44 : 30304 steps taken, and 2390 accepted.
[0 : mcmc] Progress @ 2026-06-20 15:04:49 : 29820 steps taken, and 2415 accepted.
[3 : mcmc] Learn + convergence test @ 2520 samples accepted.
[3 : mcmc] Ready to check convergence and learn a new proposal covmat (waiting for the rest...)
[3 : mcmc] Progress @ 2026-06-20 15:05:37 : 31260 steps taken, and 2582 accepted.
[1 : mcmc] Progress @ 2026-06-20 15:05:41 : 30506 steps taken, and 2446 accepted.
[2 : mcmc] Progress @ 2026-06-20 15:05:44 : 31254 steps taken, and 2508 accepted.
[0 : mcmc] Learn + convergence test @ 2520 samples accepted.
[0 : mcmc] Ready to check convergence and learn a new proposal covmat (waiting for the rest...)
[0 : mcmc] Progress @ 2026-06-20 15:05:49 : 30753 steps taken, and 2523 accepted.
[2 : mcmc] Learn + convergence test @ 2520 samples accepted.
[2 : mcmc] Ready to check convergence and learn a new proposal covmat (waiting for the rest...)
[1 : mcmc] Learn + convergence test @ 2520 samples accepted.
[1 : mcmc] Ready to check convergence and learn a new proposal covmat (waiting for the rest...)
[0 : mcmc] All chains are ready to check convergence and learn a new proposal covmat
[0 : mcmc]  - Acceptance rate: 0.711 = avg([0.7139, 0.7019, 0.7067, 0.7200])
[0 : mcmc]  - Convergence of means: R-1 = 258.292666 after 10321 accepted steps = sum([2580, 2520, 2567, 2654])
[0 : mcmc] Convergence less than requested for updates: waiting until the next convergence check.
[3 : mcmc] Progress @ 2026-06-20 15:06:41 : 32240 steps taken, and 2688 accepted.
[1 : mcmc] Progress @ 2026-06-20 15:06:42 : 31356 steps taken, and 2540 accepted.
[2 : mcmc] Progress @ 2026-06-20 15:06:44 : 32111 steps taken, and 2612 accepted.
[0 : mcmc] Progress @ 2026-06-20 15:06:49 : 31556 steps taken, and 2624 accepted.
[3 : mcmc] Progress @ 2026-06-20 15:07:45 : 33133 steps taken, and 2795 accepted.
[1 : mcmc] Progress @ 2026-06-20 15:07:45 : 32331 steps taken, and 2648 accepted.
[2 : mcmc] Progress @ 2026-06-20 15:07:45 : 32969 steps taken, and 2717 accepted.
[0 : mcmc] Progress @ 2026-06-20 15:07:49 : 32425 steps taken, and 2735 accepted.
[3 : mcmc] Progress @ 2026-06-20 15:08:45 : 34020 steps taken, and 2914 accepted.
[2 : mcmc] Progress @ 2026-06-20 15:08:45 : 33922 steps taken, and 2827 accepted.
[1 : mcmc] Progress @ 2026-06-20 15:08:47 : 33201 steps taken, and 2756 accepted.
[0 : mcmc] Progress @ 2026-06-20 15:08:51 : 33285 steps taken, and 2842 accepted.
[2 : mcmc] Progress @ 2026-06-20 15:09:46 : 34783 steps taken, and 2923 accepted.
[1 : mcmc] Progress @ 2026-06-20 15:09:47 : 34132 steps taken, and 2868 accepted.
[3 : mcmc] Progress @ 2026-06-20 15:09:48 : 34868 steps taken, and 3019 accepted.
[0 : mcmc] Progress @ 2026-06-20 15:09:54 : 34267 steps taken, and 2948 accepted.
[1 : mcmc] Progress @ 2026-06-20 15:10:49 : 35002 steps taken, and 2969 accepted.
[2 : mcmc] Progress @ 2026-06-20 15:10:49 : 35691 steps taken, and 3031 accepted.
[3 : mcmc] Progress @ 2026-06-20 15:10:52 : 35807 steps taken, and 3134 accepted.
[0 : mcmc] Progress @ 2026-06-20 15:10:54 : 35220 steps taken, and 3049 accepted.
[1 : mcmc] Progress @ 2026-06-20 15:11:49 : 35964 steps taken, and 3082 accepted.
[2 : mcmc] Progress @ 2026-06-20 15:11:49 : 36556 steps taken, and 3127 accepted.
[3 : mcmc] Progress @ 2026-06-20 15:11:52 : 36734 steps taken, and 3247 accepted.
[0 : mcmc] Progress @ 2026-06-20 15:11:57 : 36234 steps taken, and 3159 accepted.
[3 : mcmc] Learn + convergence test @ 3360 samples accepted.
[3 : mcmc] Ready to check convergence and learn a new proposal covmat (waiting for the rest...)
[2 : mcmc] Progress @ 2026-06-20 15:12:49 : 37563 steps taken, and 3251 accepted.
[1 : mcmc] Progress @ 2026-06-20 15:12:50 : 36812 steps taken, and 3195 accepted.
[3 : mcmc] Progress @ 2026-06-20 15:12:52 : 37794 steps taken, and 3379 accepted.
[0 : mcmc] Progress @ 2026-06-20 15:12:57 : 37196 steps taken, and 3249 accepted.
[2 : mcmc] Progress @ 2026-06-20 15:13:49 : 38381 steps taken, and 3345 accepted.
[1 : mcmc] Progress @ 2026-06-20 15:13:50 : 37737 steps taken, and 3315 accepted.
[3 : mcmc] Progress @ 2026-06-20 15:13:52 : 38746 steps taken, and 3497 accepted.
[2 : mcmc] Learn + convergence test @ 3360 samples accepted.
[2 : mcmc] Ready to check convergence and learn a new proposal covmat (waiting for the rest...)
[0 : mcmc] Progress @ 2026-06-20 15:13:58 : 38187 steps taken, and 3348 accepted.
[0 : mcmc] Learn + convergence test @ 3360 samples accepted.
[0 : mcmc] Ready to check convergence and learn a new proposal covmat (waiting for the rest...)
[1 : mcmc] Learn + convergence test @ 3360 samples accepted.
[1 : mcmc] Ready to check convergence and learn a new proposal covmat (waiting for the rest...)
[0 : mcmc] All chains are ready to check convergence and learn a new proposal covmat
[0 : mcmc]  - Acceptance rate: 0.711 = avg([0.6835, 0.7056, 0.7186, 0.7332])
[0 : mcmc]  - Convergence of means: R-1 = 149.362884 after 13687 accepted steps = sum([3386, 3360, 3391, 3550])
[0 : mcmc] Convergence less than requested for updates: waiting until the next convergence check.
[1 : mcmc] Progress @ 2026-06-20 15:14:51 : 38554 steps taken, and 3411 accepted.
[3 : mcmc] Progress @ 2026-06-20 15:14:52 : 39622 steps taken, and 3609 accepted.
[2 : mcmc] Progress @ 2026-06-20 15:14:53 : 39333 steps taken, and 3458 accepted.
[0 : mcmc] Progress @ 2026-06-20 15:14:58 : 39197 steps taken, and 3457 accepted.
[2 : mcmc] Progress @ 2026-06-20 15:15:53 : 40144 steps taken, and 3561 accepted.
[3 : mcmc] Progress @ 2026-06-20 15:15:54 : 40529 steps taken, and 3705 accepted.
[1 : mcmc] Progress @ 2026-06-20 15:15:55 : 39490 steps taken, and 3525 accepted.
[0 : mcmc] Progress @ 2026-06-20 15:15:59 : 40087 steps taken, and 3573 accepted.
[2 : mcmc] Progress @ 2026-06-20 15:16:54 : 41051 steps taken, and 3669 accepted.
[3 : mcmc] Progress @ 2026-06-20 15:16:55 : 41485 steps taken, and 3816 accepted.
[1 : mcmc] Progress @ 2026-06-20 15:16:59 : 40449 steps taken, and 3631 accepted.
[0 : mcmc] Progress @ 2026-06-20 15:17:03 : 41150 steps taken, and 3680 accepted.
[2 : mcmc] Progress @ 2026-06-20 15:17:57 : 42027 steps taken, and 3782 accepted.
[3 : mcmc] Progress @ 2026-06-20 15:17:59 : 42538 steps taken, and 3942 accepted.
[1 : mcmc] Progress @ 2026-06-20 15:18:01 : 41318 steps taken, and 3731 accepted.
[0 : mcmc] Progress @ 2026-06-20 15:18:05 : 42132 steps taken, and 3791 accepted.
[2 : mcmc] Progress @ 2026-06-20 15:18:58 : 42935 steps taken, and 3894 accepted.
[3 : mcmc] Progress @ 2026-06-20 15:19:00 : 43474 steps taken, and 4050 accepted.
[1 : mcmc] Progress @ 2026-06-20 15:19:01 : 42355 steps taken, and 3861 accepted.
[0 : mcmc] Progress @ 2026-06-20 15:19:05 : 42989 steps taken, and 3897 accepted.
[2 : mcmc] Progress @ 2026-06-20 15:19:58 : 43810 steps taken, and 4004 accepted.
[3 : mcmc] Progress @ 2026-06-20 15:20:00 : 44394 steps taken, and 4152 accepted.
[1 : mcmc] Progress @ 2026-06-20 15:20:01 : 43239 steps taken, and 3965 accepted.
[0 : mcmc] Progress @ 2026-06-20 15:20:06 : 43867 steps taken, and 4012 accepted.
[3 : mcmc] Learn + convergence test @ 4200 samples accepted.
[3 : mcmc] Ready to check convergence and learn a new proposal covmat (waiting for the rest...)
[2 : mcmc] Progress @ 2026-06-20 15:20:59 : 44638 steps taken, and 4102 accepted.
[3 : mcmc] Progress @ 2026-06-20 15:21:00 : 45389 steps taken, and 4269 accepted.
[1 : mcmc] Progress @ 2026-06-20 15:21:01 : 44157 steps taken, and 4080 accepted.
[0 : mcmc] Progress @ 2026-06-20 15:21:10 : 44795 steps taken, and 4122 accepted.
[0 : mcmc] Learn + convergence test @ 4200 samples accepted.
[0 : mcmc] Ready to check convergence and learn a new proposal covmat (waiting for the rest...)
[2 : mcmc] Learn + convergence test @ 4200 samples accepted.
[2 : mcmc] Ready to check convergence and learn a new proposal covmat (waiting for the rest...)
[2 : mcmc] Progress @ 2026-06-20 15:21:59 : 45545 steps taken, and 4208 accepted.
[3 : mcmc] Progress @ 2026-06-20 15:22:00 : 46328 steps taken, and 4379 accepted.
[1 : mcmc] Progress @ 2026-06-20 15:22:03 : 45077 steps taken, and 4182 accepted.
[0 : mcmc] Progress @ 2026-06-20 15:22:10 : 45730 steps taken, and 4229 accepted.
[1 : mcmc] Learn + convergence test @ 4200 samples accepted.
[1 : mcmc] Ready to check convergence and learn a new proposal covmat (waiting for the rest...)
[0 : mcmc] All chains are ready to check convergence and learn a new proposal covmat
[0 : mcmc]  - Acceptance rate: 0.708 = avg([0.6871, 0.7104, 0.7162, 0.7193])
[0 : mcmc]  - Convergence of means: R-1 = 164.107313 after 17068 accepted steps = sum([4238, 4200, 4229, 4401])
[0 : mcmc] Convergence less than requested for updates: waiting until the next convergence check.
[2 : mcmc] Progress @ 2026-06-20 15:22:59 : 46362 steps taken, and 4306 accepted.
[3 : mcmc] Progress @ 2026-06-20 15:23:00 : 47119 steps taken, and 4480 accepted.
[1 : mcmc] Progress @ 2026-06-20 15:23:03 : 46037 steps taken, and 4297 accepted.
[0 : mcmc] Progress @ 2026-06-20 15:23:10 : 46609 steps taken, and 4337 accepted.
[2 : mcmc] Progress @ 2026-06-20 15:23:59 : 47281 steps taken, and 4419 accepted.
[3 : mcmc] Progress @ 2026-06-20 15:24:00 : 48140 steps taken, and 4596 accepted.
[1 : mcmc] Progress @ 2026-06-20 15:24:06 : 46869 steps taken, and 4387 accepted.
[0 : mcmc] Progress @ 2026-06-20 15:24:10 : 47462 steps taken, and 4428 accepted.
[2 : mcmc] Progress @ 2026-06-20 15:25:03 : 48207 steps taken, and 4528 accepted.
[3 : mcmc] Progress @ 2026-06-20 15:25:04 : 49106 steps taken, and 4705 accepted.
[1 : mcmc] Progress @ 2026-06-20 15:25:08 : 47795 steps taken, and 4497 accepted.
[0 : mcmc] Progress @ 2026-06-20 15:25:10 : 48299 steps taken, and 4532 accepted.
[2 : mcmc] Progress @ 2026-06-20 15:26:03 : 49226 steps taken, and 4644 accepted.
[3 : mcmc] Progress @ 2026-06-20 15:26:05 : 50005 steps taken, and 4811 accepted.
[1 : mcmc] Progress @ 2026-06-20 15:26:08 : 48705 steps taken, and 4597 accepted.
[0 : mcmc] Progress @ 2026-06-20 15:26:10 : 49153 steps taken, and 4630 accepted.
[2 : mcmc] Progress @ 2026-06-20 15:27:03 : 50157 steps taken, and 4747 accepted.
[3 : mcmc] Progress @ 2026-06-20 15:27:05 : 50921 steps taken, and 4914 accepted.
[1 : mcmc] Progress @ 2026-06-20 15:27:08 : 49530 steps taken, and 4695 accepted.
[0 : mcmc] Progress @ 2026-06-20 15:27:11 : 50090 steps taken, and 4735 accepted.
[2 : mcmc] Progress @ 2026-06-20 15:28:03 : 51124 steps taken, and 4863 accepted.
[3 : mcmc] Progress @ 2026-06-20 15:28:10 : 51766 steps taken, and 5011 accepted.
[1 : mcmc] Progress @ 2026-06-20 15:28:13 : 50456 steps taken, and 4805 accepted.
[0 : mcmc] Progress @ 2026-06-20 15:28:14 : 51009 steps taken, and 4846 accepted.
[3 : mcmc] Learn + convergence test @ 5040 samples accepted.
[3 : mcmc] Ready to check convergence and learn a new proposal covmat (waiting for the rest...)
[2 : mcmc] Progress @ 2026-06-20 15:29:06 : 52070 steps taken, and 4974 accepted.
[3 : mcmc] Progress @ 2026-06-20 15:29:10 : 52727 steps taken, and 5130 accepted.
[1 : mcmc] Progress @ 2026-06-20 15:29:13 : 51444 steps taken, and 4917 accepted.
[0 : mcmc] Progress @ 2026-06-20 15:29:15 : 51925 steps taken, and 4959 accepted.
[2 : mcmc] Learn + convergence test @ 5040 samples accepted.
[2 : mcmc] Ready to check convergence and learn a new proposal covmat (waiting for the rest...)
[0 : mcmc] Learn + convergence test @ 5040 samples accepted.
[0 : mcmc] Ready to check convergence and learn a new proposal covmat (waiting for the rest...)
[2 : mcmc] Progress @ 2026-06-20 15:30:06 : 52990 steps taken, and 5074 accepted.
[3 : mcmc] Progress @ 2026-06-20 15:30:10 : 53623 steps taken, and 5228 accepted.
[1 : mcmc] Progress @ 2026-06-20 15:30:13 : 52265 steps taken, and 5007 accepted.
[0 : mcmc] Progress @ 2026-06-20 15:30:15 : 52869 steps taken, and 5079 accepted.
[1 : mcmc] Learn + convergence test @ 5040 samples accepted.
[1 : mcmc] Ready to check convergence and learn a new proposal covmat (waiting for the rest...)
[0 : mcmc] All chains are ready to check convergence and learn a new proposal covmat
[0 : mcmc]  - Acceptance rate: 0.703 = avg([0.6915, 0.7051, 0.7050, 0.7087])
[0 : mcmc]  - Convergence of means: R-1 = 186.349316 after 20526 accepted steps = sum([5102, 5040, 5114, 5270])
[0 : mcmc] Convergence less than requested for updates: waiting until the next convergence check.
[2 : mcmc] Progress @ 2026-06-20 15:31:06 : 53839 steps taken, and 5169 accepted.
[3 : mcmc] Progress @ 2026-06-20 15:31:10 : 54562 steps taken, and 5318 accepted.
[1 : mcmc] Progress @ 2026-06-20 15:31:14 : 53095 steps taken, and 5108 accepted.
[0 : mcmc] Progress @ 2026-06-20 15:31:16 : 53653 steps taken, and 5173 accepted.
[2 : mcmc] Progress @ 2026-06-20 15:32:07 : 54775 steps taken, and 5281 accepted.
[3 : mcmc] Progress @ 2026-06-20 15:32:10 : 55449 steps taken, and 5422 accepted.
[1 : mcmc] Progress @ 2026-06-20 15:32:15 : 53931 steps taken, and 5208 accepted.
[0 : mcmc] Progress @ 2026-06-20 15:32:16 : 54573 steps taken, and 5286 accepted.
[2 : mcmc] Progress @ 2026-06-20 15:33:11 : 55612 steps taken, and 5392 accepted.
[3 : mcmc] Progress @ 2026-06-20 15:33:12 : 56348 steps taken, and 5529 accepted.
[0 : mcmc] Progress @ 2026-06-20 15:33:16 : 55515 steps taken, and 5402 accepted.
[1 : mcmc] Progress @ 2026-06-20 15:33:16 : 54830 steps taken, and 5310 accepted.
[2 : mcmc] Progress @ 2026-06-20 15:34:11 : 56563 steps taken, and 5508 accepted.
[3 : mcmc] Progress @ 2026-06-20 15:34:12 : 57153 steps taken, and 5624 accepted.
[0 : mcmc] Progress @ 2026-06-20 15:34:16 : 56420 steps taken, and 5510 accepted.
[1 : mcmc] Progress @ 2026-06-20 15:34:16 : 55785 steps taken, and 5427 accepted.
[2 : mcmc] Progress @ 2026-06-20 15:35:11 : 57439 steps taken, and 5618 accepted.
[3 : mcmc] Progress @ 2026-06-20 15:35:15 : 58058 steps taken, and 5738 accepted.
[0 : mcmc] Progress @ 2026-06-20 15:35:16 : 57322 steps taken, and 5614 accepted.
[1 : mcmc] Progress @ 2026-06-20 15:35:17 : 56697 steps taken, and 5537 accepted.
[2 : mcmc] Progress @ 2026-06-20 15:36:12 : 58313 steps taken, and 5723 accepted.
[0 : mcmc] Progress @ 2026-06-20 15:36:16 : 58194 steps taken, and 5706 accepted.
[1 : mcmc] Progress @ 2026-06-20 15:36:17 : 57522 steps taken, and 5633 accepted.
[3 : mcmc] Progress @ 2026-06-20 15:36:18 : 59092 steps taken, and 5861 accepted.
[3 : mcmc] Learn + convergence test @ 5880 samples accepted.
[3 : mcmc] Ready to check convergence and learn a new proposal covmat (waiting for the rest...)
[2 : mcmc] Progress @ 2026-06-20 15:37:12 : 59165 steps taken, and 5819 accepted.
[3 : mcmc] Progress @ 2026-06-20 15:37:18 : 60030 steps taken, and 5976 accepted.
[1 : mcmc] Progress @ 2026-06-20 15:37:18 : 58426 steps taken, and 5745 accepted.
[0 : mcmc] Progress @ 2026-06-20 15:37:18 : 59197 steps taken, and 5822 accepted.
[2 : mcmc] Learn + convergence test @ 5880 samples accepted.
[2 : mcmc] Ready to check convergence and learn a new proposal covmat (waiting for the rest...)
[0 : mcmc] Learn + convergence test @ 5880 samples accepted.
[0 : mcmc] Ready to check convergence and learn a new proposal covmat (waiting for the rest...)
[2 : mcmc] Progress @ 2026-06-20 15:38:12 : 60099 steps taken, and 5938 accepted.
[3 : mcmc] Progress @ 2026-06-20 15:38:18 : 60841 steps taken, and 6066 accepted.
[0 : mcmc] Progress @ 2026-06-20 15:38:18 : 60143 steps taken, and 5939 accepted.
[1 : mcmc] Progress @ 2026-06-20 15:38:21 : 59303 steps taken, and 5853 accepted.
[1 : mcmc] Learn + convergence test @ 5880 samples accepted.
[1 : mcmc] Ready to check convergence and learn a new proposal covmat (waiting for the rest...)
[0 : mcmc] All chains are ready to check convergence and learn a new proposal covmat
[0 : mcmc]  - Acceptance rate: 0.706 = avg([0.6957, 0.7096, 0.7133, 0.7047])
[0 : mcmc]  - Convergence of means: R-1 = 126.683835 after 23937 accepted steps = sum([5972, 5880, 5972, 6113])
[0 : mcmc] Convergence less than requested for updates: waiting until the next convergence check.
[2 : mcmc] Progress @ 2026-06-20 15:39:12 : 60907 steps taken, and 6023 accepted.
[3 : mcmc] Progress @ 2026-06-20 15:39:18 : 61786 steps taken, and 6183 accepted.
[0 : mcmc] Progress @ 2026-06-20 15:39:19 : 61023 steps taken, and 6039 accepted.
[1 : mcmc] Progress @ 2026-06-20 15:39:21 : 60191 steps taken, and 5952 accepted.
[2 : mcmc] Progress @ 2026-06-20 15:40:12 : 61732 steps taken, and 6123 accepted.
[3 : mcmc] Progress @ 2026-06-20 15:40:18 : 62800 steps taken, and 6300 accepted.
[0 : mcmc] Progress @ 2026-06-20 15:40:19 : 61871 steps taken, and 6135 accepted.
[1 : mcmc] Progress @ 2026-06-20 15:40:25 : 61078 steps taken, and 6051 accepted.
[2 : mcmc] Progress @ 2026-06-20 15:41:14 : 62623 steps taken, and 6227 accepted.
[3 : mcmc] Progress @ 2026-06-20 15:41:20 : 63692 steps taken, and 6419 accepted.
[0 : mcmc] Progress @ 2026-06-20 15:41:22 : 62862 steps taken, and 6248 accepted.
[1 : mcmc] Progress @ 2026-06-20 15:41:25 : 62045 steps taken, and 6161 accepted.
[2 : mcmc] Progress @ 2026-06-20 15:42:16 : 63518 steps taken, and 6330 accepted.
[3 : mcmc] Progress @ 2026-06-20 15:42:20 : 64528 steps taken, and 6519 accepted.
[0 : mcmc] Progress @ 2026-06-20 15:42:22 : 63818 steps taken, and 6344 accepted.
[1 : mcmc] Progress @ 2026-06-20 15:42:25 : 62941 steps taken, and 6257 accepted.
[3 : mcmc] Progress @ 2026-06-20 15:43:20 : 65487 steps taken, and 6635 accepted.
[2 : mcmc] Progress @ 2026-06-20 15:43:21 : 64443 steps taken, and 6444 accepted.
[0 : mcmc] Progress @ 2026-06-20 15:43:22 : 64774 steps taken, and 6457 accepted.
[1 : mcmc] Progress @ 2026-06-20 15:43:25 : 63827 steps taken, and 6364 accepted.
[3 : mcmc] Learn + convergence test @ 6720 samples accepted.
[3 : mcmc] Ready to check convergence and learn a new proposal covmat (waiting for the rest...)
[2 : mcmc] Progress @ 2026-06-20 15:44:22 : 65295 steps taken, and 6551 accepted.
[0 : mcmc] Progress @ 2026-06-20 15:44:22 : 65683 steps taken, and 6563 accepted.
[3 : mcmc] Progress @ 2026-06-20 15:44:25 : 66681 steps taken, and 6785 accepted.
[1 : mcmc] Progress @ 2026-06-20 15:44:27 : 64728 steps taken, and 6478 accepted.
[0 : mcmc] Progress @ 2026-06-20 15:45:22 : 66524 steps taken, and 6668 accepted.
[2 : mcmc] Progress @ 2026-06-20 15:45:24 : 66200 steps taken, and 6648 accepted.
[3 : mcmc] Progress @ 2026-06-20 15:45:25 : 67516 steps taken, and 6884 accepted.
[1 : mcmc] Progress @ 2026-06-20 15:45:30 : 65621 steps taken, and 6587 accepted.
[0 : mcmc] Learn + convergence test @ 6720 samples accepted.
[0 : mcmc] Ready to check convergence and learn a new proposal covmat (waiting for the rest...)
[2 : mcmc] Learn + convergence test @ 6720 samples accepted.
[2 : mcmc] Ready to check convergence and learn a new proposal covmat (waiting for the rest...)
[0 : mcmc] Progress @ 2026-06-20 15:46:22 : 67453 steps taken, and 6782 accepted.
[2 : mcmc] Progress @ 2026-06-20 15:46:24 : 67118 steps taken, and 6765 accepted.
[3 : mcmc] Progress @ 2026-06-20 15:46:25 : 68412 steps taken, and 7000 accepted.
[1 : mcmc] Progress @ 2026-06-20 15:46:30 : 66462 steps taken, and 6689 accepted.
[1 : mcmc] Learn + convergence test @ 6720 samples accepted.
[1 : mcmc] Ready to check convergence and learn a new proposal covmat (waiting for the rest...)
[0 : mcmc] All chains are ready to check convergence and learn a new proposal covmat
[0 : mcmc]  - Acceptance rate: 0.708 = avg([0.7049, 0.7050, 0.7138, 0.7092])
[0 : mcmc]  - Convergence of means: R-1 = 121.828462 after 27358 accepted steps = sum([6813, 6720, 6793, 7032])
[0 : mcmc] Convergence less than requested for updates: waiting until the next convergence check.
[0 : mcmc] Progress @ 2026-06-20 15:47:25 : 68269 steps taken, and 6879 accepted.
[2 : mcmc] Progress @ 2026-06-20 15:47:25 : 67928 steps taken, and 6856 accepted.
[3 : mcmc] Progress @ 2026-06-20 15:47:27 : 69181 steps taken, and 7101 accepted.
[1 : mcmc] Progress @ 2026-06-20 15:47:30 : 67375 steps taken, and 6794 accepted.
[0 : mcmc] Progress @ 2026-06-20 15:48:25 : 69218 steps taken, and 6985 accepted.
[2 : mcmc] Progress @ 2026-06-20 15:48:27 : 68839 steps taken, and 6966 accepted.
[3 : mcmc] Progress @ 2026-06-20 15:48:27 : 70169 steps taken, and 7218 accepted.
[1 : mcmc] Progress @ 2026-06-20 15:48:31 : 68150 steps taken, and 6891 accepted.
[0 : mcmc] Progress @ 2026-06-20 15:49:25 : 70058 steps taken, and 7082 accepted.
[3 : mcmc] Progress @ 2026-06-20 15:49:27 : 71000 steps taken, and 7322 accepted.
[2 : mcmc] Progress @ 2026-06-20 15:49:28 : 69687 steps taken, and 7078 accepted.
[1 : mcmc] Progress @ 2026-06-20 15:49:33 : 69023 steps taken, and 6989 accepted.
[0 : mcmc] Progress @ 2026-06-20 15:50:27 : 70945 steps taken, and 7189 accepted.
[3 : mcmc] Progress @ 2026-06-20 15:50:27 : 71930 steps taken, and 7429 accepted.
[2 : mcmc] Progress @ 2026-06-20 15:50:28 : 70569 steps taken, and 7187 accepted.
[1 : mcmc] Progress @ 2026-06-20 15:50:33 : 70046 steps taken, and 7114 accepted.
[3 : mcmc] Progress @ 2026-06-20 15:51:27 : 72771 steps taken, and 7540 accepted.
[2 : mcmc] Progress @ 2026-06-20 15:51:28 : 71427 steps taken, and 7286 accepted.
[0 : mcmc] Progress @ 2026-06-20 15:51:29 : 71770 steps taken, and 7290 accepted.
[1 : mcmc] Progress @ 2026-06-20 15:51:35 : 70904 steps taken, and 7212 accepted.
[3 : mcmc] Learn + convergence test @ 7560 samples accepted.
[3 : mcmc] Ready to check convergence and learn a new proposal covmat (waiting for the rest...)
[0 : mcmc] Progress @ 2026-06-20 15:52:29 : 72677 steps taken, and 7411 accepted.
[2 : mcmc] Progress @ 2026-06-20 15:52:29 : 72269 steps taken, and 7388 accepted.
[3 : mcmc] Progress @ 2026-06-20 15:52:30 : 73666 steps taken, and 7646 accepted.
[1 : mcmc] Progress @ 2026-06-20 15:52:37 : 71769 steps taken, and 7319 accepted.
[0 : mcmc] Progress @ 2026-06-20 15:53:29 : 73577 steps taken, and 7526 accepted.
[3 : mcmc] Progress @ 2026-06-20 15:53:30 : 74654 steps taken, and 7771 accepted.
[2 : mcmc] Progress @ 2026-06-20 15:53:33 : 73233 steps taken, and 7501 accepted.
[1 : mcmc] Progress @ 2026-06-20 15:53:37 : 72710 steps taken, and 7439 accepted.
[0 : mcmc] Learn + convergence test @ 7560 samples accepted.
[0 : mcmc] Ready to check convergence and learn a new proposal covmat (waiting for the rest...)
[2 : mcmc] Learn + convergence test @ 7560 samples accepted.
[2 : mcmc] Ready to check convergence and learn a new proposal covmat (waiting for the rest...)
[0 : mcmc] Progress @ 2026-06-20 15:54:29 : 74376 steps taken, and 7617 accepted.
[3 : mcmc] Progress @ 2026-06-20 15:54:32 : 75583 steps taken, and 7876 accepted.
[2 : mcmc] Progress @ 2026-06-20 15:54:35 : 74168 steps taken, and 7599 accepted.
[1 : mcmc] Learn + convergence test @ 7560 samples accepted.
[1 : mcmc] Ready to check convergence and learn a new proposal covmat (waiting for the rest...)
[0 : mcmc] All chains are ready to check convergence and learn a new proposal covmat
[0 : mcmc]  - Acceptance rate: 0.712 = avg([0.7118, 0.7095, 0.7125, 0.7141])
[0 : mcmc]  - Convergence of means: R-1 = 160.103054 after 30692 accepted steps = sum([7640, 7560, 7601, 7891])
[0 : mcmc] Convergence less than requested for updates: waiting until the next convergence check.
[1 : mcmc] Progress @ 2026-06-20 15:54:43 : 73694 steps taken, and 7560 accepted.
[0 : mcmc] Progress @ 2026-06-20 15:55:32 : 75314 steps taken, and 7723 accepted.
[3 : mcmc] Progress @ 2026-06-20 15:55:36 : 76474 steps taken, and 7980 accepted.
[2 : mcmc] Progress @ 2026-06-20 15:55:39 : 74998 steps taken, and 7698 accepted.
[1 : mcmc] Progress @ 2026-06-20 15:55:43 : 74576 steps taken, and 7669 accepted.
[0 : mcmc] Progress @ 2026-06-20 15:56:33 : 76185 steps taken, and 7831 accepted.
[3 : mcmc] Progress @ 2026-06-20 15:56:36 : 77459 steps taken, and 8094 accepted.
[2 : mcmc] Progress @ 2026-06-20 15:56:39 : 75868 steps taken, and 7798 accepted.
[1 : mcmc] Progress @ 2026-06-20 15:56:43 : 75548 steps taken, and 7796 accepted.
[0 : mcmc] Progress @ 2026-06-20 15:57:37 : 77065 steps taken, and 7936 accepted.
[3 : mcmc] Progress @ 2026-06-20 15:57:41 : 78345 steps taken, and 8196 accepted.
[2 : mcmc] Progress @ 2026-06-20 15:57:42 : 76787 steps taken, and 7896 accepted.
[1 : mcmc] Progress @ 2026-06-20 15:57:43 : 76433 steps taken, and 7902 accepted.
[0 : mcmc] Progress @ 2026-06-20 15:58:39 : 78005 steps taken, and 8050 accepted.
[3 : mcmc] Progress @ 2026-06-20 15:58:41 : 79386 steps taken, and 8320 accepted.
[1 : mcmc] Progress @ 2026-06-20 15:58:43 : 77350 steps taken, and 8013 accepted.
[2 : mcmc] Progress @ 2026-06-20 15:58:43 : 77696 steps taken, and 8005 accepted.
[3 : mcmc] Learn + convergence test @ 8400 samples accepted.
[3 : mcmc] Ready to check convergence and learn a new proposal covmat (waiting for the rest...)
[0 : mcmc] Progress @ 2026-06-20 15:59:39 : 78936 steps taken, and 8155 accepted.
[3 : mcmc] Progress @ 2026-06-20 15:59:41 : 80449 steps taken, and 8440 accepted.
[2 : mcmc] Progress @ 2026-06-20 15:59:43 : 78723 steps taken, and 8118 accepted.
[1 : mcmc] Progress @ 2026-06-20 15:59:47 : 78198 steps taken, and 8126 accepted.
[0 : mcmc] Progress @ 2026-06-20 16:00:39 : 79780 steps taken, and 8262 accepted.
[3 : mcmc] Progress @ 2026-06-20 16:00:41 : 81310 steps taken, and 8541 accepted.
[2 : mcmc] Progress @ 2026-06-20 16:00:44 : 79656 steps taken, and 8231 accepted.
[1 : mcmc] Progress @ 2026-06-20 16:00:47 : 79181 steps taken, and 8240 accepted.
[0 : mcmc] Progress @ 2026-06-20 16:01:41 : 80646 steps taken, and 8360 accepted.
[3 : mcmc] Progress @ 2026-06-20 16:01:42 : 82183 steps taken, and 8648 accepted.
[2 : mcmc] Progress @ 2026-06-20 16:01:44 : 80573 steps taken, and 8334 accepted.
[1 : mcmc] Progress @ 2026-06-20 16:01:50 : 80105 steps taken, and 8349 accepted.
[0 : mcmc] Learn + convergence test @ 8400 samples accepted.
[0 : mcmc] Ready to check convergence and learn a new proposal covmat (waiting for the rest...)
[1 : mcmc] Learn + convergence test @ 8400 samples accepted.
[1 : mcmc] Ready to check convergence and learn a new proposal covmat (waiting for the rest...)
[2 : mcmc] Learn + convergence test @ 8400 samples accepted.
[2 : mcmc] Ready to check convergence and learn a new proposal covmat (waiting for the rest...)
[0 : mcmc] All chains are ready to check convergence and learn a new proposal covmat
[0 : mcmc]  - Acceptance rate: 0.711 = avg([0.7087, 0.7141, 0.7068, 0.7135])
[0 : mcmc]  - Convergence of means: R-1 = 116.440898 after 33999 accepted steps = sum([8449, 8418, 8400, 8732])
[0 : mcmc] Convergence less than requested for updates: waiting until the next convergence check.
[3 : mcmc] Progress @ 2026-06-20 16:02:43 : 83115 steps taken, and 8752 accepted.
[2 : mcmc] Progress @ 2026-06-20 16:02:44 : 81325 steps taken, and 8420 accepted.
[0 : mcmc] Progress @ 2026-06-20 16:02:45 : 81599 steps taken, and 8464 accepted.
[1 : mcmc] Progress @ 2026-06-20 16:02:51 : 80984 steps taken, and 8458 accepted.
[3 : mcmc] Progress @ 2026-06-20 16:03:43 : 83992 steps taken, and 8864 accepted.
[0 : mcmc] Progress @ 2026-06-20 16:03:45 : 82497 steps taken, and 8573 accepted.
[2 : mcmc] Progress @ 2026-06-20 16:03:46 : 82207 steps taken, and 8521 accepted.
[1 : mcmc] Progress @ 2026-06-20 16:03:51 : 81806 steps taken, and 8557 accepted.
[3 : mcmc] Progress @ 2026-06-20 16:04:43 : 85066 steps taken, and 8979 accepted.
[2 : mcmc] Progress @ 2026-06-20 16:04:46 : 83208 steps taken, and 8627 accepted.
[0 : mcmc] Progress @ 2026-06-20 16:04:49 : 83494 steps taken, and 8676 accepted.
[1 : mcmc] Progress @ 2026-06-20 16:04:51 : 82622 steps taken, and 8648 accepted.
[2 : mcmc] Progress @ 2026-06-20 16:05:46 : 84093 steps taken, and 8731 accepted.
[3 : mcmc] Progress @ 2026-06-20 16:05:47 : 85993 steps taken, and 9096 accepted.
[0 : mcmc] Progress @ 2026-06-20 16:05:50 : 84398 steps taken, and 8785 accepted.
[1 : mcmc] Progress @ 2026-06-20 16:05:51 : 83587 steps taken, and 8750 accepted.
[2 : mcmc] Progress @ 2026-06-20 16:06:47 : 84979 steps taken, and 8838 accepted.
[3 : mcmc] Progress @ 2026-06-20 16:06:47 : 86866 steps taken, and 9196 accepted.
[0 : mcmc] Progress @ 2026-06-20 16:06:50 : 85361 steps taken, and 8909 accepted.
[1 : mcmc] Progress @ 2026-06-20 16:06:51 : 84406 steps taken, and 8854 accepted.
[3 : mcmc] Learn + convergence test @ 9240 samples accepted.
[3 : mcmc] Ready to check convergence and learn a new proposal covmat (waiting for the rest...)
[2 : mcmc] Progress @ 2026-06-20 16:07:47 : 85860 steps taken, and 8944 accepted.
[3 : mcmc] Progress @ 2026-06-20 16:07:51 : 87744 steps taken, and 9312 accepted.
[1 : mcmc] Progress @ 2026-06-20 16:07:52 : 85338 steps taken, and 8968 accepted.
[0 : mcmc] Progress @ 2026-06-20 16:07:53 : 86232 steps taken, and 9014 accepted.
[2 : mcmc] Progress @ 2026-06-20 16:08:50 : 86807 steps taken, and 9063 accepted.
[1 : mcmc] Progress @ 2026-06-20 16:08:52 : 86223 steps taken, and 9074 accepted.
[3 : mcmc] Progress @ 2026-06-20 16:08:54 : 88705 steps taken, and 9439 accepted.
[0 : mcmc] Progress @ 2026-06-20 16:08:55 : 87092 steps taken, and 9124 accepted.
[1 : mcmc] Progress @ 2026-06-20 16:09:52 : 87049 steps taken, and 9171 accepted.
[2 : mcmc] Progress @ 2026-06-20 16:09:54 : 87759 steps taken, and 9167 accepted.
[3 : mcmc] Progress @ 2026-06-20 16:09:54 : 89761 steps taken, and 9579 accepted.
[0 : mcmc] Progress @ 2026-06-20 16:09:55 : 88027 steps taken, and 9239 accepted.
[0 : mcmc] Learn + convergence test @ 9240 samples accepted.
[0 : mcmc] Ready to check convergence and learn a new proposal covmat (waiting for the rest...)
[2 : mcmc] Learn + convergence test @ 9240 samples accepted.
[2 : mcmc] Ready to check convergence and learn a new proposal covmat (waiting for the rest...)
[1 : mcmc] Learn + convergence test @ 9240 samples accepted.
[1 : mcmc] Ready to check convergence and learn a new proposal covmat (waiting for the rest...)
[0 : mcmc] All chains are ready to check convergence and learn a new proposal covmat
[0 : mcmc]  - Acceptance rate: 0.712 = avg([0.7114, 0.7162, 0.7039, 0.7176])
[0 : mcmc]  - Convergence of means: R-1 = 74.825357 after 37440 accepted steps = sum([9310, 9240, 9243, 9647])
[0 : mcmc] Convergence less than requested for updates: waiting until the next convergence check.
[3 : mcmc] Progress @ 2026-06-20 16:10:54 : 90616 steps taken, and 9673 accepted.
[0 : mcmc] Progress @ 2026-06-20 16:10:55 : 88841 steps taken, and 9339 accepted.
[1 : mcmc] Progress @ 2026-06-20 16:10:57 : 87882 steps taken, and 9271 accepted.
[2 : mcmc] Progress @ 2026-06-20 16:10:57 : 88738 steps taken, and 9278 accepted.
[3 : mcmc] Progress @ 2026-06-20 16:11:55 : 91589 steps taken, and 9780 accepted.
[0 : mcmc] Progress @ 2026-06-20 16:11:56 : 89710 steps taken, and 9448 accepted.
[1 : mcmc] Progress @ 2026-06-20 16:11:57 : 88796 steps taken, and 9380 accepted.
[2 : mcmc] Progress @ 2026-06-20 16:11:57 : 89590 steps taken, and 9385 accepted.
[3 : mcmc] Progress @ 2026-06-20 16:12:55 : 92519 steps taken, and 9896 accepted.
[0 : mcmc] Progress @ 2026-06-20 16:12:56 : 90592 steps taken, and 9562 accepted.
[2 : mcmc] Progress @ 2026-06-20 16:12:57 : 90472 steps taken, and 9484 accepted.
[1 : mcmc] Progress @ 2026-06-20 16:13:01 : 89703 steps taken, and 9480 accepted.
[3 : mcmc] Progress @ 2026-06-20 16:13:56 : 93385 steps taken, and 10003 accepted.
[0 : mcmc] Progress @ 2026-06-20 16:13:56 : 91425 steps taken, and 9659 accepted.
[2 : mcmc] Progress @ 2026-06-20 16:13:58 : 91305 steps taken, and 9585 accepted.
[1 : mcmc] Progress @ 2026-06-20 16:14:01 : 90656 steps taken, and 9591 accepted.
[3 : mcmc] Learn + convergence test @ 10080 samples accepted.
[3 : mcmc] Ready to check convergence and learn a new proposal covmat (waiting for the rest...)
[3 : mcmc] Progress @ 2026-06-20 16:14:56 : 94289 steps taken, and 10109 accepted.
[0 : mcmc] Progress @ 2026-06-20 16:14:57 : 92260 steps taken, and 9762 accepted.
[2 : mcmc] Progress @ 2026-06-20 16:15:00 : 92215 steps taken, and 9695 accepted.
[1 : mcmc] Progress @ 2026-06-20 16:15:01 : 91468 steps taken, and 9685 accepted.
[3 : mcmc] Progress @ 2026-06-20 16:15:56 : 95266 steps taken, and 10226 accepted.
[0 : mcmc] Progress @ 2026-06-20 16:15:58 : 93145 steps taken, and 9862 accepted.
[1 : mcmc] Progress @ 2026-06-20 16:16:02 : 92307 steps taken, and 9786 accepted.
[2 : mcmc] Progress @ 2026-06-20 16:16:03 : 93103 steps taken, and 9802 accepted.
[3 : mcmc] Progress @ 2026-06-20 16:16:56 : 96107 steps taken, and 10328 accepted.
[0 : mcmc] Progress @ 2026-06-20 16:17:01 : 94059 steps taken, and 9981 accepted.
[1 : mcmc] Progress @ 2026-06-20 16:17:03 : 93160 steps taken, and 9882 accepted.
[2 : mcmc] Progress @ 2026-06-20 16:17:06 : 94008 steps taken, and 9911 accepted.
[0 : mcmc] Learn + convergence test @ 10080 samples accepted.
[0 : mcmc] Ready to check convergence and learn a new proposal covmat (waiting for the rest...)
[3 : mcmc] Progress @ 2026-06-20 16:17:57 : 97014 steps taken, and 10432 accepted.
[0 : mcmc] Progress @ 2026-06-20 16:18:01 : 95051 steps taken, and 10085 accepted.
[1 : mcmc] Progress @ 2026-06-20 16:18:05 : 94120 steps taken, and 9992 accepted.
[2 : mcmc] Progress @ 2026-06-20 16:18:07 : 94842 steps taken, and 10009 accepted.
[2 : mcmc] Learn + convergence test @ 10080 samples accepted.
[2 : mcmc] Ready to check convergence and learn a new proposal covmat (waiting for the rest...)
[1 : mcmc] Learn + convergence test @ 10080 samples accepted.
[1 : mcmc] Ready to check convergence and learn a new proposal covmat (waiting for the rest...)
[0 : mcmc] All chains are ready to check convergence and learn a new proposal covmat
[0 : mcmc]  - Acceptance rate: 0.714 = avg([0.7117, 0.7152, 0.7070, 0.7208])
[0 : mcmc]  - Convergence of means: R-1 = 74.534653 after 40862 accepted steps = sum([10164, 10080, 10094, 10524])
[0 : mcmc] Convergence less than requested for updates: waiting until the next convergence check.
[3 : mcmc] Progress @ 2026-06-20 16:18:59 : 97846 steps taken, and 10531 accepted.
[0 : mcmc] Progress @ 2026-06-20 16:19:02 : 95873 steps taken, and 10179 accepted.
[1 : mcmc] Progress @ 2026-06-20 16:19:06 : 94999 steps taken, and 10095 accepted.
[2 : mcmc] Progress @ 2026-06-20 16:19:09 : 95765 steps taken, and 10117 accepted.
[0 : mcmc] Progress @ 2026-06-20 16:20:02 : 96784 steps taken, and 10283 accepted.
[3 : mcmc] Progress @ 2026-06-20 16:20:03 : 98798 steps taken, and 10649 accepted.
[1 : mcmc] Progress @ 2026-06-20 16:20:10 : 95974 steps taken, and 10215 accepted.
[2 : mcmc] Progress @ 2026-06-20 16:20:11 : 96635 steps taken, and 10220 accepted.
[0 : mcmc] Progress @ 2026-06-20 16:21:02 : 97564 steps taken, and 10378 accepted.
[3 : mcmc] Progress @ 2026-06-20 16:21:03 : 99629 steps taken, and 10747 accepted.
[1 : mcmc] Progress @ 2026-06-20 16:21:10 : 96909 steps taken, and 10328 accepted.
[2 : mcmc] Progress @ 2026-06-20 16:21:14 : 97639 steps taken, and 10328 accepted.
[0 : mcmc] Progress @ 2026-06-20 16:22:02 : 98559 steps taken, and 10493 accepted.
[3 : mcmc] Progress @ 2026-06-20 16:22:03 : 100510 steps taken, and 10857 accepted.
[1 : mcmc] Progress @ 2026-06-20 16:22:14 : 97914 steps taken, and 10438 accepted.
[2 : mcmc] Progress @ 2026-06-20 16:22:14 : 98483 steps taken, and 10432 accepted.
[3 : mcmc] Learn + convergence test @ 10920 samples accepted.
[3 : mcmc] Ready to check convergence and learn a new proposal covmat (waiting for the rest...)
[0 : mcmc] Progress @ 2026-06-20 16:23:02 : 99371 steps taken, and 10595 accepted.
[3 : mcmc] Progress @ 2026-06-20 16:23:05 : 101411 steps taken, and 10973 accepted.
[2 : mcmc] Progress @ 2026-06-20 16:23:16 : 99378 steps taken, and 10532 accepted.
[1 : mcmc] Progress @ 2026-06-20 16:23:18 : 98914 steps taken, and 10566 accepted.
[0 : mcmc] Progress @ 2026-06-20 16:24:02 : 100289 steps taken, and 10701 accepted.
[3 : mcmc] Progress @ 2026-06-20 16:24:07 : 102409 steps taken, and 11079 accepted.
[2 : mcmc] Progress @ 2026-06-20 16:24:16 : 100410 steps taken, and 10647 accepted.
[1 : mcmc] Progress @ 2026-06-20 16:24:18 : 99778 steps taken, and 10674 accepted.
[0 : mcmc] Progress @ 2026-06-20 16:25:03 : 101256 steps taken, and 10813 accepted.
[3 : mcmc] Progress @ 2026-06-20 16:25:07 : 103331 steps taken, and 11186 accepted.
[2 : mcmc] Progress @ 2026-06-20 16:25:16 : 101255 steps taken, and 10754 accepted.
[1 : mcmc] Progress @ 2026-06-20 16:25:18 : 100628 steps taken, and 10770 accepted.
[0 : mcmc] Learn + convergence test @ 10920 samples accepted.
[0 : mcmc] Ready to check convergence and learn a new proposal covmat (waiting for the rest...)
[0 : mcmc] Progress @ 2026-06-20 16:26:03 : 102095 steps taken, and 10922 accepted.
[3 : mcmc] Progress @ 2026-06-20 16:26:08 : 104222 steps taken, and 11294 accepted.
[2 : mcmc] Progress @ 2026-06-20 16:26:17 : 102140 steps taken, and 10866 accepted.
[1 : mcmc] Progress @ 2026-06-20 16:26:18 : 101542 steps taken, and 10881 accepted.
[1 : mcmc] Learn + convergence test @ 10920 samples accepted.
[1 : mcmc] Ready to check convergence and learn a new proposal covmat (waiting for the rest...)
[2 : mcmc] Learn + convergence test @ 10920 samples accepted.
[2 : mcmc] Ready to check convergence and learn a new proposal covmat (waiting for the rest...)
[0 : mcmc] All chains are ready to check convergence and learn a new proposal covmat
[0 : mcmc]  - Acceptance rate: 0.713 = avg([0.7108, 0.7144, 0.7048, 0.7222])
[0 : mcmc]  - Convergence of means: R-1 = 84.588811 after 44196 accepted steps = sum([10993, 10925, 10920, 11358])
[0 : mcmc] Convergence less than requested for updates: waiting until the next convergence check.
[0 : mcmc] Progress @ 2026-06-20 16:27:07 : 103014 steps taken, and 11036 accepted.
[3 : mcmc] Progress @ 2026-06-20 16:27:11 : 105099 steps taken, and 11401 accepted.
[2 : mcmc] Progress @ 2026-06-20 16:27:17 : 103031 steps taken, and 10975 accepted.
[1 : mcmc] Progress @ 2026-06-20 16:27:21 : 102403 steps taken, and 10978 accepted.
[0 : mcmc] Progress @ 2026-06-20 16:28:09 : 103912 steps taken, and 11145 accepted.
[3 : mcmc] Progress @ 2026-06-20 16:28:11 : 106067 steps taken, and 11500 accepted.
[2 : mcmc] Progress @ 2026-06-20 16:28:17 : 103880 steps taken, and 11077 accepted.
[1 : mcmc] Progress @ 2026-06-20 16:28:22 : 103245 steps taken, and 11081 accepted.
[0 : mcmc] Progress @ 2026-06-20 16:29:10 : 104818 steps taken, and 11257 accepted.
[3 : mcmc] Progress @ 2026-06-20 16:29:12 : 106921 steps taken, and 11598 accepted.
[2 : mcmc] Progress @ 2026-06-20 16:29:17 : 104725 steps taken, and 11185 accepted.
[1 : mcmc] Progress @ 2026-06-20 16:29:22 : 104157 steps taken, and 11191 accepted.
[0 : mcmc] Progress @ 2026-06-20 16:30:11 : 105712 steps taken, and 11369 accepted.
[3 : mcmc] Progress @ 2026-06-20 16:30:15 : 108002 steps taken, and 11723 accepted.
[2 : mcmc] Progress @ 2026-06-20 16:30:17 : 105688 steps taken, and 11296 accepted.
[1 : mcmc] Progress @ 2026-06-20 16:30:22 : 104980 steps taken, and 11297 accepted.
[3 : mcmc] Learn + convergence test @ 11760 samples accepted.
[3 : mcmc] Ready to check convergence and learn a new proposal covmat (waiting for the rest...)
[0 : mcmc] Progress @ 2026-06-20 16:31:13 : 106616 steps taken, and 11461 accepted.
[3 : mcmc] Progress @ 2026-06-20 16:31:16 : 108977 steps taken, and 11834 accepted.
[2 : mcmc] Progress @ 2026-06-20 16:31:18 : 106525 steps taken, and 11399 accepted.
[1 : mcmc] Progress @ 2026-06-20 16:31:22 : 105930 steps taken, and 11420 accepted.
[0 : mcmc] Progress @ 2026-06-20 16:32:15 : 107539 steps taken, and 11571 accepted.
[3 : mcmc] Progress @ 2026-06-20 16:32:16 : 109868 steps taken, and 11940 accepted.
[2 : mcmc] Progress @ 2026-06-20 16:32:18 : 107426 steps taken, and 11511 accepted.
[1 : mcmc] Progress @ 2026-06-20 16:32:24 : 106861 steps taken, and 11518 accepted.
[0 : mcmc] Progress @ 2026-06-20 16:33:16 : 108458 steps taken, and 11684 accepted.
[2 : mcmc] Progress @ 2026-06-20 16:33:18 : 108454 steps taken, and 11630 accepted.
[3 : mcmc] Progress @ 2026-06-20 16:33:19 : 110779 steps taken, and 12055 accepted.
[1 : mcmc] Progress @ 2026-06-20 16:33:24 : 107814 steps taken, and 11634 accepted.
[0 : mcmc] Learn + convergence test @ 11760 samples accepted.
[0 : mcmc] Ready to check convergence and learn a new proposal covmat (waiting for the rest...)
[0 : mcmc] Progress @ 2026-06-20 16:34:16 : 109262 steps taken, and 11783 accepted.
[2 : mcmc] Progress @ 2026-06-20 16:34:18 : 109368 steps taken, and 11739 accepted.
[3 : mcmc] Progress @ 2026-06-20 16:34:20 : 111601 steps taken, and 12162 accepted.
[1 : mcmc] Progress @ 2026-06-20 16:34:28 : 108696 steps taken, and 11747 accepted.
[2 : mcmc] Learn + convergence test @ 11760 samples accepted.
[2 : mcmc] Ready to check convergence and learn a new proposal covmat (waiting for the rest...)
[1 : mcmc] Learn + convergence test @ 11760 samples accepted.
[1 : mcmc] Ready to check convergence and learn a new proposal covmat (waiting for the rest...)
[0 : mcmc] All chains are ready to check convergence and learn a new proposal covmat
[0 : mcmc]  - Acceptance rate: 0.715 = avg([0.7140, 0.7164, 0.7074, 0.7202])
[0 : mcmc]  - Convergence of means: R-1 = 83.735937 after 47540 accepted steps = sum([11816, 11760, 11765, 12199])
[0 : mcmc] Convergence less than requested for updates: waiting until the next convergence check.
[0 : mcmc] Progress @ 2026-06-20 16:35:16 : 110222 steps taken, and 11899 accepted.
[2 : mcmc] Progress @ 2026-06-20 16:35:19 : 110210 steps taken, and 11848 accepted.
[3 : mcmc] Progress @ 2026-06-20 16:35:20 : 112566 steps taken, and 12279 accepted.
[1 : mcmc] Progress @ 2026-06-20 16:35:28 : 109612 steps taken, and 11859 accepted.
[0 : mcmc] Progress @ 2026-06-20 16:36:16 : 111019 steps taken, and 11990 accepted.
[2 : mcmc] Progress @ 2026-06-20 16:36:20 : 111093 steps taken, and 11954 accepted.
[3 : mcmc] Progress @ 2026-06-20 16:36:21 : 113398 steps taken, and 12380 accepted.
[1 : mcmc] Progress @ 2026-06-20 16:36:29 : 110491 steps taken, and 11969 accepted.
[0 : mcmc] Progress @ 2026-06-20 16:37:17 : 111882 steps taken, and 12095 accepted.
[2 : mcmc] Progress @ 2026-06-20 16:37:20 : 112015 steps taken, and 12063 accepted.
[3 : mcmc] Progress @ 2026-06-20 16:37:23 : 114352 steps taken, and 12489 accepted.
[1 : mcmc] Progress @ 2026-06-20 16:37:32 : 111434 steps taken, and 12088 accepted.
[3 : mcmc] Learn + convergence test @ 12600 samples accepted.
[3 : mcmc] Ready to check convergence and learn a new proposal covmat (waiting for the rest...)
[0 : mcmc] Progress @ 2026-06-20 16:38:20 : 112831 steps taken, and 12218 accepted.
[2 : mcmc] Progress @ 2026-06-20 16:38:20 : 112969 steps taken, and 12170 accepted.
[3 : mcmc] Progress @ 2026-06-20 16:38:23 : 115298 steps taken, and 12607 accepted.
[1 : mcmc] Progress @ 2026-06-20 16:38:35 : 112358 steps taken, and 12201 accepted.
[2 : mcmc] Progress @ 2026-06-20 16:39:21 : 113870 steps taken, and 12270 accepted.
[0 : mcmc] Progress @ 2026-06-20 16:39:22 : 113776 steps taken, and 12329 accepted.
[3 : mcmc] Progress @ 2026-06-20 16:39:25 : 116311 steps taken, and 12723 accepted.
[1 : mcmc] Progress @ 2026-06-20 16:39:36 : 113350 steps taken, and 12315 accepted.
[2 : mcmc] Progress @ 2026-06-20 16:40:21 : 114811 steps taken, and 12364 accepted.
[0 : mcmc] Progress @ 2026-06-20 16:40:23 : 114650 steps taken, and 12426 accepted.
[3 : mcmc] Progress @ 2026-06-20 16:40:27 : 117178 steps taken, and 12826 accepted.
[1 : mcmc] Progress @ 2026-06-20 16:40:40 : 114321 steps taken, and 12427 accepted.
[2 : mcmc] Progress @ 2026-06-20 16:41:21 : 115769 steps taken, and 12481 accepted.
[0 : mcmc] Progress @ 2026-06-20 16:41:25 : 115542 steps taken, and 12538 accepted.
[3 : mcmc] Progress @ 2026-06-20 16:41:27 : 118188 steps taken, and 12946 accepted.
[1 : mcmc] Progress @ 2026-06-20 16:41:41 : 115378 steps taken, and 12546 accepted.
[0 : mcmc] Learn + convergence test @ 12600 samples accepted.
[0 : mcmc] Ready to check convergence and learn a new proposal covmat (waiting for the rest...)
[1 : mcmc] Learn + convergence test @ 12600 samples accepted.
[1 : mcmc] Ready to check convergence and learn a new proposal covmat (waiting for the rest...)
[2 : mcmc] Progress @ 2026-06-20 16:42:24 : 116689 steps taken, and 12590 accepted.
[2 : mcmc] Learn + convergence test @ 12600 samples accepted.
[2 : mcmc] Ready to check convergence and learn a new proposal covmat (waiting for the rest...)
[0 : mcmc] Progress @ 2026-06-20 16:42:28 : 116469 steps taken, and 12651 accepted.
[0 : mcmc] All chains are ready to check convergence and learn a new proposal covmat
[3 : mcmc] Progress @ 2026-06-20 16:42:30 : 119158 steps taken, and 13064 accepted.
[0 : mcmc]  - Acceptance rate: 0.715 = avg([0.7182, 0.7174, 0.7068, 0.7189])
[0 : mcmc]  - Convergence of means: R-1 = 74.171141 after 50945 accepted steps = sum([12652, 12628, 12600, 13065])
[0 : mcmc] Convergence less than requested for updates: waiting until the next convergence check.
[1 : mcmc] Progress @ 2026-06-20 16:42:44 : 116383 steps taken, and 12649 accepted.
[2 : mcmc] Progress @ 2026-06-20 16:43:28 : 117548 steps taken, and 12699 accepted.
[3 : mcmc] Progress @ 2026-06-20 16:43:30 : 120058 steps taken, and 13168 accepted.
[0 : mcmc] Progress @ 2026-06-20 16:43:33 : 117343 steps taken, and 12751 accepted.
[1 : mcmc] Progress @ 2026-06-20 16:43:47 : 117354 steps taken, and 12769 accepted.
[2 : mcmc] Progress @ 2026-06-20 16:44:29 : 118440 steps taken, and 12793 accepted.
[3 : mcmc] Progress @ 2026-06-20 16:44:31 : 120914 steps taken, and 13275 accepted.
[0 : mcmc] Progress @ 2026-06-20 16:44:37 : 118281 steps taken, and 12860 accepted.
[1 : mcmc] Progress @ 2026-06-20 16:44:49 : 118210 steps taken, and 12871 accepted.
[3 : mcmc] Progress @ 2026-06-20 16:45:32 : 121881 steps taken, and 13395 accepted.
[2 : mcmc] Progress @ 2026-06-20 16:45:32 : 119387 steps taken, and 12902 accepted.
[0 : mcmc] Progress @ 2026-06-20 16:45:37 : 119106 steps taken, and 12955 accepted.
[1 : mcmc] Progress @ 2026-06-20 16:45:52 : 119121 steps taken, and 12975 accepted.
[3 : mcmc] Learn + convergence test @ 13440 samples accepted.
[3 : mcmc] Ready to check convergence and learn a new proposal covmat (waiting for the rest...)
[3 : mcmc] Progress @ 2026-06-20 16:46:32 : 122765 steps taken, and 13502 accepted.
[2 : mcmc] Progress @ 2026-06-20 16:46:32 : 120330 steps taken, and 13015 accepted.
[0 : mcmc] Progress @ 2026-06-20 16:46:40 : 119986 steps taken, and 13053 accepted.
[1 : mcmc] Progress @ 2026-06-20 16:46:55 : 120048 steps taken, and 13087 accepted.
[3 : mcmc] Progress @ 2026-06-20 16:47:32 : 123688 steps taken, and 13611 accepted.
[2 : mcmc] Progress @ 2026-06-20 16:47:33 : 121140 steps taken, and 13111 accepted.
[0 : mcmc] Progress @ 2026-06-20 16:47:40 : 120899 steps taken, and 13159 accepted.
[1 : mcmc] Progress @ 2026-06-20 16:47:55 : 121086 steps taken, and 13206 accepted.
[2 : mcmc] Progress @ 2026-06-20 16:48:33 : 121998 steps taken, and 13214 accepted.
[3 : mcmc] Progress @ 2026-06-20 16:48:36 : 124613 steps taken, and 13717 accepted.
[0 : mcmc] Progress @ 2026-06-20 16:48:41 : 121830 steps taken, and 13272 accepted.
[1 : mcmc] Progress @ 2026-06-20 16:48:55 : 121970 steps taken, and 13304 accepted.
[2 : mcmc] Progress @ 2026-06-20 16:49:35 : 122843 steps taken, and 13317 accepted.
[3 : mcmc] Progress @ 2026-06-20 16:49:38 : 125484 steps taken, and 13810 accepted.
[0 : mcmc] Progress @ 2026-06-20 16:49:41 : 122718 steps taken, and 13364 accepted.
[1 : mcmc] Progress @ 2026-06-20 16:49:55 : 122762 steps taken, and 13394 accepted.
[1 : mcmc] Learn + convergence test @ 13440 samples accepted.
[1 : mcmc] Ready to check convergence and learn a new proposal covmat (waiting for the rest...)
[0 : mcmc] Learn + convergence test @ 13440 samples accepted.
[0 : mcmc] Ready to check convergence and learn a new proposal covmat (waiting for the rest...)
[2 : mcmc] Progress @ 2026-06-20 16:50:35 : 123755 steps taken, and 13426 accepted.
[0 : mcmc] Progress @ 2026-06-20 16:50:41 : 123722 steps taken, and 13477 accepted.
[2 : mcmc] Learn + convergence test @ 13440 samples accepted.
[2 : mcmc] Ready to check convergence and learn a new proposal covmat (waiting for the rest...)
[3 : mcmc] Progress @ 2026-06-20 16:50:42 : 126410 steps taken, and 13924 accepted.
[0 : mcmc] All chains are ready to check convergence and learn a new proposal covmat
[0 : mcmc]  - Acceptance rate: 0.713 = avg([0.7141, 0.7150, 0.7059, 0.7167])
[0 : mcmc]  - Convergence of means: R-1 = 57.326792 after 54321 accepted steps = sum([13479, 13477, 13440, 13925])
[0 : mcmc] Convergence less than requested for updates: waiting until the next convergence check.
[1 : mcmc] Progress @ 2026-06-20 16:50:56 : 123634 steps taken, and 13496 accepted.
[2 : mcmc] Progress @ 2026-06-20 16:51:35 : 124541 steps taken, and 13521 accepted.
[3 : mcmc] Progress @ 2026-06-20 16:51:43 : 127337 steps taken, and 14042 accepted.
[0 : mcmc] Progress @ 2026-06-20 16:51:45 : 124627 steps taken, and 13587 accepted.
[1 : mcmc] Progress @ 2026-06-20 16:51:57 : 124503 steps taken, and 13610 accepted.
[2 : mcmc] Progress @ 2026-06-20 16:52:35 : 125440 steps taken, and 13633 accepted.
[3 : mcmc] Progress @ 2026-06-20 16:52:43 : 128179 steps taken, and 14132 accepted.
[0 : mcmc] Progress @ 2026-06-20 16:52:45 : 125516 steps taken, and 13689 accepted.
[1 : mcmc] Progress @ 2026-06-20 16:53:01 : 125442 steps taken, and 13726 accepted.
[2 : mcmc] Progress @ 2026-06-20 16:53:35 : 126223 steps taken, and 13730 accepted.
[3 : mcmc] Progress @ 2026-06-20 16:53:45 : 129060 steps taken, and 14230 accepted.
[0 : mcmc] Progress @ 2026-06-20 16:53:46 : 126402 steps taken, and 13792 accepted.
[1 : mcmc] Progress @ 2026-06-20 16:54:01 : 126428 steps taken, and 13835 accepted.
[3 : mcmc] Learn + convergence test @ 14280 samples accepted.
[3 : mcmc] Ready to check convergence and learn a new proposal covmat (waiting for the rest...)
[2 : mcmc] Progress @ 2026-06-20 16:54:38 : 127125 steps taken, and 13834 accepted.
[3 : mcmc] Progress @ 2026-06-20 16:54:49 : 130009 steps taken, and 14332 accepted.
[0 : mcmc] Progress @ 2026-06-20 16:54:49 : 127262 steps taken, and 13898 accepted.
[1 : mcmc] Progress @ 2026-06-20 16:55:06 : 127369 steps taken, and 13940 accepted.
[2 : mcmc] Progress @ 2026-06-20 16:55:41 : 127984 steps taken, and 13938 accepted.
[0 : mcmc] Progress @ 2026-06-20 16:55:49 : 128149 steps taken, and 14013 accepted.
[3 : mcmc] Progress @ 2026-06-20 16:55:51 : 130847 steps taken, and 14428 accepted.
[1 : mcmc] Progress @ 2026-06-20 16:56:06 : 128293 steps taken, and 14054 accepted.
[2 : mcmc] Progress @ 2026-06-20 16:56:42 : 128946 steps taken, and 14056 accepted.
[0 : mcmc] Progress @ 2026-06-20 16:56:50 : 129092 steps taken, and 14113 accepted.
[3 : mcmc] Progress @ 2026-06-20 16:56:51 : 131794 steps taken, and 14536 accepted.
[1 : mcmc] Progress @ 2026-06-20 16:57:07 : 129169 steps taken, and 14166 accepted.
[2 : mcmc] Progress @ 2026-06-20 16:57:42 : 129816 steps taken, and 14162 accepted.
[0 : mcmc] Progress @ 2026-06-20 16:57:52 : 129936 steps taken, and 14216 accepted.
[3 : mcmc] Progress @ 2026-06-20 16:57:54 : 132753 steps taken, and 14654 accepted.
[1 : mcmc] Learn + convergence test @ 14280 samples accepted.
[1 : mcmc] Ready to check convergence and learn a new proposal covmat (waiting for the rest...)
[1 : mcmc] Progress @ 2026-06-20 16:58:10 : 130141 steps taken, and 14280 accepted.
[0 : mcmc] Learn + convergence test @ 14280 samples accepted.
[0 : mcmc] Ready to check convergence and learn a new proposal covmat (waiting for the rest...)
[2 : mcmc] Progress @ 2026-06-20 16:58:42 : 130625 steps taken, and 14254 accepted.
[0 : mcmc] Progress @ 2026-06-20 16:58:52 : 130827 steps taken, and 14331 accepted.
[3 : mcmc] Progress @ 2026-06-20 16:58:54 : 133763 steps taken, and 14774 accepted.
[2 : mcmc] Learn + convergence test @ 14280 samples accepted.
[2 : mcmc] Ready to check convergence and learn a new proposal covmat (waiting for the rest...)
[0 : mcmc] All chains are ready to check convergence and learn a new proposal covmat
[0 : mcmc]  - Acceptance rate: 0.713 = avg([0.7157, 0.7159, 0.7068, 0.7124])
[0 : mcmc]  - Convergence of means: R-1 = 50.670817 after 57780 accepted steps = sum([14350, 14365, 14280, 14785])
[0 : mcmc] Convergence less than requested for updates: waiting until the next convergence check.
[1 : mcmc] Progress @ 2026-06-20 16:59:11 : 131032 steps taken, and 14381 accepted.
[2 : mcmc] Progress @ 2026-06-20 16:59:42 : 131445 steps taken, and 14357 accepted.
[0 : mcmc] Progress @ 2026-06-20 16:59:53 : 131726 steps taken, and 14437 accepted.
[3 : mcmc] Progress @ 2026-06-20 16:59:57 : 134680 steps taken, and 14885 accepted.
[1 : mcmc] Progress @ 2026-06-20 17:00:12 : 131976 steps taken, and 14496 accepted.
[2 : mcmc] Progress @ 2026-06-20 17:00:45 : 132326 steps taken, and 14469 accepted.
[0 : mcmc] Progress @ 2026-06-20 17:00:53 : 132700 steps taken, and 14553 accepted.
[3 : mcmc] Progress @ 2026-06-20 17:00:57 : 135611 steps taken, and 14998 accepted.
[1 : mcmc] Progress @ 2026-06-20 17:01:12 : 132894 steps taken, and 14611 accepted.
[2 : mcmc] Progress @ 2026-06-20 17:01:48 : 133229 steps taken, and 14576 accepted.
[0 : mcmc] Progress @ 2026-06-20 17:01:53 : 133478 steps taken, and 14641 accepted.
[3 : mcmc] Progress @ 2026-06-20 17:01:57 : 136417 steps taken, and 15093 accepted.
[1 : mcmc] Progress @ 2026-06-20 17:02:12 : 133735 steps taken, and 14715 accepted.
[3 : mcmc] Learn + convergence test @ 15120 samples accepted.
[3 : mcmc] Ready to check convergence and learn a new proposal covmat (waiting for the rest...)
[2 : mcmc] Progress @ 2026-06-20 17:02:49 : 134082 steps taken, and 14686 accepted.
[0 : mcmc] Progress @ 2026-06-20 17:02:53 : 134457 steps taken, and 14748 accepted.
[3 : mcmc] Progress @ 2026-06-20 17:02:57 : 137414 steps taken, and 15209 accepted.
[1 : mcmc] Progress @ 2026-06-20 17:03:12 : 134616 steps taken, and 14807 accepted.
[2 : mcmc] Progress @ 2026-06-20 17:03:49 : 134992 steps taken, and 14785 accepted.
[0 : mcmc] Progress @ 2026-06-20 17:03:54 : 135463 steps taken, and 14870 accepted.
[3 : mcmc] Progress @ 2026-06-20 17:03:57 : 138249 steps taken, and 15308 accepted.
[1 : mcmc] Progress @ 2026-06-20 17:04:12 : 135586 steps taken, and 14902 accepted.
[2 : mcmc] Progress @ 2026-06-20 17:04:51 : 135842 steps taken, and 14884 accepted.
[0 : mcmc] Progress @ 2026-06-20 17:04:54 : 136283 steps taken, and 14981 accepted.
[3 : mcmc] Progress @ 2026-06-20 17:04:57 : 139146 steps taken, and 15424 accepted.
[1 : mcmc] Progress @ 2026-06-20 17:05:14 : 136462 steps taken, and 14999 accepted.
[2 : mcmc] Progress @ 2026-06-20 17:05:51 : 136781 steps taken, and 15007 accepted.
[0 : mcmc] Progress @ 2026-06-20 17:05:55 : 137211 steps taken, and 15086 accepted.
[3 : mcmc] Progress @ 2026-06-20 17:05:57 : 140082 steps taken, and 15536 accepted.
[0 : mcmc] Learn + convergence test @ 15120 samples accepted.
[0 : mcmc] Ready to check convergence and learn a new proposal covmat (waiting for the rest...)
[1 : mcmc] Progress @ 2026-06-20 17:06:14 : 137412 steps taken, and 15119 accepted.
[1 : mcmc] Learn + convergence test @ 15120 samples accepted.
[1 : mcmc] Ready to check convergence and learn a new proposal covmat (waiting for the rest...)
[2 : mcmc] Progress @ 2026-06-20 17:06:51 : 137578 steps taken, and 15104 accepted.
[2 : mcmc] Learn + convergence test @ 15120 samples accepted.
[2 : mcmc] Ready to check convergence and learn a new proposal covmat (waiting for the rest...)
[3 : mcmc] Progress @ 2026-06-20 17:06:57 : 141147 steps taken, and 15657 accepted.
[0 : mcmc] Progress @ 2026-06-20 17:06:58 : 138200 steps taken, and 15197 accepted.
[0 : mcmc] All chains are ready to check convergence and learn a new proposal covmat
[0 : mcmc]  - Acceptance rate: 0.712 = avg([0.7128, 0.7122, 0.7099, 0.7117])
[0 : mcmc]  - Convergence of means: R-1 = 47.871176 after 61179 accepted steps = sum([15198, 15203, 15120, 15658])
[0 : mcmc] Convergence less than requested for updates: waiting until the next convergence check.
[1 : mcmc] Progress @ 2026-06-20 17:07:14 : 138272 steps taken, and 15225 accepted.
[2 : mcmc] Progress @ 2026-06-20 17:07:51 : 138419 steps taken, and 15211 accepted.
[3 : mcmc] Progress @ 2026-06-20 17:07:58 : 142109 steps taken, and 15765 accepted.
[0 : mcmc] Progress @ 2026-06-20 17:08:00 : 139139 steps taken, and 15307 accepted.
[1 : mcmc] Progress @ 2026-06-20 17:08:14 : 139173 steps taken, and 15334 accepted.
[2 : mcmc] Progress @ 2026-06-20 17:08:51 : 139335 steps taken, and 15314 accepted.
[3 : mcmc] Progress @ 2026-06-20 17:08:58 : 142945 steps taken, and 15864 accepted.
[0 : mcmc] Progress @ 2026-06-20 17:09:01 : 140082 steps taken, and 15415 accepted.
[1 : mcmc] Progress @ 2026-06-20 17:09:14 : 140013 steps taken, and 15442 accepted.
[2 : mcmc] Progress @ 2026-06-20 17:09:51 : 140143 steps taken, and 15409 accepted.
[3 : mcmc] Learn + convergence test @ 15960 samples accepted.
[3 : mcmc] Ready to check convergence and learn a new proposal covmat (waiting for the rest...)
[3 : mcmc] Progress @ 2026-06-20 17:09:58 : 143748 steps taken, and 15962 accepted.
[0 : mcmc] Progress @ 2026-06-20 17:10:04 : 141013 steps taken, and 15532 accepted.
[1 : mcmc] Progress @ 2026-06-20 17:10:17 : 140887 steps taken, and 15542 accepted.
[2 : mcmc] Progress @ 2026-06-20 17:10:52 : 141053 steps taken, and 15519 accepted.
[3 : mcmc] Progress @ 2026-06-20 17:10:58 : 144694 steps taken, and 16075 accepted.
[0 : mcmc] Progress @ 2026-06-20 17:11:06 : 141905 steps taken, and 15638 accepted.
[1 : mcmc] Progress @ 2026-06-20 17:11:20 : 141778 steps taken, and 15655 accepted.
[2 : mcmc] Progress @ 2026-06-20 17:11:55 : 141982 steps taken, and 15629 accepted.
[3 : mcmc] Progress @ 2026-06-20 17:11:59 : 145497 steps taken, and 16162 accepted.
[0 : mcmc] Progress @ 2026-06-20 17:12:07 : 142814 steps taken, and 15752 accepted.
[1 : mcmc] Progress @ 2026-06-20 17:12:21 : 142693 steps taken, and 15764 accepted.
[2 : mcmc] Progress @ 2026-06-20 17:12:59 : 142937 steps taken, and 15727 accepted.
[3 : mcmc] Progress @ 2026-06-20 17:13:01 : 146377 steps taken, and 16279 accepted.
[0 : mcmc] Progress @ 2026-06-20 17:13:07 : 143696 steps taken, and 15866 accepted.
[1 : mcmc] Progress @ 2026-06-20 17:13:23 : 143539 steps taken, and 15868 accepted.
[0 : mcmc] Learn + convergence test @ 15960 samples accepted.
[0 : mcmc] Ready to check convergence and learn a new proposal covmat (waiting for the rest...)
[3 : mcmc] Progress @ 2026-06-20 17:14:01 : 147313 steps taken, and 16405 accepted.
[2 : mcmc] Progress @ 2026-06-20 17:14:03 : 143837 steps taken, and 15829 accepted.
[0 : mcmc] Progress @ 2026-06-20 17:14:08 : 144563 steps taken, and 15974 accepted.
[1 : mcmc] Learn + convergence test @ 15960 samples accepted.
[1 : mcmc] Ready to check convergence and learn a new proposal covmat (waiting for the rest...)
[1 : mcmc] Progress @ 2026-06-20 17:14:26 : 144436 steps taken, and 15971 accepted.
[3 : mcmc] Progress @ 2026-06-20 17:15:03 : 148458 steps taken, and 16533 accepted.
[2 : mcmc] Progress @ 2026-06-20 17:15:03 : 144825 steps taken, and 15936 accepted.
[0 : mcmc] Progress @ 2026-06-20 17:15:08 : 145491 steps taken, and 16093 accepted.
[2 : mcmc] Learn + convergence test @ 15960 samples accepted.
[2 : mcmc] Ready to check convergence and learn a new proposal covmat (waiting for the rest...)
[0 : mcmc] All chains are ready to check convergence and learn a new proposal covmat
[0 : mcmc]  - Acceptance rate: 0.712 = avg([0.7153, 0.7114, 0.7091, 0.7132])
[0 : mcmc]  - Convergence of means: R-1 = 40.573564 after 64683 accepted steps = sum([16108, 16056, 15960, 16559])
[0 : mcmc] Convergence less than requested for updates: waiting until the next convergence check.
[1 : mcmc] Progress @ 2026-06-20 17:15:26 : 145293 steps taken, and 16073 accepted.
[3 : mcmc] Progress @ 2026-06-20 17:16:03 : 149329 steps taken, and 16631 accepted.
[2 : mcmc] Progress @ 2026-06-20 17:16:05 : 145672 steps taken, and 16027 accepted.
[0 : mcmc] Progress @ 2026-06-20 17:16:11 : 146329 steps taken, and 16204 accepted.
[1 : mcmc] Progress @ 2026-06-20 17:16:28 : 146174 steps taken, and 16184 accepted.
[3 : mcmc] Progress @ 2026-06-20 17:17:07 : 150245 steps taken, and 16737 accepted.
[2 : mcmc] Progress @ 2026-06-20 17:17:07 : 146687 steps taken, and 16154 accepted.
[0 : mcmc] Progress @ 2026-06-20 17:17:13 : 147317 steps taken, and 16320 accepted.
[1 : mcmc] Progress @ 2026-06-20 17:17:28 : 147099 steps taken, and 16295 accepted.
[3 : mcmc] Learn + convergence test @ 16800 samples accepted.
[3 : mcmc] Ready to check convergence and learn a new proposal covmat (waiting for the rest...)
[2 : mcmc] Progress @ 2026-06-20 17:18:09 : 147620 steps taken, and 16273 accepted.
[3 : mcmc] Progress @ 2026-06-20 17:18:11 : 151243 steps taken, and 16853 accepted.
[0 : mcmc] Progress @ 2026-06-20 17:18:13 : 148236 steps taken, and 16433 accepted.
[1 : mcmc] Progress @ 2026-06-20 17:18:29 : 147983 steps taken, and 16401 accepted.
[2 : mcmc] Progress @ 2026-06-20 17:19:09 : 148530 steps taken, and 16388 accepted.
[3 : mcmc] Progress @ 2026-06-20 17:19:12 : 152158 steps taken, and 16958 accepted.
[0 : mcmc] Progress @ 2026-06-20 17:19:13 : 149120 steps taken, and 16544 accepted.
[1 : mcmc] Progress @ 2026-06-20 17:19:29 : 148892 steps taken, and 16506 accepted.
[2 : mcmc] Progress @ 2026-06-20 17:20:09 : 149389 steps taken, and 16494 accepted.
[0 : mcmc] Progress @ 2026-06-20 17:20:13 : 149971 steps taken, and 16646 accepted.
[3 : mcmc] Progress @ 2026-06-20 17:20:16 : 153214 steps taken, and 17080 accepted.
[1 : mcmc] Progress @ 2026-06-20 17:20:29 : 149760 steps taken, and 16607 accepted.
[2 : mcmc] Progress @ 2026-06-20 17:21:09 : 150358 steps taken, and 16622 accepted.
[0 : mcmc] Progress @ 2026-06-20 17:21:13 : 150883 steps taken, and 16764 accepted.
[3 : mcmc] Progress @ 2026-06-20 17:21:16 : 154314 steps taken, and 17204 accepted.
[1 : mcmc] Progress @ 2026-06-20 17:21:31 : 150627 steps taken, and 16712 accepted.
[0 : mcmc] Learn + convergence test @ 16800 samples accepted.
[0 : mcmc] Ready to check convergence and learn a new proposal covmat (waiting for the rest...)
[2 : mcmc] Progress @ 2026-06-20 17:22:12 : 151248 steps taken, and 16727 accepted.
[0 : mcmc] Progress @ 2026-06-20 17:22:13 : 151724 steps taken, and 16855 accepted.
[1 : mcmc] Learn + convergence test @ 16800 samples accepted.
[1 : mcmc] Ready to check convergence and learn a new proposal covmat (waiting for the rest...)
[3 : mcmc] Progress @ 2026-06-20 17:22:16 : 155191 steps taken, and 17310 accepted.
[1 : mcmc] Progress @ 2026-06-20 17:22:35 : 151598 steps taken, and 16828 accepted.
[2 : mcmc] Learn + convergence test @ 16800 samples accepted.
[2 : mcmc] Ready to check convergence and learn a new proposal covmat (waiting for the rest...)
[0 : mcmc] All chains are ready to check convergence and learn a new proposal covmat
[0 : mcmc]  - Acceptance rate: 0.713 = avg([0.7177, 0.7110, 0.7126, 0.7117])
[0 : mcmc]  - Convergence of means: R-1 = 35.748007 after 67962 accepted steps = sum([16919, 16857, 16800, 17386])
[0 : mcmc] Convergence less than requested for updates: waiting until the next convergence check.
[2 : mcmc] Progress @ 2026-06-20 17:23:12 : 152184 steps taken, and 16831 accepted.
[3 : mcmc] Progress @ 2026-06-20 17:23:16 : 156202 steps taken, and 17435 accepted.
[0 : mcmc] Progress @ 2026-06-20 17:23:17 : 152601 steps taken, and 16962 accepted.
[1 : mcmc] Progress @ 2026-06-20 17:23:35 : 152493 steps taken, and 16937 accepted.
[2 : mcmc] Progress @ 2026-06-20 17:24:12 : 153156 steps taken, and 16937 accepted.
[3 : mcmc] Progress @ 2026-06-20 17:24:16 : 157066 steps taken, and 17539 accepted.
[0 : mcmc] Progress @ 2026-06-20 17:24:19 : 153543 steps taken, and 17071 accepted.
[1 : mcmc] Progress @ 2026-06-20 17:24:37 : 153358 steps taken, and 17043 accepted.
[2 : mcmc] Progress @ 2026-06-20 17:25:13 : 153980 steps taken, and 17034 accepted.
[3 : mcmc] Learn + convergence test @ 17640 samples accepted.
[3 : mcmc] Ready to check convergence and learn a new proposal covmat (waiting for the rest...)
[3 : mcmc] Progress @ 2026-06-20 17:25:16 : 158012 steps taken, and 17648 accepted.
[0 : mcmc] Progress @ 2026-06-20 17:25:19 : 154505 steps taken, and 17179 accepted.
[1 : mcmc] Progress @ 2026-06-20 17:25:37 : 154266 steps taken, and 17152 accepted.
[2 : mcmc] Progress @ 2026-06-20 17:26:17 : 154892 steps taken, and 17140 accepted.
[3 : mcmc] Progress @ 2026-06-20 17:26:17 : 158811 steps taken, and 17740 accepted.
[0 : mcmc] Progress @ 2026-06-20 17:26:22 : 155410 steps taken, and 17291 accepted.
[1 : mcmc] Progress @ 2026-06-20 17:26:37 : 155182 steps taken, and 17260 accepted.
[2 : mcmc] Progress @ 2026-06-20 17:27:17 : 155846 steps taken, and 17243 accepted.
[3 : mcmc] Progress @ 2026-06-20 17:27:17 : 159780 steps taken, and 17853 accepted.
[0 : mcmc] Progress @ 2026-06-20 17:27:23 : 156266 steps taken, and 17393 accepted.
[1 : mcmc] Progress @ 2026-06-20 17:27:37 : 156161 steps taken, and 17384 accepted.
[3 : mcmc] Progress @ 2026-06-20 17:28:17 : 160740 steps taken, and 17962 accepted.
[2 : mcmc] Progress @ 2026-06-20 17:28:21 : 156742 steps taken, and 17348 accepted.
[0 : mcmc] Progress @ 2026-06-20 17:28:26 : 157197 steps taken, and 17495 accepted.
[1 : mcmc] Progress @ 2026-06-20 17:28:37 : 157027 steps taken, and 17485 accepted.
[3 : mcmc] Progress @ 2026-06-20 17:29:18 : 161788 steps taken, and 18093 accepted.
[2 : mcmc] Progress @ 2026-06-20 17:29:23 : 157700 steps taken, and 17460 accepted.
[0 : mcmc] Progress @ 2026-06-20 17:29:27 : 158057 steps taken, and 17602 accepted.
[1 : mcmc] Progress @ 2026-06-20 17:29:41 : 157921 steps taken, and 17587 accepted.
[0 : mcmc] Learn + convergence test @ 17640 samples accepted.
[0 : mcmc] Ready to check convergence and learn a new proposal covmat (waiting for the rest...)
[1 : mcmc] Learn + convergence test @ 17640 samples accepted.
[1 : mcmc] Ready to check convergence and learn a new proposal covmat (waiting for the rest...)
[3 : mcmc] Progress @ 2026-06-20 17:30:18 : 162769 steps taken, and 18202 accepted.
[2 : mcmc] Progress @ 2026-06-20 17:30:24 : 158574 steps taken, and 17559 accepted.
[0 : mcmc] Progress @ 2026-06-20 17:30:27 : 158995 steps taken, and 17709 accepted.
[1 : mcmc] Progress @ 2026-06-20 17:30:46 : 158931 steps taken, and 17712 accepted.
[2 : mcmc] Learn + convergence test @ 17640 samples accepted.
[2 : mcmc] Ready to check convergence and learn a new proposal covmat (waiting for the rest...)
[0 : mcmc] All chains are ready to check convergence and learn a new proposal covmat
[0 : mcmc]  - Acceptance rate: 0.713 = avg([0.7175, 0.7134, 0.7109, 0.7122])
[0 : mcmc]  - Convergence of means: R-1 = 33.389692 after 71534 accepted steps = sum([17807, 17773, 17640, 18314])
[0 : mcmc] Convergence less than requested for updates: waiting until the next convergence check.
[3 : mcmc] Progress @ 2026-06-20 17:31:21 : 163694 steps taken, and 18317 accepted.
[2 : mcmc] Progress @ 2026-06-20 17:31:24 : 159355 steps taken, and 17652 accepted.
[0 : mcmc] Progress @ 2026-06-20 17:31:32 : 159957 steps taken, and 17829 accepted.
[1 : mcmc] Progress @ 2026-06-20 17:31:46 : 159866 steps taken, and 17823 accepted.
[3 : mcmc] Progress @ 2026-06-20 17:32:22 : 164631 steps taken, and 18420 accepted.
[2 : mcmc] Progress @ 2026-06-20 17:32:27 : 160292 steps taken, and 17766 accepted.
[0 : mcmc] Progress @ 2026-06-20 17:32:32 : 160798 steps taken, and 17932 accepted.
[1 : mcmc] Progress @ 2026-06-20 17:32:46 : 160651 steps taken, and 17923 accepted.
[3 : mcmc] Learn + convergence test @ 18480 samples accepted.
[3 : mcmc] Ready to check convergence and learn a new proposal covmat (waiting for the rest...)
[3 : mcmc] Progress @ 2026-06-20 17:33:25 : 165590 steps taken, and 18538 accepted.
[2 : mcmc] Progress @ 2026-06-20 17:33:28 : 161236 steps taken, and 17865 accepted.
[0 : mcmc] Progress @ 2026-06-20 17:33:32 : 161748 steps taken, and 18045 accepted.
[1 : mcmc] Progress @ 2026-06-20 17:33:47 : 161581 steps taken, and 18026 accepted.
[3 : mcmc] Progress @ 2026-06-20 17:34:26 : 166534 steps taken, and 18649 accepted.
[2 : mcmc] Progress @ 2026-06-20 17:34:28 : 162215 steps taken, and 17973 accepted.
[0 : mcmc] Progress @ 2026-06-20 17:34:32 : 162592 steps taken, and 18138 accepted.
[1 : mcmc] Progress @ 2026-06-20 17:34:51 : 162621 steps taken, and 18154 accepted.
[3 : mcmc] Progress @ 2026-06-20 17:35:26 : 167555 steps taken, and 18769 accepted.
[2 : mcmc] Progress @ 2026-06-20 17:35:28 : 163002 steps taken, and 18062 accepted.
[0 : mcmc] Progress @ 2026-06-20 17:35:32 : 163445 steps taken, and 18236 accepted.
[1 : mcmc] Progress @ 2026-06-20 17:35:51 : 163617 steps taken, and 18267 accepted.
[3 : mcmc] Progress @ 2026-06-20 17:36:26 : 168397 steps taken, and 18868 accepted.
[2 : mcmc] Progress @ 2026-06-20 17:36:29 : 163868 steps taken, and 18164 accepted.
[0 : mcmc] Progress @ 2026-06-20 17:36:32 : 164350 steps taken, and 18336 accepted.
[1 : mcmc] Progress @ 2026-06-20 17:36:51 : 164506 steps taken, and 18377 accepted.
[3 : mcmc] Progress @ 2026-06-20 17:37:29 : 169290 steps taken, and 18979 accepted.
[2 : mcmc] Progress @ 2026-06-20 17:37:30 : 164801 steps taken, and 18272 accepted.
[0 : mcmc] Progress @ 2026-06-20 17:37:32 : 165214 steps taken, and 18424 accepted.
[1 : mcmc] Learn + convergence test @ 18480 samples accepted.
[1 : mcmc] Ready to check convergence and learn a new proposal covmat (waiting for the rest...)
[1 : mcmc] Progress @ 2026-06-20 17:37:53 : 165366 steps taken, and 18489 accepted.
[0 : mcmc] Learn + convergence test @ 18480 samples accepted.
[0 : mcmc] Ready to check convergence and learn a new proposal covmat (waiting for the rest...)
[2 : mcmc] Progress @ 2026-06-20 17:38:33 : 165675 steps taken, and 18388 accepted.
[3 : mcmc] Progress @ 2026-06-20 17:38:33 : 170281 steps taken, and 19096 accepted.
[0 : mcmc] Progress @ 2026-06-20 17:38:33 : 166139 steps taken, and 18536 accepted.
[1 : mcmc] Progress @ 2026-06-20 17:38:54 : 166190 steps taken, and 18590 accepted.
[2 : mcmc] Learn + convergence test @ 18480 samples accepted.
[2 : mcmc] Ready to check convergence and learn a new proposal covmat (waiting for the rest...)
[0 : mcmc] All chains are ready to check convergence and learn a new proposal covmat
[0 : mcmc]  - Acceptance rate: 0.712 = avg([0.7140, 0.7138, 0.7099, 0.7105])
[0 : mcmc]  - Convergence of means: R-1 = 33.200377 after 74974 accepted steps = sum([18639, 18646, 18480, 19209])
[0 : mcmc] Convergence less than requested for updates: waiting until the next convergence check.
[2 : mcmc] Progress @ 2026-06-20 17:39:34 : 166610 steps taken, and 18493 accepted.
[0 : mcmc] Progress @ 2026-06-20 17:39:36 : 167169 steps taken, and 18656 accepted.
[3 : mcmc] Progress @ 2026-06-20 17:39:36 : 171273 steps taken, and 19227 accepted.
[1 : mcmc] Progress @ 2026-06-20 17:39:54 : 167082 steps taken, and 18687 accepted.
[3 : mcmc] Learn + convergence test @ 19320 samples accepted.
[3 : mcmc] Ready to check convergence and learn a new proposal covmat (waiting for the rest...)
[0 : mcmc] Progress @ 2026-06-20 17:40:36 : 167996 steps taken, and 18757 accepted.
[2 : mcmc] Progress @ 2026-06-20 17:40:36 : 167515 steps taken, and 18602 accepted.
[3 : mcmc] Progress @ 2026-06-20 17:40:39 : 172135 steps taken, and 19326 accepted.
[1 : mcmc] Progress @ 2026-06-20 17:40:54 : 168057 steps taken, and 18790 accepted.
[0 : mcmc] Progress @ 2026-06-20 17:41:36 : 168901 steps taken, and 18868 accepted.
[3 : mcmc] Progress @ 2026-06-20 17:41:39 : 173085 steps taken, and 19433 accepted.
[2 : mcmc] Progress @ 2026-06-20 17:41:39 : 168430 steps taken, and 18718 accepted.
[1 : mcmc] Progress @ 2026-06-20 17:41:58 : 168912 steps taken, and 18890 accepted.
[0 : mcmc] Progress @ 2026-06-20 17:42:37 : 169695 steps taken, and 18972 accepted.
[2 : mcmc] Progress @ 2026-06-20 17:42:39 : 169317 steps taken, and 18814 accepted.
[3 : mcmc] Progress @ 2026-06-20 17:42:41 : 174038 steps taken, and 19555 accepted.
[1 : mcmc] Progress @ 2026-06-20 17:43:00 : 169795 steps taken, and 18997 accepted.
[0 : mcmc] Progress @ 2026-06-20 17:43:39 : 170636 steps taken, and 19076 accepted.
[2 : mcmc] Progress @ 2026-06-20 17:43:40 : 170154 steps taken, and 18916 accepted.
[3 : mcmc] Progress @ 2026-06-20 17:43:42 : 174941 steps taken, and 19669 accepted.
[1 : mcmc] Progress @ 2026-06-20 17:44:03 : 170756 steps taken, and 19111 accepted.
[0 : mcmc] Progress @ 2026-06-20 17:44:39 : 171471 steps taken, and 19179 accepted.
[2 : mcmc] Progress @ 2026-06-20 17:44:40 : 171144 steps taken, and 19034 accepted.
[3 : mcmc] Progress @ 2026-06-20 17:44:43 : 175808 steps taken, and 19777 accepted.
[1 : mcmc] Progress @ 2026-06-20 17:45:06 : 171672 steps taken, and 19220 accepted.
[0 : mcmc] Progress @ 2026-06-20 17:45:41 : 172378 steps taken, and 19299 accepted.
[2 : mcmc] Progress @ 2026-06-20 17:45:42 : 172084 steps taken, and 19148 accepted.
[3 : mcmc] Progress @ 2026-06-20 17:45:43 : 176744 steps taken, and 19888 accepted.
[0 : mcmc] Learn + convergence test @ 19320 samples accepted.
[0 : mcmc] Ready to check convergence and learn a new proposal covmat (waiting for the rest...)
[1 : mcmc] Learn + convergence test @ 19320 samples accepted.
[1 : mcmc] Ready to check convergence and learn a new proposal covmat (waiting for the rest...)
[1 : mcmc] Progress @ 2026-06-20 17:46:09 : 172625 steps taken, and 19329 accepted.
[2 : mcmc] Progress @ 2026-06-20 17:46:43 : 172953 steps taken, and 19243 accepted.
[3 : mcmc] Progress @ 2026-06-20 17:46:43 : 177556 steps taken, and 19981 accepted.
[0 : mcmc] Progress @ 2026-06-20 17:46:45 : 173353 steps taken, and 19416 accepted.
[1 : mcmc] Progress @ 2026-06-20 17:47:12 : 173566 steps taken, and 19437 accepted.
[2 : mcmc] Learn + convergence test @ 19320 samples accepted.
[2 : mcmc] Ready to check convergence and learn a new proposal covmat (waiting for the rest...)
[0 : mcmc] All chains are ready to check convergence and learn a new proposal covmat
[0 : mcmc]  - Acceptance rate: 0.712 = avg([0.7151, 0.7132, 0.7099, 0.7117])
[0 : mcmc]  - Convergence of means: R-1 = 31.529502 after 78364 accepted steps = sum([19504, 19470, 19320, 20070])
[0 : mcmc] Convergence less than requested for updates: waiting until the next convergence check.
[2 : mcmc] Progress @ 2026-06-20 17:47:43 : 173814 steps taken, and 19342 accepted.
[3 : mcmc] Progress @ 2026-06-20 17:47:44 : 178426 steps taken, and 20091 accepted.
[0 : mcmc] Progress @ 2026-06-20 17:47:45 : 174204 steps taken, and 19521 accepted.
[1 : mcmc] Progress @ 2026-06-20 17:48:12 : 174457 steps taken, and 19553 accepted.
[3 : mcmc] Learn + convergence test @ 20160 samples accepted.
[3 : mcmc] Ready to check convergence and learn a new proposal covmat (waiting for the rest...)
[2 : mcmc] Progress @ 2026-06-20 17:48:43 : 174643 steps taken, and 19438 accepted.
[3 : mcmc] Progress @ 2026-06-20 17:48:44 : 179299 steps taken, and 20206 accepted.
[0 : mcmc] Progress @ 2026-06-20 17:48:45 : 175063 steps taken, and 19630 accepted.
[1 : mcmc] Progress @ 2026-06-20 17:49:12 : 175301 steps taken, and 19653 accepted.
[3 : mcmc] Progress @ 2026-06-20 17:49:44 : 180147 steps taken, and 20299 accepted.
[0 : mcmc] Progress @ 2026-06-20 17:49:46 : 175858 steps taken, and 19730 accepted.
[2 : mcmc] Progress @ 2026-06-20 17:49:47 : 175540 steps taken, and 19537 accepted.
[1 : mcmc] Progress @ 2026-06-20 17:50:14 : 176179 steps taken, and 19745 accepted.
[3 : mcmc] Progress @ 2026-06-20 17:50:44 : 180996 steps taken, and 20407 accepted.
[0 : mcmc] Progress @ 2026-06-20 17:50:46 : 176713 steps taken, and 19843 accepted.
[2 : mcmc] Progress @ 2026-06-20 17:50:47 : 176486 steps taken, and 19642 accepted.
[1 : mcmc] Progress @ 2026-06-20 17:51:17 : 177091 steps taken, and 19862 accepted.
[3 : mcmc] Progress @ 2026-06-20 17:51:44 : 181823 steps taken, and 20506 accepted.
[0 : mcmc] Progress @ 2026-06-20 17:51:47 : 177584 steps taken, and 19943 accepted.
[2 : mcmc] Progress @ 2026-06-20 17:51:51 : 177426 steps taken, and 19750 accepted.
[1 : mcmc] Progress @ 2026-06-20 17:52:20 : 178042 steps taken, and 19981 accepted.
[3 : mcmc] Progress @ 2026-06-20 17:52:44 : 182701 steps taken, and 20614 accepted.
[0 : mcmc] Progress @ 2026-06-20 17:52:50 : 178511 steps taken, and 20054 accepted.
[2 : mcmc] Progress @ 2026-06-20 17:52:51 : 178369 steps taken, and 19859 accepted.
[1 : mcmc] Progress @ 2026-06-20 17:53:20 : 178998 steps taken, and 20092 accepted.
[3 : mcmc] Progress @ 2026-06-20 17:53:44 : 183687 steps taken, and 20732 accepted.
[0 : mcmc] Progress @ 2026-06-20 17:53:50 : 179392 steps taken, and 20158 accepted.
[0 : mcmc] Learn + convergence test @ 20160 samples accepted.
[0 : mcmc] Ready to check convergence and learn a new proposal covmat (waiting for the rest...)
[2 : mcmc] Progress @ 2026-06-20 17:53:56 : 179439 steps taken, and 19978 accepted.
[1 : mcmc] Learn + convergence test @ 20160 samples accepted.
[1 : mcmc] Ready to check convergence and learn a new proposal covmat (waiting for the rest...)
[1 : mcmc] Progress @ 2026-06-20 17:54:20 : 179867 steps taken, and 20185 accepted.
[3 : mcmc] Progress @ 2026-06-20 17:54:44 : 184662 steps taken, and 20852 accepted.
[0 : mcmc] Progress @ 2026-06-20 17:54:54 : 180302 steps taken, and 20259 accepted.
[2 : mcmc] Progress @ 2026-06-20 17:54:56 : 180467 steps taken, and 20086 accepted.
[1 : mcmc] Progress @ 2026-06-20 17:55:21 : 180702 steps taken, and 20294 accepted.
[2 : mcmc] Learn + convergence test @ 20160 samples accepted.
[2 : mcmc] Ready to check convergence and learn a new proposal covmat (waiting for the rest...)
[0 : mcmc] All chains are ready to check convergence and learn a new proposal covmat
[0 : mcmc]  - Acceptance rate: 0.712 = avg([0.7161, 0.7130, 0.7059, 0.7133])
[0 : mcmc]  - Convergence of means: R-1 = 26.414301 after 81790 accepted steps = sum([20346, 20325, 20160, 20959])
[0 : mcmc]  - Updated covariance matrix of proposal pdf.
[3 : mcmc] Progress @ 2026-06-20 17:55:46 : 185604 steps taken, and 20965 accepted.
[2 : mcmc] Progress @ 2026-06-20 17:55:56 : 181344 steps taken, and 20195 accepted.
[3 : mcmc] Learn + convergence test @ 21000 samples accepted.
[3 : mcmc] Ready to check convergence and learn a new proposal covmat (waiting for the rest...)
[0 : mcmc] Progress @ 2026-06-20 17:55:57 : 181364 steps taken, and 20391 accepted.
[1 : mcmc] Progress @ 2026-06-20 17:56:21 : 181657 steps taken, and 20419 accepted.
[3 : mcmc] Progress @ 2026-06-20 17:56:49 : 186561 steps taken, and 21106 accepted.
[2 : mcmc] Progress @ 2026-06-20 17:57:00 : 182361 steps taken, and 20343 accepted.
[0 : mcmc] Progress @ 2026-06-20 17:57:00 : 182320 steps taken, and 20525 accepted.
[1 : mcmc] Progress @ 2026-06-20 17:57:22 : 182747 steps taken, and 20563 accepted.
[3 : mcmc] Progress @ 2026-06-20 17:57:50 : 187526 steps taken, and 21245 accepted.
[0 : mcmc] Progress @ 2026-06-20 17:58:00 : 183423 steps taken, and 20672 accepted.
[2 : mcmc] Progress @ 2026-06-20 17:58:04 : 183365 steps taken, and 20484 accepted.
[1 : mcmc] Progress @ 2026-06-20 17:58:25 : 183786 steps taken, and 20703 accepted.
[3 : mcmc] Progress @ 2026-06-20 17:58:52 : 188489 steps taken, and 21379 accepted.
[0 : mcmc] Progress @ 2026-06-20 17:59:03 : 184385 steps taken, and 20809 accepted.
[2 : mcmc] Progress @ 2026-06-20 17:59:08 : 184357 steps taken, and 20625 accepted.
[1 : mcmc] Progress @ 2026-06-20 17:59:28 : 184836 steps taken, and 20851 accepted.
[3 : mcmc] Progress @ 2026-06-20 17:59:52 : 189455 steps taken, and 21516 accepted.
[0 : mcmc] Progress @ 2026-06-20 18:00:03 : 185442 steps taken, and 20960 accepted.
[2 : mcmc] Progress @ 2026-06-20 18:00:08 : 185441 steps taken, and 20769 accepted.
[0 : mcmc] Learn + convergence test @ 21000 samples accepted.
[0 : mcmc] Ready to check convergence and learn a new proposal covmat (waiting for the rest...)
[1 : mcmc] Progress @ 2026-06-20 18:00:29 : 185855 steps taken, and 20995 accepted.
[1 : mcmc] Learn + convergence test @ 21000 samples accepted.
[1 : mcmc] Ready to check convergence and learn a new proposal covmat (waiting for the rest...)
[3 : mcmc] Progress @ 2026-06-20 18:00:52 : 190487 steps taken, and 21654 accepted.
[0 : mcmc] Progress @ 2026-06-20 18:01:03 : 186442 steps taken, and 21108 accepted.
[2 : mcmc] Progress @ 2026-06-20 18:01:08 : 186307 steps taken, and 20895 accepted.
[1 : mcmc] Progress @ 2026-06-20 18:01:29 : 186763 steps taken, and 21121 accepted.
[2 : mcmc] Learn + convergence test @ 21000 samples accepted.
[2 : mcmc] Ready to check convergence and learn a new proposal covmat (waiting for the rest...)
[3 : mcmc] Progress @ 2026-06-20 18:01:53 : 191389 steps taken, and 21787 accepted.
[0 : mcmc] All chains are ready to check convergence and learn a new proposal covmat
[0 : mcmc]  - Acceptance rate: 0.721 = avg([0.7257, 0.7214, 0.7163, 0.7216])
[0 : mcmc]  - Convergence of means: R-1 = 11.225481 after 85184 accepted steps = sum([21222, 21175, 21000, 21787])
[0 : mcmc]  - Updated covariance matrix of proposal pdf.
[0 : mcmc] Progress @ 2026-06-20 18:02:03 : 187421 steps taken, and 21251 accepted.
[2 : mcmc] Progress @ 2026-06-20 18:02:08 : 187218 steps taken, and 21024 accepted.
[3 : mcmc] Learn + convergence test @ 21840 samples accepted.
[3 : mcmc] Ready to check convergence and learn a new proposal covmat (waiting for the rest...)
[1 : mcmc] Progress @ 2026-06-20 18:02:34 : 187797 steps taken, and 21266 accepted.
[3 : mcmc] Progress @ 2026-06-20 18:02:53 : 192331 steps taken, and 21927 accepted.
[0 : mcmc] Progress @ 2026-06-20 18:03:07 : 188478 steps taken, and 21401 accepted.
[2 : mcmc] Progress @ 2026-06-20 18:03:09 : 188192 steps taken, and 21166 accepted.
[1 : mcmc] Progress @ 2026-06-20 18:03:37 : 188823 steps taken, and 21407 accepted.
[3 : mcmc] Progress @ 2026-06-20 18:03:53 : 193337 steps taken, and 22062 accepted.
[0 : mcmc] Progress @ 2026-06-20 18:04:08 : 189571 steps taken, and 21553 accepted.
[2 : mcmc] Progress @ 2026-06-20 18:04:09 : 189263 steps taken, and 21320 accepted.
[1 : mcmc] Progress @ 2026-06-20 18:04:41 : 189800 steps taken, and 21551 accepted.
[3 : mcmc] Progress @ 2026-06-20 18:04:56 : 194369 steps taken, and 22203 accepted.
[0 : mcmc] Progress @ 2026-06-20 18:05:08 : 190653 steps taken, and 21707 accepted.
[2 : mcmc] Progress @ 2026-06-20 18:05:13 : 190184 steps taken, and 21441 accepted.
[1 : mcmc] Progress @ 2026-06-20 18:05:41 : 190769 steps taken, and 21689 accepted.
[3 : mcmc] Progress @ 2026-06-20 18:06:00 : 195362 steps taken, and 22342 accepted.
[0 : mcmc] Learn + convergence test @ 21840 samples accepted.
[0 : mcmc] Ready to check convergence and learn a new proposal covmat (waiting for the rest...)
[0 : mcmc] Progress @ 2026-06-20 18:06:12 : 191634 steps taken, and 21842 accepted.
[2 : mcmc] Progress @ 2026-06-20 18:06:13 : 191211 steps taken, and 21588 accepted.
[1 : mcmc] Progress @ 2026-06-20 18:06:44 : 191705 steps taken, and 21820 accepted.
[1 : mcmc] Learn + convergence test @ 21840 samples accepted.
[1 : mcmc] Ready to check convergence and learn a new proposal covmat (waiting for the rest...)
[3 : mcmc] Progress @ 2026-06-20 18:07:00 : 196312 steps taken, and 22478 accepted.
[2 : mcmc] Progress @ 2026-06-20 18:07:14 : 192101 steps taken, and 21708 accepted.
[0 : mcmc] Progress @ 2026-06-20 18:07:15 : 192631 steps taken, and 21987 accepted.
[1 : mcmc] Progress @ 2026-06-20 18:07:44 : 192745 steps taken, and 21972 accepted.
[3 : mcmc] Progress @ 2026-06-20 18:08:00 : 197235 steps taken, and 22617 accepted.
[2 : mcmc] Learn + convergence test @ 21840 samples accepted.
[2 : mcmc] Ready to check convergence and learn a new proposal covmat (waiting for the rest...)
[0 : mcmc] All chains are ready to check convergence and learn a new proposal covmat
[0 : mcmc]  - Acceptance rate: 0.730 = avg([0.7342, 0.7305, 0.7241, 0.7305])
[0 : mcmc]  - Convergence of means: R-1 = 5.607896 after 88613 accepted steps = sum([22111, 22026, 21840, 22636])
[0 : mcmc]  - Updated covariance matrix of proposal pdf.
[0 : mcmc] Progress @ 2026-06-20 18:08:15 : 193616 steps taken, and 22125 accepted.
[2 : mcmc] Progress @ 2026-06-20 18:08:17 : 193104 steps taken, and 21842 accepted.
[3 : mcmc] Learn + convergence test @ 22680 samples accepted.
[3 : mcmc] Ready to check convergence and learn a new proposal covmat (waiting for the rest...)
[1 : mcmc] Progress @ 2026-06-20 18:08:46 : 193652 steps taken, and 22104 accepted.
[3 : mcmc] Progress @ 2026-06-20 18:09:00 : 198078 steps taken, and 22731 accepted.
[0 : mcmc] Progress @ 2026-06-20 18:09:16 : 194533 steps taken, and 22259 accepted.
[2 : mcmc] Progress @ 2026-06-20 18:09:20 : 194066 steps taken, and 21982 accepted.
[1 : mcmc] Progress @ 2026-06-20 18:09:46 : 194664 steps taken, and 22251 accepted.
[3 : mcmc] Progress @ 2026-06-20 18:10:00 : 199107 steps taken, and 22874 accepted.
[0 : mcmc] Progress @ 2026-06-20 18:10:16 : 195527 steps taken, and 22403 accepted.
[2 : mcmc] Progress @ 2026-06-20 18:10:20 : 195079 steps taken, and 22122 accepted.
[1 : mcmc] Progress @ 2026-06-20 18:10:46 : 195611 steps taken, and 22390 accepted.
[3 : mcmc] Progress @ 2026-06-20 18:11:02 : 200064 steps taken, and 23012 accepted.
[0 : mcmc] Progress @ 2026-06-20 18:11:17 : 196449 steps taken, and 22522 accepted.
[2 : mcmc] Progress @ 2026-06-20 18:11:23 : 196017 steps taken, and 22252 accepted.
[1 : mcmc] Progress @ 2026-06-20 18:11:47 : 196522 steps taken, and 22516 accepted.
[3 : mcmc] Progress @ 2026-06-20 18:12:02 : 201089 steps taken, and 23153 accepted.
[0 : mcmc] Progress @ 2026-06-20 18:12:20 : 197473 steps taken, and 22657 accepted.
[2 : mcmc] Progress @ 2026-06-20 18:12:23 : 197009 steps taken, and 22394 accepted.
[0 : mcmc] Learn + convergence test @ 22680 samples accepted.
[0 : mcmc] Ready to check convergence and learn a new proposal covmat (waiting for the rest...)
[1 : mcmc] Progress @ 2026-06-20 18:12:47 : 197498 steps taken, and 22662 accepted.
[1 : mcmc] Learn + convergence test @ 22680 samples accepted.
[1 : mcmc] Ready to check convergence and learn a new proposal covmat (waiting for the rest...)
[3 : mcmc] Progress @ 2026-06-20 18:13:06 : 202061 steps taken, and 23296 accepted.
[0 : mcmc] Progress @ 2026-06-20 18:13:20 : 198333 steps taken, and 22786 accepted.
[2 : mcmc] Progress @ 2026-06-20 18:13:27 : 197982 steps taken, and 22536 accepted.
[1 : mcmc] Progress @ 2026-06-20 18:13:52 : 198503 steps taken, and 22805 accepted.
[3 : mcmc] Progress @ 2026-06-20 18:14:06 : 203048 steps taken, and 23442 accepted.
[0 : mcmc] Progress @ 2026-06-20 18:14:23 : 199307 steps taken, and 22917 accepted.
[2 : mcmc] Progress @ 2026-06-20 18:14:30 : 198975 steps taken, and 22671 accepted.
[2 : mcmc] Learn + convergence test @ 22680 samples accepted.
[2 : mcmc] Ready to check convergence and learn a new proposal covmat (waiting for the rest...)
[0 : mcmc] All chains are ready to check convergence and learn a new proposal covmat
[0 : mcmc]  - Acceptance rate: 0.738 = avg([0.7422, 0.7393, 0.7314, 0.7403])
[0 : mcmc]  - Convergence of means: R-1 = 3.353468 after 92034 accepted steps = sum([22949, 22908, 22680, 23497])
[0 : mcmc]  - Updated covariance matrix of proposal pdf.
[3 : mcmc] Learn + convergence test @ 23520 samples accepted.
[3 : mcmc] Ready to check convergence and learn a new proposal covmat (waiting for the rest...)
[1 : mcmc] Progress @ 2026-06-20 18:14:52 : 199437 steps taken, and 22946 accepted.
[3 : mcmc] Progress @ 2026-06-20 18:15:07 : 204041 steps taken, and 23581 accepted.
[0 : mcmc] Progress @ 2026-06-20 18:15:23 : 200237 steps taken, and 23057 accepted.
[2 : mcmc] Progress @ 2026-06-20 18:15:31 : 199921 steps taken, and 22807 accepted.
[1 : mcmc] Progress @ 2026-06-20 18:15:56 : 200448 steps taken, and 23097 accepted.
[3 : mcmc] Progress @ 2026-06-20 18:16:11 : 205068 steps taken, and 23709 accepted.
[0 : mcmc] Progress @ 2026-06-20 18:16:23 : 201223 steps taken, and 23201 accepted.
[2 : mcmc] Progress @ 2026-06-20 18:16:31 : 200909 steps taken, and 22950 accepted.
[1 : mcmc] Progress @ 2026-06-20 18:16:59 : 201383 steps taken, and 23227 accepted.
[3 : mcmc] Progress @ 2026-06-20 18:17:11 : 206187 steps taken, and 23862 accepted.
[0 : mcmc] Progress @ 2026-06-20 18:17:23 : 202184 steps taken, and 23339 accepted.
[2 : mcmc] Progress @ 2026-06-20 18:17:32 : 201870 steps taken, and 23083 accepted.
[1 : mcmc] Progress @ 2026-06-20 18:17:59 : 202341 steps taken, and 23351 accepted.
[3 : mcmc] Progress @ 2026-06-20 18:18:13 : 207134 steps taken, and 23989 accepted.
[0 : mcmc] Progress @ 2026-06-20 18:18:25 : 203058 steps taken, and 23469 accepted.
[2 : mcmc] Progress @ 2026-06-20 18:18:32 : 202881 steps taken, and 23219 accepted.
[0 : mcmc] Learn + convergence test @ 23520 samples accepted.
[0 : mcmc] Ready to check convergence and learn a new proposal covmat (waiting for the rest...)
[1 : mcmc] Progress @ 2026-06-20 18:19:02 : 203309 steps taken, and 23486 accepted.
[3 : mcmc] Progress @ 2026-06-20 18:19:13 : 208066 steps taken, and 24121 accepted.
[1 : mcmc] Learn + convergence test @ 23520 samples accepted.
[1 : mcmc] Ready to check convergence and learn a new proposal covmat (waiting for the rest...)
[0 : mcmc] Progress @ 2026-06-20 18:19:25 : 204079 steps taken, and 23611 accepted.
[2 : mcmc] Progress @ 2026-06-20 18:19:32 : 203708 steps taken, and 23341 accepted.
[1 : mcmc] Progress @ 2026-06-20 18:20:03 : 204282 steps taken, and 23620 accepted.
[3 : mcmc] Progress @ 2026-06-20 18:20:15 : 209126 steps taken, and 24263 accepted.
[0 : mcmc] Progress @ 2026-06-20 18:20:28 : 205042 steps taken, and 23742 accepted.
[2 : mcmc] Progress @ 2026-06-20 18:20:32 : 204746 steps taken, and 23490 accepted.
[2 : mcmc] Learn + convergence test @ 23520 samples accepted.
[2 : mcmc] Ready to check convergence and learn a new proposal covmat (waiting for the rest...)
[0 : mcmc] All chains are ready to check convergence and learn a new proposal covmat
[0 : mcmc]  - Acceptance rate: 0.745 = avg([0.7497, 0.7460, 0.7395, 0.7455])
[0 : mcmc]  - Convergence of means: R-1 = 2.698162 after 95382 accepted steps = sum([23792, 23726, 23520, 24344])
[0 : mcmc]  - Updated covariance matrix of proposal pdf.
[3 : mcmc] Learn + convergence test @ 24360 samples accepted.
[3 : mcmc] Ready to check convergence and learn a new proposal covmat (waiting for the rest...)
[1 : mcmc] Progress @ 2026-06-20 18:21:03 : 205198 steps taken, and 23745 accepted.
[3 : mcmc] Progress @ 2026-06-20 18:21:16 : 210060 steps taken, and 24399 accepted.
[0 : mcmc] Progress @ 2026-06-20 18:21:32 : 206055 steps taken, and 23887 accepted.
[2 : mcmc] Progress @ 2026-06-20 18:21:32 : 205662 steps taken, and 23616 accepted.
[1 : mcmc] Progress @ 2026-06-20 18:22:03 : 206221 steps taken, and 23890 accepted.
[3 : mcmc] Progress @ 2026-06-20 18:22:16 : 211116 steps taken, and 24546 accepted.
[2 : mcmc] Progress @ 2026-06-20 18:22:35 : 206636 steps taken, and 23749 accepted.
[0 : mcmc] Progress @ 2026-06-20 18:22:36 : 207071 steps taken, and 24022 accepted.
[1 : mcmc] Progress @ 2026-06-20 18:23:04 : 207056 steps taken, and 24002 accepted.
[3 : mcmc] Progress @ 2026-06-20 18:23:18 : 212012 steps taken, and 24680 accepted.
[0 : mcmc] Progress @ 2026-06-20 18:23:37 : 208074 steps taken, and 24166 accepted.
[2 : mcmc] Progress @ 2026-06-20 18:23:38 : 207577 steps taken, and 23886 accepted.
[1 : mcmc] Progress @ 2026-06-20 18:24:05 : 208140 steps taken, and 24154 accepted.
[3 : mcmc] Progress @ 2026-06-20 18:24:18 : 213044 steps taken, and 24823 accepted.
[2 : mcmc] Progress @ 2026-06-20 18:24:38 : 208607 steps taken, and 24028 accepted.
[0 : mcmc] Progress @ 2026-06-20 18:24:40 : 209025 steps taken, and 24297 accepted.
[0 : mcmc] Learn + convergence test @ 24360 samples accepted.
[0 : mcmc] Ready to check convergence and learn a new proposal covmat (waiting for the rest...)
[1 : mcmc] Progress @ 2026-06-20 18:25:10 : 209225 steps taken, and 24312 accepted.
[3 : mcmc] Progress @ 2026-06-20 18:25:18 : 213995 steps taken, and 24968 accepted.
[1 : mcmc] Learn + convergence test @ 24360 samples accepted.
[1 : mcmc] Ready to check convergence and learn a new proposal covmat (waiting for the rest...)
[0 : mcmc] Progress @ 2026-06-20 18:25:40 : 209983 steps taken, and 24428 accepted.
[2 : mcmc] Progress @ 2026-06-20 18:25:42 : 209548 steps taken, and 24164 accepted.
[1 : mcmc] Progress @ 2026-06-20 18:26:10 : 210197 steps taken, and 24455 accepted.
[3 : mcmc] Progress @ 2026-06-20 18:26:22 : 214962 steps taken, and 25102 accepted.
[0 : mcmc] Progress @ 2026-06-20 18:26:40 : 210987 steps taken, and 24576 accepted.
[2 : mcmc] Progress @ 2026-06-20 18:26:46 : 210543 steps taken, and 24309 accepted.
[3 : mcmc] Learn + convergence test @ 25200 samples accepted.
[2 : mcmc] Learn + convergence test @ 24360 samples accepted.
[2 : mcmc] Ready to check convergence and learn a new proposal covmat (waiting for the rest...)
[0 : mcmc] All chains are ready to check convergence and learn a new proposal covmat
[0 : mcmc]  - Acceptance rate: 0.752 = avg([0.7562, 0.7528, 0.7471, 0.7527])
[0 : mcmc]  - Convergence of means: R-1 = 1.741893 after 98758 accepted steps = sum([24624, 24570, 24360, 25204])
[0 : mcmc]  - Updated covariance matrix of proposal pdf.
[1 : mcmc] Progress @ 2026-06-20 18:27:10 : 211100 steps taken, and 24586 accepted.
[3 : mcmc] Progress @ 2026-06-20 18:27:22 : 215899 steps taken, and 25235 accepted.
[0 : mcmc] Progress @ 2026-06-20 18:27:40 : 211895 steps taken, and 24711 accepted.
[2 : mcmc] Progress @ 2026-06-20 18:27:47 : 211481 steps taken, and 24441 accepted.
[1 : mcmc] Progress @ 2026-06-20 18:28:11 : 212079 steps taken, and 24724 accepted.
[3 : mcmc] Progress @ 2026-06-20 18:28:22 : 216846 steps taken, and 25369 accepted.
[0 : mcmc] Progress @ 2026-06-20 18:28:40 : 212870 steps taken, and 24849 accepted.
[2 : mcmc] Progress @ 2026-06-20 18:28:47 : 212414 steps taken, and 24576 accepted.
[1 : mcmc] Progress @ 2026-06-20 18:29:12 : 213108 steps taken, and 24868 accepted.
[3 : mcmc] Progress @ 2026-06-20 18:29:22 : 217830 steps taken, and 25508 accepted.
[0 : mcmc] Progress @ 2026-06-20 18:29:42 : 213765 steps taken, and 24970 accepted.
[2 : mcmc] Progress @ 2026-06-20 18:29:47 : 213385 steps taken, and 24714 accepted.
[1 : mcmc] Progress @ 2026-06-20 18:30:14 : 214070 steps taken, and 24995 accepted.
[3 : mcmc] Progress @ 2026-06-20 18:30:22 : 218770 steps taken, and 25642 accepted.
[0 : mcmc] Progress @ 2026-06-20 18:30:42 : 214746 steps taken, and 25108 accepted.
[2 : mcmc] Progress @ 2026-06-20 18:30:49 : 214298 steps taken, and 24832 accepted.
[0 : mcmc] Learn + convergence test @ 25200 samples accepted.
[0 : mcmc] Ready to check convergence and learn a new proposal covmat (waiting for the rest...)
[1 : mcmc] Progress @ 2026-06-20 18:31:17 : 215052 steps taken, and 25135 accepted.
[3 : mcmc] Progress @ 2026-06-20 18:31:22 : 219760 steps taken, and 25777 accepted.
[1 : mcmc] Learn + convergence test @ 25200 samples accepted.
[1 : mcmc] Ready to check convergence and learn a new proposal covmat (waiting for the rest...)
[0 : mcmc] Progress @ 2026-06-20 18:31:43 : 215708 steps taken, and 25241 accepted.
[2 : mcmc] Progress @ 2026-06-20 18:31:49 : 215283 steps taken, and 24977 accepted.
[1 : mcmc] Progress @ 2026-06-20 18:32:18 : 216036 steps taken, and 25277 accepted.
[3 : mcmc] Progress @ 2026-06-20 18:32:23 : 220800 steps taken, and 25932 accepted.
[0 : mcmc] Progress @ 2026-06-20 18:32:43 : 216721 steps taken, and 25383 accepted.
[2 : mcmc] Progress @ 2026-06-20 18:32:50 : 216219 steps taken, and 25106 accepted.
[3 : mcmc] Learn + convergence test @ 26040 samples accepted.
[3 : mcmc] Ready to check convergence and learn a new proposal covmat (waiting for the rest...)
[1 : mcmc] Progress @ 2026-06-20 18:33:18 : 217071 steps taken, and 25424 accepted.
[3 : mcmc] Progress @ 2026-06-20 18:33:23 : 221806 steps taken, and 26081 accepted.
[2 : mcmc] Learn + convergence test @ 25200 samples accepted.
[2 : mcmc] Ready to check convergence and learn a new proposal covmat (waiting for the rest...)
[0 : mcmc] All chains are ready to check convergence and learn a new proposal covmat
[0 : mcmc]  - Acceptance rate: 0.760 = avg([0.7630, 0.7618, 0.7553, 0.7608])
[0 : mcmc]  - Convergence of means: R-1 = 1.333088 after 102217 accepted steps = sum([25483, 25444, 25200, 26090])
[0 : mcmc]  - Updated covariance matrix of proposal pdf.
[0 : mcmc] Progress @ 2026-06-20 18:33:43 : 217689 steps taken, and 25518 accepted.
[2 : mcmc] Progress @ 2026-06-20 18:33:53 : 217228 steps taken, and 25251 accepted.
[1 : mcmc] Progress @ 2026-06-20 18:34:21 : 218050 steps taken, and 25565 accepted.
[3 : mcmc] Progress @ 2026-06-20 18:34:23 : 222738 steps taken, and 26219 accepted.
[0 : mcmc] Progress @ 2026-06-20 18:34:47 : 218584 steps taken, and 25637 accepted.
[2 : mcmc] Progress @ 2026-06-20 18:34:53 : 218219 steps taken, and 25394 accepted.
[1 : mcmc] Progress @ 2026-06-20 18:35:21 : 219062 steps taken, and 25690 accepted.
[3 : mcmc] Progress @ 2026-06-20 18:35:23 : 223850 steps taken, and 26384 accepted.
[0 : mcmc] Progress @ 2026-06-20 18:35:47 : 219517 steps taken, and 25770 accepted.
[2 : mcmc] Progress @ 2026-06-20 18:35:54 : 219050 steps taken, and 25506 accepted.
[1 : mcmc] Progress @ 2026-06-20 18:36:21 : 220136 steps taken, and 25836 accepted.
[3 : mcmc] Progress @ 2026-06-20 18:36:23 : 224897 steps taken, and 26528 accepted.
[0 : mcmc] Progress @ 2026-06-20 18:36:47 : 220527 steps taken, and 25916 accepted.
[2 : mcmc] Progress @ 2026-06-20 18:36:54 : 220050 steps taken, and 25648 accepted.
[1 : mcmc] Progress @ 2026-06-20 18:37:23 : 220996 steps taken, and 25967 accepted.
[3 : mcmc] Progress @ 2026-06-20 18:37:25 : 225787 steps taken, and 26659 accepted.
[0 : mcmc] Learn + convergence test @ 26040 samples accepted.
[0 : mcmc] Ready to check convergence and learn a new proposal covmat (waiting for the rest...)
[0 : mcmc] Progress @ 2026-06-20 18:37:47 : 221476 steps taken, and 26057 accepted.
[1 : mcmc] Learn + convergence test @ 26040 samples accepted.
[1 : mcmc] Ready to check convergence and learn a new proposal covmat (waiting for the rest...)
[2 : mcmc] Progress @ 2026-06-20 18:37:54 : 221067 steps taken, and 25791 accepted.
[1 : mcmc] Progress @ 2026-06-20 18:38:23 : 222094 steps taken, and 26124 accepted.
[3 : mcmc] Progress @ 2026-06-20 18:38:27 : 226884 steps taken, and 26822 accepted.
[0 : mcmc] Progress @ 2026-06-20 18:38:47 : 222476 steps taken, and 26194 accepted.
[2 : mcmc] Progress @ 2026-06-20 18:38:54 : 222031 steps taken, and 25931 accepted.
[3 : mcmc] Learn + convergence test @ 26880 samples accepted.
[3 : mcmc] Ready to check convergence and learn a new proposal covmat (waiting for the rest...)
[1 : mcmc] Progress @ 2026-06-20 18:39:27 : 223093 steps taken, and 26263 accepted.
[3 : mcmc] Progress @ 2026-06-20 18:39:27 : 227833 steps taken, and 26947 accepted.
[2 : mcmc] Learn + convergence test @ 26040 samples accepted.
[2 : mcmc] Ready to check convergence and learn a new proposal covmat (waiting for the rest...)
[0 : mcmc] All chains are ready to check convergence and learn a new proposal covmat
[0 : mcmc]  - Acceptance rate: 0.767 = avg([0.7708, 0.7679, 0.7628, 0.7681])
[0 : mcmc]  - Convergence of means: R-1 = 0.968400 after 105653 accepted steps = sum([26330, 26301, 26040, 26982])
[0 : mcmc]  - Updated covariance matrix of proposal pdf.
[0 : mcmc] Progress @ 2026-06-20 18:39:47 : 223502 steps taken, and 26340 accepted.
[2 : mcmc] Progress @ 2026-06-20 18:39:54 : 222903 steps taken, and 26058 accepted.
[3 : mcmc] Progress @ 2026-06-20 18:40:27 : 228720 steps taken, and 27072 accepted.
[1 : mcmc] Progress @ 2026-06-20 18:40:31 : 224198 steps taken, and 26422 accepted.
[0 : mcmc] Progress @ 2026-06-20 18:40:47 : 224352 steps taken, and 26456 accepted.
[2 : mcmc] Progress @ 2026-06-20 18:40:57 : 223837 steps taken, and 26192 accepted.
[3 : mcmc] Progress @ 2026-06-20 18:41:27 : 229727 steps taken, and 27218 accepted.
[1 : mcmc] Progress @ 2026-06-20 18:41:32 : 225170 steps taken, and 26564 accepted.
[0 : mcmc] Progress @ 2026-06-20 18:41:51 : 225468 steps taken, and 26599 accepted.
[2 : mcmc] Progress @ 2026-06-20 18:41:58 : 224813 steps taken, and 26334 accepted.
[3 : mcmc] Progress @ 2026-06-20 18:42:31 : 230624 steps taken, and 27337 accepted.
[1 : mcmc] Progress @ 2026-06-20 18:42:32 : 226049 steps taken, and 26685 accepted.
[0 : mcmc] Progress @ 2026-06-20 18:42:51 : 226415 steps taken, and 26739 accepted.
[2 : mcmc] Progress @ 2026-06-20 18:42:58 : 225740 steps taken, and 26462 accepted.
[3 : mcmc] Progress @ 2026-06-20 18:43:31 : 231616 steps taken, and 27472 accepted.
[1 : mcmc] Progress @ 2026-06-20 18:43:35 : 227152 steps taken, and 26838 accepted.
[1 : mcmc] Learn + convergence test @ 26880 samples accepted.
[1 : mcmc] Ready to check convergence and learn a new proposal covmat (waiting for the rest...)
[0 : mcmc] Progress @ 2026-06-20 18:43:55 : 227364 steps taken, and 26878 accepted.
[0 : mcmc] Learn + convergence test @ 26880 samples accepted.
[0 : mcmc] Ready to check convergence and learn a new proposal covmat (waiting for the rest...)
[2 : mcmc] Progress @ 2026-06-20 18:43:58 : 226668 steps taken, and 26603 accepted.
[3 : mcmc] Progress @ 2026-06-20 18:44:35 : 232540 steps taken, and 27606 accepted.
[1 : mcmc] Progress @ 2026-06-20 18:44:36 : 228115 steps taken, and 26969 accepted.
[2 : mcmc] Progress @ 2026-06-20 18:44:58 : 227696 steps taken, and 26747 accepted.
[0 : mcmc] Progress @ 2026-06-20 18:44:59 : 228336 steps taken, and 27019 accepted.
[3 : mcmc] Learn + convergence test @ 27720 samples accepted.
[3 : mcmc] Ready to check convergence and learn a new proposal covmat (waiting for the rest...)
[3 : mcmc] Progress @ 2026-06-20 18:45:36 : 233571 steps taken, and 27749 accepted.
[1 : mcmc] Progress @ 2026-06-20 18:45:37 : 229090 steps taken, and 27108 accepted.
[2 : mcmc] Learn + convergence test @ 26880 samples accepted.
[2 : mcmc] Ready to check convergence and learn a new proposal covmat (waiting for the rest...)
[0 : mcmc] All chains are ready to check convergence and learn a new proposal covmat
[0 : mcmc]  - Acceptance rate: 0.774 = avg([0.7777, 0.7743, 0.7698, 0.7742])
[0 : mcmc]  - Convergence of means: R-1 = 0.713999 after 108996 accepted steps = sum([27153, 27158, 26880, 27805])
[0 : mcmc]  - Updated covariance matrix of proposal pdf.
[0 : mcmc] Progress @ 2026-06-20 18:46:00 : 229292 steps taken, and 27153 accepted.
[2 : mcmc] Progress @ 2026-06-20 18:46:00 : 228610 steps taken, and 26880 accepted.
[3 : mcmc] Progress @ 2026-06-20 18:46:38 : 234535 steps taken, and 27883 accepted.
[1 : mcmc] Progress @ 2026-06-20 18:46:39 : 230126 steps taken, and 27246 accepted.
[2 : mcmc] Progress @ 2026-06-20 18:47:00 : 229562 steps taken, and 27016 accepted.
[0 : mcmc] Progress @ 2026-06-20 18:47:00 : 230309 steps taken, and 27301 accepted.
[1 : mcmc] Progress @ 2026-06-20 18:47:39 : 231101 steps taken, and 27383 accepted.
[3 : mcmc] Progress @ 2026-06-20 18:47:42 : 235545 steps taken, and 28035 accepted.
[2 : mcmc] Progress @ 2026-06-20 18:48:00 : 230517 steps taken, and 27153 accepted.
[0 : mcmc] Progress @ 2026-06-20 18:48:00 : 231287 steps taken, and 27441 accepted.
[1 : mcmc] Progress @ 2026-06-20 18:48:40 : 232012 steps taken, and 27501 accepted.
[3 : mcmc] Progress @ 2026-06-20 18:48:42 : 236451 steps taken, and 28161 accepted.
[2 : mcmc] Progress @ 2026-06-20 18:49:00 : 231463 steps taken, and 27292 accepted.
[0 : mcmc] Progress @ 2026-06-20 18:49:03 : 232208 steps taken, and 27574 accepted.
[1 : mcmc] Progress @ 2026-06-20 18:49:41 : 232979 steps taken, and 27642 accepted.
[3 : mcmc] Progress @ 2026-06-20 18:49:46 : 237489 steps taken, and 28299 accepted.
[2 : mcmc] Progress @ 2026-06-20 18:50:03 : 232353 steps taken, and 27427 accepted.
[0 : mcmc] Progress @ 2026-06-20 18:50:05 : 233207 steps taken, and 27705 accepted.
[1 : mcmc] Learn + convergence test @ 27720 samples accepted.
[1 : mcmc] Ready to check convergence and learn a new proposal covmat (waiting for the rest...)
[0 : mcmc] Learn + convergence test @ 27720 samples accepted.
[0 : mcmc] Ready to check convergence and learn a new proposal covmat (waiting for the rest...)
[1 : mcmc] Progress @ 2026-06-20 18:50:41 : 233968 steps taken, and 27782 accepted.
[3 : mcmc] Progress @ 2026-06-20 18:50:50 : 238463 steps taken, and 28434 accepted.
[0 : mcmc] Progress @ 2026-06-20 18:51:05 : 234198 steps taken, and 27841 accepted.
[2 : mcmc] Progress @ 2026-06-20 18:51:06 : 233455 steps taken, and 27583 accepted.
[1 : mcmc] Progress @ 2026-06-20 18:51:41 : 234908 steps taken, and 27921 accepted.
[3 : mcmc] Learn + convergence test @ 28560 samples accepted.
[3 : mcmc] Ready to check convergence and learn a new proposal covmat (waiting for the rest...)
[3 : mcmc] Progress @ 2026-06-20 18:51:50 : 239403 steps taken, and 28571 accepted.
[2 : mcmc] Learn + convergence test @ 27720 samples accepted.
[2 : mcmc] Ready to check convergence and learn a new proposal covmat (waiting for the rest...)
[0 : mcmc] Progress @ 2026-06-20 18:52:07 : 235246 steps taken, and 27997 accepted.
[0 : mcmc] All chains are ready to check convergence and learn a new proposal covmat
[0 : mcmc]  - Acceptance rate: 0.780 = avg([0.7834, 0.7803, 0.7764, 0.7804])
[0 : mcmc]  - Convergence of means: R-1 = 0.577927 after 112298 accepted steps = sum([27998, 27980, 27720, 28600])
[0 : mcmc]  - Updated covariance matrix of proposal pdf.
[2 : mcmc] Progress @ 2026-06-20 18:52:07 : 234425 steps taken, and 27720 accepted.
[1 : mcmc] Progress @ 2026-06-20 18:52:42 : 235814 steps taken, and 28050 accepted.
[3 : mcmc] Progress @ 2026-06-20 18:52:50 : 240329 steps taken, and 28697 accepted.
[2 : mcmc] Progress @ 2026-06-20 18:53:07 : 235467 steps taken, and 27864 accepted.
[0 : mcmc] Progress @ 2026-06-20 18:53:07 : 236327 steps taken, and 28132 accepted.
[1 : mcmc] Progress @ 2026-06-20 18:53:44 : 236739 steps taken, and 28180 accepted.
[3 : mcmc] Progress @ 2026-06-20 18:53:51 : 241259 steps taken, and 28835 accepted.
[2 : mcmc] Progress @ 2026-06-20 18:54:08 : 236400 steps taken, and 27987 accepted.
[0 : mcmc] Progress @ 2026-06-20 18:54:09 : 237358 steps taken, and 28279 accepted.
[1 : mcmc] Progress @ 2026-06-20 18:54:46 : 237787 steps taken, and 28328 accepted.
[3 : mcmc] Progress @ 2026-06-20 18:54:53 : 242184 steps taken, and 28966 accepted.
[2 : mcmc] Progress @ 2026-06-20 18:55:10 : 237353 steps taken, and 28121 accepted.
[0 : mcmc] Progress @ 2026-06-20 18:55:13 : 238372 steps taken, and 28423 accepted.
[1 : mcmc] Progress @ 2026-06-20 18:55:46 : 238740 steps taken, and 28470 accepted.
[3 : mcmc] Progress @ 2026-06-20 18:55:53 : 243216 steps taken, and 29107 accepted.
[2 : mcmc] Progress @ 2026-06-20 18:56:10 : 238296 steps taken, and 28259 accepted.
[0 : mcmc] Learn + convergence test @ 28560 samples accepted.
[0 : mcmc] Ready to check convergence and learn a new proposal covmat (waiting for the rest...)
[0 : mcmc] Progress @ 2026-06-20 18:56:13 : 239307 steps taken, and 28564 accepted.
[1 : mcmc] Learn + convergence test @ 28560 samples accepted.
[1 : mcmc] Ready to check convergence and learn a new proposal covmat (waiting for the rest...)
[1 : mcmc] Progress @ 2026-06-20 18:56:46 : 239738 steps taken, and 28609 accepted.
[3 : mcmc] Progress @ 2026-06-20 18:56:56 : 244120 steps taken, and 29238 accepted.
[2 : mcmc] Progress @ 2026-06-20 18:57:10 : 239290 steps taken, and 28394 accepted.
[0 : mcmc] Progress @ 2026-06-20 18:57:13 : 240325 steps taken, and 28712 accepted.
[1 : mcmc] Progress @ 2026-06-20 18:57:48 : 240672 steps taken, and 28739 accepted.
[3 : mcmc] Progress @ 2026-06-20 18:57:56 : 245140 steps taken, and 29367 accepted.
[2 : mcmc] Progress @ 2026-06-20 18:58:11 : 240281 steps taken, and 28525 accepted.
[3 : mcmc] Learn + convergence test @ 29400 samples accepted.
[3 : mcmc] Ready to check convergence and learn a new proposal covmat (waiting for the rest...)
[0 : mcmc] Progress @ 2026-06-20 18:58:13 : 241324 steps taken, and 28859 accepted.
[2 : mcmc] Learn + convergence test @ 28560 samples accepted.
[2 : mcmc] Ready to check convergence and learn a new proposal covmat (waiting for the rest...)
[0 : mcmc] All chains are ready to check convergence and learn a new proposal covmat
[0 : mcmc]  - Acceptance rate: 0.786 = avg([0.7896, 0.7863, 0.7810, 0.7860])
[0 : mcmc]  - Convergence of means: R-1 = 0.482675 after 115693 accepted steps = sum([28874, 28831, 28560, 29428])
[0 : mcmc]  - Updated covariance matrix of proposal pdf.
[1 : mcmc] Progress @ 2026-06-20 18:58:48 : 241688 steps taken, and 28885 accepted.
[3 : mcmc] Progress @ 2026-06-20 18:58:58 : 246027 steps taken, and 29480 accepted.
[2 : mcmc] Progress @ 2026-06-20 18:59:11 : 241215 steps taken, and 28656 accepted.
[0 : mcmc] Progress @ 2026-06-20 18:59:17 : 242164 steps taken, and 28985 accepted.
[1 : mcmc] Progress @ 2026-06-20 18:59:48 : 242683 steps taken, and 29029 accepted.
[3 : mcmc] Progress @ 2026-06-20 18:59:58 : 246973 steps taken, and 29618 accepted.
[2 : mcmc] Progress @ 2026-06-20 19:00:15 : 242174 steps taken, and 28797 accepted.
[0 : mcmc] Progress @ 2026-06-20 19:00:18 : 243052 steps taken, and 29115 accepted.
[1 : mcmc] Progress @ 2026-06-20 19:00:48 : 243610 steps taken, and 29164 accepted.
[3 : mcmc] Progress @ 2026-06-20 19:01:01 : 248018 steps taken, and 29765 accepted.
[2 : mcmc] Progress @ 2026-06-20 19:01:17 : 243151 steps taken, and 28939 accepted.
[0 : mcmc] Progress @ 2026-06-20 19:01:18 : 244055 steps taken, and 29256 accepted.
[1 : mcmc] Progress @ 2026-06-20 19:01:48 : 244673 steps taken, and 29308 accepted.
[3 : mcmc] Progress @ 2026-06-20 19:02:05 : 248990 steps taken, and 29901 accepted.
[2 : mcmc] Progress @ 2026-06-20 19:02:17 : 244150 steps taken, and 29084 accepted.
[0 : mcmc] Progress @ 2026-06-20 19:02:18 : 245058 steps taken, and 29395 accepted.
[0 : mcmc] Learn + convergence test @ 29400 samples accepted.
[0 : mcmc] Ready to check convergence and learn a new proposal covmat (waiting for the rest...)
[1 : mcmc] Learn + convergence test @ 29400 samples accepted.
[1 : mcmc] Ready to check convergence and learn a new proposal covmat (waiting for the rest...)
[1 : mcmc] Progress @ 2026-06-20 19:02:52 : 245635 steps taken, and 29445 accepted.
[3 : mcmc] Progress @ 2026-06-20 19:03:05 : 249969 steps taken, and 30038 accepted.
[2 : mcmc] Progress @ 2026-06-20 19:03:17 : 245085 steps taken, and 29222 accepted.
[0 : mcmc] Progress @ 2026-06-20 19:03:22 : 246001 steps taken, and 29530 accepted.
[1 : mcmc] Progress @ 2026-06-20 19:03:55 : 246694 steps taken, and 29592 accepted.
[3 : mcmc] Progress @ 2026-06-20 19:04:06 : 251007 steps taken, and 30187 accepted.
[2 : mcmc] Progress @ 2026-06-20 19:04:20 : 246024 steps taken, and 29346 accepted.
[0 : mcmc] Progress @ 2026-06-20 19:04:24 : 247017 steps taken, and 29671 accepted.
[3 : mcmc] Learn + convergence test @ 30240 samples accepted.
[3 : mcmc] Ready to check convergence and learn a new proposal covmat (waiting for the rest...)
[2 : mcmc] Learn + convergence test @ 29400 samples accepted.
[2 : mcmc] Ready to check convergence and learn a new proposal covmat (waiting for the rest...)
[0 : mcmc] All chains are ready to check convergence and learn a new proposal covmat
[0 : mcmc]  - Acceptance rate: 0.791 = avg([0.7961, 0.7926, 0.7858, 0.7906])
[0 : mcmc]  - Convergence of means: R-1 = 0.398707 after 119073 accepted steps = sum([29710, 29707, 29400, 30256])
[0 : mcmc]  - Updated covariance matrix of proposal pdf.
[1 : mcmc] Progress @ 2026-06-20 19:04:55 : 247831 steps taken, and 29744 accepted.
[3 : mcmc] Progress @ 2026-06-20 19:05:08 : 251901 steps taken, and 30312 accepted.
[2 : mcmc] Progress @ 2026-06-20 19:05:20 : 247077 steps taken, and 29486 accepted.
[0 : mcmc] Progress @ 2026-06-20 19:05:24 : 248003 steps taken, and 29806 accepted.
[1 : mcmc] Progress @ 2026-06-20 19:05:56 : 248941 steps taken, and 29900 accepted.
[3 : mcmc] Progress @ 2026-06-20 19:06:08 : 252956 steps taken, and 30462 accepted.
[2 : mcmc] Progress @ 2026-06-20 19:06:20 : 248008 steps taken, and 29626 accepted.
[0 : mcmc] Progress @ 2026-06-20 19:06:25 : 248985 steps taken, and 29955 accepted.
[1 : mcmc] Progress @ 2026-06-20 19:06:56 : 249934 steps taken, and 30033 accepted.
[3 : mcmc] Progress @ 2026-06-20 19:07:12 : 253966 steps taken, and 30598 accepted.
[2 : mcmc] Progress @ 2026-06-20 19:07:20 : 249059 steps taken, and 29774 accepted.
[0 : mcmc] Progress @ 2026-06-20 19:07:27 : 249999 steps taken, and 30103 accepted.
[1 : mcmc] Progress @ 2026-06-20 19:07:58 : 250911 steps taken, and 30162 accepted.
[3 : mcmc] Progress @ 2026-06-20 19:08:12 : 254926 steps taken, and 30743 accepted.
[2 : mcmc] Progress @ 2026-06-20 19:08:21 : 250007 steps taken, and 29908 accepted.
[1 : mcmc] Learn + convergence test @ 30240 samples accepted.
[1 : mcmc] Ready to check convergence and learn a new proposal covmat (waiting for the rest...)
[0 : mcmc] Progress @ 2026-06-20 19:08:29 : 250926 steps taken, and 30235 accepted.
[0 : mcmc] Learn + convergence test @ 30240 samples accepted.
[0 : mcmc] Ready to check convergence and learn a new proposal covmat (waiting for the rest...)
[1 : mcmc] Progress @ 2026-06-20 19:09:03 : 252052 steps taken, and 30326 accepted.
[3 : mcmc] Progress @ 2026-06-20 19:09:13 : 256009 steps taken, and 30901 accepted.
[2 : mcmc] Progress @ 2026-06-20 19:09:23 : 250966 steps taken, and 30044 accepted.
[0 : mcmc] Progress @ 2026-06-20 19:09:32 : 251977 steps taken, and 30397 accepted.
[1 : mcmc] Progress @ 2026-06-20 19:10:03 : 252981 steps taken, and 30461 accepted.
[3 : mcmc] Progress @ 2026-06-20 19:10:13 : 257092 steps taken, and 31040 accepted.
[2 : mcmc] Progress @ 2026-06-20 19:10:24 : 251948 steps taken, and 30179 accepted.
[0 : mcmc] Progress @ 2026-06-20 19:10:32 : 252955 steps taken, and 30530 accepted.
[3 : mcmc] Learn + convergence test @ 31080 samples accepted.
[3 : mcmc] Ready to check convergence and learn a new proposal covmat (waiting for the rest...)
[2 : mcmc] Learn + convergence test @ 30240 samples accepted.
[2 : mcmc] Ready to check convergence and learn a new proposal covmat (waiting for the rest...)
[0 : mcmc] All chains are ready to check convergence and learn a new proposal covmat
[0 : mcmc]  - Acceptance rate: 0.797 = avg([0.8023, 0.7973, 0.7914, 0.7958])
[0 : mcmc]  - Convergence of means: R-1 = 0.332231 after 122491 accepted steps = sum([30566, 30564, 30240, 31121])
[0 : mcmc]  - Updated covariance matrix of proposal pdf.
[1 : mcmc] Progress @ 2026-06-20 19:11:03 : 253913 steps taken, and 30595 accepted.
[3 : mcmc] Progress @ 2026-06-20 19:11:14 : 257932 steps taken, and 31169 accepted.
[2 : mcmc] Progress @ 2026-06-20 19:11:27 : 252891 steps taken, and 30317 accepted.
[0 : mcmc] Progress @ 2026-06-20 19:11:32 : 253870 steps taken, and 30656 accepted.
[1 : mcmc] Progress @ 2026-06-20 19:12:04 : 254813 steps taken, and 30720 accepted.
[3 : mcmc] Progress @ 2026-06-20 19:12:14 : 258878 steps taken, and 31308 accepted.
[2 : mcmc] Progress @ 2026-06-20 19:12:27 : 253870 steps taken, and 30451 accepted.
[0 : mcmc] Progress @ 2026-06-20 19:12:32 : 254822 steps taken, and 30792 accepted.
[1 : mcmc] Progress @ 2026-06-20 19:13:05 : 255758 steps taken, and 30858 accepted.
[3 : mcmc] Progress @ 2026-06-20 19:13:14 : 259779 steps taken, and 31433 accepted.
[2 : mcmc] Progress @ 2026-06-20 19:13:28 : 254851 steps taken, and 30593 accepted.
[0 : mcmc] Progress @ 2026-06-20 19:13:36 : 255781 steps taken, and 30930 accepted.
[1 : mcmc] Progress @ 2026-06-20 19:14:09 : 256731 steps taken, and 30992 accepted.
[3 : mcmc] Progress @ 2026-06-20 19:14:14 : 260766 steps taken, and 31573 accepted.
[2 : mcmc] Progress @ 2026-06-20 19:14:28 : 255761 steps taken, and 30725 accepted.
[0 : mcmc] Progress @ 2026-06-20 19:14:39 : 256729 steps taken, and 31067 accepted.
[0 : mcmc] Learn + convergence test @ 31080 samples accepted.
[0 : mcmc] Ready to check convergence and learn a new proposal covmat (waiting for the rest...)
[1 : mcmc] Learn + convergence test @ 31080 samples accepted.
[1 : mcmc] Ready to check convergence and learn a new proposal covmat (waiting for the rest...)
[1 : mcmc] Progress @ 2026-06-20 19:15:09 : 257682 steps taken, and 31135 accepted.
[3 : mcmc] Progress @ 2026-06-20 19:15:15 : 261800 steps taken, and 31718 accepted.
[2 : mcmc] Progress @ 2026-06-20 19:15:30 : 256769 steps taken, and 30863 accepted.
[0 : mcmc] Progress @ 2026-06-20 19:15:39 : 257691 steps taken, and 31198 accepted.
[1 : mcmc] Progress @ 2026-06-20 19:16:09 : 258666 steps taken, and 31276 accepted.
[3 : mcmc] Progress @ 2026-06-20 19:16:19 : 262812 steps taken, and 31863 accepted.
[2 : mcmc] Progress @ 2026-06-20 19:16:30 : 257729 steps taken, and 30999 accepted.
[3 : mcmc] Learn + convergence test @ 31920 samples accepted.
[3 : mcmc] Ready to check convergence and learn a new proposal covmat (waiting for the rest...)
[0 : mcmc] Progress @ 2026-06-20 19:16:44 : 258699 steps taken, and 31336 accepted.
[2 : mcmc] Learn + convergence test @ 31080 samples accepted.
[2 : mcmc] Ready to check convergence and learn a new proposal covmat (waiting for the rest...)
[0 : mcmc] All chains are ready to check convergence and learn a new proposal covmat
[0 : mcmc]  - Acceptance rate: 0.802 = avg([0.8065, 0.8016, 0.7964, 0.8017])
[0 : mcmc]  - Convergence of means: R-1 = 0.264589 after 125819 accepted steps = sum([31385, 31384, 31080, 31970])
[0 : mcmc]  - Updated covariance matrix of proposal pdf.
[1 : mcmc] Progress @ 2026-06-20 19:17:11 : 259551 steps taken, and 31389 accepted.
[3 : mcmc] Progress @ 2026-06-20 19:17:19 : 263871 steps taken, and 32012 accepted.
[2 : mcmc] Progress @ 2026-06-20 19:17:30 : 258625 steps taken, and 31128 accepted.
[0 : mcmc] Progress @ 2026-06-20 19:17:45 : 259617 steps taken, and 31470 accepted.
[1 : mcmc] Progress @ 2026-06-20 19:18:12 : 260507 steps taken, and 31529 accepted.
[3 : mcmc] Progress @ 2026-06-20 19:18:20 : 264868 steps taken, and 32148 accepted.
[2 : mcmc] Progress @ 2026-06-20 19:18:30 : 259592 steps taken, and 31262 accepted.
[0 : mcmc] Progress @ 2026-06-20 19:18:45 : 260677 steps taken, and 31626 accepted.
[1 : mcmc] Progress @ 2026-06-20 19:19:15 : 261540 steps taken, and 31680 accepted.
[3 : mcmc] Progress @ 2026-06-20 19:19:20 : 265867 steps taken, and 32283 accepted.
[2 : mcmc] Progress @ 2026-06-20 19:19:30 : 260831 steps taken, and 31424 accepted.
[0 : mcmc] Progress @ 2026-06-20 19:19:45 : 261684 steps taken, and 31767 accepted.
[1 : mcmc] Progress @ 2026-06-20 19:20:15 : 262576 steps taken, and 31827 accepted.
[3 : mcmc] Progress @ 2026-06-20 19:20:20 : 266903 steps taken, and 32437 accepted.
[2 : mcmc] Progress @ 2026-06-20 19:20:30 : 261829 steps taken, and 31566 accepted.
[0 : mcmc] Progress @ 2026-06-20 19:20:45 : 262684 steps taken, and 31908 accepted.
[0 : mcmc] Learn + convergence test @ 31920 samples accepted.
[0 : mcmc] Ready to check convergence and learn a new proposal covmat (waiting for the rest...)
[1 : mcmc] Learn + convergence test @ 31920 samples accepted.
[1 : mcmc] Ready to check convergence and learn a new proposal covmat (waiting for the rest...)
[1 : mcmc] Progress @ 2026-06-20 19:21:15 : 263566 steps taken, and 31972 accepted.
[3 : mcmc] Progress @ 2026-06-20 19:21:24 : 267873 steps taken, and 32577 accepted.
[2 : mcmc] Progress @ 2026-06-20 19:21:30 : 262811 steps taken, and 31710 accepted.
[0 : mcmc] Progress @ 2026-06-20 19:21:45 : 263672 steps taken, and 32046 accepted.
[1 : mcmc] Progress @ 2026-06-20 19:22:16 : 264543 steps taken, and 32105 accepted.
[3 : mcmc] Progress @ 2026-06-20 19:22:24 : 268885 steps taken, and 32725 accepted.
[2 : mcmc] Progress @ 2026-06-20 19:22:31 : 263777 steps taken, and 31851 accepted.
[3 : mcmc] Learn + convergence test @ 32760 samples accepted.
[3 : mcmc] Ready to check convergence and learn a new proposal covmat (waiting for the rest...)
[0 : mcmc] Progress @ 2026-06-20 19:22:48 : 264545 steps taken, and 32167 accepted.
[2 : mcmc] Learn + convergence test @ 31920 samples accepted.
[2 : mcmc] Ready to check convergence and learn a new proposal covmat (waiting for the rest...)
[0 : mcmc] All chains are ready to check convergence and learn a new proposal covmat
[0 : mcmc]  - Acceptance rate: 0.806 = avg([0.8101, 0.8067, 0.8029, 0.8057])
[0 : mcmc]  - Convergence of means: R-1 = 0.190560 after 129133 accepted steps = sum([32209, 32202, 31920, 32802])
[0 : mcmc]  - Updated covariance matrix of proposal pdf.
[1 : mcmc] Progress @ 2026-06-20 19:23:16 : 265459 steps taken, and 32231 accepted.
[3 : mcmc] Progress @ 2026-06-20 19:23:24 : 269767 steps taken, and 32851 accepted.
[2 : mcmc] Progress @ 2026-06-20 19:23:31 : 264717 steps taken, and 31980 accepted.
[0 : mcmc] Progress @ 2026-06-20 19:23:49 : 265483 steps taken, and 32297 accepted.
[1 : mcmc] Progress @ 2026-06-20 19:24:16 : 266470 steps taken, and 32380 accepted.
[3 : mcmc] Progress @ 2026-06-20 19:24:27 : 270751 steps taken, and 32998 accepted.
[2 : mcmc] Progress @ 2026-06-20 19:24:34 : 265687 steps taken, and 32115 accepted.
[0 : mcmc] Progress @ 2026-06-20 19:24:49 : 266515 steps taken, and 32441 accepted.
[1 : mcmc] Progress @ 2026-06-20 19:25:16 : 267534 steps taken, and 32527 accepted.
[3 : mcmc] Progress @ 2026-06-20 19:25:28 : 271672 steps taken, and 33135 accepted.
[2 : mcmc] Progress @ 2026-06-20 19:25:35 : 266695 steps taken, and 32258 accepted.
[0 : mcmc] Progress @ 2026-06-20 19:25:52 : 267467 steps taken, and 32576 accepted.
[1 : mcmc] Progress @ 2026-06-20 19:26:18 : 268655 steps taken, and 32689 accepted.
[3 : mcmc] Progress @ 2026-06-20 19:26:28 : 272579 steps taken, and 33261 accepted.
[2 : mcmc] Progress @ 2026-06-20 19:26:37 : 267594 steps taken, and 32381 accepted.
[1 : mcmc] Learn + convergence test @ 32760 samples accepted.
[1 : mcmc] Ready to check convergence and learn a new proposal covmat (waiting for the rest...)
[0 : mcmc] Progress @ 2026-06-20 19:26:55 : 268516 steps taken, and 32723 accepted.
[0 : mcmc] Learn + convergence test @ 32760 samples accepted.
[0 : mcmc] Ready to check convergence and learn a new proposal covmat (waiting for the rest...)
[1 : mcmc] Progress @ 2026-06-20 19:27:19 : 269636 steps taken, and 32820 accepted.
[3 : mcmc] Progress @ 2026-06-20 19:27:30 : 273574 steps taken, and 33397 accepted.
[2 : mcmc] Progress @ 2026-06-20 19:27:37 : 268545 steps taken, and 32519 accepted.
[0 : mcmc] Progress @ 2026-06-20 19:27:55 : 269532 steps taken, and 32872 accepted.
[1 : mcmc] Progress @ 2026-06-20 19:28:20 : 270538 steps taken, and 32941 accepted.
[3 : mcmc] Progress @ 2026-06-20 19:28:31 : 274568 steps taken, and 33538 accepted.
[2 : mcmc] Progress @ 2026-06-20 19:28:37 : 269497 steps taken, and 32656 accepted.
[0 : mcmc] Progress @ 2026-06-20 19:28:57 : 270438 steps taken, and 32995 accepted.
[3 : mcmc] Learn + convergence test @ 33600 samples accepted.
[3 : mcmc] Ready to check convergence and learn a new proposal covmat (waiting for the rest...)
[1 : mcmc] Progress @ 2026-06-20 19:29:20 : 271581 steps taken, and 33082 accepted.
[2 : mcmc] Learn + convergence test @ 32760 samples accepted.
[2 : mcmc] Ready to check convergence and learn a new proposal covmat (waiting for the rest...)
[0 : mcmc] All chains are ready to check convergence and learn a new proposal covmat
[0 : mcmc]  - Acceptance rate: 0.811 = avg([0.8136, 0.8111, 0.8069, 0.8119])
[0 : mcmc]  - Convergence of means: R-1 = 0.150047 after 132588 accepted steps = sum([33080, 33099, 32760, 33649])
[0 : mcmc]  - Updated covariance matrix of proposal pdf.
[3 : mcmc] Progress @ 2026-06-20 19:29:31 : 275417 steps taken, and 33665 accepted.
[2 : mcmc] Progress @ 2026-06-20 19:29:41 : 270424 steps taken, and 32784 accepted.
[0 : mcmc] Progress @ 2026-06-20 19:30:00 : 271585 steps taken, and 33156 accepted.
[1 : mcmc] Progress @ 2026-06-20 19:30:23 : 272689 steps taken, and 33237 accepted.
[3 : mcmc] Progress @ 2026-06-20 19:30:31 : 276439 steps taken, and 33800 accepted.
[2 : mcmc] Progress @ 2026-06-20 19:30:41 : 271398 steps taken, and 32925 accepted.
[0 : mcmc] Progress @ 2026-06-20 19:31:03 : 272644 steps taken, and 33307 accepted.
[1 : mcmc] Progress @ 2026-06-20 19:31:23 : 273647 steps taken, and 33375 accepted.
[3 : mcmc] Progress @ 2026-06-20 19:31:33 : 277489 steps taken, and 33947 accepted.
[2 : mcmc] Progress @ 2026-06-20 19:31:43 : 272399 steps taken, and 33075 accepted.
[0 : mcmc] Progress @ 2026-06-20 19:32:05 : 273718 steps taken, and 33464 accepted.
[1 : mcmc] Progress @ 2026-06-20 19:32:25 : 274672 steps taken, and 33525 accepted.
[3 : mcmc] Progress @ 2026-06-20 19:32:35 : 278471 steps taken, and 34089 accepted.
[2 : mcmc] Progress @ 2026-06-20 19:32:43 : 273431 steps taken, and 33219 accepted.
[1 : mcmc] Learn + convergence test @ 33600 samples accepted.
[1 : mcmc] Ready to check convergence and learn a new proposal covmat (waiting for the rest...)
[0 : mcmc] Progress @ 2026-06-20 19:33:05 : 274691 steps taken, and 33593 accepted.
[0 : mcmc] Learn + convergence test @ 33600 samples accepted.
[0 : mcmc] Ready to check convergence and learn a new proposal covmat (waiting for the rest...)
[1 : mcmc] Progress @ 2026-06-20 19:33:27 : 275715 steps taken, and 33682 accepted.
[3 : mcmc] Progress @ 2026-06-20 19:33:35 : 279487 steps taken, and 34234 accepted.
[2 : mcmc] Progress @ 2026-06-20 19:33:43 : 274282 steps taken, and 33336 accepted.
[0 : mcmc] Progress @ 2026-06-20 19:34:05 : 275659 steps taken, and 33730 accepted.
[1 : mcmc] Progress @ 2026-06-20 19:34:27 : 276702 steps taken, and 33828 accepted.
[3 : mcmc] Progress @ 2026-06-20 19:34:36 : 280347 steps taken, and 34352 accepted.
[2 : mcmc] Progress @ 2026-06-20 19:34:46 : 275344 steps taken, and 33483 accepted.
[0 : mcmc] Progress @ 2026-06-20 19:35:09 : 276799 steps taken, and 33886 accepted.
[3 : mcmc] Learn + convergence test @ 34440 samples accepted.
[3 : mcmc] Ready to check convergence and learn a new proposal covmat (waiting for the rest...)
[1 : mcmc] Progress @ 2026-06-20 19:35:27 : 277644 steps taken, and 33960 accepted.
[3 : mcmc] Progress @ 2026-06-20 19:35:36 : 281401 steps taken, and 34501 accepted.
[2 : mcmc] Learn + convergence test @ 33600 samples accepted.
[2 : mcmc] Ready to check convergence and learn a new proposal covmat (waiting for the rest...)
[0 : mcmc] All chains are ready to check convergence and learn a new proposal covmat
[0 : mcmc]  - Acceptance rate: 0.815 = avg([0.8176, 0.8162, 0.8106, 0.8169])
[0 : mcmc]  - Convergence of means: R-1 = 0.127991 after 136065 accepted steps = sum([33956, 33995, 33600, 34514])
[0 : mcmc]  - Updated covariance matrix of proposal pdf.
[2 : mcmc] Progress @ 2026-06-20 19:35:46 : 276287 steps taken, and 33609 accepted.
[0 : mcmc] Progress @ 2026-06-20 19:36:09 : 277733 steps taken, and 34017 accepted.
[1 : mcmc] Progress @ 2026-06-20 19:36:28 : 278717 steps taken, and 34103 accepted.
[3 : mcmc] Progress @ 2026-06-20 19:36:40 : 282260 steps taken, and 34627 accepted.
[2 : mcmc] Progress @ 2026-06-20 19:36:46 : 277197 steps taken, and 33740 accepted.
[0 : mcmc] Progress @ 2026-06-20 19:37:09 : 278645 steps taken, and 34150 accepted.
[1 : mcmc] Progress @ 2026-06-20 19:37:28 : 279754 steps taken, and 34254 accepted.
[3 : mcmc] Progress @ 2026-06-20 19:37:44 : 283365 steps taken, and 34779 accepted.
[2 : mcmc] Progress @ 2026-06-20 19:37:46 : 278247 steps taken, and 33882 accepted.
[0 : mcmc] Progress @ 2026-06-20 19:38:12 : 279544 steps taken, and 34277 accepted.
[1 : mcmc] Progress @ 2026-06-20 19:38:29 : 280623 steps taken, and 34371 accepted.
[3 : mcmc] Progress @ 2026-06-20 19:38:44 : 284365 steps taken, and 34922 accepted.
[2 : mcmc] Progress @ 2026-06-20 19:38:46 : 279037 steps taken, and 33990 accepted.
[1 : mcmc] Learn + convergence test @ 34440 samples accepted.
[1 : mcmc] Ready to check convergence and learn a new proposal covmat (waiting for the rest...)
[0 : mcmc] Progress @ 2026-06-20 19:39:12 : 280542 steps taken, and 34421 accepted.
[0 : mcmc] Learn + convergence test @ 34440 samples accepted.
[0 : mcmc] Ready to check convergence and learn a new proposal covmat (waiting for the rest...)
[1 : mcmc] Progress @ 2026-06-20 19:39:29 : 281590 steps taken, and 34514 accepted.
[3 : mcmc] Progress @ 2026-06-20 19:39:44 : 285344 steps taken, and 35053 accepted.
[2 : mcmc] Progress @ 2026-06-20 19:39:49 : 280124 steps taken, and 34142 accepted.
[0 : mcmc] Progress @ 2026-06-20 19:40:12 : 281459 steps taken, and 34557 accepted.
[1 : mcmc] Progress @ 2026-06-20 19:40:30 : 282567 steps taken, and 34656 accepted.
[3 : mcmc] Progress @ 2026-06-20 19:40:45 : 286302 steps taken, and 35200 accepted.
[2 : mcmc] Progress @ 2026-06-20 19:40:49 : 281068 steps taken, and 34274 accepted.
[0 : mcmc] Progress @ 2026-06-20 19:41:15 : 282498 steps taken, and 34702 accepted.
[3 : mcmc] Learn + convergence test @ 35280 samples accepted.
[3 : mcmc] Ready to check convergence and learn a new proposal covmat (waiting for the rest...)
[1 : mcmc] Progress @ 2026-06-20 19:41:30 : 283623 steps taken, and 34804 accepted.
[3 : mcmc] Progress @ 2026-06-20 19:41:46 : 287160 steps taken, and 35326 accepted.
[2 : mcmc] Progress @ 2026-06-20 19:41:52 : 282119 steps taken, and 34414 accepted.
[2 : mcmc] Learn + convergence test @ 34440 samples accepted.
[2 : mcmc] Ready to check convergence and learn a new proposal covmat (waiting for the rest...)
[0 : mcmc] All chains are ready to check convergence and learn a new proposal covmat
[0 : mcmc]  - Acceptance rate: 0.820 = avg([0.8236, 0.8205, 0.8156, 0.8210])
[0 : mcmc]  - Convergence of means: R-1 = 0.101917 after 139494 accepted steps = sum([34814, 34874, 34440, 35366])
[0 : mcmc]  - Updated covariance matrix of proposal pdf.
[0 : mcmc] Progress @ 2026-06-20 19:42:15 : 283433 steps taken, and 34844 accepted.
[1 : mcmc] Progress @ 2026-06-20 19:42:30 : 284528 steps taken, and 34931 accepted.
[3 : mcmc] Progress @ 2026-06-20 19:42:50 : 288252 steps taken, and 35477 accepted.
[2 : mcmc] Progress @ 2026-06-20 19:42:55 : 283123 steps taken, and 34560 accepted.
[0 : mcmc] Progress @ 2026-06-20 19:43:15 : 284451 steps taken, and 34984 accepted.
[1 : mcmc] Progress @ 2026-06-20 19:43:34 : 285530 steps taken, and 35077 accepted.
[3 : mcmc] Progress @ 2026-06-20 19:43:50 : 289207 steps taken, and 35612 accepted.
[2 : mcmc] Progress @ 2026-06-20 19:43:56 : 284077 steps taken, and 34701 accepted.
[0 : mcmc] Progress @ 2026-06-20 19:44:15 : 285428 steps taken, and 35114 accepted.
[1 : mcmc] Progress @ 2026-06-20 19:44:35 : 286618 steps taken, and 35234 accepted.
[1 : mcmc] Learn + convergence test @ 35280 samples accepted.
[1 : mcmc] Ready to check convergence and learn a new proposal covmat (waiting for the rest...)
[3 : mcmc] Progress @ 2026-06-20 19:44:54 : 290180 steps taken, and 35754 accepted.
[2 : mcmc] Progress @ 2026-06-20 19:44:56 : 285106 steps taken, and 34845 accepted.
[0 : mcmc] Progress @ 2026-06-20 19:45:15 : 286479 steps taken, and 35265 accepted.
[0 : mcmc] Learn + convergence test @ 35280 samples accepted.
[0 : mcmc] Ready to check convergence and learn a new proposal covmat (waiting for the rest...)
[1 : mcmc] Progress @ 2026-06-20 19:45:35 : 287578 steps taken, and 35371 accepted.
[3 : mcmc] Progress @ 2026-06-20 19:45:55 : 291176 steps taken, and 35894 accepted.
[2 : mcmc] Progress @ 2026-06-20 19:45:56 : 286035 steps taken, and 34977 accepted.
[0 : mcmc] Progress @ 2026-06-20 19:46:19 : 287335 steps taken, and 35384 accepted.
[1 : mcmc] Progress @ 2026-06-20 19:46:36 : 288636 steps taken, and 35523 accepted.
[3 : mcmc] Progress @ 2026-06-20 19:46:55 : 292164 steps taken, and 36034 accepted.
[2 : mcmc] Progress @ 2026-06-20 19:46:57 : 286976 steps taken, and 35101 accepted.
[0 : mcmc] Progress @ 2026-06-20 19:47:19 : 288300 steps taken, and 35520 accepted.
[3 : mcmc] Learn + convergence test @ 36120 samples accepted.
[3 : mcmc] Ready to check convergence and learn a new proposal covmat (waiting for the rest...)
[1 : mcmc] Progress @ 2026-06-20 19:47:40 : 289606 steps taken, and 35655 accepted.
[3 : mcmc] Progress @ 2026-06-20 19:47:55 : 293039 steps taken, and 36150 accepted.
[2 : mcmc] Progress @ 2026-06-20 19:47:58 : 287924 steps taken, and 35240 accepted.
[2 : mcmc] Learn + convergence test @ 35280 samples accepted.
[2 : mcmc] Ready to check convergence and learn a new proposal covmat (waiting for the rest...)
[0 : mcmc] Progress @ 2026-06-20 19:48:19 : 289299 steps taken, and 35651 accepted.
[0 : mcmc] All chains are ready to check convergence and learn a new proposal covmat
[0 : mcmc]  - Acceptance rate: 0.824 = avg([0.8267, 0.8246, 0.8207, 0.8256])
[0 : mcmc]  - Convergence of means: R-1 = 0.079122 after 142881 accepted steps = sum([35652, 35739, 35280, 36210])
[0 : mcmc]  - Updated covariance matrix of proposal pdf.
[1 : mcmc] Progress @ 2026-06-20 19:48:40 : 290560 steps taken, and 35782 accepted.
[3 : mcmc] Progress @ 2026-06-20 19:48:55 : 293956 steps taken, and 36281 accepted.
[2 : mcmc] Progress @ 2026-06-20 19:49:00 : 288816 steps taken, and 35368 accepted.
[0 : mcmc] Progress @ 2026-06-20 19:49:21 : 290100 steps taken, and 35770 accepted.
[1 : mcmc] Progress @ 2026-06-20 19:49:40 : 291457 steps taken, and 35913 accepted.
[3 : mcmc] Progress @ 2026-06-20 19:49:56 : 294912 steps taken, and 36411 accepted.
[2 : mcmc] Progress @ 2026-06-20 19:50:00 : 289754 steps taken, and 35493 accepted.
[0 : mcmc] Progress @ 2026-06-20 19:50:22 : 291067 steps taken, and 35911 accepted.
[1 : mcmc] Progress @ 2026-06-20 19:50:42 : 292392 steps taken, and 36047 accepted.
[3 : mcmc] Progress @ 2026-06-20 19:51:00 : 295858 steps taken, and 36549 accepted.
[2 : mcmc] Progress @ 2026-06-20 19:51:02 : 290728 steps taken, and 35631 accepted.
[1 : mcmc] Learn + convergence test @ 36120 samples accepted.
[1 : mcmc] Ready to check convergence and learn a new proposal covmat (waiting for the rest...)
[0 : mcmc] Progress @ 2026-06-20 19:51:24 : 291968 steps taken, and 36037 accepted.
[1 : mcmc] Progress @ 2026-06-20 19:51:46 : 293447 steps taken, and 36192 accepted.
[0 : mcmc] Learn + convergence test @ 36120 samples accepted.
[0 : mcmc] Ready to check convergence and learn a new proposal covmat (waiting for the rest...)
[3 : mcmc] Progress @ 2026-06-20 19:52:00 : 296827 steps taken, and 36683 accepted.
[2 : mcmc] Progress @ 2026-06-20 19:52:04 : 291731 steps taken, and 35774 accepted.
[0 : mcmc] Progress @ 2026-06-20 19:52:24 : 292973 steps taken, and 36184 accepted.
[1 : mcmc] Progress @ 2026-06-20 19:52:46 : 294398 steps taken, and 36324 accepted.
[3 : mcmc] Progress @ 2026-06-20 19:53:02 : 297852 steps taken, and 36830 accepted.
[2 : mcmc] Progress @ 2026-06-20 19:53:06 : 292774 steps taken, and 35920 accepted.
[0 : mcmc] Progress @ 2026-06-20 19:53:28 : 293957 steps taken, and 36319 accepted.
[1 : mcmc] Progress @ 2026-06-20 19:53:50 : 295344 steps taken, and 36464 accepted.
[3 : mcmc] Learn + convergence test @ 36960 samples accepted.
[3 : mcmc] Ready to check convergence and learn a new proposal covmat (waiting for the rest...)
[3 : mcmc] Progress @ 2026-06-20 19:54:03 : 298797 steps taken, and 36963 accepted.
[2 : mcmc] Progress @ 2026-06-20 19:54:06 : 293769 steps taken, and 36058 accepted.
[0 : mcmc] Progress @ 2026-06-20 19:54:30 : 294902 steps taken, and 36461 accepted.
[2 : mcmc] Learn + convergence test @ 36120 samples accepted.
[2 : mcmc] Ready to check convergence and learn a new proposal covmat (waiting for the rest...)
[0 : mcmc] All chains are ready to check convergence and learn a new proposal covmat
[0 : mcmc]  - Acceptance rate: 0.829 = avg([0.8319, 0.8293, 0.8258, 0.8300])
[0 : mcmc]  - Convergence of means: R-1 = 0.068554 after 146224 accepted steps = sum([36488, 36576, 36120, 37040])
[0 : mcmc]  - Updated covariance matrix of proposal pdf.
[1 : mcmc] Progress @ 2026-06-20 19:54:50 : 296258 steps taken, and 36594 accepted.
[3 : mcmc] Progress @ 2026-06-20 19:55:04 : 299706 steps taken, and 37085 accepted.
[2 : mcmc] Progress @ 2026-06-20 19:55:08 : 294640 steps taken, and 36180 accepted.
[0 : mcmc] Progress @ 2026-06-20 19:55:30 : 295900 steps taken, and 36611 accepted.
[1 : mcmc] Progress @ 2026-06-20 19:55:50 : 297236 steps taken, and 36721 accepted.
[3 : mcmc] Progress @ 2026-06-20 19:56:06 : 300827 steps taken, and 37224 accepted.
[2 : mcmc] Progress @ 2026-06-20 19:56:09 : 295717 steps taken, and 36336 accepted.
[0 : mcmc] Progress @ 2026-06-20 19:56:32 : 296894 steps taken, and 36748 accepted.
[1 : mcmc] Progress @ 2026-06-20 19:56:50 : 298260 steps taken, and 36869 accepted.
[3 : mcmc] Progress @ 2026-06-20 19:57:06 : 301797 steps taken, and 37364 accepted.
[2 : mcmc] Progress @ 2026-06-20 19:57:09 : 296705 steps taken, and 36472 accepted.
[0 : mcmc] Progress @ 2026-06-20 19:57:32 : 297882 steps taken, and 36893 accepted.
[1 : mcmc] Learn + convergence test @ 36960 samples accepted.
[1 : mcmc] Ready to check convergence and learn a new proposal covmat (waiting for the rest...)
[1 : mcmc] Progress @ 2026-06-20 19:57:51 : 299187 steps taken, and 37002 accepted.
[0 : mcmc] Learn + convergence test @ 36960 samples accepted.
[0 : mcmc] Ready to check convergence and learn a new proposal covmat (waiting for the rest...)
[3 : mcmc] Progress @ 2026-06-20 19:58:06 : 302733 steps taken, and 37504 accepted.
[2 : mcmc] Progress @ 2026-06-20 19:58:09 : 297710 steps taken, and 36615 accepted.
[0 : mcmc] Progress @ 2026-06-20 19:58:32 : 298938 steps taken, and 37028 accepted.
[1 : mcmc] Progress @ 2026-06-20 19:58:54 : 300164 steps taken, and 37130 accepted.
[3 : mcmc] Progress @ 2026-06-20 19:59:06 : 303749 steps taken, and 37651 accepted.
[2 : mcmc] Progress @ 2026-06-20 19:59:09 : 298581 steps taken, and 36737 accepted.
[0 : mcmc] Progress @ 2026-06-20 19:59:35 : 299885 steps taken, and 37157 accepted.
[1 : mcmc] Progress @ 2026-06-20 19:59:58 : 301088 steps taken, and 37271 accepted.
[3 : mcmc] Progress @ 2026-06-20 20:00:06 : 304735 steps taken, and 37788 accepted.
[3 : mcmc] Learn + convergence test @ 37800 samples accepted.
[3 : mcmc] Ready to check convergence and learn a new proposal covmat (waiting for the rest...)
[2 : mcmc] Progress @ 2026-06-20 20:00:09 : 299504 steps taken, and 36873 accepted.
[0 : mcmc] Progress @ 2026-06-20 20:00:37 : 300863 steps taken, and 37297 accepted.
[2 : mcmc] Learn + convergence test @ 36960 samples accepted.
[2 : mcmc] Ready to check convergence and learn a new proposal covmat (waiting for the rest...)
[0 : mcmc] All chains are ready to check convergence and learn a new proposal covmat
[0 : mcmc]  - Acceptance rate: 0.833 = avg([0.8368, 0.8321, 0.8300, 0.8330])
[0 : mcmc]  - Convergence of means: R-1 = 0.049783 after 149531 accepted steps = sum([37324, 37381, 36960, 37866])
[0 : mcmc]  - Updated covariance matrix of proposal pdf.
[1 : mcmc] Progress @ 2026-06-20 20:01:00 : 302113 steps taken, and 37409 accepted.
[2 : mcmc] Progress @ 2026-06-20 20:01:09 : 300441 steps taken, and 37014 accepted.
[3 : mcmc] Progress @ 2026-06-20 20:01:10 : 305647 steps taken, and 37925 accepted.
[0 : mcmc] Progress @ 2026-06-20 20:01:39 : 301903 steps taken, and 37447 accepted.
[1 : mcmc] Progress @ 2026-06-20 20:02:00 : 303104 steps taken, and 37554 accepted.
[2 : mcmc] Progress @ 2026-06-20 20:02:09 : 301358 steps taken, and 37149 accepted.
[3 : mcmc] Progress @ 2026-06-20 20:02:10 : 306590 steps taken, and 38058 accepted.
[0 : mcmc] Progress @ 2026-06-20 20:02:42 : 302974 steps taken, and 37602 accepted.
[1 : mcmc] Progress @ 2026-06-20 20:03:00 : 303968 steps taken, and 37676 accepted.
[3 : mcmc] Progress @ 2026-06-20 20:03:10 : 307588 steps taken, and 38204 accepted.
[2 : mcmc] Progress @ 2026-06-20 20:03:13 : 302366 steps taken, and 37288 accepted.
[0 : mcmc] Progress @ 2026-06-20 20:03:42 : 303976 steps taken, and 37743 accepted.
[1 : mcmc] Learn + convergence test @ 37800 samples accepted.
[1 : mcmc] Ready to check convergence and learn a new proposal covmat (waiting for the rest...)
[1 : mcmc] Progress @ 2026-06-20 20:04:01 : 305044 steps taken, and 37825 accepted.
[0 : mcmc] Learn + convergence test @ 37800 samples accepted.
[0 : mcmc] Ready to check convergence and learn a new proposal covmat (waiting for the rest...)
[3 : mcmc] Progress @ 2026-06-20 20:04:10 : 308575 steps taken, and 38343 accepted.
[2 : mcmc] Progress @ 2026-06-20 20:04:14 : 303346 steps taken, and 37437 accepted.
[0 : mcmc] Progress @ 2026-06-20 20:04:46 : 304953 steps taken, and 37883 accepted.
[1 : mcmc] Progress @ 2026-06-20 20:05:03 : 305932 steps taken, and 37960 accepted.
[3 : mcmc] Progress @ 2026-06-20 20:05:11 : 309688 steps taken, and 38496 accepted.
[2 : mcmc] Progress @ 2026-06-20 20:05:15 : 304223 steps taken, and 37566 accepted.
[0 : mcmc] Progress @ 2026-06-20 20:05:47 : 305936 steps taken, and 38026 accepted.
[1 : mcmc] Progress @ 2026-06-20 20:06:03 : 306908 steps taken, and 38096 accepted.
[3 : mcmc] Progress @ 2026-06-20 20:06:14 : 310761 steps taken, and 38638 accepted.
[2 : mcmc] Progress @ 2026-06-20 20:06:15 : 305310 steps taken, and 37715 accepted.
[3 : mcmc] Learn + convergence test @ 38640 samples accepted.
[3 : mcmc] Ready to check convergence and learn a new proposal covmat (waiting for the rest...)
[0 : mcmc] Progress @ 2026-06-20 20:06:48 : 306829 steps taken, and 38146 accepted.
[2 : mcmc] Learn + convergence test @ 37800 samples accepted.
[2 : mcmc] Ready to check convergence and learn a new proposal covmat (waiting for the rest...)
[0 : mcmc] All chains are ready to check convergence and learn a new proposal covmat
[0 : mcmc]  - Acceptance rate: 0.837 = avg([0.8402, 0.8364, 0.8347, 0.8365])
[0 : mcmc]  - Convergence of means: R-1 = 0.041782 after 152960 accepted steps = sum([38181, 38222, 37800, 38757])
[0 : mcmc]  - Updated covariance matrix of proposal pdf.
[1 : mcmc] Progress @ 2026-06-20 20:07:03 : 307868 steps taken, and 38227 accepted.
[2 : mcmc] Progress @ 2026-06-20 20:07:15 : 306204 steps taken, and 37843 accepted.
[3 : mcmc] Progress @ 2026-06-20 20:07:18 : 311913 steps taken, and 38802 accepted.
[0 : mcmc] Progress @ 2026-06-20 20:07:48 : 307828 steps taken, and 38283 accepted.
[1 : mcmc] Progress @ 2026-06-20 20:08:03 : 308907 steps taken, and 38372 accepted.
[2 : mcmc] Progress @ 2026-06-20 20:08:16 : 307128 steps taken, and 37969 accepted.
[3 : mcmc] Progress @ 2026-06-20 20:08:20 : 312922 steps taken, and 38942 accepted.
[0 : mcmc] Progress @ 2026-06-20 20:08:51 : 308778 steps taken, and 38418 accepted.
[1 : mcmc] Progress @ 2026-06-20 20:09:07 : 309868 steps taken, and 38514 accepted.
[2 : mcmc] Progress @ 2026-06-20 20:09:16 : 308051 steps taken, and 38100 accepted.
[3 : mcmc] Progress @ 2026-06-20 20:09:20 : 313894 steps taken, and 39092 accepted.
[0 : mcmc] Progress @ 2026-06-20 20:09:53 : 309840 steps taken, and 38569 accepted.
[1 : mcmc] Learn + convergence test @ 38640 samples accepted.
[1 : mcmc] Ready to check convergence and learn a new proposal covmat (waiting for the rest...)
[1 : mcmc] Progress @ 2026-06-20 20:10:07 : 310935 steps taken, and 38664 accepted.
[2 : mcmc] Progress @ 2026-06-20 20:10:16 : 309015 steps taken, and 38241 accepted.
[3 : mcmc] Progress @ 2026-06-20 20:10:20 : 315113 steps taken, and 39249 accepted.
[0 : mcmc] Learn + convergence test @ 38640 samples accepted.
[0 : mcmc] Ready to check convergence and learn a new proposal covmat (waiting for the rest...)
[0 : mcmc] Progress @ 2026-06-20 20:10:58 : 310871 steps taken, and 38715 accepted.
[1 : mcmc] Progress @ 2026-06-20 20:11:08 : 311907 steps taken, and 38804 accepted.
[2 : mcmc] Progress @ 2026-06-20 20:11:17 : 309932 steps taken, and 38371 accepted.
[3 : mcmc] Progress @ 2026-06-20 20:11:20 : 315996 steps taken, and 39378 accepted.
[0 : mcmc] Progress @ 2026-06-20 20:12:02 : 311881 steps taken, and 38859 accepted.
[1 : mcmc] Progress @ 2026-06-20 20:12:08 : 312906 steps taken, and 38941 accepted.
[3 : mcmc] Learn + convergence test @ 39480 samples accepted.
[3 : mcmc] Ready to check convergence and learn a new proposal covmat (waiting for the rest...)
[2 : mcmc] Progress @ 2026-06-20 20:12:18 : 310901 steps taken, and 38508 accepted.
[3 : mcmc] Progress @ 2026-06-20 20:12:20 : 316965 steps taken, and 39514 accepted.
[0 : mcmc] Progress @ 2026-06-20 20:13:02 : 312836 steps taken, and 38996 accepted.
[1 : mcmc] Progress @ 2026-06-20 20:13:08 : 313967 steps taken, and 39093 accepted.
[2 : mcmc] Learn + convergence test @ 38640 samples accepted.
[2 : mcmc] Ready to check convergence and learn a new proposal covmat (waiting for the rest...)
[0 : mcmc] All chains are ready to check convergence and learn a new proposal covmat
[0 : mcmc]  - Acceptance rate: 0.840 = avg([0.8425, 0.8404, 0.8384, 0.8392])
[0 : mcmc]  - Convergence of means: R-1 = 0.032593 after 156401 accepted steps = sum([39020, 39107, 38640, 39634])
[0 : mcmc]  - Updated covariance matrix of proposal pdf.
[2 : mcmc] Progress @ 2026-06-20 20:13:21 : 311854 steps taken, and 38644 accepted.
[3 : mcmc] Progress @ 2026-06-20 20:13:21 : 317886 steps taken, and 39644 accepted.
[0 : mcmc] Progress @ 2026-06-20 20:14:04 : 313764 steps taken, and 39125 accepted.
[1 : mcmc] Progress @ 2026-06-20 20:14:12 : 314996 steps taken, and 39231 accepted.
[2 : mcmc] Progress @ 2026-06-20 20:14:22 : 312873 steps taken, and 38782 accepted.
[3 : mcmc] Progress @ 2026-06-20 20:14:23 : 318938 steps taken, and 39791 accepted.
[0 : mcmc] Progress @ 2026-06-20 20:15:04 : 314756 steps taken, and 39267 accepted.
[1 : mcmc] Progress @ 2026-06-20 20:15:13 : 315925 steps taken, and 39363 accepted.
[2 : mcmc] Progress @ 2026-06-20 20:15:24 : 313850 steps taken, and 38924 accepted.
[3 : mcmc] Progress @ 2026-06-20 20:15:25 : 319958 steps taken, and 39922 accepted.
[1 : mcmc] Learn + convergence test @ 39480 samples accepted.
[1 : mcmc] Ready to check convergence and learn a new proposal covmat (waiting for the rest...)
[0 : mcmc] Progress @ 2026-06-20 20:16:08 : 315766 steps taken, and 39411 accepted.
[1 : mcmc] Progress @ 2026-06-20 20:16:13 : 316950 steps taken, and 39500 accepted.
[3 : mcmc] Progress @ 2026-06-20 20:16:26 : 320979 steps taken, and 40067 accepted.
[2 : mcmc] Progress @ 2026-06-20 20:16:27 : 314818 steps taken, and 39067 accepted.
[0 : mcmc] Learn + convergence test @ 39480 samples accepted.
[0 : mcmc] Ready to check convergence and learn a new proposal covmat (waiting for the rest...)
[0 : mcmc] Progress @ 2026-06-20 20:17:08 : 316706 steps taken, and 39538 accepted.
[1 : mcmc] Progress @ 2026-06-20 20:17:16 : 317887 steps taken, and 39629 accepted.
[3 : mcmc] Progress @ 2026-06-20 20:17:26 : 321954 steps taken, and 40212 accepted.
[2 : mcmc] Progress @ 2026-06-20 20:17:27 : 315781 steps taken, and 39197 accepted.
[0 : mcmc] Progress @ 2026-06-20 20:18:12 : 317752 steps taken, and 39684 accepted.
[1 : mcmc] Progress @ 2026-06-20 20:18:17 : 318968 steps taken, and 39784 accepted.
[3 : mcmc] Learn + convergence test @ 40320 samples accepted.
[3 : mcmc] Ready to check convergence and learn a new proposal covmat (waiting for the rest...)
[3 : mcmc] Progress @ 2026-06-20 20:18:26 : 322921 steps taken, and 40341 accepted.
[2 : mcmc] Progress @ 2026-06-20 20:18:30 : 316737 steps taken, and 39336 accepted.
[0 : mcmc] Progress @ 2026-06-20 20:19:12 : 318762 steps taken, and 39818 accepted.
[1 : mcmc] Progress @ 2026-06-20 20:19:19 : 319910 steps taken, and 39916 accepted.
[3 : mcmc] Progress @ 2026-06-20 20:19:30 : 323866 steps taken, and 40471 accepted.
[2 : mcmc] Progress @ 2026-06-20 20:19:30 : 317739 steps taken, and 39476 accepted.
[2 : mcmc] Learn + convergence test @ 39480 samples accepted.
[2 : mcmc] Ready to check convergence and learn a new proposal covmat (waiting for the rest...)
[0 : mcmc] All chains are ready to check convergence and learn a new proposal covmat
[0 : mcmc]  - Acceptance rate: 0.843 = avg([0.8445, 0.8431, 0.8433, 0.8413])
[0 : mcmc]  - Convergence of means: R-1 = 0.026173 after 159771 accepted steps = sum([39866, 39947, 39480, 40478])
[0 : mcmc]  - Updated covariance matrix of proposal pdf.
[0 : mcmc] Progress @ 2026-06-20 20:20:15 : 319728 steps taken, and 39951 accepted.
[1 : mcmc] Progress @ 2026-06-20 20:20:20 : 320866 steps taken, and 40056 accepted.
[3 : mcmc] Progress @ 2026-06-20 20:20:30 : 324803 steps taken, and 40612 accepted.
[2 : mcmc] Progress @ 2026-06-20 20:20:30 : 318577 steps taken, and 39588 accepted.
[0 : mcmc] Progress @ 2026-06-20 20:21:15 : 320732 steps taken, and 40092 accepted.
[1 : mcmc] Progress @ 2026-06-20 20:21:20 : 321858 steps taken, and 40200 accepted.
[2 : mcmc] Progress @ 2026-06-20 20:21:30 : 319649 steps taken, and 39728 accepted.
[3 : mcmc] Progress @ 2026-06-20 20:21:34 : 325777 steps taken, and 40759 accepted.
[1 : mcmc] Learn + convergence test @ 40320 samples accepted.
[1 : mcmc] Ready to check convergence and learn a new proposal covmat (waiting for the rest...)
[0 : mcmc] Progress @ 2026-06-20 20:22:16 : 321734 steps taken, and 40230 accepted.
[1 : mcmc] Progress @ 2026-06-20 20:22:20 : 322855 steps taken, and 40349 accepted.
[2 : mcmc] Progress @ 2026-06-20 20:22:31 : 320650 steps taken, and 39863 accepted.
[3 : mcmc] Progress @ 2026-06-20 20:22:34 : 326788 steps taken, and 40907 accepted.
[0 : mcmc] Learn + convergence test @ 40320 samples accepted.
[0 : mcmc] Ready to check convergence and learn a new proposal covmat (waiting for the rest...)
[0 : mcmc] Progress @ 2026-06-20 20:23:16 : 322636 steps taken, and 40356 accepted.
[1 : mcmc] Progress @ 2026-06-20 20:23:20 : 323939 steps taken, and 40491 accepted.
[2 : mcmc] Progress @ 2026-06-20 20:23:31 : 321662 steps taken, and 40014 accepted.
[3 : mcmc] Progress @ 2026-06-20 20:23:36 : 327720 steps taken, and 41040 accepted.
[0 : mcmc] Progress @ 2026-06-20 20:24:16 : 323819 steps taken, and 40519 accepted.
[1 : mcmc] Progress @ 2026-06-20 20:24:25 : 324872 steps taken, and 40628 accepted.
[3 : mcmc] Learn + convergence test @ 41160 samples accepted.
[3 : mcmc] Ready to check convergence and learn a new proposal covmat (waiting for the rest...)
[2 : mcmc] Progress @ 2026-06-20 20:24:33 : 322618 steps taken, and 40159 accepted.
[3 : mcmc] Progress @ 2026-06-20 20:24:36 : 328709 steps taken, and 41177 accepted.
[0 : mcmc] Progress @ 2026-06-20 20:25:18 : 324850 steps taken, and 40668 accepted.
[1 : mcmc] Progress @ 2026-06-20 20:25:25 : 326072 steps taken, and 40768 accepted.
[2 : mcmc] Progress @ 2026-06-20 20:25:35 : 323597 steps taken, and 40288 accepted.
[3 : mcmc] Progress @ 2026-06-20 20:25:38 : 329598 steps taken, and 41307 accepted.
[2 : mcmc] Learn + convergence test @ 40320 samples accepted.
[2 : mcmc] Ready to check convergence and learn a new proposal covmat (waiting for the rest...)
[0 : mcmc] All chains are ready to check convergence and learn a new proposal covmat
[0 : mcmc]  - Acceptance rate: 0.847 = avg([0.8480, 0.8456, 0.8474, 0.8456])
[0 : mcmc]  - Convergence of means: R-1 = 0.019967 after 163230 accepted steps = sum([40741, 40829, 40320, 41340])
[0 : mcmc]  - Updated covariance matrix of proposal pdf.
[0 : mcmc] Progress @ 2026-06-20 20:26:21 : 325922 steps taken, and 40819 accepted.
[1 : mcmc] Progress @ 2026-06-20 20:26:27 : 326975 steps taken, and 40906 accepted.
[3 : mcmc] Progress @ 2026-06-20 20:26:38 : 330792 steps taken, and 41471 accepted.
[2 : mcmc] Progress @ 2026-06-20 20:26:38 : 324577 steps taken, and 40425 accepted.
[0 : mcmc] Progress @ 2026-06-20 20:27:21 : 326842 steps taken, and 40954 accepted.
[1 : mcmc] Progress @ 2026-06-20 20:27:27 : 327959 steps taken, and 41041 accepted.
[3 : mcmc] Progress @ 2026-06-20 20:27:38 : 331746 steps taken, and 41599 accepted.
[2 : mcmc] Progress @ 2026-06-20 20:27:38 : 325583 steps taken, and 40556 accepted.
[1 : mcmc] Learn + convergence test @ 41160 samples accepted.
[1 : mcmc] Ready to check convergence and learn a new proposal covmat (waiting for the rest...)
[0 : mcmc] Progress @ 2026-06-20 20:28:21 : 327805 steps taken, and 41093 accepted.
[1 : mcmc] Progress @ 2026-06-20 20:28:27 : 329022 steps taken, and 41180 accepted.
[3 : mcmc] Progress @ 2026-06-20 20:28:40 : 332770 steps taken, and 41737 accepted.
[2 : mcmc] Progress @ 2026-06-20 20:28:42 : 326566 steps taken, and 40695 accepted.
[0 : mcmc] Learn + convergence test @ 41160 samples accepted.
[0 : mcmc] Ready to check convergence and learn a new proposal covmat (waiting for the rest...)
[0 : mcmc] Progress @ 2026-06-20 20:29:21 : 328821 steps taken, and 41238 accepted.
[1 : mcmc] Progress @ 2026-06-20 20:29:27 : 330032 steps taken, and 41324 accepted.
[2 : mcmc] Progress @ 2026-06-20 20:29:42 : 327588 steps taken, and 40840 accepted.
[3 : mcmc] Progress @ 2026-06-20 20:29:43 : 333882 steps taken, and 41894 accepted.
[0 : mcmc] Progress @ 2026-06-20 20:30:21 : 329815 steps taken, and 41383 accepted.
[3 : mcmc] Learn + convergence test @ 42000 samples accepted.
[3 : mcmc] Ready to check convergence and learn a new proposal covmat (waiting for the rest...)
[1 : mcmc] Progress @ 2026-06-20 20:30:27 : 330970 steps taken, and 41451 accepted.
[3 : mcmc] Progress @ 2026-06-20 20:30:43 : 334962 steps taken, and 42040 accepted.
[2 : mcmc] Progress @ 2026-06-20 20:30:44 : 328502 steps taken, and 40972 accepted.
[0 : mcmc] Progress @ 2026-06-20 20:31:21 : 330721 steps taken, and 41515 accepted.
[1 : mcmc] Progress @ 2026-06-20 20:31:27 : 331911 steps taken, and 41586 accepted.
[3 : mcmc] Progress @ 2026-06-20 20:31:44 : 335825 steps taken, and 42163 accepted.
[2 : mcmc] Progress @ 2026-06-20 20:31:46 : 329583 steps taken, and 41121 accepted.
[2 : mcmc] Learn + convergence test @ 41160 samples accepted.
[2 : mcmc] Ready to check convergence and learn a new proposal covmat (waiting for the rest...)
[0 : mcmc] All chains are ready to check convergence and learn a new proposal covmat
[0 : mcmc]  - Acceptance rate: 0.847 = avg([0.8487, 0.8457, 0.8465, 0.8464])
[0 : mcmc]  - Convergence of means: R-1 = 0.018450 after 166648 accepted steps = sum([41614, 41662, 41160, 42212])
[0 : mcmc]  - Convergence of bounds: R-1 = 0.118879 after 166648 accepted steps = sum([41614, 41662, 41160, 42212])
[0 : mcmc] The run has converged!
[0 : mcmc] Sampling complete after 166648 accepted steps.

  SSEE MCMC finished in 361.3 min

=================================================================
  Running MCMC: ΛCDM
  Output prefix: /home/mike/Proyectos/SSEE/src/results/chains/lcdm_cmb
  Convergence target R−1 < 0.02
=================================================================
[0 : output] Output to be read-from/written-into folder '/home/mike/Proyectos/SSEE/src/results/chains', with prefix 'lcdm_cmb'
[0 : output] Found existing info files with the requested output prefix: '/home/mike/Proyectos/SSEE/src/results/chains/lcdm_cmb'
[0 : output] Let's try to resume/load.

  SSEE MCMC finished in 361.3 min

  SSEE MCMC finished in 361.3 min

=================================================================
  Running MCMC: ΛCDM

=================================================================
  Running MCMC: ΛCDM
  Output prefix: /home/mike/Proyectos/SSEE/src/results/chains/lcdm_cmb
  Convergence target R−1 < 0.02
=================================================================
  Output prefix: /home/mike/Proyectos/SSEE/src/results/chains/lcdm_cmb
  Convergence target R−1 < 0.02
=================================================================

  SSEE MCMC finished in 361.3 min

=================================================================
  Running MCMC: ΛCDM
  Output prefix: /home/mike/Proyectos/SSEE/src/results/chains/lcdm_cmb
  Convergence target R−1 < 0.02
=================================================================
[0 : output] Found an old sample. Resuming.
[0 : prior] *WARNING* External prior 'SZ' loaded. Mind that it might not be normalized!
[0 : camb] `camb` module loaded successfully from /home/mike/Proyectos/SSEE/eftcamb_ssee/camb
[0 : planck_2018_highl_plik.ttteee] `clipy` module loaded successfully from /home/mike/cobaya_packages/code/planck/clipy/clipy
----
clipy_0.15
----
clipy_0.15
----
clipy_0.15
----
clipy_0.15
Checking likelihood '/home/mike/cobaya_packages/data/planck_2018/baseline/plc_3.0/hi_l/plik/plik_rd12_HM_v22b_TTTEEE.clik' on test data. got -1172.47 expected -1172.47 (diff 4.00569e-06)
----
Checking likelihood '/home/mike/cobaya_packages/data/planck_2018/baseline/plc_3.0/hi_l/plik/plik_rd12_HM_v22b_TTTEEE.clik' on test data. got -1172.47 expected -1172.47 (diff 4.00569e-06)
----
Checking likelihood '/home/mike/cobaya_packages/data/planck_2018/baseline/plc_3.0/hi_l/plik/plik_rd12_HM_v22b_TTTEEE.clik' on test data. got -1172.47 expected -1172.47 (diff 4.00569e-06)
----
Checking likelihood '/home/mike/cobaya_packages/data/planck_2018/baseline/plc_3.0/hi_l/plik/plik_rd12_HM_v22b_TTTEEE.clik' on test data. got -1172.47 expected -1172.47 (diff 4.00569e-06)
----
[0 : mcmc] Resuming from previous sample!
[0 : mcmc] *ERROR* Cannot resume a run with a different number of chains: was 1 and now is 4.
[0 : run] Aborting MPI due to error
--------------------------------------------------------------------------
MPI_ABORT was invoked on rank 0 in communicator MPI_COMM_WORLD
with errorcode 1.

NOTE: invoking MPI_ABORT causes Open MPI to kill all MPI processes.
You may or may not see output from other processes, depending on
exactly when Open MPI kills them.
--------------------------------------------------------------------------
