
=================================================================
  SSEE-V3.6 — B1 Full CMB Posterior Analysis
  Mode: lcdm | Fast: False
=================================================================

  SSEE algebraic predictions:
    w₀    = -0.839950  (−Tr/Mv)
    wₐ    = -0.669975  (−P_sc/Kv)
    Ωm_cmb= 0.308894  (ω_m/h² derivado, ω_m-directo)
    ns    = 0.965558  (1 − φ⁻⁷)
    N_data= 6478  (full plik TTTEEE + lowl TT+EE + lensing, via clipy)

=================================================================
  SSEE-V3.6 — B1 Full CMB Posterior Analysis
  Mode: lcdm | Fast: False
=================================================================

  SSEE algebraic predictions:
    w₀    = -0.839950  (−Tr/Mv)
    wₐ    = -0.669975  (−P_sc/Kv)
    Ωm_cmb= 0.308894  (ω_m/h² derivado, ω_m-directo)
    ns    = 0.965558  (1 − φ⁻⁷)
    N_data= 6478  (full plik TTTEEE + lowl TT+EE + lensing, via clipy)

=================================================================
  SSEE-V3.6 — B1 Full CMB Posterior Analysis
  Mode: lcdm | Fast: False
=================================================================

  SSEE algebraic predictions:
    w₀    = -0.839950  (−Tr/Mv)
    wₐ    = -0.669975  (−P_sc/Kv)
    Ωm_cmb= 0.308894  (ω_m/h² derivado, ω_m-directo)
    ns    = 0.965558  (1 − φ⁻⁷)
    N_data= 6478  (full plik TTTEEE + lowl TT+EE + lensing, via clipy)

=================================================================
  SSEE-V3.6 — B1 Full CMB Posterior Analysis
  Mode: lcdm | Fast: False
=================================================================

  SSEE algebraic predictions:
    w₀    = -0.839950  (−Tr/Mv)
    wₐ    = -0.669975  (−P_sc/Kv)
    Ωm_cmb= 0.308894  (ω_m/h² derivado, ω_m-directo)
    ns    = 0.965558  (1 − φ⁻⁷)
    N_data= 6478  (full plik TTTEEE + lowl TT+EE + lensing, via clipy)

=================================================================
  Running MCMC: ΛCDM
  Output prefix: /home/mike/Proyectos/SSEE/src/results/chains/lcdm_cmb
  Convergence target R−1 < 0.02
=================================================================

=================================================================
  Running MCMC: ΛCDM
  Output prefix: /home/mike/Proyectos/SSEE/src/results/chains/lcdm_cmb
  Convergence target R−1 < 0.02
=================================================================

=================================================================
  Running MCMC: ΛCDM
  Output prefix: /home/mike/Proyectos/SSEE/src/results/chains/lcdm_cmb
  Convergence target R−1 < 0.02
=================================================================

=================================================================
  Running MCMC: ΛCDM
  Output prefix: /home/mike/Proyectos/SSEE/src/results/chains/lcdm_cmb
  Convergence target R−1 < 0.02
=================================================================
[0 : output] Output to be read-from/written-into folder '/home/mike/Proyectos/SSEE/src/results/chains', with prefix 'lcdm_cmb'
[0 : prior] *WARNING* External prior 'SZ' loaded. Mind that it might not be normalized!
[0 : camb] `camb` module loaded successfully from /home/mike/Proyectos/SSEE/eftcamb_ssee/camb
[0 : planck_2018_highl_plik.ttteee] `clipy` module loaded successfully from /home/mike/cobaya_packages/code/planck/clipy/clipy
----
clipy_0.15
----
clipy_0.15
----
clipy_0.15
----
clipy_0.15
Checking likelihood '/home/mike/cobaya_packages/data/planck_2018/baseline/plc_3.0/hi_l/plik/plik_rd12_HM_v22b_TTTEEE.clik' on test data. got -1172.47 expected -1172.47 (diff 4.00569e-06)
----
Checking likelihood '/home/mike/cobaya_packages/data/planck_2018/baseline/plc_3.0/hi_l/plik/plik_rd12_HM_v22b_TTTEEE.clik' on test data. got -1172.47 expected -1172.47 (diff 4.00569e-06)
----
Checking likelihood '/home/mike/cobaya_packages/data/planck_2018/baseline/plc_3.0/hi_l/plik/plik_rd12_HM_v22b_TTTEEE.clik' on test data. got -1172.47 expected -1172.47 (diff 4.00569e-06)
----
Checking likelihood '/home/mike/cobaya_packages/data/planck_2018/baseline/plc_3.0/hi_l/plik/plik_rd12_HM_v22b_TTTEEE.clik' on test data. got -1172.47 expected -1172.47 (diff 4.00569e-06)
----
[0 : mcmc] Getting initial point... (this may take a few seconds)
[1 : mcmc] Getting initial point... (this may take a few seconds)
[3 : mcmc] Getting initial point... (this may take a few seconds)
[2 : mcmc] Getting initial point... (this may take a few seconds)
[1 : mcmc] Initial point: H0:68.09282, ombh2:0.02242394, omch2:0.1208235, ns:0.9701881, logA:3.020591, tau:0.05180459, A_planck:0.9991963, calib_100T:1.00051, calib_217T:0.9984526, A_cib_217:63.57312, xi_sz_cib:0.1573225, A_sz:9.20441, ksz_norm:3.857978, gal545_A_100:5.110177, gal545_A_143:7.247711, gal545_A_143_217:20.53034, gal545_A_217:78.61401, ps_A_100_100:205.0431, ps_A_143_143:47.71684, ps_A_143_217:42.72342, ps_A_217_217:108.5167, galf_TE_A_100:0.2810811, galf_TE_A_100_143:0.1861876, galf_TE_A_100_217:0.6809116, galf_TE_A_143:0.3388517, galf_TE_A_143_217:0.7407842, galf_TE_A_217:1.723258
[3 : mcmc] Initial point: H0:67.90532, ombh2:0.02209813, omch2:0.1160578, ns:0.9712912, logA:3.070885, tau:0.04617127, A_planck:0.99749, calib_100T:1.000666, calib_217T:0.999039, A_cib_217:58.03391, xi_sz_cib:0.1366802, A_sz:6.655587, ksz_norm:0.2527008, gal545_A_100:7.677156, gal545_A_143:8.589598, gal545_A_143_217:25.07286, gal545_A_217:83.16802, ps_A_100_100:234.2476, ps_A_143_143:45.21771, ps_A_143_217:39.91723, ps_A_217_217:104.9693, galf_TE_A_100:0.07547831, galf_TE_A_100_143:-0.1273263, galf_TE_A_100_217:0.5553244, galf_TE_A_143:0.09445524, galf_TE_A_143_217:0.5814366, galf_TE_A_217:2.285818
[0 : mcmc] Initial point: H0:67.54349, ombh2:0.02243316, omch2:0.1166423, ns:0.9770163, logA:3.035767, tau:0.06403096, A_planck:1.000727, calib_100T:0.999912, calib_217T:0.9989183, A_cib_217:59.88072, xi_sz_cib:0.02135559, A_sz:3.551167, ksz_norm:4.91353, gal545_A_100:8.754511, gal545_A_143:10.1958, gal545_A_143_217:17.03426, gal545_A_217:100.048, ps_A_100_100:258.8904, ps_A_143_143:46.91063, ps_A_143_217:41.06414, ps_A_217_217:115.0226, galf_TE_A_100:0.01667806, galf_TE_A_100_143:0.03922116, galf_TE_A_100_217:0.4337162, galf_TE_A_143:0.2391111, galf_TE_A_143_217:0.6607993, galf_TE_A_217:1.970353
[2 : mcmc] Initial point: H0:66.98892, ombh2:0.02225241, omch2:0.1228957, ns:0.9641792, logA:3.0495, tau:0.05786136, A_planck:0.9987427, calib_100T:0.9985082, calib_217T:0.9988358, A_cib_217:67.43288, xi_sz_cib:0.1013087, A_sz:5.150988, ksz_norm:0.09976977, gal545_A_100:4.637354, gal545_A_143:10.09885, gal545_A_143_217:19.47552, gal545_A_217:72.46635, ps_A_100_100:250.6912, ps_A_143_143:46.45147, ps_A_143_217:35.07702, ps_A_217_217:106.1421, galf_TE_A_100:0.1758144, galf_TE_A_100_143:0.1465468, galf_TE_A_100_217:0.2519537, galf_TE_A_143:0.3377618, galf_TE_A_143_217:0.7631691, galf_TE_A_217:1.681568
[0 : model] Measuring speeds... (this may take a few seconds)
[0 : model] Setting measured speeds (per sec): {planck_2018_highl_plik.TTTEEE: 4.19, planck_2018_lowl.TT: 1490.0, planck_2018_lowl.EE: 10500.0, planck_2018_lensing.native: 3210.0, camb.transfers: 0.289, camb: 0.192}
[0 : mcmc] Oversampling with factors:
[0 : mcmc] * 1 : ['H0', 'ombh2', 'omch2', 'tau']
[0 : mcmc] * 1 : ['ns', 'logA']
[0 : mcmc] * 4 : ['A_planck']
[0 : mcmc] * 4 : ['calib_100T', 'calib_217T', 'A_cib_217', 'xi_sz_cib', 'A_sz', 'ksz_norm', 'gal545_A_100', 'gal545_A_143', 'gal545_A_143_217', 'gal545_A_217', 'ps_A_100_100', 'ps_A_143_143', 'ps_A_143_217', 'ps_A_217_217', 'galf_TE_A_100', 'galf_TE_A_100_143', 'galf_TE_A_100_217', 'galf_TE_A_143', 'galf_TE_A_143_217', 'galf_TE_A_217']
[0 : mcmc] Covariance matrix not present. We will start learning the covariance of the proposal earlier: R-1 = 30 (would be 2 if all params loaded).
[0 : mcmc] Sampling! (NB: no accepted step will be saved until 500 burn-in samples have been obtained)
[2 : mcmc] Progress @ 2026-06-21 12:13:38 : 1 steps taken -- still burning in, 1500 accepted steps left.
[3 : mcmc] Progress @ 2026-06-21 12:13:38 : 1 steps taken -- still burning in, 1501 accepted steps left.
[0 : mcmc] Progress @ 2026-06-21 12:13:39 : 1 steps taken -- still burning in, 1501 accepted steps left.
[1 : mcmc] Progress @ 2026-06-21 12:13:39 : 1 steps taken -- still burning in, 1501 accepted steps left.
[0 : mcmc] Progress @ 2026-06-21 12:14:39 : 85 steps taken -- still burning in, 1480 accepted steps left.
[3 : mcmc] Progress @ 2026-06-21 12:14:40 : 89 steps taken -- still burning in, 1477 accepted steps left.
[2 : mcmc] Progress @ 2026-06-21 12:14:40 : 82 steps taken -- still burning in, 1480 accepted steps left.
[1 : mcmc] Progress @ 2026-06-21 12:14:47 : 110 steps taken -- still burning in, 1472 accepted steps left.
[0 : mcmc] Progress @ 2026-06-21 12:15:42 : 159 steps taken -- still burning in, 1464 accepted steps left.
[2 : mcmc] Progress @ 2026-06-21 12:15:44 : 176 steps taken -- still burning in, 1468 accepted steps left.
[3 : mcmc] Progress @ 2026-06-21 12:15:45 : 179 steps taken -- still burning in, 1456 accepted steps left.
[1 : mcmc] Progress @ 2026-06-21 12:15:49 : 186 steps taken -- still burning in, 1453 accepted steps left.
[0 : mcmc] Progress @ 2026-06-21 12:16:44 : 269 steps taken -- still burning in, 1438 accepted steps left.
[2 : mcmc] Progress @ 2026-06-21 12:16:44 : 267 steps taken -- still burning in, 1453 accepted steps left.
[3 : mcmc] Progress @ 2026-06-21 12:16:45 : 252 steps taken -- still burning in, 1441 accepted steps left.
[1 : mcmc] Progress @ 2026-06-21 12:16:52 : 277 steps taken -- still burning in, 1434 accepted steps left.
[3 : mcmc] Progress @ 2026-06-21 12:17:46 : 349 steps taken -- still burning in, 1426 accepted steps left.
[0 : mcmc] Progress @ 2026-06-21 12:17:48 : 350 steps taken -- still burning in, 1423 accepted steps left.
[2 : mcmc] Progress @ 2026-06-21 12:17:52 : 366 steps taken -- still burning in, 1437 accepted steps left.
[1 : mcmc] Progress @ 2026-06-21 12:18:00 : 393 steps taken -- still burning in, 1408 accepted steps left.
[3 : mcmc] Progress @ 2026-06-21 12:18:46 : 443 steps taken -- still burning in, 1409 accepted steps left.
[0 : mcmc] Progress @ 2026-06-21 12:18:48 : 448 steps taken -- still burning in, 1403 accepted steps left.
[2 : mcmc] Progress @ 2026-06-21 12:18:55 : 467 steps taken -- still burning in, 1420 accepted steps left.
[1 : mcmc] Progress @ 2026-06-21 12:19:01 : 501 steps taken -- still burning in, 1387 accepted steps left.
[3 : mcmc] Progress @ 2026-06-21 12:19:47 : 541 steps taken -- still burning in, 1395 accepted steps left.
[0 : mcmc] Progress @ 2026-06-21 12:19:48 : 530 steps taken -- still burning in, 1388 accepted steps left.
[2 : mcmc] Progress @ 2026-06-21 12:19:55 : 584 steps taken -- still burning in, 1403 accepted steps left.
[1 : mcmc] Progress @ 2026-06-21 12:20:01 : 605 steps taken -- still burning in, 1370 accepted steps left.
[0 : mcmc] Progress @ 2026-06-21 12:20:48 : 624 steps taken -- still burning in, 1365 accepted steps left.
[3 : mcmc] Progress @ 2026-06-21 12:20:51 : 633 steps taken -- still burning in, 1379 accepted steps left.
[2 : mcmc] Progress @ 2026-06-21 12:21:03 : 655 steps taken -- still burning in, 1391 accepted steps left.
[1 : mcmc] Progress @ 2026-06-21 12:21:05 : 678 steps taken -- still burning in, 1356 accepted steps left.
[0 : mcmc] Progress @ 2026-06-21 12:21:56 : 723 steps taken -- still burning in, 1356 accepted steps left.
[3 : mcmc] Progress @ 2026-06-21 12:21:59 : 760 steps taken -- still burning in, 1352 accepted steps left.
[2 : mcmc] Progress @ 2026-06-21 12:22:03 : 767 steps taken -- still burning in, 1366 accepted steps left.
[1 : mcmc] Progress @ 2026-06-21 12:22:10 : 789 steps taken -- still burning in, 1330 accepted steps left.
[0 : mcmc] Progress @ 2026-06-21 12:22:58 : 835 steps taken -- still burning in, 1332 accepted steps left.
[3 : mcmc] Progress @ 2026-06-21 12:23:00 : 842 steps taken -- still burning in, 1332 accepted steps left.
[2 : mcmc] Progress @ 2026-06-21 12:23:11 : 838 steps taken -- still burning in, 1358 accepted steps left.
[1 : mcmc] Progress @ 2026-06-21 12:23:16 : 879 steps taken -- still burning in, 1306 accepted steps left.
[0 : mcmc] Progress @ 2026-06-21 12:24:04 : 940 steps taken -- still burning in, 1315 accepted steps left.
[3 : mcmc] Progress @ 2026-06-21 12:24:09 : 922 steps taken -- still burning in, 1322 accepted steps left.
[2 : mcmc] Progress @ 2026-06-21 12:24:11 : 965 steps taken -- still burning in, 1336 accepted steps left.
[1 : mcmc] Progress @ 2026-06-21 12:24:20 : 976 steps taken -- still burning in, 1286 accepted steps left.
[0 : mcmc] Progress @ 2026-06-21 12:25:04 : 1009 steps taken -- still burning in, 1297 accepted steps left.
[3 : mcmc] Progress @ 2026-06-21 12:25:13 : 1064 steps taken -- still burning in, 1301 accepted steps left.
[2 : mcmc] Progress @ 2026-06-21 12:25:15 : 1044 steps taken -- still burning in, 1320 accepted steps left.
[1 : mcmc] Progress @ 2026-06-21 12:25:22 : 1056 steps taken -- still burning in, 1279 accepted steps left.
[0 : mcmc] Progress @ 2026-06-21 12:26:11 : 1101 steps taken -- still burning in, 1286 accepted steps left.
[3 : mcmc] Progress @ 2026-06-21 12:26:17 : 1126 steps taken -- still burning in, 1291 accepted steps left.
[2 : mcmc] Progress @ 2026-06-21 12:26:23 : 1139 steps taken -- still burning in, 1309 accepted steps left.
[1 : mcmc] Progress @ 2026-06-21 12:26:29 : 1165 steps taken -- still burning in, 1269 accepted steps left.
[0 : mcmc] Progress @ 2026-06-21 12:27:19 : 1189 steps taken -- still burning in, 1267 accepted steps left.
[3 : mcmc] Progress @ 2026-06-21 12:27:20 : 1218 steps taken -- still burning in, 1276 accepted steps left.
[2 : mcmc] Progress @ 2026-06-21 12:27:25 : 1213 steps taken -- still burning in, 1302 accepted steps left.
[1 : mcmc] Progress @ 2026-06-21 12:27:32 : 1238 steps taken -- still burning in, 1259 accepted steps left.
[0 : mcmc] Progress @ 2026-06-21 12:28:19 : 1278 steps taken -- still burning in, 1250 accepted steps left.
[3 : mcmc] Progress @ 2026-06-21 12:28:25 : 1319 steps taken -- still burning in, 1257 accepted steps left.
[2 : mcmc] Progress @ 2026-06-21 12:28:25 : 1319 steps taken -- still burning in, 1285 accepted steps left.
[1 : mcmc] Progress @ 2026-06-21 12:28:40 : 1344 steps taken -- still burning in, 1241 accepted steps left.
[2 : mcmc] Progress @ 2026-06-21 12:29:25 : 1398 steps taken -- still burning in, 1269 accepted steps left.
[0 : mcmc] Progress @ 2026-06-21 12:29:27 : 1376 steps taken -- still burning in, 1230 accepted steps left.
[3 : mcmc] Progress @ 2026-06-21 12:29:27 : 1408 steps taken -- still burning in, 1237 accepted steps left.
[1 : mcmc] Progress @ 2026-06-21 12:29:40 : 1429 steps taken -- still burning in, 1218 accepted steps left.
[3 : mcmc] Progress @ 2026-06-21 12:30:28 : 1480 steps taken -- still burning in, 1229 accepted steps left.
[2 : mcmc] Progress @ 2026-06-21 12:30:29 : 1495 steps taken -- still burning in, 1256 accepted steps left.
[0 : mcmc] Progress @ 2026-06-21 12:30:29 : 1484 steps taken -- still burning in, 1205 accepted steps left.
[1 : mcmc] Progress @ 2026-06-21 12:30:46 : 1526 steps taken -- still burning in, 1198 accepted steps left.
[3 : mcmc] Progress @ 2026-06-21 12:31:28 : 1578 steps taken -- still burning in, 1215 accepted steps left.
[0 : mcmc] Progress @ 2026-06-21 12:31:34 : 1548 steps taken -- still burning in, 1195 accepted steps left.
[2 : mcmc] Progress @ 2026-06-21 12:31:37 : 1590 steps taken -- still burning in, 1241 accepted steps left.
[1 : mcmc] Progress @ 2026-06-21 12:31:46 : 1593 steps taken -- still burning in, 1190 accepted steps left.
[3 : mcmc] Progress @ 2026-06-21 12:32:28 : 1685 steps taken -- still burning in, 1198 accepted steps left.
[0 : mcmc] Progress @ 2026-06-21 12:32:41 : 1653 steps taken -- still burning in, 1180 accepted steps left.
[2 : mcmc] Progress @ 2026-06-21 12:32:42 : 1697 steps taken -- still burning in, 1219 accepted steps left.
[1 : mcmc] Progress @ 2026-06-21 12:32:48 : 1690 steps taken -- still burning in, 1171 accepted steps left.
[3 : mcmc] Progress @ 2026-06-21 12:33:28 : 1779 steps taken -- still burning in, 1183 accepted steps left.
[0 : mcmc] Progress @ 2026-06-21 12:33:41 : 1746 steps taken -- still burning in, 1169 accepted steps left.
[2 : mcmc] Progress @ 2026-06-21 12:33:46 : 1790 steps taken -- still burning in, 1204 accepted steps left.
[1 : mcmc] Progress @ 2026-06-21 12:33:48 : 1777 steps taken -- still burning in, 1155 accepted steps left.
[3 : mcmc] Progress @ 2026-06-21 12:34:34 : 1874 steps taken -- still burning in, 1169 accepted steps left.
[0 : mcmc] Progress @ 2026-06-21 12:34:49 : 1838 steps taken -- still burning in, 1161 accepted steps left.
[1 : mcmc] Progress @ 2026-06-21 12:34:49 : 1874 steps taken -- still burning in, 1134 accepted steps left.
[2 : mcmc] Progress @ 2026-06-21 12:34:54 : 1879 steps taken -- still burning in, 1189 accepted steps left.
[3 : mcmc] Progress @ 2026-06-21 12:35:34 : 1969 steps taken -- still burning in, 1158 accepted steps left.
[0 : mcmc] Progress @ 2026-06-21 12:35:49 : 1938 steps taken -- still burning in, 1143 accepted steps left.
[1 : mcmc] Progress @ 2026-06-21 12:35:50 : 1968 steps taken -- still burning in, 1113 accepted steps left.
[2 : mcmc] Progress @ 2026-06-21 12:35:54 : 1984 steps taken -- still burning in, 1170 accepted steps left.
[3 : mcmc] Progress @ 2026-06-21 12:36:40 : 2099 steps taken -- still burning in, 1136 accepted steps left.
[1 : mcmc] Progress @ 2026-06-21 12:36:50 : 2054 steps taken -- still burning in, 1101 accepted steps left.
[0 : mcmc] Progress @ 2026-06-21 12:36:52 : 2032 steps taken -- still burning in, 1130 accepted steps left.
[2 : mcmc] Progress @ 2026-06-21 12:36:54 : 2070 steps taken -- still burning in, 1154 accepted steps left.
[3 : mcmc] Progress @ 2026-06-21 12:37:41 : 2175 steps taken -- still burning in, 1125 accepted steps left.
[0 : mcmc] Progress @ 2026-06-21 12:37:52 : 2109 steps taken -- still burning in, 1112 accepted steps left.
[2 : mcmc] Progress @ 2026-06-21 12:37:58 : 2165 steps taken -- still burning in, 1142 accepted steps left.
[1 : mcmc] Progress @ 2026-06-21 12:37:58 : 2161 steps taken -- still burning in, 1084 accepted steps left.
[3 : mcmc] Progress @ 2026-06-21 12:38:44 : 2271 steps taken -- still burning in, 1104 accepted steps left.
[1 : mcmc] Progress @ 2026-06-21 12:38:59 : 2254 steps taken -- still burning in, 1074 accepted steps left.
[0 : mcmc] Progress @ 2026-06-21 12:39:00 : 2199 steps taken -- still burning in, 1098 accepted steps left.
[2 : mcmc] Progress @ 2026-06-21 12:39:02 : 2252 steps taken -- still burning in, 1127 accepted steps left.
[3 : mcmc] Progress @ 2026-06-21 12:39:46 : 2361 steps taken -- still burning in, 1085 accepted steps left.
[0 : mcmc] Progress @ 2026-06-21 12:40:00 : 2307 steps taken -- still burning in, 1080 accepted steps left.
[1 : mcmc] Progress @ 2026-06-21 12:40:06 : 2366 steps taken -- still burning in, 1054 accepted steps left.
[2 : mcmc] Progress @ 2026-06-21 12:40:09 : 2354 steps taken -- still burning in, 1107 accepted steps left.
[3 : mcmc] Progress @ 2026-06-21 12:40:54 : 2462 steps taken -- still burning in, 1066 accepted steps left.
[0 : mcmc] Progress @ 2026-06-21 12:41:03 : 2397 steps taken -- still burning in, 1057 accepted steps left.
[1 : mcmc] Progress @ 2026-06-21 12:41:06 : 2460 steps taken -- still burning in, 1044 accepted steps left.
[2 : mcmc] Progress @ 2026-06-21 12:41:10 : 2447 steps taken -- still burning in, 1091 accepted steps left.
[3 : mcmc] Progress @ 2026-06-21 12:41:54 : 2543 steps taken -- still burning in, 1056 accepted steps left.
[0 : mcmc] Progress @ 2026-06-21 12:42:03 : 2452 steps taken -- still burning in, 1051 accepted steps left.
[1 : mcmc] Progress @ 2026-06-21 12:42:06 : 2540 steps taken -- still burning in, 1032 accepted steps left.
[2 : mcmc] Progress @ 2026-06-21 12:42:13 : 2565 steps taken -- still burning in, 1071 accepted steps left.
[3 : mcmc] Progress @ 2026-06-21 12:42:55 : 2644 steps taken -- still burning in, 1034 accepted steps left.
[0 : mcmc] Progress @ 2026-06-21 12:43:05 : 2546 steps taken -- still burning in, 1033 accepted steps left.
[1 : mcmc] Progress @ 2026-06-21 12:43:07 : 2645 steps taken -- still burning in, 1008 accepted steps left.
[2 : mcmc] Progress @ 2026-06-21 12:43:13 : 2624 steps taken -- still burning in, 1058 accepted steps left.
[3 : mcmc] Progress @ 2026-06-21 12:44:00 : 2719 steps taken -- still burning in, 1022 accepted steps left.
[0 : mcmc] Progress @ 2026-06-21 12:44:06 : 2658 steps taken -- still burning in, 1016 accepted steps left.
[1 : mcmc] Progress @ 2026-06-21 12:44:15 : 2743 steps taken -- still burning in, 992 accepted steps left.
[2 : mcmc] Progress @ 2026-06-21 12:44:18 : 2717 steps taken -- still burning in, 1040 accepted steps left.
[3 : mcmc] Progress @ 2026-06-21 12:45:08 : 2839 steps taken -- still burning in, 1006 accepted steps left.
[0 : mcmc] Progress @ 2026-06-21 12:45:13 : 2756 steps taken -- still burning in, 1003 accepted steps left.
[1 : mcmc] Progress @ 2026-06-21 12:45:17 : 2832 steps taken -- still burning in, 971 accepted steps left.
[2 : mcmc] Progress @ 2026-06-21 12:45:23 : 2845 steps taken -- still burning in, 1016 accepted steps left.
[3 : mcmc] Progress @ 2026-06-21 12:46:08 : 2911 steps taken -- still burning in, 993 accepted steps left.
[0 : mcmc] Progress @ 2026-06-21 12:46:16 : 2855 steps taken -- still burning in, 985 accepted steps left.
[1 : mcmc] Progress @ 2026-06-21 12:46:17 : 2933 steps taken -- still burning in, 947 accepted steps left.
[2 : mcmc] Progress @ 2026-06-21 12:46:25 : 2930 steps taken -- still burning in, 1000 accepted steps left.
[3 : mcmc] Progress @ 2026-06-21 12:47:11 : 3012 steps taken -- still burning in, 972 accepted steps left.
[1 : mcmc] Progress @ 2026-06-21 12:47:22 : 2998 steps taken -- still burning in, 935 accepted steps left.
[0 : mcmc] Progress @ 2026-06-21 12:47:25 : 2916 steps taken -- still burning in, 967 accepted steps left.
[2 : mcmc] Progress @ 2026-06-21 12:47:28 : 3016 steps taken -- still burning in, 987 accepted steps left.
[3 : mcmc] Progress @ 2026-06-21 12:48:12 : 3099 steps taken -- still burning in, 948 accepted steps left.
[1 : mcmc] Progress @ 2026-06-21 12:48:23 : 3087 steps taken -- still burning in, 916 accepted steps left.
[0 : mcmc] Progress @ 2026-06-21 12:48:28 : 3042 steps taken -- still burning in, 937 accepted steps left.
[2 : mcmc] Progress @ 2026-06-21 12:48:29 : 3093 steps taken -- still burning in, 962 accepted steps left.
[3 : mcmc] Progress @ 2026-06-21 12:49:14 : 3172 steps taken -- still burning in, 935 accepted steps left.
[1 : mcmc] Progress @ 2026-06-21 12:49:25 : 3181 steps taken -- still burning in, 897 accepted steps left.
[0 : mcmc] Progress @ 2026-06-21 12:49:28 : 3112 steps taken -- still burning in, 919 accepted steps left.
[2 : mcmc] Progress @ 2026-06-21 12:49:34 : 3176 steps taken -- still burning in, 948 accepted steps left.
[3 : mcmc] Progress @ 2026-06-21 12:50:16 : 3279 steps taken -- still burning in, 914 accepted steps left.
[1 : mcmc] Progress @ 2026-06-21 12:50:25 : 3254 steps taken -- still burning in, 879 accepted steps left.
[0 : mcmc] Progress @ 2026-06-21 12:50:37 : 3231 steps taken -- still burning in, 901 accepted steps left.
[2 : mcmc] Progress @ 2026-06-21 12:50:39 : 3297 steps taken -- still burning in, 931 accepted steps left.
[3 : mcmc] Progress @ 2026-06-21 12:51:17 : 3352 steps taken -- still burning in, 903 accepted steps left.
[1 : mcmc] Progress @ 2026-06-21 12:51:29 : 3365 steps taken -- still burning in, 852 accepted steps left.
[0 : mcmc] Progress @ 2026-06-21 12:51:37 : 3309 steps taken -- still burning in, 888 accepted steps left.
[2 : mcmc] Progress @ 2026-06-21 12:51:39 : 3379 steps taken -- still burning in, 914 accepted steps left.
[3 : mcmc] Progress @ 2026-06-21 12:52:22 : 3453 steps taken -- still burning in, 880 accepted steps left.
[1 : mcmc] Progress @ 2026-06-21 12:52:37 : 3452 steps taken -- still burning in, 840 accepted steps left.
[0 : mcmc] Progress @ 2026-06-21 12:52:37 : 3396 steps taken -- still burning in, 868 accepted steps left.
[2 : mcmc] Progress @ 2026-06-21 12:52:41 : 3460 steps taken -- still burning in, 901 accepted steps left.
[3 : mcmc] Progress @ 2026-06-21 12:53:22 : 3553 steps taken -- still burning in, 858 accepted steps left.
[1 : mcmc] Progress @ 2026-06-21 12:53:41 : 3571 steps taken -- still burning in, 815 accepted steps left.
[0 : mcmc] Progress @ 2026-06-21 12:53:43 : 3500 steps taken -- still burning in, 844 accepted steps left.
[2 : mcmc] Progress @ 2026-06-21 12:53:43 : 3547 steps taken -- still burning in, 882 accepted steps left.
[3 : mcmc] Progress @ 2026-06-21 12:54:28 : 3639 steps taken -- still burning in, 842 accepted steps left.
[1 : mcmc] Progress @ 2026-06-21 12:54:41 : 3646 steps taken -- still burning in, 798 accepted steps left.
[0 : mcmc] Progress @ 2026-06-21 12:54:46 : 3579 steps taken -- still burning in, 835 accepted steps left.
[2 : mcmc] Progress @ 2026-06-21 12:54:46 : 3629 steps taken -- still burning in, 866 accepted steps left.
[3 : mcmc] Progress @ 2026-06-21 12:55:28 : 3743 steps taken -- still burning in, 818 accepted steps left.
[1 : mcmc] Progress @ 2026-06-21 12:55:41 : 3737 steps taken -- still burning in, 780 accepted steps left.
[2 : mcmc] Progress @ 2026-06-21 12:55:47 : 3727 steps taken -- still burning in, 853 accepted steps left.
[0 : mcmc] Progress @ 2026-06-21 12:55:49 : 3673 steps taken -- still burning in, 815 accepted steps left.
[3 : mcmc] Progress @ 2026-06-21 12:56:29 : 3826 steps taken -- still burning in, 799 accepted steps left.
[1 : mcmc] Progress @ 2026-06-21 12:56:43 : 3848 steps taken -- still burning in, 755 accepted steps left.
[0 : mcmc] Progress @ 2026-06-21 12:56:54 : 3771 steps taken -- still burning in, 798 accepted steps left.
[2 : mcmc] Progress @ 2026-06-21 12:56:56 : 3814 steps taken -- still burning in, 834 accepted steps left.
[3 : mcmc] Progress @ 2026-06-21 12:57:37 : 3926 steps taken -- still burning in, 780 accepted steps left.
[1 : mcmc] Progress @ 2026-06-21 12:57:50 : 3950 steps taken -- still burning in, 740 accepted steps left.
[2 : mcmc] Progress @ 2026-06-21 12:57:56 : 3895 steps taken -- still burning in, 811 accepted steps left.
[0 : mcmc] Progress @ 2026-06-21 12:58:01 : 3858 steps taken -- still burning in, 786 accepted steps left.
[3 : mcmc] Progress @ 2026-06-21 12:58:44 : 4015 steps taken -- still burning in, 757 accepted steps left.
[2 : mcmc] Progress @ 2026-06-21 12:58:57 : 3996 steps taken -- still burning in, 786 accepted steps left.
[1 : mcmc] Progress @ 2026-06-21 12:58:57 : 4043 steps taken -- still burning in, 720 accepted steps left.
[0 : mcmc] Progress @ 2026-06-21 12:59:06 : 3959 steps taken -- still burning in, 771 accepted steps left.
[3 : mcmc] Progress @ 2026-06-21 12:59:49 : 4117 steps taken -- still burning in, 742 accepted steps left.
[2 : mcmc] Progress @ 2026-06-21 13:00:02 : 4084 steps taken -- still burning in, 776 accepted steps left.
[1 : mcmc] Progress @ 2026-06-21 13:00:03 : 4139 steps taken -- still burning in, 704 accepted steps left.
[0 : mcmc] Progress @ 2026-06-21 13:00:09 : 4037 steps taken -- still burning in, 761 accepted steps left.
[3 : mcmc] Progress @ 2026-06-21 13:00:54 : 4219 steps taken -- still burning in, 718 accepted steps left.
[2 : mcmc] Progress @ 2026-06-21 13:01:02 : 4170 steps taken -- still burning in, 757 accepted steps left.
[1 : mcmc] Progress @ 2026-06-21 13:01:03 : 4220 steps taken -- still burning in, 684 accepted steps left.
[0 : mcmc] Progress @ 2026-06-21 13:01:09 : 4115 steps taken -- still burning in, 746 accepted steps left.
[3 : mcmc] Progress @ 2026-06-21 13:01:58 : 4322 steps taken -- still burning in, 693 accepted steps left.
[2 : mcmc] Progress @ 2026-06-21 13:02:06 : 4252 steps taken -- still burning in, 737 accepted steps left.
[1 : mcmc] Progress @ 2026-06-21 13:02:07 : 4302 steps taken -- still burning in, 665 accepted steps left.
[0 : mcmc] Progress @ 2026-06-21 13:02:18 : 4225 steps taken -- still burning in, 729 accepted steps left.
[3 : mcmc] Progress @ 2026-06-21 13:02:58 : 4424 steps taken -- still burning in, 672 accepted steps left.
[1 : mcmc] Progress @ 2026-06-21 13:03:08 : 4384 steps taken -- still burning in, 646 accepted steps left.
[2 : mcmc] Progress @ 2026-06-21 13:03:11 : 4368 steps taken -- still burning in, 713 accepted steps left.
[0 : mcmc] Progress @ 2026-06-21 13:03:21 : 4314 steps taken -- still burning in, 709 accepted steps left.
[3 : mcmc] Progress @ 2026-06-21 13:04:02 : 4521 steps taken -- still burning in, 648 accepted steps left.
[1 : mcmc] Progress @ 2026-06-21 13:04:11 : 4474 steps taken -- still burning in, 627 accepted steps left.
[2 : mcmc] Progress @ 2026-06-21 13:04:19 : 4447 steps taken -- still burning in, 704 accepted steps left.
[0 : mcmc] Progress @ 2026-06-21 13:04:22 : 4394 steps taken -- still burning in, 695 accepted steps left.
[3 : mcmc] Progress @ 2026-06-21 13:05:06 : 4635 steps taken -- still burning in, 627 accepted steps left.
[1 : mcmc] Progress @ 2026-06-21 13:05:13 : 4586 steps taken -- still burning in, 604 accepted steps left.
[2 : mcmc] Progress @ 2026-06-21 13:05:22 : 4536 steps taken -- still burning in, 683 accepted steps left.
[0 : mcmc] Progress @ 2026-06-21 13:05:25 : 4486 steps taken -- still burning in, 675 accepted steps left.
[3 : mcmc] Progress @ 2026-06-21 13:06:09 : 4736 steps taken -- still burning in, 609 accepted steps left.
[1 : mcmc] Progress @ 2026-06-21 13:06:19 : 4672 steps taken -- still burning in, 586 accepted steps left.
[2 : mcmc] Progress @ 2026-06-21 13:06:24 : 4632 steps taken -- still burning in, 665 accepted steps left.
[0 : mcmc] Progress @ 2026-06-21 13:06:27 : 4572 steps taken -- still burning in, 656 accepted steps left.
[3 : mcmc] Progress @ 2026-06-21 13:07:11 : 4820 steps taken -- still burning in, 591 accepted steps left.
[1 : mcmc] Progress @ 2026-06-21 13:07:23 : 4767 steps taken -- still burning in, 569 accepted steps left.
[0 : mcmc] Progress @ 2026-06-21 13:07:29 : 4656 steps taken -- still burning in, 641 accepted steps left.
[2 : mcmc] Progress @ 2026-06-21 13:07:32 : 4730 steps taken -- still burning in, 646 accepted steps left.
[3 : mcmc] Progress @ 2026-06-21 13:08:15 : 4937 steps taken -- still burning in, 572 accepted steps left.
[1 : mcmc] Progress @ 2026-06-21 13:08:27 : 4859 steps taken -- still burning in, 554 accepted steps left.
[2 : mcmc] Progress @ 2026-06-21 13:08:32 : 4820 steps taken -- still burning in, 629 accepted steps left.
[0 : mcmc] Progress @ 2026-06-21 13:08:32 : 4756 steps taken -- still burning in, 629 accepted steps left.
[3 : mcmc] Progress @ 2026-06-21 13:09:22 : 5016 steps taken -- still burning in, 553 accepted steps left.
[1 : mcmc] Progress @ 2026-06-21 13:09:27 : 4935 steps taken -- still burning in, 540 accepted steps left.
[0 : mcmc] Progress @ 2026-06-21 13:09:35 : 4855 steps taken -- still burning in, 608 accepted steps left.
[2 : mcmc] Progress @ 2026-06-21 13:09:37 : 4923 steps taken -- still burning in, 614 accepted steps left.
[3 : mcmc] Progress @ 2026-06-21 13:10:24 : 5119 steps taken -- still burning in, 531 accepted steps left.
[1 : mcmc] Progress @ 2026-06-21 13:10:27 : 5022 steps taken -- still burning in, 521 accepted steps left.
[0 : mcmc] Progress @ 2026-06-21 13:10:35 : 4932 steps taken -- still burning in, 590 accepted steps left.
[2 : mcmc] Progress @ 2026-06-21 13:10:39 : 5011 steps taken -- still burning in, 602 accepted steps left.
[3 : mcmc] Progress @ 2026-06-21 13:11:24 : 5215 steps taken -- still burning in, 517 accepted steps left.
[1 : mcmc] Progress @ 2026-06-21 13:11:27 : 5101 steps taken -- still burning in, 510 accepted steps left.
[0 : mcmc] Progress @ 2026-06-21 13:11:36 : 5039 steps taken -- still burning in, 570 accepted steps left.
[2 : mcmc] Progress @ 2026-06-21 13:11:40 : 5052 steps taken -- still burning in, 597 accepted steps left.
[3 : mcmc] Progress @ 2026-06-21 13:12:29 : 5296 steps taken -- still burning in, 508 accepted steps left.
[1 : mcmc] Progress @ 2026-06-21 13:12:32 : 5219 steps taken -- still burning in, 497 accepted steps left.
[0 : mcmc] Progress @ 2026-06-21 13:12:36 : 5096 steps taken -- still burning in, 560 accepted steps left.
[2 : mcmc] Progress @ 2026-06-21 13:12:40 : 5173 steps taken -- still burning in, 572 accepted steps left.
[3 : mcmc] Progress @ 2026-06-21 13:13:31 : 5387 steps taken -- still burning in, 490 accepted steps left.
[1 : mcmc] Progress @ 2026-06-21 13:13:32 : 5304 steps taken -- still burning in, 483 accepted steps left.
[0 : mcmc] Progress @ 2026-06-21 13:13:44 : 5215 steps taken -- still burning in, 535 accepted steps left.
[2 : mcmc] Progress @ 2026-06-21 13:13:47 : 5272 steps taken -- still burning in, 560 accepted steps left.
[3 : mcmc] Progress @ 2026-06-21 13:14:34 : 5489 steps taken -- still burning in, 469 accepted steps left.
[1 : mcmc] Progress @ 2026-06-21 13:14:34 : 5398 steps taken -- still burning in, 469 accepted steps left.
[0 : mcmc] Progress @ 2026-06-21 13:14:45 : 5297 steps taken -- still burning in, 518 accepted steps left.
[2 : mcmc] Progress @ 2026-06-21 13:14:50 : 5359 steps taken -- still burning in, 540 accepted steps left.
[3 : mcmc] Progress @ 2026-06-21 13:15:34 : 5570 steps taken -- still burning in, 451 accepted steps left.
[1 : mcmc] Progress @ 2026-06-21 13:15:34 : 5483 steps taken -- still burning in, 457 accepted steps left.
[0 : mcmc] Progress @ 2026-06-21 13:15:48 : 5392 steps taken -- still burning in, 504 accepted steps left.
[2 : mcmc] Progress @ 2026-06-21 13:15:55 : 5437 steps taken -- still burning in, 522 accepted steps left.
[3 : mcmc] Progress @ 2026-06-21 13:16:36 : 5651 steps taken -- still burning in, 434 accepted steps left.
[1 : mcmc] Progress @ 2026-06-21 13:16:36 : 5580 steps taken -- still burning in, 437 accepted steps left.
[0 : mcmc] Progress @ 2026-06-21 13:16:48 : 5516 steps taken -- still burning in, 482 accepted steps left.
[2 : mcmc] Progress @ 2026-06-21 13:17:02 : 5549 steps taken -- still burning in, 503 accepted steps left.
[3 : mcmc] Progress @ 2026-06-21 13:17:37 : 5730 steps taken -- still burning in, 419 accepted steps left.
[1 : mcmc] Progress @ 2026-06-21 13:17:39 : 5677 steps taken -- still burning in, 416 accepted steps left.
[0 : mcmc] Progress @ 2026-06-21 13:17:48 : 5596 steps taken -- still burning in, 473 accepted steps left.
[2 : mcmc] Progress @ 2026-06-21 13:18:04 : 5653 steps taken -- still burning in, 484 accepted steps left.
[1 : mcmc] Progress @ 2026-06-21 13:18:39 : 5770 steps taken -- still burning in, 406 accepted steps left.
[3 : mcmc] Progress @ 2026-06-21 13:18:40 : 5823 steps taken -- still burning in, 400 accepted steps left.
[0 : mcmc] Progress @ 2026-06-21 13:18:51 : 5665 steps taken -- still burning in, 462 accepted steps left.
[2 : mcmc] Progress @ 2026-06-21 13:19:07 : 5698 steps taken -- still burning in, 476 accepted steps left.
[3 : mcmc] Progress @ 2026-06-21 13:19:46 : 5932 steps taken -- still burning in, 384 accepted steps left.
[1 : mcmc] Progress @ 2026-06-21 13:19:47 : 5872 steps taken -- still burning in, 392 accepted steps left.
[0 : mcmc] Progress @ 2026-06-21 13:19:53 : 5748 steps taken -- still burning in, 455 accepted steps left.
[2 : mcmc] Progress @ 2026-06-21 13:20:08 : 5820 steps taken -- still burning in, 451 accepted steps left.
[1 : mcmc] Progress @ 2026-06-21 13:20:47 : 5972 steps taken -- still burning in, 375 accepted steps left.
[3 : mcmc] Progress @ 2026-06-21 13:20:50 : 6027 steps taken -- still burning in, 361 accepted steps left.
[0 : mcmc] Progress @ 2026-06-21 13:20:53 : 5828 steps taken -- still burning in, 435 accepted steps left.
[2 : mcmc] Progress @ 2026-06-21 13:21:08 : 5908 steps taken -- still burning in, 432 accepted steps left.
[1 : mcmc] Progress @ 2026-06-21 13:21:51 : 6065 steps taken -- still burning in, 363 accepted steps left.
[3 : mcmc] Progress @ 2026-06-21 13:21:52 : 6128 steps taken -- still burning in, 338 accepted steps left.
[0 : mcmc] Progress @ 2026-06-21 13:21:59 : 5939 steps taken -- still burning in, 407 accepted steps left.
[2 : mcmc] Progress @ 2026-06-21 13:22:14 : 5980 steps taken -- still burning in, 420 accepted steps left.
[1 : mcmc] Progress @ 2026-06-21 13:22:55 : 6163 steps taken -- still burning in, 343 accepted steps left.
[3 : mcmc] Progress @ 2026-06-21 13:22:57 : 6234 steps taken -- still burning in, 314 accepted steps left.
[0 : mcmc] Progress @ 2026-06-21 13:23:02 : 6025 steps taken -- still burning in, 389 accepted steps left.
[2 : mcmc] Progress @ 2026-06-21 13:23:17 : 6070 steps taken -- still burning in, 411 accepted steps left.
[1 : mcmc] Progress @ 2026-06-21 13:23:55 : 6257 steps taken -- still burning in, 325 accepted steps left.
[3 : mcmc] Progress @ 2026-06-21 13:24:00 : 6306 steps taken -- still burning in, 300 accepted steps left.
[0 : mcmc] Progress @ 2026-06-21 13:24:05 : 6118 steps taken -- still burning in, 371 accepted steps left.
[2 : mcmc] Progress @ 2026-06-21 13:24:22 : 6175 steps taken -- still burning in, 389 accepted steps left.
[1 : mcmc] Progress @ 2026-06-21 13:25:01 : 6337 steps taken -- still burning in, 317 accepted steps left.
[3 : mcmc] Progress @ 2026-06-21 13:25:01 : 6395 steps taken -- still burning in, 284 accepted steps left.
[0 : mcmc] Progress @ 2026-06-21 13:25:05 : 6201 steps taken -- still burning in, 353 accepted steps left.
[2 : mcmc] Progress @ 2026-06-21 13:25:26 : 6264 steps taken -- still burning in, 371 accepted steps left.
[1 : mcmc] Progress @ 2026-06-21 13:26:01 : 6443 steps taken -- still burning in, 295 accepted steps left.
[0 : mcmc] Progress @ 2026-06-21 13:26:06 : 6278 steps taken -- still burning in, 335 accepted steps left.
[3 : mcmc] Progress @ 2026-06-21 13:26:07 : 6496 steps taken -- still burning in, 264 accepted steps left.
[2 : mcmc] Progress @ 2026-06-21 13:26:30 : 6357 steps taken -- still burning in, 349 accepted steps left.
[1 : mcmc] Progress @ 2026-06-21 13:27:01 : 6524 steps taken -- still burning in, 278 accepted steps left.
[3 : mcmc] Progress @ 2026-06-21 13:27:07 : 6590 steps taken -- still burning in, 250 accepted steps left.
[0 : mcmc] Progress @ 2026-06-21 13:27:08 : 6370 steps taken -- still burning in, 314 accepted steps left.
[2 : mcmc] Progress @ 2026-06-21 13:27:30 : 6457 steps taken -- still burning in, 317 accepted steps left.
[1 : mcmc] Progress @ 2026-06-21 13:28:09 : 6615 steps taken -- still burning in, 264 accepted steps left.
[3 : mcmc] Progress @ 2026-06-21 13:28:10 : 6669 steps taken -- still burning in, 238 accepted steps left.
[0 : mcmc] Progress @ 2026-06-21 13:28:12 : 6467 steps taken -- still burning in, 299 accepted steps left.
[2 : mcmc] Progress @ 2026-06-21 13:28:33 : 6517 steps taken -- still burning in, 307 accepted steps left.
[3 : mcmc] Progress @ 2026-06-21 13:29:10 : 6767 steps taken -- still burning in, 222 accepted steps left.
[1 : mcmc] Progress @ 2026-06-21 13:29:12 : 6712 steps taken -- still burning in, 248 accepted steps left.
[0 : mcmc] Progress @ 2026-06-21 13:29:17 : 6572 steps taken -- still burning in, 280 accepted steps left.
[2 : mcmc] Progress @ 2026-06-21 13:29:37 : 6650 steps taken -- still burning in, 278 accepted steps left.
[1 : mcmc] Progress @ 2026-06-21 13:30:12 : 6821 steps taken -- still burning in, 227 accepted steps left.
[3 : mcmc] Progress @ 2026-06-21 13:30:14 : 6853 steps taken -- still burning in, 212 accepted steps left.
[0 : mcmc] Progress @ 2026-06-21 13:30:24 : 6664 steps taken -- still burning in, 257 accepted steps left.
[2 : mcmc] Progress @ 2026-06-21 13:30:41 : 6707 steps taken -- still burning in, 267 accepted steps left.
[1 : mcmc] Progress @ 2026-06-21 13:31:14 : 6889 steps taken -- still burning in, 215 accepted steps left.
[3 : mcmc] Progress @ 2026-06-21 13:31:15 : 6943 steps taken -- still burning in, 197 accepted steps left.
[0 : mcmc] Progress @ 2026-06-21 13:31:24 : 6775 steps taken -- still burning in, 233 accepted steps left.
[2 : mcmc] Progress @ 2026-06-21 13:31:41 : 6810 steps taken -- still burning in, 247 accepted steps left.
[1 : mcmc] Progress @ 2026-06-21 13:32:14 : 6971 steps taken -- still burning in, 202 accepted steps left.
[3 : mcmc] Progress @ 2026-06-21 13:32:22 : 7059 steps taken -- still burning in, 177 accepted steps left.
[0 : mcmc] Progress @ 2026-06-21 13:32:24 : 6858 steps taken -- still burning in, 214 accepted steps left.
[2 : mcmc] Progress @ 2026-06-21 13:32:41 : 6906 steps taken -- still burning in, 230 accepted steps left.
[1 : mcmc] Progress @ 2026-06-21 13:33:14 : 7088 steps taken -- still burning in, 178 accepted steps left.
[3 : mcmc] Progress @ 2026-06-21 13:33:28 : 7122 steps taken -- still burning in, 166 accepted steps left.
[0 : mcmc] Progress @ 2026-06-21 13:33:29 : 6945 steps taken -- still burning in, 199 accepted steps left.
[2 : mcmc] Progress @ 2026-06-21 13:33:44 : 6981 steps taken -- still burning in, 218 accepted steps left.
[1 : mcmc] Progress @ 2026-06-21 13:34:19 : 7165 steps taken -- still burning in, 163 accepted steps left.
[0 : mcmc] Progress @ 2026-06-21 13:34:29 : 7041 steps taken -- still burning in, 177 accepted steps left.
[3 : mcmc] Progress @ 2026-06-21 13:34:36 : 7212 steps taken -- still burning in, 149 accepted steps left.
[2 : mcmc] Progress @ 2026-06-21 13:34:44 : 7081 steps taken -- still burning in, 202 accepted steps left.
[1 : mcmc] Progress @ 2026-06-21 13:35:23 : 7277 steps taken -- still burning in, 141 accepted steps left.
[0 : mcmc] Progress @ 2026-06-21 13:35:34 : 7142 steps taken -- still burning in, 152 accepted steps left.
[3 : mcmc] Progress @ 2026-06-21 13:35:39 : 7331 steps taken -- still burning in, 119 accepted steps left.
[2 : mcmc] Progress @ 2026-06-21 13:35:51 : 7150 steps taken -- still burning in, 188 accepted steps left.
[1 : mcmc] Progress @ 2026-06-21 13:36:26 : 7341 steps taken -- still burning in, 129 accepted steps left.
[0 : mcmc] Progress @ 2026-06-21 13:36:41 : 7227 steps taken -- still burning in, 136 accepted steps left.
[3 : mcmc] Progress @ 2026-06-21 13:36:42 : 7404 steps taken -- still burning in, 110 accepted steps left.
[2 : mcmc] Progress @ 2026-06-21 13:36:51 : 7263 steps taken -- still burning in, 169 accepted steps left.
[1 : mcmc] Progress @ 2026-06-21 13:37:28 : 7436 steps taken -- still burning in, 103 accepted steps left.
[3 : mcmc] Progress @ 2026-06-21 13:37:44 : 7516 steps taken -- still burning in, 95 accepted steps left.
[0 : mcmc] Progress @ 2026-06-21 13:37:47 : 7320 steps taken -- still burning in, 118 accepted steps left.
[2 : mcmc] Progress @ 2026-06-21 13:37:56 : 7344 steps taken -- still burning in, 144 accepted steps left.
[1 : mcmc] Progress @ 2026-06-21 13:38:33 : 7551 steps taken -- still burning in, 85 accepted steps left.
[0 : mcmc] Progress @ 2026-06-21 13:38:47 : 7415 steps taken -- still burning in, 96 accepted steps left.
[3 : mcmc] Progress @ 2026-06-21 13:38:50 : 7578 steps taken -- still burning in, 87 accepted steps left.
[2 : mcmc] Progress @ 2026-06-21 13:38:56 : 7434 steps taken -- still burning in, 128 accepted steps left.
[1 : mcmc] Progress @ 2026-06-21 13:39:34 : 7615 steps taken -- still burning in, 76 accepted steps left.
[0 : mcmc] Progress @ 2026-06-21 13:39:51 : 7520 steps taken -- still burning in, 78 accepted steps left.
[3 : mcmc] Progress @ 2026-06-21 13:39:52 : 7682 steps taken -- still burning in, 62 accepted steps left.
[2 : mcmc] Progress @ 2026-06-21 13:40:01 : 7520 steps taken -- still burning in, 113 accepted steps left.
[1 : mcmc] Progress @ 2026-06-21 13:40:34 : 7711 steps taken -- still burning in, 56 accepted steps left.
[0 : mcmc] Progress @ 2026-06-21 13:40:52 : 7600 steps taken -- still burning in, 59 accepted steps left.
[3 : mcmc] Progress @ 2026-06-21 13:40:56 : 7799 steps taken -- still burning in, 40 accepted steps left.
[2 : mcmc] Progress @ 2026-06-21 13:41:07 : 7625 steps taken -- still burning in, 96 accepted steps left.
[1 : mcmc] Progress @ 2026-06-21 13:41:39 : 7822 steps taken -- still burning in, 34 accepted steps left.
[0 : mcmc] Progress @ 2026-06-21 13:41:58 : 7681 steps taken -- still burning in, 36 accepted steps left.
[3 : mcmc] Progress @ 2026-06-21 13:42:04 : 7896 steps taken -- still burning in, 22 accepted steps left.
[2 : mcmc] Progress @ 2026-06-21 13:42:13 : 7723 steps taken -- still burning in, 72 accepted steps left.
[1 : mcmc] Progress @ 2026-06-21 13:42:42 : 7917 steps taken -- still burning in, 13 accepted steps left.
[3 : mcmc] Progress @ 2026-06-21 13:43:06 : 7972 steps taken -- still burning in, 8 accepted steps left.
[0 : mcmc] Progress @ 2026-06-21 13:43:07 : 7787 steps taken -- still burning in, 15 accepted steps left.
[2 : mcmc] Progress @ 2026-06-21 13:43:13 : 7795 steps taken -- still burning in, 61 accepted steps left.
[3 : mcmc] Finished burn-in phase: discarded 500 accepted steps.
[1 : mcmc] Finished burn-in phase: discarded 500 accepted steps.
[1 : mcmc] Progress @ 2026-06-21 13:43:43 : 7996 steps taken, and 0 accepted.
[0 : mcmc] Finished burn-in phase: discarded 500 accepted steps.
[0 : mcmc] Progress @ 2026-06-21 13:44:07 : 7870 steps taken, and 4 accepted.
[3 : mcmc] Progress @ 2026-06-21 13:44:08 : 8083 steps taken, and 12 accepted.
[2 : mcmc] Progress @ 2026-06-21 13:44:18 : 7911 steps taken -- still burning in, 34 accepted steps left.
[1 : mcmc] Progress @ 2026-06-21 13:44:46 : 8071 steps taken, and 11 accepted.
[0 : mcmc] Progress @ 2026-06-21 13:45:14 : 7985 steps taken, and 23 accepted.
[3 : mcmc] Progress @ 2026-06-21 13:45:16 : 8164 steps taken, and 24 accepted.
[2 : mcmc] Progress @ 2026-06-21 13:45:18 : 7972 steps taken -- still burning in, 25 accepted steps left.
[1 : mcmc] Progress @ 2026-06-21 13:45:53 : 8163 steps taken, and 23 accepted.
[0 : mcmc] Progress @ 2026-06-21 13:46:15 : 8039 steps taken, and 27 accepted.
[3 : mcmc] Progress @ 2026-06-21 13:46:21 : 8256 steps taken, and 42 accepted.
[2 : mcmc] Progress @ 2026-06-21 13:46:24 : 8085 steps taken -- still burning in, 6 accepted steps left.
[2 : mcmc] Finished burn-in phase: discarded 500 accepted steps.
[1 : mcmc] Progress @ 2026-06-21 13:46:54 : 8275 steps taken, and 46 accepted.
[0 : mcmc] Progress @ 2026-06-21 13:47:15 : 8162 steps taken, and 45 accepted.
[3 : mcmc] Progress @ 2026-06-21 13:47:24 : 8358 steps taken, and 59 accepted.
[2 : mcmc] Progress @ 2026-06-21 13:47:26 : 8170 steps taken, and 10 accepted.
[1 : mcmc] Progress @ 2026-06-21 13:47:57 : 8357 steps taken, and 59 accepted.
[0 : mcmc] Progress @ 2026-06-21 13:48:24 : 8268 steps taken, and 59 accepted.
[2 : mcmc] Progress @ 2026-06-21 13:48:26 : 8238 steps taken, and 21 accepted.
[3 : mcmc] Progress @ 2026-06-21 13:48:29 : 8443 steps taken, and 70 accepted.
[1 : mcmc] Progress @ 2026-06-21 13:49:03 : 8452 steps taken, and 68 accepted.
[0 : mcmc] Progress @ 2026-06-21 13:49:24 : 8338 steps taken, and 74 accepted.
[2 : mcmc] Progress @ 2026-06-21 13:49:32 : 8310 steps taken, and 29 accepted.
[3 : mcmc] Progress @ 2026-06-21 13:49:34 : 8527 steps taken, and 86 accepted.
[1 : mcmc] Progress @ 2026-06-21 13:50:05 : 8518 steps taken, and 77 accepted.
[0 : mcmc] Progress @ 2026-06-21 13:50:27 : 8417 steps taken, and 86 accepted.
[2 : mcmc] Progress @ 2026-06-21 13:50:32 : 8422 steps taken, and 44 accepted.
[3 : mcmc] Progress @ 2026-06-21 13:50:40 : 8628 steps taken, and 98 accepted.
[1 : mcmc] Progress @ 2026-06-21 13:51:05 : 8630 steps taken, and 92 accepted.
[0 : mcmc] Progress @ 2026-06-21 13:51:28 : 8501 steps taken, and 102 accepted.
[2 : mcmc] Progress @ 2026-06-21 13:51:32 : 8524 steps taken, and 62 accepted.
[3 : mcmc] Progress @ 2026-06-21 13:51:42 : 8716 steps taken, and 114 accepted.
[1 : mcmc] Progress @ 2026-06-21 13:52:05 : 8709 steps taken, and 106 accepted.
[0 : mcmc] Progress @ 2026-06-21 13:52:30 : 8570 steps taken, and 110 accepted.
[2 : mcmc] Progress @ 2026-06-21 13:52:34 : 8610 steps taken, and 69 accepted.
[3 : mcmc] Progress @ 2026-06-21 13:52:42 : 8793 steps taken, and 126 accepted.
[1 : mcmc] Progress @ 2026-06-21 13:53:08 : 8801 steps taken, and 120 accepted.
[0 : mcmc] Progress @ 2026-06-21 13:53:30 : 8684 steps taken, and 128 accepted.
[2 : mcmc] Progress @ 2026-06-21 13:53:41 : 8693 steps taken, and 80 accepted.
[3 : mcmc] Progress @ 2026-06-21 13:53:48 : 8908 steps taken, and 147 accepted.
[1 : mcmc] Progress @ 2026-06-21 13:54:08 : 8904 steps taken, and 137 accepted.
[0 : mcmc] Progress @ 2026-06-21 13:54:30 : 8755 steps taken, and 139 accepted.
[2 : mcmc] Progress @ 2026-06-21 13:54:41 : 8789 steps taken, and 97 accepted.
[3 : mcmc] Progress @ 2026-06-21 13:54:54 : 9023 steps taken, and 163 accepted.
[1 : mcmc] Progress @ 2026-06-21 13:55:15 : 8977 steps taken, and 150 accepted.
[0 : mcmc] Progress @ 2026-06-21 13:55:37 : 8843 steps taken, and 153 accepted.
[2 : mcmc] Progress @ 2026-06-21 13:55:41 : 8900 steps taken, and 114 accepted.
[3 : mcmc] Progress @ 2026-06-21 13:55:58 : 9097 steps taken, and 173 accepted.
[1 : mcmc] Progress @ 2026-06-21 13:56:22 : 9089 steps taken, and 168 accepted.
[0 : mcmc] Progress @ 2026-06-21 13:56:45 : 8953 steps taken, and 167 accepted.
[2 : mcmc] Progress @ 2026-06-21 13:56:50 : 8981 steps taken, and 125 accepted.
[3 : mcmc] Progress @ 2026-06-21 13:56:59 : 9202 steps taken, and 186 accepted.
[1 : mcmc] Progress @ 2026-06-21 13:57:22 : 9168 steps taken, and 175 accepted.
[0 : mcmc] Progress @ 2026-06-21 13:57:52 : 9073 steps taken, and 185 accepted.
[2 : mcmc] Progress @ 2026-06-21 13:57:53 : 9078 steps taken, and 138 accepted.
[3 : mcmc] Progress @ 2026-06-21 13:57:59 : 9321 steps taken, and 202 accepted.
[1 : mcmc] Progress @ 2026-06-21 13:58:26 : 9268 steps taken, and 194 accepted.
[0 : mcmc] Progress @ 2026-06-21 13:58:54 : 9137 steps taken, and 190 accepted.
[2 : mcmc] Progress @ 2026-06-21 13:58:57 : 9178 steps taken, and 153 accepted.
[3 : mcmc] Progress @ 2026-06-21 13:59:01 : 9361 steps taken, and 209 accepted.
[1 : mcmc] Progress @ 2026-06-21 13:59:26 : 9370 steps taken, and 211 accepted.
[2 : mcmc] Progress @ 2026-06-21 13:59:57 : 9261 steps taken, and 170 accepted.
[0 : mcmc] Progress @ 2026-06-21 14:00:02 : 9249 steps taken, and 207 accepted.
[3 : mcmc] Progress @ 2026-06-21 14:00:04 : 9472 steps taken, and 228 accepted.
[1 : mcmc] Progress @ 2026-06-21 14:00:33 : 9462 steps taken, and 222 accepted.
[2 : mcmc] Progress @ 2026-06-21 14:01:01 : 9345 steps taken, and 188 accepted.
[0 : mcmc] Progress @ 2026-06-21 14:01:02 : 9323 steps taken, and 216 accepted.
[3 : mcmc] Progress @ 2026-06-21 14:01:12 : 9564 steps taken, and 241 accepted.
[1 : mcmc] Progress @ 2026-06-21 14:01:33 : 9558 steps taken, and 240 accepted.
[0 : mcmc] Progress @ 2026-06-21 14:02:02 : 9423 steps taken, and 224 accepted.
[2 : mcmc] Progress @ 2026-06-21 14:02:03 : 9435 steps taken, and 208 accepted.
[3 : mcmc] Progress @ 2026-06-21 14:02:15 : 9672 steps taken, and 259 accepted.
[1 : mcmc] Progress @ 2026-06-21 14:02:38 : 9659 steps taken, and 251 accepted.
[2 : mcmc] Progress @ 2026-06-21 14:03:06 : 9526 steps taken, and 222 accepted.
[0 : mcmc] Progress @ 2026-06-21 14:03:06 : 9497 steps taken, and 234 accepted.
[3 : mcmc] Progress @ 2026-06-21 14:03:18 : 9769 steps taken, and 269 accepted.
[1 : mcmc] Progress @ 2026-06-21 14:03:45 : 9755 steps taken, and 270 accepted.
[0 : mcmc] Progress @ 2026-06-21 14:04:06 : 9602 steps taken, and 253 accepted.
[2 : mcmc] Progress @ 2026-06-21 14:04:14 : 9623 steps taken, and 236 accepted.
[3 : mcmc] Progress @ 2026-06-21 14:04:23 : 9858 steps taken, and 279 accepted.
[1 : mcmc] Progress @ 2026-06-21 14:04:49 : 9851 steps taken, and 287 accepted.
[0 : mcmc] Progress @ 2026-06-21 14:05:07 : 9677 steps taken, and 269 accepted.
[2 : mcmc] Progress @ 2026-06-21 14:05:14 : 9702 steps taken, and 249 accepted.
[3 : mcmc] Progress @ 2026-06-21 14:05:27 : 9965 steps taken, and 297 accepted.
[1 : mcmc] Progress @ 2026-06-21 14:05:50 : 9953 steps taken, and 296 accepted.
[0 : mcmc] Progress @ 2026-06-21 14:06:07 : 9764 steps taken, and 282 accepted.
[2 : mcmc] Progress @ 2026-06-21 14:06:19 : 9809 steps taken, and 266 accepted.
[3 : mcmc] Progress @ 2026-06-21 14:06:28 : 10065 steps taken, and 309 accepted.
[1 : mcmc] Progress @ 2026-06-21 14:06:53 : 10022 steps taken, and 306 accepted.
[0 : mcmc] Progress @ 2026-06-21 14:07:08 : 9848 steps taken, and 297 accepted.
[2 : mcmc] Progress @ 2026-06-21 14:07:19 : 9881 steps taken, and 276 accepted.
[3 : mcmc] Progress @ 2026-06-21 14:07:30 : 10137 steps taken, and 320 accepted.
[1 : mcmc] Progress @ 2026-06-21 14:08:00 : 10133 steps taken, and 325 accepted.
[0 : mcmc] Progress @ 2026-06-21 14:08:10 : 9952 steps taken, and 311 accepted.
[2 : mcmc] Progress @ 2026-06-21 14:08:26 : 9990 steps taken, and 293 accepted.
[3 : mcmc] Progress @ 2026-06-21 14:08:31 : 10259 steps taken, and 336 accepted.
[1 : mcmc] Progress @ 2026-06-21 14:09:07 : 10258 steps taken, and 351 accepted.
[0 : mcmc] Progress @ 2026-06-21 14:09:14 : 10047 steps taken, and 327 accepted.
[2 : mcmc] Progress @ 2026-06-21 14:09:27 : 10070 steps taken, and 303 accepted.
[3 : mcmc] Progress @ 2026-06-21 14:09:32 : 10341 steps taken, and 346 accepted.
[1 : mcmc] Progress @ 2026-06-21 14:10:14 : 10304 steps taken, and 358 accepted.
[0 : mcmc] Progress @ 2026-06-21 14:10:20 : 10112 steps taken, and 335 accepted.
[2 : mcmc] Progress @ 2026-06-21 14:10:27 : 10165 steps taken, and 323 accepted.
[3 : mcmc] Progress @ 2026-06-21 14:10:32 : 10442 steps taken, and 357 accepted.
[1 : mcmc] Progress @ 2026-06-21 14:11:20 : 10428 steps taken, and 375 accepted.
[0 : mcmc] Progress @ 2026-06-21 14:11:26 : 10220 steps taken, and 353 accepted.
[2 : mcmc] Progress @ 2026-06-21 14:11:29 : 10254 steps taken, and 337 accepted.
[3 : mcmc] Progress @ 2026-06-21 14:11:33 : 10527 steps taken, and 368 accepted.
[1 : mcmc] Progress @ 2026-06-21 14:12:20 : 10508 steps taken, and 387 accepted.
[0 : mcmc] Progress @ 2026-06-21 14:12:30 : 10319 steps taken, and 367 accepted.
[2 : mcmc] Progress @ 2026-06-21 14:12:31 : 10343 steps taken, and 352 accepted.
[3 : mcmc] Progress @ 2026-06-21 14:12:36 : 10620 steps taken, and 383 accepted.
[1 : mcmc] Progress @ 2026-06-21 14:13:24 : 10615 steps taken, and 400 accepted.
[2 : mcmc] Progress @ 2026-06-21 14:13:35 : 10432 steps taken, and 367 accepted.
[3 : mcmc] Progress @ 2026-06-21 14:13:36 : 10697 steps taken, and 396 accepted.
[0 : mcmc] Progress @ 2026-06-21 14:13:38 : 10407 steps taken, and 379 accepted.
[1 : mcmc] Progress @ 2026-06-21 14:14:25 : 10677 steps taken, and 412 accepted.
[2 : mcmc] Progress @ 2026-06-21 14:14:36 : 10511 steps taken, and 381 accepted.
[3 : mcmc] Progress @ 2026-06-21 14:14:38 : 10791 steps taken, and 410 accepted.
[0 : mcmc] Progress @ 2026-06-21 14:14:44 : 10507 steps taken, and 393 accepted.
[1 : mcmc] Progress @ 2026-06-21 14:15:26 : 10768 steps taken, and 427 accepted.
[3 : mcmc] Progress @ 2026-06-21 14:15:38 : 10875 steps taken, and 420 accepted.
[2 : mcmc] Progress @ 2026-06-21 14:15:40 : 10614 steps taken, and 396 accepted.
[0 : mcmc] Progress @ 2026-06-21 14:15:49 : 10605 steps taken, and 413 accepted.
[1 : mcmc] Progress @ 2026-06-21 14:16:28 : 10874 steps taken, and 445 accepted.
[3 : mcmc] Progress @ 2026-06-21 14:16:39 : 10966 steps taken, and 437 accepted.
[2 : mcmc] Progress @ 2026-06-21 14:16:41 : 10708 steps taken, and 408 accepted.
[0 : mcmc] Progress @ 2026-06-21 14:16:51 : 10697 steps taken, and 433 accepted.
[1 : mcmc] Progress @ 2026-06-21 14:17:33 : 10970 steps taken, and 461 accepted.
[2 : mcmc] Progress @ 2026-06-21 14:17:41 : 10793 steps taken, and 420 accepted.
[3 : mcmc] Progress @ 2026-06-21 14:17:43 : 11064 steps taken, and 453 accepted.
[0 : mcmc] Progress @ 2026-06-21 14:17:56 : 10796 steps taken, and 449 accepted.
[1 : mcmc] Progress @ 2026-06-21 14:18:39 : 11063 steps taken, and 468 accepted.
[3 : mcmc] Progress @ 2026-06-21 14:18:43 : 11184 steps taken, and 471 accepted.
[2 : mcmc] Progress @ 2026-06-21 14:18:44 : 10882 steps taken, and 433 accepted.
[0 : mcmc] Progress @ 2026-06-21 14:18:57 : 10872 steps taken, and 460 accepted.
[1 : mcmc] Progress @ 2026-06-21 14:19:39 : 11142 steps taken, and 482 accepted.
[2 : mcmc] Progress @ 2026-06-21 14:19:48 : 10980 steps taken, and 448 accepted.
[3 : mcmc] Progress @ 2026-06-21 14:19:49 : 11258 steps taken, and 483 accepted.
[0 : mcmc] Progress @ 2026-06-21 14:20:02 : 10976 steps taken, and 478 accepted.
[1 : mcmc] Progress @ 2026-06-21 14:20:43 : 11230 steps taken, and 497 accepted.
[2 : mcmc] Progress @ 2026-06-21 14:20:49 : 11063 steps taken, and 456 accepted.
[3 : mcmc] Progress @ 2026-06-21 14:20:49 : 11375 steps taken, and 503 accepted.
[0 : mcmc] Progress @ 2026-06-21 14:21:06 : 11069 steps taken, and 493 accepted.
[1 : mcmc] Progress @ 2026-06-21 14:21:47 : 11335 steps taken, and 510 accepted.
[2 : mcmc] Progress @ 2026-06-21 14:21:51 : 11153 steps taken, and 468 accepted.
[3 : mcmc] Progress @ 2026-06-21 14:21:53 : 11433 steps taken, and 514 accepted.
[0 : mcmc] Progress @ 2026-06-21 14:22:06 : 11147 steps taken, and 504 accepted.
[1 : mcmc] Progress @ 2026-06-21 14:22:47 : 11416 steps taken, and 526 accepted.
[2 : mcmc] Progress @ 2026-06-21 14:22:52 : 11236 steps taken, and 476 accepted.
[3 : mcmc] Progress @ 2026-06-21 14:22:55 : 11546 steps taken, and 537 accepted.
[0 : mcmc] Progress @ 2026-06-21 14:23:09 : 11239 steps taken, and 518 accepted.
[1 : mcmc] Progress @ 2026-06-21 14:23:51 : 11517 steps taken, and 542 accepted.
[3 : mcmc] Progress @ 2026-06-21 14:23:55 : 11623 steps taken, and 547 accepted.
[2 : mcmc] Progress @ 2026-06-21 14:23:56 : 11336 steps taken, and 492 accepted.
[0 : mcmc] Progress @ 2026-06-21 14:24:09 : 11319 steps taken, and 531 accepted.
[1 : mcmc] Progress @ 2026-06-21 14:24:52 : 11596 steps taken, and 556 accepted.
[2 : mcmc] Progress @ 2026-06-21 14:24:59 : 11430 steps taken, and 506 accepted.
[3 : mcmc] Progress @ 2026-06-21 14:25:01 : 11730 steps taken, and 560 accepted.
[0 : mcmc] Progress @ 2026-06-21 14:25:17 : 11434 steps taken, and 546 accepted.
[1 : mcmc] Progress @ 2026-06-21 14:25:57 : 11695 steps taken, and 572 accepted.
[2 : mcmc] Progress @ 2026-06-21 14:26:04 : 11516 steps taken, and 522 accepted.
[3 : mcmc] Progress @ 2026-06-21 14:26:04 : 11830 steps taken, and 582 accepted.
[0 : mcmc] Progress @ 2026-06-21 14:26:22 : 11529 steps taken, and 558 accepted.
[1 : mcmc] Progress @ 2026-06-21 14:26:57 : 11778 steps taken, and 582 accepted.
[3 : mcmc] Progress @ 2026-06-21 14:27:07 : 11915 steps taken, and 591 accepted.
[2 : mcmc] Progress @ 2026-06-21 14:27:09 : 11608 steps taken, and 536 accepted.
[0 : mcmc] Progress @ 2026-06-21 14:27:28 : 11625 steps taken, and 567 accepted.
[1 : mcmc] Progress @ 2026-06-21 14:27:57 : 11872 steps taken, and 597 accepted.
[3 : mcmc] Progress @ 2026-06-21 14:28:07 : 11994 steps taken, and 602 accepted.
[2 : mcmc] Progress @ 2026-06-21 14:28:12 : 11692 steps taken, and 543 accepted.
[0 : mcmc] Progress @ 2026-06-21 14:28:32 : 11704 steps taken, and 580 accepted.
[1 : mcmc] Progress @ 2026-06-21 14:28:57 : 11960 steps taken, and 613 accepted.
[3 : mcmc] Progress @ 2026-06-21 14:29:07 : 12072 steps taken, and 615 accepted.
[2 : mcmc] Progress @ 2026-06-21 14:29:14 : 11781 steps taken, and 557 accepted.
[0 : mcmc] Progress @ 2026-06-21 14:29:32 : 11804 steps taken, and 593 accepted.
[1 : mcmc] Progress @ 2026-06-21 14:30:00 : 12057 steps taken, and 627 accepted.
[3 : mcmc] Progress @ 2026-06-21 14:30:07 : 12178 steps taken, and 628 accepted.
[2 : mcmc] Progress @ 2026-06-21 14:30:17 : 11874 steps taken, and 574 accepted.
[0 : mcmc] Progress @ 2026-06-21 14:30:33 : 11910 steps taken, and 607 accepted.
[1 : mcmc] Progress @ 2026-06-21 14:31:02 : 12139 steps taken, and 635 accepted.
[3 : mcmc] Progress @ 2026-06-21 14:31:07 : 12273 steps taken, and 636 accepted.
[2 : mcmc] Progress @ 2026-06-21 14:31:17 : 11949 steps taken, and 589 accepted.
[0 : mcmc] Progress @ 2026-06-21 14:31:35 : 11998 steps taken, and 623 accepted.
[1 : mcmc] Progress @ 2026-06-21 14:32:02 : 12216 steps taken, and 648 accepted.
[3 : mcmc] Progress @ 2026-06-21 14:32:10 : 12348 steps taken, and 645 accepted.
[2 : mcmc] Progress @ 2026-06-21 14:32:17 : 12027 steps taken, and 598 accepted.
[0 : mcmc] Progress @ 2026-06-21 14:32:36 : 12089 steps taken, and 637 accepted.
[1 : mcmc] Progress @ 2026-06-21 14:33:02 : 12292 steps taken, and 659 accepted.
[3 : mcmc] Progress @ 2026-06-21 14:33:15 : 12427 steps taken, and 653 accepted.
[2 : mcmc] Progress @ 2026-06-21 14:33:19 : 12104 steps taken, and 610 accepted.
[0 : mcmc] Progress @ 2026-06-21 14:33:39 : 12167 steps taken, and 654 accepted.
[1 : mcmc] Progress @ 2026-06-21 14:34:02 : 12417 steps taken, and 678 accepted.
[3 : mcmc] Progress @ 2026-06-21 14:34:23 : 12526 steps taken, and 667 accepted.
[2 : mcmc] Progress @ 2026-06-21 14:34:27 : 12228 steps taken, and 629 accepted.
[0 : mcmc] Progress @ 2026-06-21 14:34:40 : 12276 steps taken, and 666 accepted.
[1 : mcmc] Progress @ 2026-06-21 14:35:04 : 12489 steps taken, and 688 accepted.
[3 : mcmc] Progress @ 2026-06-21 14:35:26 : 12612 steps taken, and 679 accepted.
[2 : mcmc] Progress @ 2026-06-21 14:35:31 : 12324 steps taken, and 642 accepted.
[0 : mcmc] Progress @ 2026-06-21 14:35:41 : 12350 steps taken, and 680 accepted.
[1 : mcmc] Progress @ 2026-06-21 14:36:11 : 12594 steps taken, and 707 accepted.
[3 : mcmc] Progress @ 2026-06-21 14:36:26 : 12731 steps taken, and 700 accepted.
[2 : mcmc] Progress @ 2026-06-21 14:36:34 : 12415 steps taken, and 653 accepted.
[0 : mcmc] Progress @ 2026-06-21 14:36:41 : 12430 steps taken, and 693 accepted.
[1 : mcmc] Progress @ 2026-06-21 14:37:11 : 12678 steps taken, and 723 accepted.
[3 : mcmc] Progress @ 2026-06-21 14:37:31 : 12803 steps taken, and 712 accepted.
[2 : mcmc] Progress @ 2026-06-21 14:37:37 : 12510 steps taken, and 666 accepted.
[0 : mcmc] Progress @ 2026-06-21 14:37:41 : 12534 steps taken, and 712 accepted.
[1 : mcmc] Progress @ 2026-06-21 14:38:11 : 12763 steps taken, and 739 accepted.
[3 : mcmc] Progress @ 2026-06-21 14:38:31 : 12924 steps taken, and 729 accepted.
[2 : mcmc] Progress @ 2026-06-21 14:38:38 : 12586 steps taken, and 678 accepted.
[0 : mcmc] Progress @ 2026-06-21 14:38:41 : 12633 steps taken, and 723 accepted.
[1 : mcmc] Progress @ 2026-06-21 14:39:16 : 12868 steps taken, and 753 accepted.
[3 : mcmc] Progress @ 2026-06-21 14:39:35 : 12995 steps taken, and 737 accepted.
[2 : mcmc] Progress @ 2026-06-21 14:39:40 : 12677 steps taken, and 692 accepted.
[0 : mcmc] Progress @ 2026-06-21 14:39:44 : 12725 steps taken, and 737 accepted.
[1 : mcmc] Progress @ 2026-06-21 14:40:16 : 12946 steps taken, and 763 accepted.
[3 : mcmc] Progress @ 2026-06-21 14:40:41 : 13108 steps taken, and 755 accepted.
[2 : mcmc] Progress @ 2026-06-21 14:40:44 : 12763 steps taken, and 706 accepted.
[0 : mcmc] Progress @ 2026-06-21 14:40:52 : 12805 steps taken, and 748 accepted.
[1 : mcmc] Progress @ 2026-06-21 14:41:17 : 13020 steps taken, and 777 accepted.
[3 : mcmc] Progress @ 2026-06-21 14:41:44 : 13191 steps taken, and 773 accepted.
[2 : mcmc] Progress @ 2026-06-21 14:41:49 : 12858 steps taken, and 725 accepted.
[0 : mcmc] Progress @ 2026-06-21 14:41:58 : 12916 steps taken, and 765 accepted.
[1 : mcmc] Progress @ 2026-06-21 14:42:17 : 13124 steps taken, and 795 accepted.
[3 : mcmc] Progress @ 2026-06-21 14:42:49 : 13261 steps taken, and 780 accepted.
[2 : mcmc] Progress @ 2026-06-21 14:42:56 : 12955 steps taken, and 742 accepted.
[0 : mcmc] Progress @ 2026-06-21 14:42:58 : 13014 steps taken, and 778 accepted.
[1 : mcmc] Progress @ 2026-06-21 14:43:18 : 13206 steps taken, and 803 accepted.
[3 : mcmc] Progress @ 2026-06-21 14:43:57 : 13382 steps taken, and 800 accepted.
[2 : mcmc] Progress @ 2026-06-21 14:43:58 : 13041 steps taken, and 754 accepted.
[0 : mcmc] Progress @ 2026-06-21 14:43:59 : 13077 steps taken, and 792 accepted.
[1 : mcmc] Progress @ 2026-06-21 14:44:18 : 13281 steps taken, and 816 accepted.
[3 : mcmc] Progress @ 2026-06-21 14:44:57 : 13467 steps taken, and 817 accepted.
[2 : mcmc] Progress @ 2026-06-21 14:44:58 : 13118 steps taken, and 764 accepted.
[0 : mcmc] Progress @ 2026-06-21 14:45:03 : 13177 steps taken, and 810 accepted.
[1 : mcmc] Progress @ 2026-06-21 14:45:18 : 13374 steps taken, and 835 accepted.
[3 : mcmc] Progress @ 2026-06-21 14:45:57 : 13572 steps taken, and 829 accepted.
[2 : mcmc] Progress @ 2026-06-21 14:46:03 : 13222 steps taken, and 780 accepted.
[0 : mcmc] Progress @ 2026-06-21 14:46:06 : 13263 steps taken, and 821 accepted.
[1 : mcmc] Progress @ 2026-06-21 14:46:18 : 13464 steps taken, and 849 accepted.
[3 : mcmc] Progress @ 2026-06-21 14:46:57 : 13654 steps taken, and 840 accepted.
[2 : mcmc] Progress @ 2026-06-21 14:47:03 : 13300 steps taken, and 788 accepted.
[0 : mcmc] Progress @ 2026-06-21 14:47:07 : 13367 steps taken, and 841 accepted.
[1 : mcmc] Progress @ 2026-06-21 14:47:19 : 13554 steps taken, and 860 accepted.
[3 : mcmc] Progress @ 2026-06-21 14:47:58 : 13753 steps taken, and 853 accepted.
[0 : mcmc] Progress @ 2026-06-21 14:48:07 : 13449 steps taken, and 850 accepted.
[2 : mcmc] Progress @ 2026-06-21 14:48:08 : 13407 steps taken, and 808 accepted.
[1 : mcmc] Progress @ 2026-06-21 14:48:25 : 13679 steps taken, and 874 accepted.
[3 : mcmc] Progress @ 2026-06-21 14:48:59 : 13821 steps taken, and 865 accepted.
[0 : mcmc] Progress @ 2026-06-21 14:49:08 : 13540 steps taken, and 862 accepted.
[2 : mcmc] Progress @ 2026-06-21 14:49:09 : 13481 steps taken, and 817 accepted.
[1 : mcmc] Progress @ 2026-06-21 14:49:26 : 13769 steps taken, and 890 accepted.
[3 : mcmc] Progress @ 2026-06-21 14:50:00 : 13910 steps taken, and 881 accepted.
[2 : mcmc] Progress @ 2026-06-21 14:50:10 : 13566 steps taken, and 830 accepted.
[0 : mcmc] Progress @ 2026-06-21 14:50:11 : 13615 steps taken, and 872 accepted.
[1 : mcmc] Progress @ 2026-06-21 14:50:33 : 13867 steps taken, and 905 accepted.
[3 : mcmc] Progress @ 2026-06-21 14:51:00 : 13987 steps taken, and 889 accepted.
[2 : mcmc] Progress @ 2026-06-21 14:51:12 : 13658 steps taken, and 843 accepted.
[0 : mcmc] Progress @ 2026-06-21 14:51:13 : 13702 steps taken, and 885 accepted.
[1 : mcmc] Progress @ 2026-06-21 14:51:39 : 13972 steps taken, and 912 accepted.
[3 : mcmc] Progress @ 2026-06-21 14:52:04 : 14086 steps taken, and 909 accepted.
[0 : mcmc] Progress @ 2026-06-21 14:52:14 : 13804 steps taken, and 903 accepted.
[2 : mcmc] Progress @ 2026-06-21 14:52:15 : 13749 steps taken, and 859 accepted.
[1 : mcmc] Progress @ 2026-06-21 14:52:42 : 14066 steps taken, and 927 accepted.
[3 : mcmc] Progress @ 2026-06-21 14:53:10 : 14170 steps taken, and 925 accepted.
[0 : mcmc] Progress @ 2026-06-21 14:53:17 : 13875 steps taken, and 916 accepted.
[2 : mcmc] Progress @ 2026-06-21 14:53:20 : 13854 steps taken, and 878 accepted.
[1 : mcmc] Progress @ 2026-06-21 14:53:47 : 14156 steps taken, and 938 accepted.
[3 : mcmc] Progress @ 2026-06-21 14:54:16 : 14277 steps taken, and 945 accepted.
[2 : mcmc] Progress @ 2026-06-21 14:54:20 : 13940 steps taken, and 892 accepted.
[0 : mcmc] Progress @ 2026-06-21 14:54:21 : 13974 steps taken, and 931 accepted.
[1 : mcmc] Progress @ 2026-06-21 14:54:51 : 14256 steps taken, and 957 accepted.
[3 : mcmc] Progress @ 2026-06-21 14:55:21 : 14377 steps taken, and 957 accepted.
[0 : mcmc] Progress @ 2026-06-21 14:55:21 : 14078 steps taken, and 951 accepted.
[2 : mcmc] Progress @ 2026-06-21 14:55:24 : 14035 steps taken, and 911 accepted.
[1 : mcmc] Progress @ 2026-06-21 14:55:51 : 14346 steps taken, and 971 accepted.
[3 : mcmc] Progress @ 2026-06-21 14:56:21 : 14458 steps taken, and 971 accepted.
[0 : mcmc] Progress @ 2026-06-21 14:56:22 : 14138 steps taken, and 956 accepted.
[2 : mcmc] Progress @ 2026-06-21 14:56:25 : 14116 steps taken, and 921 accepted.
[1 : mcmc] Progress @ 2026-06-21 14:56:55 : 14435 steps taken, and 984 accepted.
[3 : mcmc] Progress @ 2026-06-21 14:57:21 : 14561 steps taken, and 985 accepted.
[0 : mcmc] Progress @ 2026-06-21 14:57:28 : 14247 steps taken, and 977 accepted.
[2 : mcmc] Progress @ 2026-06-21 14:57:28 : 14209 steps taken, and 936 accepted.
[1 : mcmc] Progress @ 2026-06-21 14:57:59 : 14539 steps taken, and 996 accepted.
[3 : mcmc] Progress @ 2026-06-21 14:58:26 : 14657 steps taken, and 1001 accepted.
[2 : mcmc] Progress @ 2026-06-21 14:58:30 : 14306 steps taken, and 952 accepted.
[0 : mcmc] Progress @ 2026-06-21 14:58:35 : 14350 steps taken, and 991 accepted.
[1 : mcmc] Progress @ 2026-06-21 14:59:04 : 14596 steps taken, and 1005 accepted.
[3 : mcmc] Progress @ 2026-06-21 14:59:26 : 14739 steps taken, and 1012 accepted.
[2 : mcmc] Progress @ 2026-06-21 14:59:30 : 14387 steps taken, and 963 accepted.
[0 : mcmc] Progress @ 2026-06-21 14:59:40 : 14435 steps taken, and 1006 accepted.
[1 : mcmc] Progress @ 2026-06-21 15:00:04 : 14717 steps taken, and 1020 accepted.
[3 : mcmc] Progress @ 2026-06-21 15:00:27 : 14806 steps taken, and 1023 accepted.
[2 : mcmc] Progress @ 2026-06-21 15:00:33 : 14480 steps taken, and 972 accepted.
[0 : mcmc] Progress @ 2026-06-21 15:00:42 : 14515 steps taken, and 1020 accepted.
[1 : mcmc] Progress @ 2026-06-21 15:01:08 : 14819 steps taken, and 1038 accepted.
[3 : mcmc] Progress @ 2026-06-21 15:01:27 : 14905 steps taken, and 1043 accepted.
[2 : mcmc] Progress @ 2026-06-21 15:01:34 : 14580 steps taken, and 985 accepted.
[0 : mcmc] Progress @ 2026-06-21 15:01:43 : 14645 steps taken, and 1029 accepted.
[1 : mcmc] Progress @ 2026-06-21 15:02:15 : 14918 steps taken, and 1051 accepted.
[2 : mcmc] Progress @ 2026-06-21 15:02:34 : 14677 steps taken, and 1000 accepted.
[3 : mcmc] Progress @ 2026-06-21 15:02:35 : 15007 steps taken, and 1062 accepted.
[0 : mcmc] Progress @ 2026-06-21 15:02:45 : 14740 steps taken, and 1042 accepted.
[1 : mcmc] Progress @ 2026-06-21 15:03:23 : 15018 steps taken, and 1063 accepted.
[3 : mcmc] Progress @ 2026-06-21 15:03:35 : 15117 steps taken, and 1071 accepted.
[2 : mcmc] Progress @ 2026-06-21 15:03:43 : 14767 steps taken, and 1014 accepted.
[0 : mcmc] Progress @ 2026-06-21 15:03:48 : 14839 steps taken, and 1057 accepted.
[1 : mcmc] Progress @ 2026-06-21 15:04:26 : 15119 steps taken, and 1081 accepted.
[3 : mcmc] Progress @ 2026-06-21 15:04:42 : 15182 steps taken, and 1082 accepted.
[2 : mcmc] Progress @ 2026-06-21 15:04:43 : 14877 steps taken, and 1031 accepted.
[0 : mcmc] Progress @ 2026-06-21 15:04:48 : 14925 steps taken, and 1071 accepted.
[1 : mcmc] Progress @ 2026-06-21 15:05:27 : 15206 steps taken, and 1093 accepted.
[2 : mcmc] Progress @ 2026-06-21 15:05:43 : 14964 steps taken, and 1042 accepted.
[3 : mcmc] Progress @ 2026-06-21 15:05:49 : 15298 steps taken, and 1099 accepted.
[0 : mcmc] Progress @ 2026-06-21 15:05:51 : 15018 steps taken, and 1089 accepted.
[1 : mcmc] Progress @ 2026-06-21 15:06:28 : 15290 steps taken, and 1106 accepted.
[2 : mcmc] Progress @ 2026-06-21 15:06:44 : 15056 steps taken, and 1049 accepted.
[3 : mcmc] Progress @ 2026-06-21 15:06:52 : 15395 steps taken, and 1114 accepted.
[0 : mcmc] Progress @ 2026-06-21 15:06:56 : 15077 steps taken, and 1099 accepted.
[1 : mcmc] Progress @ 2026-06-21 15:07:30 : 15387 steps taken, and 1119 accepted.
[2 : mcmc] Progress @ 2026-06-21 15:07:47 : 15182 steps taken, and 1064 accepted.
[3 : mcmc] Progress @ 2026-06-21 15:07:54 : 15486 steps taken, and 1127 accepted.
[0 : mcmc] Progress @ 2026-06-21 15:07:58 : 15200 steps taken, and 1115 accepted.
[1 : mcmc] Progress @ 2026-06-21 15:08:33 : 15476 steps taken, and 1130 accepted.
[2 : mcmc] Progress @ 2026-06-21 15:08:53 : 15282 steps taken, and 1075 accepted.
[3 : mcmc] Progress @ 2026-06-21 15:08:57 : 15580 steps taken, and 1142 accepted.
[0 : mcmc] Progress @ 2026-06-21 15:09:02 : 15275 steps taken, and 1125 accepted.
[1 : mcmc] Progress @ 2026-06-21 15:09:33 : 15567 steps taken, and 1140 accepted.
[3 : mcmc] Progress @ 2026-06-21 15:09:58 : 15667 steps taken, and 1157 accepted.
[2 : mcmc] Progress @ 2026-06-21 15:09:58 : 15345 steps taken, and 1084 accepted.
[0 : mcmc] Progress @ 2026-06-21 15:10:04 : 15387 steps taken, and 1144 accepted.
[1 : mcmc] Progress @ 2026-06-21 15:10:33 : 15658 steps taken, and 1150 accepted.
[2 : mcmc] Progress @ 2026-06-21 15:11:02 : 15454 steps taken, and 1103 accepted.
[3 : mcmc] Progress @ 2026-06-21 15:11:03 : 15795 steps taken, and 1174 accepted.
[0 : mcmc] Progress @ 2026-06-21 15:11:05 : 15473 steps taken, and 1153 accepted.
[1 : mcmc] Progress @ 2026-06-21 15:11:33 : 15757 steps taken, and 1160 accepted.
[2 : mcmc] Progress @ 2026-06-21 15:12:02 : 15550 steps taken, and 1119 accepted.
[3 : mcmc] Progress @ 2026-06-21 15:12:04 : 15873 steps taken, and 1187 accepted.
[0 : mcmc] Progress @ 2026-06-21 15:12:07 : 15559 steps taken, and 1162 accepted.
[1 : mcmc] Progress @ 2026-06-21 15:12:35 : 15848 steps taken, and 1173 accepted.
[2 : mcmc] Progress @ 2026-06-21 15:13:02 : 15634 steps taken, and 1127 accepted.
[3 : mcmc] Learn + convergence test @ 1200 samples accepted.
[3 : mcmc] Ready to check convergence and learn a new proposal covmat (waiting for the rest...)
[3 : mcmc] Progress @ 2026-06-21 15:13:04 : 15950 steps taken, and 1202 accepted.
[0 : mcmc] Progress @ 2026-06-21 15:13:09 : 15663 steps taken, and 1176 accepted.
[1 : mcmc] Progress @ 2026-06-21 15:13:39 : 15945 steps taken, and 1187 accepted.
[3 : mcmc] Progress @ 2026-06-21 15:14:04 : 16056 steps taken, and 1219 accepted.
[2 : mcmc] Progress @ 2026-06-21 15:14:08 : 15733 steps taken, and 1141 accepted.
[0 : mcmc] Progress @ 2026-06-21 15:14:10 : 15743 steps taken, and 1183 accepted.
[1 : mcmc] Progress @ 2026-06-21 15:14:39 : 16039 steps taken, and 1198 accepted.
[1 : mcmc] Learn + convergence test @ 1200 samples accepted.
[1 : mcmc] Ready to check convergence and learn a new proposal covmat (waiting for the rest...)
[3 : mcmc] Progress @ 2026-06-21 15:15:04 : 16148 steps taken, and 1229 accepted.
[0 : mcmc] Progress @ 2026-06-21 15:15:10 : 15851 steps taken, and 1196 accepted.
[2 : mcmc] Progress @ 2026-06-21 15:15:12 : 15830 steps taken, and 1155 accepted.
[0 : mcmc] Learn + convergence test @ 1200 samples accepted.
[0 : mcmc] Ready to check convergence and learn a new proposal covmat (waiting for the rest...)
[1 : mcmc] Progress @ 2026-06-21 15:15:46 : 16137 steps taken, and 1214 accepted.
[3 : mcmc] Progress @ 2026-06-21 15:16:06 : 16236 steps taken, and 1248 accepted.
[2 : mcmc] Progress @ 2026-06-21 15:16:13 : 15911 steps taken, and 1171 accepted.
[0 : mcmc] Progress @ 2026-06-21 15:16:18 : 15944 steps taken, and 1207 accepted.
[1 : mcmc] Progress @ 2026-06-21 15:16:46 : 16223 steps taken, and 1229 accepted.
[3 : mcmc] Progress @ 2026-06-21 15:17:06 : 16316 steps taken, and 1259 accepted.
[0 : mcmc] Progress @ 2026-06-21 15:17:19 : 16025 steps taken, and 1218 accepted.
[2 : mcmc] Progress @ 2026-06-21 15:17:21 : 16013 steps taken, and 1187 accepted.
[1 : mcmc] Progress @ 2026-06-21 15:17:52 : 16295 steps taken, and 1239 accepted.
[3 : mcmc] Progress @ 2026-06-21 15:18:08 : 16417 steps taken, and 1275 accepted.
[2 : mcmc] Learn + convergence test @ 1200 samples accepted.
[2 : mcmc] Ready to check convergence and learn a new proposal covmat (waiting for the rest...)
[0 : mcmc] Progress @ 2026-06-21 15:18:20 : 16130 steps taken, and 1229 accepted.
[0 : mcmc] All chains are ready to check convergence and learn a new proposal covmat
[0 : mcmc]  - Acceptance rate: 0.445 = avg([0.4421, 0.4308, 0.4425, 0.4639])
[0 : mcmc]  - Convergence of means: R-1 = 1211.845010 after 4959 accepted steps = sum([1230, 1246, 1200, 1283])
[0 : mcmc] Convergence less than requested for updates: waiting until the next convergence check.
[2 : mcmc] Progress @ 2026-06-21 15:18:24 : 16103 steps taken, and 1200 accepted.
[1 : mcmc] Progress @ 2026-06-21 15:18:52 : 16397 steps taken, and 1249 accepted.
[3 : mcmc] Progress @ 2026-06-21 15:19:13 : 16520 steps taken, and 1293 accepted.
[0 : mcmc] Progress @ 2026-06-21 15:19:21 : 16232 steps taken, and 1246 accepted.
[2 : mcmc] Progress @ 2026-06-21 15:19:30 : 16185 steps taken, and 1215 accepted.
[1 : mcmc] Progress @ 2026-06-21 15:19:52 : 16510 steps taken, and 1268 accepted.
[3 : mcmc] Progress @ 2026-06-21 15:20:21 : 16630 steps taken, and 1307 accepted.
[0 : mcmc] Progress @ 2026-06-21 15:20:24 : 16306 steps taken, and 1257 accepted.
[2 : mcmc] Progress @ 2026-06-21 15:20:30 : 16257 steps taken, and 1226 accepted.
[1 : mcmc] Progress @ 2026-06-21 15:20:55 : 16582 steps taken, and 1276 accepted.
[3 : mcmc] Progress @ 2026-06-21 15:21:26 : 16717 steps taken, and 1314 accepted.
[0 : mcmc] Progress @ 2026-06-21 15:21:31 : 16418 steps taken, and 1274 accepted.
[2 : mcmc] Progress @ 2026-06-21 15:21:35 : 16376 steps taken, and 1247 accepted.
[1 : mcmc] Progress @ 2026-06-21 15:22:01 : 16691 steps taken, and 1294 accepted.
[3 : mcmc] Progress @ 2026-06-21 15:22:34 : 16832 steps taken, and 1330 accepted.
[0 : mcmc] Progress @ 2026-06-21 15:22:38 : 16494 steps taken, and 1286 accepted.
[2 : mcmc] Progress @ 2026-06-21 15:22:39 : 16455 steps taken, and 1258 accepted.
[1 : mcmc] Progress @ 2026-06-21 15:23:01 : 16778 steps taken, and 1308 accepted.
[3 : mcmc] Progress @ 2026-06-21 15:23:34 : 16934 steps taken, and 1347 accepted.
[2 : mcmc] Progress @ 2026-06-21 15:23:39 : 16559 steps taken, and 1276 accepted.
[0 : mcmc] Progress @ 2026-06-21 15:23:45 : 16624 steps taken, and 1302 accepted.
[1 : mcmc] Progress @ 2026-06-21 15:24:03 : 16855 steps taken, and 1319 accepted.
[3 : mcmc] Progress @ 2026-06-21 15:24:39 : 17016 steps taken, and 1359 accepted.
[2 : mcmc] Progress @ 2026-06-21 15:24:39 : 16652 steps taken, and 1297 accepted.
[0 : mcmc] Progress @ 2026-06-21 15:24:51 : 16700 steps taken, and 1315 accepted.
[1 : mcmc] Progress @ 2026-06-21 15:25:06 : 16957 steps taken, and 1336 accepted.
[3 : mcmc] Progress @ 2026-06-21 15:25:39 : 17138 steps taken, and 1377 accepted.
[2 : mcmc] Progress @ 2026-06-21 15:25:40 : 16732 steps taken, and 1307 accepted.
[0 : mcmc] Progress @ 2026-06-21 15:25:51 : 16775 steps taken, and 1329 accepted.
[1 : mcmc] Progress @ 2026-06-21 15:26:14 : 17061 steps taken, and 1352 accepted.
[2 : mcmc] Progress @ 2026-06-21 15:26:42 : 16825 steps taken, and 1323 accepted.
[3 : mcmc] Progress @ 2026-06-21 15:26:43 : 17195 steps taken, and 1384 accepted.
[0 : mcmc] Progress @ 2026-06-21 15:26:54 : 16882 steps taken, and 1341 accepted.
[1 : mcmc] Progress @ 2026-06-21 15:27:20 : 17138 steps taken, and 1364 accepted.
[2 : mcmc] Progress @ 2026-06-21 15:27:46 : 16920 steps taken, and 1333 accepted.
[3 : mcmc] Progress @ 2026-06-21 15:27:47 : 17298 steps taken, and 1400 accepted.
[0 : mcmc] Progress @ 2026-06-21 15:27:54 : 16969 steps taken, and 1357 accepted.
[1 : mcmc] Progress @ 2026-06-21 15:28:28 : 17242 steps taken, and 1382 accepted.
[2 : mcmc] Progress @ 2026-06-21 15:28:47 : 17009 steps taken, and 1352 accepted.
[3 : mcmc] Progress @ 2026-06-21 15:28:53 : 17376 steps taken, and 1416 accepted.
[0 : mcmc] Progress @ 2026-06-21 15:28:54 : 17053 steps taken, and 1366 accepted.
[1 : mcmc] Progress @ 2026-06-21 15:29:36 : 17350 steps taken, and 1400 accepted.
[2 : mcmc] Progress @ 2026-06-21 15:29:48 : 17092 steps taken, and 1364 accepted.
[3 : mcmc] Progress @ 2026-06-21 15:29:53 : 17477 steps taken, and 1438 accepted.
[0 : mcmc] Progress @ 2026-06-21 15:29:54 : 17156 steps taken, and 1384 accepted.
[1 : mcmc] Progress @ 2026-06-21 15:30:37 : 17443 steps taken, and 1416 accepted.
[2 : mcmc] Progress @ 2026-06-21 15:30:50 : 17184 steps taken, and 1380 accepted.
[3 : mcmc] Progress @ 2026-06-21 15:30:58 : 17574 steps taken, and 1451 accepted.
[0 : mcmc] Progress @ 2026-06-21 15:30:58 : 17238 steps taken, and 1398 accepted.
[1 : mcmc] Progress @ 2026-06-21 15:31:44 : 17544 steps taken, and 1424 accepted.
[2 : mcmc] Progress @ 2026-06-21 15:31:52 : 17277 steps taken, and 1398 accepted.
[3 : mcmc] Progress @ 2026-06-21 15:31:58 : 17654 steps taken, and 1467 accepted.
[0 : mcmc] Progress @ 2026-06-21 15:32:05 : 17360 steps taken, and 1419 accepted.
[1 : mcmc] Progress @ 2026-06-21 15:32:48 : 17628 steps taken, and 1433 accepted.
[2 : mcmc] Progress @ 2026-06-21 15:32:52 : 17352 steps taken, and 1409 accepted.
[3 : mcmc] Progress @ 2026-06-21 15:32:58 : 17739 steps taken, and 1487 accepted.
[0 : mcmc] Progress @ 2026-06-21 15:33:09 : 17423 steps taken, and 1428 accepted.
[1 : mcmc] Progress @ 2026-06-21 15:33:52 : 17724 steps taken, and 1448 accepted.
[2 : mcmc] Progress @ 2026-06-21 15:33:54 : 17443 steps taken, and 1423 accepted.
[3 : mcmc] Progress @ 2026-06-21 15:33:58 : 17834 steps taken, and 1498 accepted.
[0 : mcmc] Progress @ 2026-06-21 15:34:10 : 17542 steps taken, and 1444 accepted.
[1 : mcmc] Progress @ 2026-06-21 15:34:52 : 17807 steps taken, and 1466 accepted.
[2 : mcmc] Progress @ 2026-06-21 15:34:56 : 17531 steps taken, and 1437 accepted.
[3 : mcmc] Progress @ 2026-06-21 15:34:58 : 17929 steps taken, and 1518 accepted.
[0 : mcmc] Progress @ 2026-06-21 15:35:10 : 17630 steps taken, and 1461 accepted.
[1 : mcmc] Progress @ 2026-06-21 15:35:55 : 17888 steps taken, and 1476 accepted.
[2 : mcmc] Progress @ 2026-06-21 15:35:56 : 17626 steps taken, and 1455 accepted.
[3 : mcmc] Progress @ 2026-06-21 15:36:07 : 18024 steps taken, and 1524 accepted.
[0 : mcmc] Progress @ 2026-06-21 15:36:15 : 17729 steps taken, and 1473 accepted.
[1 : mcmc] Progress @ 2026-06-21 15:36:57 : 17990 steps taken, and 1492 accepted.
[2 : mcmc] Progress @ 2026-06-21 15:37:04 : 17701 steps taken, and 1467 accepted.
[3 : mcmc] Progress @ 2026-06-21 15:37:11 : 18118 steps taken, and 1538 accepted.
[0 : mcmc] Progress @ 2026-06-21 15:37:18 : 17822 steps taken, and 1487 accepted.
[1 : mcmc] Progress @ 2026-06-21 15:37:57 : 18083 steps taken, and 1507 accepted.
[3 : mcmc] Progress @ 2026-06-21 15:38:11 : 18210 steps taken, and 1555 accepted.
[2 : mcmc] Progress @ 2026-06-21 15:38:11 : 17812 steps taken, and 1489 accepted.
[0 : mcmc] Progress @ 2026-06-21 15:38:27 : 17934 steps taken, and 1504 accepted.
[1 : mcmc] Progress @ 2026-06-21 15:38:57 : 18161 steps taken, and 1519 accepted.
[2 : mcmc] Progress @ 2026-06-21 15:39:14 : 17897 steps taken, and 1501 accepted.
[3 : mcmc] Progress @ 2026-06-21 15:39:15 : 18289 steps taken, and 1563 accepted.
[0 : mcmc] Progress @ 2026-06-21 15:39:27 : 18031 steps taken, and 1523 accepted.
[1 : mcmc] Progress @ 2026-06-21 15:39:58 : 18241 steps taken, and 1530 accepted.
[2 : mcmc] Progress @ 2026-06-21 15:40:14 : 17965 steps taken, and 1515 accepted.
[3 : mcmc] Progress @ 2026-06-21 15:40:16 : 18390 steps taken, and 1580 accepted.
[0 : mcmc] Progress @ 2026-06-21 15:40:27 : 18113 steps taken, and 1531 accepted.
[1 : mcmc] Progress @ 2026-06-21 15:40:58 : 18334 steps taken, and 1546 accepted.
[2 : mcmc] Progress @ 2026-06-21 15:41:15 : 18082 steps taken, and 1537 accepted.
[3 : mcmc] Progress @ 2026-06-21 15:41:17 : 18475 steps taken, and 1594 accepted.
[0 : mcmc] Progress @ 2026-06-21 15:41:28 : 18221 steps taken, and 1545 accepted.
[1 : mcmc] Progress @ 2026-06-21 15:42:01 : 18407 steps taken, and 1561 accepted.
[2 : mcmc] Progress @ 2026-06-21 15:42:15 : 18155 steps taken, and 1546 accepted.
[3 : mcmc] Progress @ 2026-06-21 15:42:18 : 18567 steps taken, and 1607 accepted.
[0 : mcmc] Progress @ 2026-06-21 15:42:29 : 18313 steps taken, and 1560 accepted.
[1 : mcmc] Progress @ 2026-06-21 15:43:07 : 18517 steps taken, and 1582 accepted.
[2 : mcmc] Progress @ 2026-06-21 15:43:17 : 18252 steps taken, and 1561 accepted.
[3 : mcmc] Progress @ 2026-06-21 15:43:18 : 18649 steps taken, and 1624 accepted.
[0 : mcmc] Progress @ 2026-06-21 15:43:29 : 18388 steps taken, and 1574 accepted.
[1 : mcmc] Progress @ 2026-06-21 15:44:10 : 18608 steps taken, and 1598 accepted.
[2 : mcmc] Progress @ 2026-06-21 15:44:22 : 18342 steps taken, and 1576 accepted.
[3 : mcmc] Progress @ 2026-06-21 15:44:26 : 18731 steps taken, and 1638 accepted.
[0 : mcmc] Progress @ 2026-06-21 15:44:33 : 18480 steps taken, and 1589 accepted.
[1 : mcmc] Progress @ 2026-06-21 15:45:16 : 18699 steps taken, and 1617 accepted.
[2 : mcmc] Progress @ 2026-06-21 15:45:26 : 18394 steps taken, and 1586 accepted.
[3 : mcmc] Progress @ 2026-06-21 15:45:34 : 18836 steps taken, and 1657 accepted.
[0 : mcmc] Progress @ 2026-06-21 15:45:35 : 18552 steps taken, and 1601 accepted.
[1 : mcmc] Progress @ 2026-06-21 15:46:25 : 18789 steps taken, and 1630 accepted.
[2 : mcmc] Progress @ 2026-06-21 15:46:30 : 18509 steps taken, and 1607 accepted.
[3 : mcmc] Progress @ 2026-06-21 15:46:35 : 18919 steps taken, and 1665 accepted.
[0 : mcmc] Progress @ 2026-06-21 15:46:42 : 18654 steps taken, and 1614 accepted.
[1 : mcmc] Progress @ 2026-06-21 15:47:30 : 18875 steps taken, and 1643 accepted.
[2 : mcmc] Progress @ 2026-06-21 15:47:31 : 18570 steps taken, and 1618 accepted.
[3 : mcmc] Progress @ 2026-06-21 15:47:36 : 19023 steps taken, and 1678 accepted.
[0 : mcmc] Progress @ 2026-06-21 15:47:43 : 18739 steps taken, and 1620 accepted.
[2 : mcmc] Progress @ 2026-06-21 15:48:31 : 18691 steps taken, and 1637 accepted.
[3 : mcmc] Progress @ 2026-06-21 15:48:38 : 19105 steps taken, and 1693 accepted.
[1 : mcmc] Progress @ 2026-06-21 15:48:39 : 18969 steps taken, and 1656 accepted.
[0 : mcmc] Progress @ 2026-06-21 15:48:46 : 18812 steps taken, and 1633 accepted.
[2 : mcmc] Progress @ 2026-06-21 15:49:31 : 18760 steps taken, and 1648 accepted.
[3 : mcmc] Progress @ 2026-06-21 15:49:42 : 19199 steps taken, and 1700 accepted.
[1 : mcmc] Progress @ 2026-06-21 15:49:44 : 19066 steps taken, and 1667 accepted.
[0 : mcmc] Progress @ 2026-06-21 15:49:54 : 18909 steps taken, and 1651 accepted.
[2 : mcmc] Progress @ 2026-06-21 15:50:32 : 18850 steps taken, and 1663 accepted.
[3 : mcmc] Progress @ 2026-06-21 15:50:50 : 19290 steps taken, and 1710 accepted.
[1 : mcmc] Progress @ 2026-06-21 15:50:52 : 19165 steps taken, and 1682 accepted.
[0 : mcmc] Progress @ 2026-06-21 15:51:03 : 19013 steps taken, and 1666 accepted.
[2 : mcmc] Progress @ 2026-06-21 15:51:34 : 18930 steps taken, and 1676 accepted.
[1 : mcmc] Progress @ 2026-06-21 15:51:52 : 19240 steps taken, and 1690 accepted.
[3 : mcmc] Progress @ 2026-06-21 15:51:55 : 19430 steps taken, and 1731 accepted.
[0 : mcmc] Progress @ 2026-06-21 15:52:05 : 19099 steps taken, and 1678 accepted.
[2 : mcmc] Progress @ 2026-06-21 15:52:38 : 19019 steps taken, and 1685 accepted.
[1 : mcmc] Progress @ 2026-06-21 15:52:52 : 19335 steps taken, and 1699 accepted.
[3 : mcmc] Progress @ 2026-06-21 15:52:56 : 19496 steps taken, and 1740 accepted.
[0 : mcmc] Progress @ 2026-06-21 15:53:07 : 19182 steps taken, and 1689 accepted.
[2 : mcmc] Progress @ 2026-06-21 15:53:42 : 19130 steps taken, and 1705 accepted.
[1 : mcmc] Progress @ 2026-06-21 15:53:58 : 19399 steps taken, and 1705 accepted.
[3 : mcmc] Progress @ 2026-06-21 15:54:00 : 19606 steps taken, and 1754 accepted.
[0 : mcmc] Progress @ 2026-06-21 15:54:12 : 19286 steps taken, and 1704 accepted.
[2 : mcmc] Progress @ 2026-06-21 15:54:42 : 19230 steps taken, and 1720 accepted.
[1 : mcmc] Progress @ 2026-06-21 15:54:58 : 19493 steps taken, and 1720 accepted.
[3 : mcmc] Progress @ 2026-06-21 15:55:00 : 19687 steps taken, and 1769 accepted.
[0 : mcmc] Progress @ 2026-06-21 15:55:16 : 19386 steps taken, and 1716 accepted.
[2 : mcmc] Progress @ 2026-06-21 15:55:46 : 19302 steps taken, and 1727 accepted.
[1 : mcmc] Progress @ 2026-06-21 15:55:59 : 19578 steps taken, and 1733 accepted.
[3 : mcmc] Progress @ 2026-06-21 15:56:04 : 19755 steps taken, and 1780 accepted.
[0 : mcmc] Progress @ 2026-06-21 15:56:18 : 19480 steps taken, and 1733 accepted.
[2 : mcmc] Progress @ 2026-06-21 15:56:50 : 19411 steps taken, and 1737 accepted.
[1 : mcmc] Progress @ 2026-06-21 15:56:59 : 19677 steps taken, and 1748 accepted.
[3 : mcmc] Progress @ 2026-06-21 15:57:04 : 19881 steps taken, and 1805 accepted.
[0 : mcmc] Progress @ 2026-06-21 15:57:22 : 19556 steps taken, and 1745 accepted.
[2 : mcmc] Progress @ 2026-06-21 15:57:51 : 19507 steps taken, and 1755 accepted.
[1 : mcmc] Progress @ 2026-06-21 15:58:07 : 19770 steps taken, and 1762 accepted.
[3 : mcmc] Progress @ 2026-06-21 15:58:11 : 19954 steps taken, and 1818 accepted.
[0 : mcmc] Progress @ 2026-06-21 15:58:22 : 19653 steps taken, and 1757 accepted.
[2 : mcmc] Progress @ 2026-06-21 15:58:53 : 19575 steps taken, and 1765 accepted.
[3 : mcmc] Progress @ 2026-06-21 15:59:11 : 20074 steps taken, and 1843 accepted.
[1 : mcmc] Progress @ 2026-06-21 15:59:12 : 19866 steps taken, and 1773 accepted.
[0 : mcmc] Progress @ 2026-06-21 15:59:23 : 19744 steps taken, and 1769 accepted.
[2 : mcmc] Progress @ 2026-06-21 15:59:56 : 19670 steps taken, and 1778 accepted.
[3 : mcmc] Progress @ 2026-06-21 16:00:12 : 20148 steps taken, and 1850 accepted.
[1 : mcmc] Progress @ 2026-06-21 16:00:12 : 19958 steps taken, and 1787 accepted.
[0 : mcmc] Progress @ 2026-06-21 16:00:23 : 19836 steps taken, and 1782 accepted.
[2 : mcmc] Progress @ 2026-06-21 16:01:01 : 19754 steps taken, and 1790 accepted.
[3 : mcmc] Progress @ 2026-06-21 16:01:17 : 20256 steps taken, and 1861 accepted.
[1 : mcmc] Progress @ 2026-06-21 16:01:19 : 20047 steps taken, and 1802 accepted.
[0 : mcmc] Progress @ 2026-06-21 16:01:25 : 19905 steps taken, and 1791 accepted.
[2 : mcmc] Progress @ 2026-06-21 16:02:05 : 19861 steps taken, and 1810 accepted.
[1 : mcmc] Progress @ 2026-06-21 16:02:22 : 20136 steps taken, and 1819 accepted.
[3 : mcmc] Progress @ 2026-06-21 16:02:25 : 20358 steps taken, and 1877 accepted.
[0 : mcmc] Progress @ 2026-06-21 16:02:26 : 19988 steps taken, and 1807 accepted.
[2 : mcmc] Progress @ 2026-06-21 16:03:12 : 19975 steps taken, and 1830 accepted.
[1 : mcmc] Progress @ 2026-06-21 16:03:24 : 20225 steps taken, and 1833 accepted.
[0 : mcmc] Progress @ 2026-06-21 16:03:33 : 20104 steps taken, and 1822 accepted.
[3 : mcmc] Progress @ 2026-06-21 16:03:34 : 20483 steps taken, and 1895 accepted.
[2 : mcmc] Progress @ 2026-06-21 16:04:15 : 20021 steps taken, and 1835 accepted.
[1 : mcmc] Progress @ 2026-06-21 16:04:29 : 20312 steps taken, and 1847 accepted.
[0 : mcmc] Progress @ 2026-06-21 16:04:33 : 20197 steps taken, and 1834 accepted.
[3 : mcmc] Progress @ 2026-06-21 16:04:34 : 20543 steps taken, and 1905 accepted.
[2 : mcmc] Progress @ 2026-06-21 16:05:16 : 20126 steps taken, and 1850 accepted.
[1 : mcmc] Progress @ 2026-06-21 16:05:31 : 20420 steps taken, and 1862 accepted.
[0 : mcmc] Progress @ 2026-06-21 16:05:38 : 20282 steps taken, and 1843 accepted.
[3 : mcmc] Progress @ 2026-06-21 16:05:38 : 20641 steps taken, and 1918 accepted.
[2 : mcmc] Progress @ 2026-06-21 16:06:16 : 20222 steps taken, and 1864 accepted.
[1 : mcmc] Progress @ 2026-06-21 16:06:33 : 20507 steps taken, and 1870 accepted.
[0 : mcmc] Progress @ 2026-06-21 16:06:38 : 20364 steps taken, and 1854 accepted.
[3 : mcmc] Progress @ 2026-06-21 16:06:45 : 20732 steps taken, and 1932 accepted.
[2 : mcmc] Progress @ 2026-06-21 16:07:23 : 20336 steps taken, and 1880 accepted.
[1 : mcmc] Progress @ 2026-06-21 16:07:34 : 20588 steps taken, and 1881 accepted.
[0 : mcmc] Progress @ 2026-06-21 16:07:47 : 20457 steps taken, and 1866 accepted.
[3 : mcmc] Progress @ 2026-06-21 16:07:51 : 20814 steps taken, and 1943 accepted.
[2 : mcmc] Progress @ 2026-06-21 16:08:27 : 20414 steps taken, and 1890 accepted.
[1 : mcmc] Progress @ 2026-06-21 16:08:36 : 20658 steps taken, and 1892 accepted.
[0 : mcmc] Progress @ 2026-06-21 16:08:49 : 20543 steps taken, and 1875 accepted.
[3 : mcmc] Progress @ 2026-06-21 16:08:56 : 20901 steps taken, and 1951 accepted.
[2 : mcmc] Progress @ 2026-06-21 16:09:35 : 20501 steps taken, and 1901 accepted.
[1 : mcmc] Progress @ 2026-06-21 16:09:36 : 20752 steps taken, and 1905 accepted.
[0 : mcmc] Progress @ 2026-06-21 16:09:49 : 20649 steps taken, and 1890 accepted.
[3 : mcmc] Progress @ 2026-06-21 16:10:04 : 21046 steps taken, and 1965 accepted.
[2 : mcmc] Progress @ 2026-06-21 16:10:38 : 20601 steps taken, and 1919 accepted.
[1 : mcmc] Progress @ 2026-06-21 16:10:45 : 20858 steps taken, and 1925 accepted.
[0 : mcmc] Progress @ 2026-06-21 16:10:55 : 20731 steps taken, and 1908 accepted.
[3 : mcmc] Progress @ 2026-06-21 16:11:06 : 21130 steps taken, and 1980 accepted.
[2 : mcmc] Progress @ 2026-06-21 16:11:42 : 20697 steps taken, and 1938 accepted.
[1 : mcmc] Progress @ 2026-06-21 16:11:48 : 20959 steps taken, and 1946 accepted.
[0 : mcmc] Progress @ 2026-06-21 16:11:55 : 20839 steps taken, and 1927 accepted.
[3 : mcmc] Progress @ 2026-06-21 16:12:07 : 21193 steps taken, and 1990 accepted.
[2 : mcmc] Progress @ 2026-06-21 16:12:42 : 20775 steps taken, and 1947 accepted.
[1 : mcmc] Progress @ 2026-06-21 16:12:48 : 21052 steps taken, and 1963 accepted.
[0 : mcmc] Progress @ 2026-06-21 16:13:04 : 20933 steps taken, and 1942 accepted.
[3 : mcmc] Progress @ 2026-06-21 16:13:15 : 21314 steps taken, and 2007 accepted.
[2 : mcmc] Progress @ 2026-06-21 16:13:46 : 20879 steps taken, and 1964 accepted.
[1 : mcmc] Progress @ 2026-06-21 16:13:50 : 21149 steps taken, and 1978 accepted.
[0 : mcmc] Progress @ 2026-06-21 16:14:11 : 21021 steps taken, and 1952 accepted.
[3 : mcmc] Progress @ 2026-06-21 16:14:15 : 21425 steps taken, and 2025 accepted.
[2 : mcmc] Progress @ 2026-06-21 16:14:46 : 20964 steps taken, and 1979 accepted.
[1 : mcmc] Progress @ 2026-06-21 16:14:50 : 21244 steps taken, and 1994 accepted.
[0 : mcmc] Progress @ 2026-06-21 16:15:11 : 21121 steps taken, and 1965 accepted.
[3 : mcmc] Progress @ 2026-06-21 16:15:15 : 21518 steps taken, and 2038 accepted.
[2 : mcmc] Progress @ 2026-06-21 16:15:49 : 21053 steps taken, and 1991 accepted.
[1 : mcmc] Progress @ 2026-06-21 16:15:54 : 21331 steps taken, and 2006 accepted.
[0 : mcmc] Progress @ 2026-06-21 16:16:11 : 21205 steps taken, and 1978 accepted.
[3 : mcmc] Progress @ 2026-06-21 16:16:23 : 21616 steps taken, and 2058 accepted.
[2 : mcmc] Progress @ 2026-06-21 16:16:51 : 21145 steps taken, and 2006 accepted.
[1 : mcmc] Progress @ 2026-06-21 16:16:56 : 21428 steps taken, and 2021 accepted.
[0 : mcmc] Progress @ 2026-06-21 16:17:19 : 21277 steps taken, and 1985 accepted.
[3 : mcmc] Progress @ 2026-06-21 16:17:26 : 21717 steps taken, and 2069 accepted.
[2 : mcmc] Progress @ 2026-06-21 16:17:56 : 21255 steps taken, and 2017 accepted.
[1 : mcmc] Progress @ 2026-06-21 16:17:59 : 21518 steps taken, and 2040 accepted.
[0 : mcmc] Progress @ 2026-06-21 16:18:28 : 21395 steps taken, and 2003 accepted.
[3 : mcmc] Progress @ 2026-06-21 16:18:33 : 21818 steps taken, and 2084 accepted.
[2 : mcmc] Progress @ 2026-06-21 16:18:57 : 21333 steps taken, and 2029 accepted.
[1 : mcmc] Progress @ 2026-06-21 16:19:05 : 21607 steps taken, and 2058 accepted.
[0 : mcmc] Progress @ 2026-06-21 16:19:28 : 21493 steps taken, and 2017 accepted.
[3 : mcmc] Progress @ 2026-06-21 16:19:35 : 21906 steps taken, and 2098 accepted.
[2 : mcmc] Progress @ 2026-06-21 16:20:00 : 21441 steps taken, and 2050 accepted.
[1 : mcmc] Progress @ 2026-06-21 16:20:05 : 21695 steps taken, and 2072 accepted.
[0 : mcmc] Progress @ 2026-06-21 16:20:30 : 21567 steps taken, and 2026 accepted.
[3 : mcmc] Progress @ 2026-06-21 16:20:41 : 21990 steps taken, and 2109 accepted.
[1 : mcmc] Progress @ 2026-06-21 16:21:05 : 21795 steps taken, and 2086 accepted.
[2 : mcmc] Progress @ 2026-06-21 16:21:07 : 21526 steps taken, and 2059 accepted.
[0 : mcmc] Progress @ 2026-06-21 16:21:30 : 21642 steps taken, and 2037 accepted.
[3 : mcmc] Progress @ 2026-06-21 16:21:48 : 22077 steps taken, and 2128 accepted.
[2 : mcmc] Progress @ 2026-06-21 16:22:08 : 21625 steps taken, and 2074 accepted.
[1 : mcmc] Progress @ 2026-06-21 16:22:09 : 21898 steps taken, and 2098 accepted.
[0 : mcmc] Progress @ 2026-06-21 16:22:34 : 21738 steps taken, and 2056 accepted.
[3 : mcmc] Progress @ 2026-06-21 16:22:48 : 22190 steps taken, and 2144 accepted.
[2 : mcmc] Progress @ 2026-06-21 16:23:08 : 21734 steps taken, and 2091 accepted.
[1 : mcmc] Progress @ 2026-06-21 16:23:11 : 21996 steps taken, and 2108 accepted.
[0 : mcmc] Progress @ 2026-06-21 16:23:36 : 21821 steps taken, and 2070 accepted.
[3 : mcmc] Progress @ 2026-06-21 16:23:52 : 22249 steps taken, and 2154 accepted.
[1 : mcmc] Progress @ 2026-06-21 16:24:11 : 22063 steps taken, and 2116 accepted.
[2 : mcmc] Progress @ 2026-06-21 16:24:13 : 21824 steps taken, and 2102 accepted.
[0 : mcmc] Progress @ 2026-06-21 16:24:37 : 21932 steps taken, and 2086 accepted.
[3 : mcmc] Progress @ 2026-06-21 16:25:01 : 22365 steps taken, and 2165 accepted.
[1 : mcmc] Progress @ 2026-06-21 16:25:12 : 22161 steps taken, and 2129 accepted.
[2 : mcmc] Progress @ 2026-06-21 16:25:15 : 21907 steps taken, and 2115 accepted.
[0 : mcmc] Progress @ 2026-06-21 16:25:44 : 22012 steps taken, and 2096 accepted.
[3 : mcmc] Progress @ 2026-06-21 16:26:07 : 22483 steps taken, and 2180 accepted.
[1 : mcmc] Progress @ 2026-06-21 16:26:12 : 22242 steps taken, and 2143 accepted.
[2 : mcmc] Progress @ 2026-06-21 16:26:20 : 22031 steps taken, and 2133 accepted.
[0 : mcmc] Progress @ 2026-06-21 16:26:44 : 22098 steps taken, and 2107 accepted.
[3 : mcmc] Progress @ 2026-06-21 16:27:09 : 22568 steps taken, and 2192 accepted.
[1 : mcmc] Progress @ 2026-06-21 16:27:20 : 22345 steps taken, and 2161 accepted.
[2 : mcmc] Progress @ 2026-06-21 16:27:21 : 22104 steps taken, and 2144 accepted.
[0 : mcmc] Progress @ 2026-06-21 16:27:47 : 22193 steps taken, and 2127 accepted.
[3 : mcmc] Progress @ 2026-06-21 16:28:13 : 22667 steps taken, and 2206 accepted.
[1 : mcmc] Progress @ 2026-06-21 16:28:23 : 22420 steps taken, and 2175 accepted.
[2 : mcmc] Progress @ 2026-06-21 16:28:24 : 22199 steps taken, and 2157 accepted.
[0 : mcmc] Progress @ 2026-06-21 16:28:50 : 22271 steps taken, and 2140 accepted.
[3 : mcmc] Progress @ 2026-06-21 16:29:15 : 22756 steps taken, and 2218 accepted.
[1 : mcmc] Progress @ 2026-06-21 16:29:27 : 22520 steps taken, and 2191 accepted.
[2 : mcmc] Progress @ 2026-06-21 16:29:29 : 22288 steps taken, and 2170 accepted.
[0 : mcmc] Progress @ 2026-06-21 16:29:58 : 22403 steps taken, and 2161 accepted.
[3 : mcmc] Progress @ 2026-06-21 16:30:19 : 22838 steps taken, and 2228 accepted.
[1 : mcmc] Progress @ 2026-06-21 16:30:32 : 22623 steps taken, and 2207 accepted.
[2 : mcmc] Progress @ 2026-06-21 16:30:38 : 22395 steps taken, and 2181 accepted.
[0 : mcmc] Progress @ 2026-06-21 16:31:06 : 22491 steps taken, and 2176 accepted.
[3 : mcmc] Progress @ 2026-06-21 16:31:22 : 22936 steps taken, and 2239 accepted.
[2 : mcmc] Progress @ 2026-06-21 16:31:40 : 22484 steps taken, and 2193 accepted.
[1 : mcmc] Progress @ 2026-06-21 16:31:41 : 22695 steps taken, and 2219 accepted.
[0 : mcmc] Progress @ 2026-06-21 16:32:06 : 22583 steps taken, and 2195 accepted.
[3 : mcmc] Progress @ 2026-06-21 16:32:24 : 23033 steps taken, and 2250 accepted.
[2 : mcmc] Progress @ 2026-06-21 16:32:42 : 22551 steps taken, and 2202 accepted.
[1 : mcmc] Progress @ 2026-06-21 16:32:44 : 22822 steps taken, and 2237 accepted.
[0 : mcmc] Progress @ 2026-06-21 16:33:08 : 22677 steps taken, and 2207 accepted.
[3 : mcmc] Progress @ 2026-06-21 16:33:25 : 23116 steps taken, and 2261 accepted.
[1 : mcmc] Progress @ 2026-06-21 16:33:44 : 22905 steps taken, and 2246 accepted.
[2 : mcmc] Progress @ 2026-06-21 16:33:45 : 22659 steps taken, and 2218 accepted.
[0 : mcmc] Progress @ 2026-06-21 16:34:10 : 22769 steps taken, and 2224 accepted.
[3 : mcmc] Progress @ 2026-06-21 16:34:25 : 23200 steps taken, and 2271 accepted.
[2 : mcmc] Progress @ 2026-06-21 16:34:45 : 22739 steps taken, and 2232 accepted.
[1 : mcmc] Progress @ 2026-06-21 16:34:47 : 22994 steps taken, and 2263 accepted.
[0 : mcmc] Progress @ 2026-06-21 16:35:10 : 22848 steps taken, and 2240 accepted.
[3 : mcmc] Progress @ 2026-06-21 16:35:31 : 23300 steps taken, and 2293 accepted.
[1 : mcmc] Progress @ 2026-06-21 16:35:47 : 23055 steps taken, and 2276 accepted.
[2 : mcmc] Progress @ 2026-06-21 16:35:50 : 22847 steps taken, and 2247 accepted.
[0 : mcmc] Progress @ 2026-06-21 16:36:10 : 22927 steps taken, and 2249 accepted.
[3 : mcmc] Progress @ 2026-06-21 16:36:31 : 23383 steps taken, and 2307 accepted.
[1 : mcmc] Progress @ 2026-06-21 16:36:49 : 23156 steps taken, and 2294 accepted.
[2 : mcmc] Progress @ 2026-06-21 16:36:50 : 22928 steps taken, and 2258 accepted.
[0 : mcmc] Progress @ 2026-06-21 16:37:17 : 23036 steps taken, and 2267 accepted.
[3 : mcmc] Progress @ 2026-06-21 16:37:33 : 23472 steps taken, and 2315 accepted.
[1 : mcmc] Progress @ 2026-06-21 16:37:53 : 23259 steps taken, and 2308 accepted.
[2 : mcmc] Progress @ 2026-06-21 16:37:56 : 23014 steps taken, and 2273 accepted.
[0 : mcmc] Progress @ 2026-06-21 16:38:17 : 23112 steps taken, and 2283 accepted.
[3 : mcmc] Progress @ 2026-06-21 16:38:37 : 23574 steps taken, and 2328 accepted.
[1 : mcmc] Progress @ 2026-06-21 16:38:54 : 23323 steps taken, and 2317 accepted.
[2 : mcmc] Progress @ 2026-06-21 16:38:58 : 23106 steps taken, and 2282 accepted.
[0 : mcmc] Progress @ 2026-06-21 16:39:22 : 23220 steps taken, and 2300 accepted.
[3 : mcmc] Progress @ 2026-06-21 16:39:39 : 23661 steps taken, and 2342 accepted.
[1 : mcmc] Progress @ 2026-06-21 16:39:54 : 23419 steps taken, and 2334 accepted.
[2 : mcmc] Progress @ 2026-06-21 16:39:58 : 23213 steps taken, and 2298 accepted.
[0 : mcmc] Progress @ 2026-06-21 16:40:24 : 23310 steps taken, and 2307 accepted.
[3 : mcmc] Progress @ 2026-06-21 16:40:41 : 23751 steps taken, and 2354 accepted.
[1 : mcmc] Progress @ 2026-06-21 16:40:57 : 23511 steps taken, and 2349 accepted.
[2 : mcmc] Progress @ 2026-06-21 16:41:07 : 23304 steps taken, and 2311 accepted.
[0 : mcmc] Progress @ 2026-06-21 16:41:25 : 23388 steps taken, and 2322 accepted.
[3 : mcmc] Progress @ 2026-06-21 16:41:43 : 23840 steps taken, and 2374 accepted.
[1 : mcmc] Progress @ 2026-06-21 16:42:00 : 23606 steps taken, and 2367 accepted.
[2 : mcmc] Progress @ 2026-06-21 16:42:07 : 23400 steps taken, and 2326 accepted.
[0 : mcmc] Progress @ 2026-06-21 16:42:29 : 23486 steps taken, and 2334 accepted.
[3 : mcmc] Progress @ 2026-06-21 16:42:45 : 23922 steps taken, and 2385 accepted.
[1 : mcmc] Progress @ 2026-06-21 16:43:01 : 23680 steps taken, and 2377 accepted.
[3 : mcmc] Learn + convergence test @ 2400 samples accepted.
[3 : mcmc] Ready to check convergence and learn a new proposal covmat (waiting for the rest...)
[2 : mcmc] Progress @ 2026-06-21 16:43:15 : 23502 steps taken, and 2337 accepted.
[0 : mcmc] Progress @ 2026-06-21 16:43:29 : 23559 steps taken, and 2344 accepted.
[3 : mcmc] Progress @ 2026-06-21 16:43:49 : 24030 steps taken, and 2407 accepted.
[1 : mcmc] Progress @ 2026-06-21 16:44:06 : 23777 steps taken, and 2397 accepted.
[1 : mcmc] Learn + convergence test @ 2400 samples accepted.
[1 : mcmc] Ready to check convergence and learn a new proposal covmat (waiting for the rest...)
[2 : mcmc] Progress @ 2026-06-21 16:44:24 : 23596 steps taken, and 2350 accepted.
[0 : mcmc] Progress @ 2026-06-21 16:44:29 : 23643 steps taken, and 2357 accepted.
[3 : mcmc] Progress @ 2026-06-21 16:44:56 : 24130 steps taken, and 2419 accepted.
[1 : mcmc] Progress @ 2026-06-21 16:45:06 : 23876 steps taken, and 2411 accepted.
[0 : mcmc] Progress @ 2026-06-21 16:45:29 : 23749 steps taken, and 2376 accepted.
[2 : mcmc] Progress @ 2026-06-21 16:45:30 : 23700 steps taken, and 2367 accepted.
[3 : mcmc] Progress @ 2026-06-21 16:45:58 : 24228 steps taken, and 2429 accepted.
[1 : mcmc] Progress @ 2026-06-21 16:46:14 : 23955 steps taken, and 2421 accepted.
[2 : mcmc] Progress @ 2026-06-21 16:46:30 : 23815 steps taken, and 2382 accepted.
[0 : mcmc] Progress @ 2026-06-21 16:46:34 : 23839 steps taken, and 2390 accepted.
[3 : mcmc] Progress @ 2026-06-21 16:46:59 : 24329 steps taken, and 2440 accepted.
[0 : mcmc] Learn + convergence test @ 2400 samples accepted.
[0 : mcmc] Ready to check convergence and learn a new proposal covmat (waiting for the rest...)
[1 : mcmc] Progress @ 2026-06-21 16:47:17 : 24076 steps taken, and 2432 accepted.
[0 : mcmc] Progress @ 2026-06-21 16:47:34 : 23954 steps taken, and 2406 accepted.
[2 : mcmc] Progress @ 2026-06-21 16:47:35 : 23890 steps taken, and 2392 accepted.
[3 : mcmc] Progress @ 2026-06-21 16:48:02 : 24423 steps taken, and 2453 accepted.
[2 : mcmc] Learn + convergence test @ 2400 samples accepted.
[2 : mcmc] Ready to check convergence and learn a new proposal covmat (waiting for the rest...)
[0 : mcmc] All chains are ready to check convergence and learn a new proposal covmat
[0 : mcmc]  - Acceptance rate: 0.452 = avg([0.4481, 0.4580, 0.4582, 0.4435])
[0 : mcmc]  - Convergence of means: R-1 = 227.348269 after 9711 accepted steps = sum([2415, 2440, 2400, 2456])
[0 : mcmc] Convergence less than requested for updates: waiting until the next convergence check.
[1 : mcmc] Progress @ 2026-06-21 16:48:17 : 24149 steps taken, and 2440 accepted.
[0 : mcmc] Progress @ 2026-06-21 16:48:37 : 24057 steps taken, and 2418 accepted.
[2 : mcmc] Progress @ 2026-06-21 16:48:38 : 23984 steps taken, and 2401 accepted.
[3 : mcmc] Progress @ 2026-06-21 16:49:08 : 24540 steps taken, and 2474 accepted.
[1 : mcmc] Progress @ 2026-06-21 16:49:23 : 24249 steps taken, and 2456 accepted.
[2 : mcmc] Progress @ 2026-06-21 16:49:38 : 24079 steps taken, and 2416 accepted.
[0 : mcmc] Progress @ 2026-06-21 16:49:46 : 24149 steps taken, and 2433 accepted.
[3 : mcmc] Progress @ 2026-06-21 16:50:10 : 24636 steps taken, and 2488 accepted.
[1 : mcmc] Progress @ 2026-06-21 16:50:24 : 24320 steps taken, and 2466 accepted.
[2 : mcmc] Progress @ 2026-06-21 16:50:45 : 24171 steps taken, and 2431 accepted.
[0 : mcmc] Progress @ 2026-06-21 16:50:47 : 24275 steps taken, and 2448 accepted.
[3 : mcmc] Progress @ 2026-06-21 16:51:14 : 24725 steps taken, and 2502 accepted.
[1 : mcmc] Progress @ 2026-06-21 16:51:29 : 24448 steps taken, and 2481 accepted.
[2 : mcmc] Progress @ 2026-06-21 16:51:50 : 24258 steps taken, and 2445 accepted.
[0 : mcmc] Progress @ 2026-06-21 16:51:54 : 24363 steps taken, and 2457 accepted.
[3 : mcmc] Progress @ 2026-06-21 16:52:14 : 24828 steps taken, and 2524 accepted.
[1 : mcmc] Progress @ 2026-06-21 16:52:29 : 24543 steps taken, and 2494 accepted.
[0 : mcmc] Progress @ 2026-06-21 16:52:54 : 24457 steps taken, and 2471 accepted.
[2 : mcmc] Progress @ 2026-06-21 16:52:57 : 24366 steps taken, and 2456 accepted.
[3 : mcmc] Progress @ 2026-06-21 16:53:18 : 24900 steps taken, and 2533 accepted.
[1 : mcmc] Progress @ 2026-06-21 16:53:33 : 24649 steps taken, and 2510 accepted.
[0 : mcmc] Progress @ 2026-06-21 16:54:00 : 24559 steps taken, and 2489 accepted.
[2 : mcmc] Progress @ 2026-06-21 16:54:02 : 24472 steps taken, and 2473 accepted.
[3 : mcmc] Progress @ 2026-06-21 16:54:23 : 24999 steps taken, and 2550 accepted.
[1 : mcmc] Progress @ 2026-06-21 16:54:33 : 24730 steps taken, and 2522 accepted.
[0 : mcmc] Progress @ 2026-06-21 16:55:06 : 24625 steps taken, and 2501 accepted.
[2 : mcmc] Progress @ 2026-06-21 16:55:07 : 24559 steps taken, and 2486 accepted.
[3 : mcmc] Progress @ 2026-06-21 16:55:26 : 25091 steps taken, and 2565 accepted.
[1 : mcmc] Progress @ 2026-06-21 16:55:38 : 24783 steps taken, and 2532 accepted.
[0 : mcmc] Progress @ 2026-06-21 16:56:08 : 24742 steps taken, and 2520 accepted.
[2 : mcmc] Progress @ 2026-06-21 16:56:09 : 24646 steps taken, and 2499 accepted.
[3 : mcmc] Progress @ 2026-06-21 16:56:32 : 25196 steps taken, and 2577 accepted.
[1 : mcmc] Progress @ 2026-06-21 16:56:43 : 24892 steps taken, and 2550 accepted.
[2 : mcmc] Progress @ 2026-06-21 16:57:09 : 24725 steps taken, and 2508 accepted.
[0 : mcmc] Progress @ 2026-06-21 16:57:10 : 24838 steps taken, and 2535 accepted.
[3 : mcmc] Progress @ 2026-06-21 16:57:32 : 25275 steps taken, and 2588 accepted.
[1 : mcmc] Progress @ 2026-06-21 16:57:45 : 25000 steps taken, and 2560 accepted.
[2 : mcmc] Progress @ 2026-06-21 16:58:11 : 24824 steps taken, and 2522 accepted.
[0 : mcmc] Progress @ 2026-06-21 16:58:13 : 24929 steps taken, and 2551 accepted.
[3 : mcmc] Progress @ 2026-06-21 16:58:32 : 25350 steps taken, and 2603 accepted.
[1 : mcmc] Progress @ 2026-06-21 16:58:53 : 25093 steps taken, and 2578 accepted.
[2 : mcmc] Progress @ 2026-06-21 16:59:11 : 24920 steps taken, and 2534 accepted.
[0 : mcmc] Progress @ 2026-06-21 16:59:14 : 25018 steps taken, and 2564 accepted.
[3 : mcmc] Progress @ 2026-06-21 16:59:39 : 25464 steps taken, and 2623 accepted.
[1 : mcmc] Progress @ 2026-06-21 16:59:53 : 25179 steps taken, and 2589 accepted.
[2 : mcmc] Progress @ 2026-06-21 17:00:11 : 25014 steps taken, and 2548 accepted.
[0 : mcmc] Progress @ 2026-06-21 17:00:14 : 25101 steps taken, and 2575 accepted.
[3 : mcmc] Progress @ 2026-06-21 17:00:39 : 25546 steps taken, and 2631 accepted.
[1 : mcmc] Progress @ 2026-06-21 17:00:53 : 25263 steps taken, and 2601 accepted.
[0 : mcmc] Progress @ 2026-06-21 17:01:18 : 25199 steps taken, and 2589 accepted.
[2 : mcmc] Progress @ 2026-06-21 17:01:20 : 25124 steps taken, and 2558 accepted.
[3 : mcmc] Progress @ 2026-06-21 17:01:42 : 25647 steps taken, and 2646 accepted.
[1 : mcmc] Progress @ 2026-06-21 17:01:56 : 25362 steps taken, and 2618 accepted.
[0 : mcmc] Progress @ 2026-06-21 17:02:18 : 25297 steps taken, and 2606 accepted.
[2 : mcmc] Progress @ 2026-06-21 17:02:20 : 25216 steps taken, and 2576 accepted.
[3 : mcmc] Progress @ 2026-06-21 17:02:43 : 25729 steps taken, and 2657 accepted.
[1 : mcmc] Progress @ 2026-06-21 17:02:56 : 25460 steps taken, and 2631 accepted.
[0 : mcmc] Progress @ 2026-06-21 17:03:18 : 25394 steps taken, and 2620 accepted.
[2 : mcmc] Progress @ 2026-06-21 17:03:20 : 25294 steps taken, and 2589 accepted.
[3 : mcmc] Progress @ 2026-06-21 17:03:45 : 25813 steps taken, and 2671 accepted.
[1 : mcmc] Progress @ 2026-06-21 17:04:00 : 25568 steps taken, and 2640 accepted.
[0 : mcmc] Progress @ 2026-06-21 17:04:18 : 25481 steps taken, and 2630 accepted.
[2 : mcmc] Progress @ 2026-06-21 17:04:25 : 25396 steps taken, and 2605 accepted.
[3 : mcmc] Progress @ 2026-06-21 17:04:51 : 25920 steps taken, and 2682 accepted.
[1 : mcmc] Progress @ 2026-06-21 17:05:01 : 25676 steps taken, and 2654 accepted.
[0 : mcmc] Progress @ 2026-06-21 17:05:26 : 25572 steps taken, and 2646 accepted.
[2 : mcmc] Progress @ 2026-06-21 17:05:27 : 25485 steps taken, and 2618 accepted.
[3 : mcmc] Progress @ 2026-06-21 17:05:51 : 26024 steps taken, and 2699 accepted.
[1 : mcmc] Progress @ 2026-06-21 17:06:03 : 25775 steps taken, and 2664 accepted.
[0 : mcmc] Progress @ 2026-06-21 17:06:28 : 25659 steps taken, and 2656 accepted.
[2 : mcmc] Progress @ 2026-06-21 17:06:30 : 25602 steps taken, and 2634 accepted.
[3 : mcmc] Progress @ 2026-06-21 17:06:57 : 26103 steps taken, and 2715 accepted.
[1 : mcmc] Progress @ 2026-06-21 17:07:11 : 25851 steps taken, and 2669 accepted.
[0 : mcmc] Progress @ 2026-06-21 17:07:31 : 25763 steps taken, and 2672 accepted.
[2 : mcmc] Progress @ 2026-06-21 17:07:32 : 25664 steps taken, and 2643 accepted.
[3 : mcmc] Progress @ 2026-06-21 17:07:57 : 26217 steps taken, and 2727 accepted.
[1 : mcmc] Progress @ 2026-06-21 17:08:17 : 25962 steps taken, and 2685 accepted.
[2 : mcmc] Progress @ 2026-06-21 17:08:33 : 25746 steps taken, and 2655 accepted.
[0 : mcmc] Progress @ 2026-06-21 17:08:36 : 25855 steps taken, and 2681 accepted.
[3 : mcmc] Progress @ 2026-06-21 17:09:01 : 26301 steps taken, and 2738 accepted.
[1 : mcmc] Progress @ 2026-06-21 17:09:17 : 26065 steps taken, and 2705 accepted.
[2 : mcmc] Progress @ 2026-06-21 17:09:33 : 25843 steps taken, and 2671 accepted.
[0 : mcmc] Progress @ 2026-06-21 17:09:38 : 25960 steps taken, and 2694 accepted.
[3 : mcmc] Progress @ 2026-06-21 17:10:02 : 26408 steps taken, and 2757 accepted.
[1 : mcmc] Progress @ 2026-06-21 17:10:23 : 26176 steps taken, and 2722 accepted.
[2 : mcmc] Progress @ 2026-06-21 17:10:38 : 25946 steps taken, and 2688 accepted.
[0 : mcmc] Progress @ 2026-06-21 17:10:44 : 26071 steps taken, and 2711 accepted.
[3 : mcmc] Progress @ 2026-06-21 17:11:02 : 26467 steps taken, and 2763 accepted.
[1 : mcmc] Progress @ 2026-06-21 17:11:31 : 26265 steps taken, and 2735 accepted.
[2 : mcmc] Progress @ 2026-06-21 17:11:39 : 26013 steps taken, and 2695 accepted.
[0 : mcmc] Progress @ 2026-06-21 17:11:49 : 26167 steps taken, and 2725 accepted.
[3 : mcmc] Progress @ 2026-06-21 17:12:02 : 26562 steps taken, and 2776 accepted.
[1 : mcmc] Progress @ 2026-06-21 17:12:35 : 26370 steps taken, and 2753 accepted.
[2 : mcmc] Progress @ 2026-06-21 17:12:46 : 26127 steps taken, and 2716 accepted.
[0 : mcmc] Progress @ 2026-06-21 17:12:51 : 26271 steps taken, and 2742 accepted.
[3 : mcmc] Progress @ 2026-06-21 17:13:05 : 26642 steps taken, and 2790 accepted.
[1 : mcmc] Progress @ 2026-06-21 17:13:35 : 26481 steps taken, and 2771 accepted.
[2 : mcmc] Progress @ 2026-06-21 17:13:51 : 26203 steps taken, and 2728 accepted.
[0 : mcmc] Progress @ 2026-06-21 17:13:54 : 26325 steps taken, and 2749 accepted.
[3 : mcmc] Progress @ 2026-06-21 17:14:11 : 26731 steps taken, and 2801 accepted.
[1 : mcmc] Progress @ 2026-06-21 17:14:43 : 26555 steps taken, and 2782 accepted.
[2 : mcmc] Progress @ 2026-06-21 17:14:52 : 26288 steps taken, and 2745 accepted.
[0 : mcmc] Progress @ 2026-06-21 17:14:55 : 26437 steps taken, and 2759 accepted.
[3 : mcmc] Progress @ 2026-06-21 17:15:12 : 26826 steps taken, and 2815 accepted.
[1 : mcmc] Progress @ 2026-06-21 17:15:51 : 26657 steps taken, and 2800 accepted.
[0 : mcmc] Progress @ 2026-06-21 17:15:55 : 26549 steps taken, and 2770 accepted.
[2 : mcmc] Progress @ 2026-06-21 17:15:55 : 26404 steps taken, and 2767 accepted.
[3 : mcmc] Progress @ 2026-06-21 17:16:13 : 26915 steps taken, and 2832 accepted.
[0 : mcmc] Progress @ 2026-06-21 17:16:55 : 26649 steps taken, and 2784 accepted.
[1 : mcmc] Progress @ 2026-06-21 17:16:57 : 26756 steps taken, and 2815 accepted.
[2 : mcmc] Progress @ 2026-06-21 17:17:01 : 26486 steps taken, and 2778 accepted.
[3 : mcmc] Progress @ 2026-06-21 17:17:16 : 27010 steps taken, and 2839 accepted.
[1 : mcmc] Progress @ 2026-06-21 17:17:57 : 26851 steps taken, and 2831 accepted.
[0 : mcmc] Progress @ 2026-06-21 17:18:02 : 26767 steps taken, and 2802 accepted.
[2 : mcmc] Progress @ 2026-06-21 17:18:06 : 26574 steps taken, and 2794 accepted.
[3 : mcmc] Progress @ 2026-06-21 17:18:17 : 27120 steps taken, and 2856 accepted.
[1 : mcmc] Progress @ 2026-06-21 17:18:58 : 26933 steps taken, and 2840 accepted.
[0 : mcmc] Progress @ 2026-06-21 17:19:03 : 26837 steps taken, and 2815 accepted.
[2 : mcmc] Progress @ 2026-06-21 17:19:07 : 26658 steps taken, and 2807 accepted.
[3 : mcmc] Progress @ 2026-06-21 17:19:19 : 27186 steps taken, and 2866 accepted.
[0 : mcmc] Progress @ 2026-06-21 17:20:03 : 26934 steps taken, and 2832 accepted.
[1 : mcmc] Progress @ 2026-06-21 17:20:06 : 27053 steps taken, and 2855 accepted.
[2 : mcmc] Progress @ 2026-06-21 17:20:15 : 26747 steps taken, and 2820 accepted.
[3 : mcmc] Progress @ 2026-06-21 17:20:19 : 27307 steps taken, and 2888 accepted.
[0 : mcmc] Progress @ 2026-06-21 17:21:03 : 27015 steps taken, and 2847 accepted.
[1 : mcmc] Progress @ 2026-06-21 17:21:06 : 27132 steps taken, and 2868 accepted.
[2 : mcmc] Progress @ 2026-06-21 17:21:16 : 26838 steps taken, and 2836 accepted.
[3 : mcmc] Progress @ 2026-06-21 17:21:21 : 27393 steps taken, and 2896 accepted.
[0 : mcmc] Progress @ 2026-06-21 17:22:03 : 27142 steps taken, and 2867 accepted.
[1 : mcmc] Progress @ 2026-06-21 17:22:13 : 27229 steps taken, and 2881 accepted.
[2 : mcmc] Progress @ 2026-06-21 17:22:20 : 26923 steps taken, and 2849 accepted.
[3 : mcmc] Progress @ 2026-06-21 17:22:23 : 27481 steps taken, and 2904 accepted.
[0 : mcmc] Progress @ 2026-06-21 17:23:03 : 27215 steps taken, and 2877 accepted.
[1 : mcmc] Progress @ 2026-06-21 17:23:16 : 27332 steps taken, and 2901 accepted.
[2 : mcmc] Progress @ 2026-06-21 17:23:25 : 27043 steps taken, and 2866 accepted.
[3 : mcmc] Progress @ 2026-06-21 17:23:31 : 27583 steps taken, and 2921 accepted.
[0 : mcmc] Progress @ 2026-06-21 17:24:05 : 27288 steps taken, and 2893 accepted.
[1 : mcmc] Progress @ 2026-06-21 17:24:17 : 27413 steps taken, and 2914 accepted.
[2 : mcmc] Progress @ 2026-06-21 17:24:31 : 27098 steps taken, and 2871 accepted.
[3 : mcmc] Progress @ 2026-06-21 17:24:36 : 27689 steps taken, and 2937 accepted.
[0 : mcmc] Progress @ 2026-06-21 17:25:06 : 27369 steps taken, and 2909 accepted.
[1 : mcmc] Progress @ 2026-06-21 17:25:19 : 27483 steps taken, and 2925 accepted.
[3 : mcmc] Progress @ 2026-06-21 17:25:36 : 27768 steps taken, and 2950 accepted.
[2 : mcmc] Progress @ 2026-06-21 17:25:37 : 27238 steps taken, and 2889 accepted.
[0 : mcmc] Progress @ 2026-06-21 17:26:14 : 27495 steps taken, and 2928 accepted.
[1 : mcmc] Progress @ 2026-06-21 17:26:20 : 27609 steps taken, and 2939 accepted.
[3 : mcmc] Progress @ 2026-06-21 17:26:36 : 27859 steps taken, and 2961 accepted.
[2 : mcmc] Progress @ 2026-06-21 17:26:43 : 27331 steps taken, and 2905 accepted.
[0 : mcmc] Progress @ 2026-06-21 17:27:19 : 27579 steps taken, and 2937 accepted.
[1 : mcmc] Progress @ 2026-06-21 17:27:27 : 27683 steps taken, and 2955 accepted.
[2 : mcmc] Progress @ 2026-06-21 17:27:43 : 27435 steps taken, and 2916 accepted.
[3 : mcmc] Progress @ 2026-06-21 17:27:46 : 27942 steps taken, and 2977 accepted.
[0 : mcmc] Progress @ 2026-06-21 17:28:19 : 27647 steps taken, and 2946 accepted.
[1 : mcmc] Progress @ 2026-06-21 17:28:36 : 27803 steps taken, and 2977 accepted.
[2 : mcmc] Progress @ 2026-06-21 17:28:45 : 27527 steps taken, and 2932 accepted.
[3 : mcmc] Progress @ 2026-06-21 17:28:46 : 28030 steps taken, and 2993 accepted.
[0 : mcmc] Progress @ 2026-06-21 17:29:21 : 27763 steps taken, and 2961 accepted.
[1 : mcmc] Progress @ 2026-06-21 17:29:39 : 27898 steps taken, and 2991 accepted.
[3 : mcmc] Progress @ 2026-06-21 17:29:50 : 28142 steps taken, and 3014 accepted.
[2 : mcmc] Progress @ 2026-06-21 17:29:53 : 27608 steps taken, and 2945 accepted.
[0 : mcmc] Progress @ 2026-06-21 17:30:21 : 27854 steps taken, and 2978 accepted.
[1 : mcmc] Progress @ 2026-06-21 17:30:39 : 27974 steps taken, and 3001 accepted.
[3 : mcmc] Progress @ 2026-06-21 17:30:52 : 28249 steps taken, and 3036 accepted.
[2 : mcmc] Progress @ 2026-06-21 17:30:57 : 27699 steps taken, and 2957 accepted.
[0 : mcmc] Progress @ 2026-06-21 17:31:25 : 27930 steps taken, and 2995 accepted.
[1 : mcmc] Progress @ 2026-06-21 17:31:42 : 28064 steps taken, and 3010 accepted.
[3 : mcmc] Progress @ 2026-06-21 17:31:52 : 28349 steps taken, and 3055 accepted.
[2 : mcmc] Progress @ 2026-06-21 17:32:00 : 27792 steps taken, and 2972 accepted.
[0 : mcmc] Progress @ 2026-06-21 17:32:25 : 28007 steps taken, and 3008 accepted.
[1 : mcmc] Progress @ 2026-06-21 17:32:44 : 28155 steps taken, and 3026 accepted.
[3 : mcmc] Progress @ 2026-06-21 17:32:55 : 28441 steps taken, and 3065 accepted.
[2 : mcmc] Progress @ 2026-06-21 17:33:01 : 27874 steps taken, and 2984 accepted.
[0 : mcmc] Progress @ 2026-06-21 17:33:28 : 28117 steps taken, and 3026 accepted.
[1 : mcmc] Progress @ 2026-06-21 17:33:46 : 28238 steps taken, and 3038 accepted.
[3 : mcmc] Progress @ 2026-06-21 17:34:04 : 28569 steps taken, and 3081 accepted.
[2 : mcmc] Progress @ 2026-06-21 17:34:08 : 27983 steps taken, and 3003 accepted.
[0 : mcmc] Progress @ 2026-06-21 17:34:33 : 28200 steps taken, and 3037 accepted.
[1 : mcmc] Progress @ 2026-06-21 17:34:51 : 28349 steps taken, and 3054 accepted.
[2 : mcmc] Progress @ 2026-06-21 17:35:12 : 28079 steps taken, and 3018 accepted.
[3 : mcmc] Progress @ 2026-06-21 17:35:12 : 28642 steps taken, and 3090 accepted.
[0 : mcmc] Progress @ 2026-06-21 17:35:35 : 28283 steps taken, and 3051 accepted.
[1 : mcmc] Progress @ 2026-06-21 17:35:51 : 28430 steps taken, and 3067 accepted.
[3 : mcmc] Progress @ 2026-06-21 17:36:12 : 28736 steps taken, and 3102 accepted.
[2 : mcmc] Progress @ 2026-06-21 17:36:15 : 28164 steps taken, and 3030 accepted.
[0 : mcmc] Progress @ 2026-06-21 17:36:41 : 28392 steps taken, and 3067 accepted.
[1 : mcmc] Progress @ 2026-06-21 17:36:52 : 28513 steps taken, and 3082 accepted.
[3 : mcmc] Progress @ 2026-06-21 17:37:14 : 28820 steps taken, and 3118 accepted.
[2 : mcmc] Progress @ 2026-06-21 17:37:18 : 28254 steps taken, and 3048 accepted.
[0 : mcmc] Progress @ 2026-06-21 17:37:41 : 28468 steps taken, and 3082 accepted.
[1 : mcmc] Progress @ 2026-06-21 17:37:53 : 28596 steps taken, and 3097 accepted.
[3 : mcmc] Progress @ 2026-06-21 17:38:14 : 28939 steps taken, and 3142 accepted.
[2 : mcmc] Progress @ 2026-06-21 17:38:21 : 28348 steps taken, and 3066 accepted.
[0 : mcmc] Progress @ 2026-06-21 17:38:41 : 28568 steps taken, and 3099 accepted.
[1 : mcmc] Progress @ 2026-06-21 17:38:53 : 28724 steps taken, and 3118 accepted.
[3 : mcmc] Progress @ 2026-06-21 17:39:17 : 29016 steps taken, and 3152 accepted.
[2 : mcmc] Progress @ 2026-06-21 17:39:23 : 28437 steps taken, and 3081 accepted.
[0 : mcmc] Progress @ 2026-06-21 17:39:41 : 28665 steps taken, and 3117 accepted.
[1 : mcmc] Progress @ 2026-06-21 17:39:53 : 28801 steps taken, and 3132 accepted.
[3 : mcmc] Progress @ 2026-06-21 17:40:17 : 29111 steps taken, and 3166 accepted.
[2 : mcmc] Progress @ 2026-06-21 17:40:25 : 28516 steps taken, and 3092 accepted.
[0 : mcmc] Progress @ 2026-06-21 17:40:45 : 28737 steps taken, and 3129 accepted.
[1 : mcmc] Progress @ 2026-06-21 17:40:54 : 28887 steps taken, and 3143 accepted.
[3 : mcmc] Progress @ 2026-06-21 17:41:23 : 29196 steps taken, and 3177 accepted.
[2 : mcmc] Progress @ 2026-06-21 17:41:28 : 28617 steps taken, and 3112 accepted.
[0 : mcmc] Progress @ 2026-06-21 17:41:45 : 28840 steps taken, and 3150 accepted.
[1 : mcmc] Progress @ 2026-06-21 17:41:55 : 28973 steps taken, and 3155 accepted.
[3 : mcmc] Progress @ 2026-06-21 17:42:23 : 29299 steps taken, and 3190 accepted.
[2 : mcmc] Progress @ 2026-06-21 17:42:32 : 28707 steps taken, and 3124 accepted.
[0 : mcmc] Progress @ 2026-06-21 17:42:46 : 28926 steps taken, and 3163 accepted.
[1 : mcmc] Progress @ 2026-06-21 17:42:57 : 29061 steps taken, and 3173 accepted.
[3 : mcmc] Progress @ 2026-06-21 17:43:23 : 29398 steps taken, and 3205 accepted.
[2 : mcmc] Progress @ 2026-06-21 17:43:32 : 28786 steps taken, and 3137 accepted.
[0 : mcmc] Progress @ 2026-06-21 17:43:51 : 29005 steps taken, and 3174 accepted.
[1 : mcmc] Progress @ 2026-06-21 17:44:00 : 29155 steps taken, and 3186 accepted.
[3 : mcmc] Progress @ 2026-06-21 17:44:25 : 29486 steps taken, and 3221 accepted.
[2 : mcmc] Progress @ 2026-06-21 17:44:37 : 28883 steps taken, and 3153 accepted.
[0 : mcmc] Progress @ 2026-06-21 17:44:54 : 29099 steps taken, and 3186 accepted.
[1 : mcmc] Progress @ 2026-06-21 17:45:00 : 29236 steps taken, and 3198 accepted.
[3 : mcmc] Progress @ 2026-06-21 17:45:28 : 29566 steps taken, and 3232 accepted.
[2 : mcmc] Progress @ 2026-06-21 17:45:39 : 28968 steps taken, and 3168 accepted.
[0 : mcmc] Progress @ 2026-06-21 17:45:54 : 29190 steps taken, and 3196 accepted.
[1 : mcmc] Progress @ 2026-06-21 17:46:03 : 29334 steps taken, and 3214 accepted.
[3 : mcmc] Progress @ 2026-06-21 17:46:31 : 29681 steps taken, and 3245 accepted.
[2 : mcmc] Progress @ 2026-06-21 17:46:42 : 29059 steps taken, and 3182 accepted.
[0 : mcmc] Progress @ 2026-06-21 17:46:58 : 29284 steps taken, and 3211 accepted.
[1 : mcmc] Progress @ 2026-06-21 17:47:07 : 29429 steps taken, and 3232 accepted.
[3 : mcmc] Progress @ 2026-06-21 17:47:33 : 29778 steps taken, and 3258 accepted.
[2 : mcmc] Progress @ 2026-06-21 17:47:48 : 29164 steps taken, and 3199 accepted.
[0 : mcmc] Progress @ 2026-06-21 17:47:58 : 29387 steps taken, and 3226 accepted.
[1 : mcmc] Progress @ 2026-06-21 17:48:09 : 29520 steps taken, and 3245 accepted.
[3 : mcmc] Progress @ 2026-06-21 17:48:33 : 29868 steps taken, and 3273 accepted.
[2 : mcmc] Progress @ 2026-06-21 17:48:56 : 29261 steps taken, and 3217 accepted.
[0 : mcmc] Progress @ 2026-06-21 17:48:58 : 29459 steps taken, and 3239 accepted.
[1 : mcmc] Progress @ 2026-06-21 17:49:12 : 29610 steps taken, and 3260 accepted.
[3 : mcmc] Progress @ 2026-06-21 17:49:41 : 29945 steps taken, and 3288 accepted.
[2 : mcmc] Progress @ 2026-06-21 17:50:01 : 29355 steps taken, and 3232 accepted.
[0 : mcmc] Progress @ 2026-06-21 17:50:03 : 29522 steps taken, and 3248 accepted.
[1 : mcmc] Progress @ 2026-06-21 17:50:17 : 29690 steps taken, and 3272 accepted.
[3 : mcmc] Progress @ 2026-06-21 17:50:41 : 30051 steps taken, and 3301 accepted.
[2 : mcmc] Progress @ 2026-06-21 17:51:05 : 29434 steps taken, and 3245 accepted.
[0 : mcmc] Progress @ 2026-06-21 17:51:06 : 29616 steps taken, and 3260 accepted.
[1 : mcmc] Progress @ 2026-06-21 17:51:19 : 29789 steps taken, and 3287 accepted.
[3 : mcmc] Progress @ 2026-06-21 17:51:43 : 30118 steps taken, and 3307 accepted.
[2 : mcmc] Progress @ 2026-06-21 17:52:05 : 29528 steps taken, and 3257 accepted.
[0 : mcmc] Progress @ 2026-06-21 17:52:08 : 29702 steps taken, and 3275 accepted.
[1 : mcmc] Progress @ 2026-06-21 17:52:20 : 29878 steps taken, and 3302 accepted.
[3 : mcmc] Progress @ 2026-06-21 17:52:47 : 30215 steps taken, and 3325 accepted.
[2 : mcmc] Progress @ 2026-06-21 17:53:05 : 29635 steps taken, and 3270 accepted.
[0 : mcmc] Progress @ 2026-06-21 17:53:13 : 29806 steps taken, and 3294 accepted.
[1 : mcmc] Progress @ 2026-06-21 17:53:20 : 30001 steps taken, and 3319 accepted.
[3 : mcmc] Progress @ 2026-06-21 17:53:53 : 30316 steps taken, and 3342 accepted.
[2 : mcmc] Progress @ 2026-06-21 17:54:10 : 29707 steps taken, and 3279 accepted.
[0 : mcmc] Progress @ 2026-06-21 17:54:14 : 29883 steps taken, and 3306 accepted.
[1 : mcmc] Progress @ 2026-06-21 17:54:24 : 30081 steps taken, and 3333 accepted.
[3 : mcmc] Progress @ 2026-06-21 17:54:57 : 30396 steps taken, and 3356 accepted.
[2 : mcmc] Progress @ 2026-06-21 17:55:10 : 29807 steps taken, and 3297 accepted.
[0 : mcmc] Progress @ 2026-06-21 17:55:16 : 29972 steps taken, and 3316 accepted.
[1 : mcmc] Progress @ 2026-06-21 17:55:27 : 30169 steps taken, and 3347 accepted.
[3 : mcmc] Progress @ 2026-06-21 17:56:00 : 30498 steps taken, and 3372 accepted.
[2 : mcmc] Progress @ 2026-06-21 17:56:10 : 29881 steps taken, and 3306 accepted.
[0 : mcmc] Progress @ 2026-06-21 17:56:16 : 30072 steps taken, and 3328 accepted.
[1 : mcmc] Progress @ 2026-06-21 17:56:35 : 30257 steps taken, and 3360 accepted.
[3 : mcmc] Progress @ 2026-06-21 17:57:00 : 30590 steps taken, and 3385 accepted.
[2 : mcmc] Progress @ 2026-06-21 17:57:12 : 29964 steps taken, and 3316 accepted.
[0 : mcmc] Progress @ 2026-06-21 17:57:17 : 30153 steps taken, and 3340 accepted.
[1 : mcmc] Progress @ 2026-06-21 17:57:40 : 30367 steps taken, and 3380 accepted.
[3 : mcmc] Progress @ 2026-06-21 17:58:01 : 30685 steps taken, and 3403 accepted.
[2 : mcmc] Progress @ 2026-06-21 17:58:16 : 30060 steps taken, and 3331 accepted.
[0 : mcmc] Progress @ 2026-06-21 17:58:24 : 30246 steps taken, and 3349 accepted.
[1 : mcmc] Progress @ 2026-06-21 17:58:41 : 30445 steps taken, and 3392 accepted.
[3 : mcmc] Progress @ 2026-06-21 17:59:02 : 30769 steps taken, and 3418 accepted.
[2 : mcmc] Progress @ 2026-06-21 17:59:17 : 30146 steps taken, and 3345 accepted.
[0 : mcmc] Progress @ 2026-06-21 17:59:28 : 30351 steps taken, and 3362 accepted.
[1 : mcmc] Progress @ 2026-06-21 17:59:41 : 30522 steps taken, and 3405 accepted.
[3 : mcmc] Progress @ 2026-06-21 18:00:05 : 30858 steps taken, and 3431 accepted.
[2 : mcmc] Progress @ 2026-06-21 18:00:21 : 30236 steps taken, and 3356 accepted.
[0 : mcmc] Progress @ 2026-06-21 18:00:33 : 30439 steps taken, and 3372 accepted.
[1 : mcmc] Progress @ 2026-06-21 18:00:45 : 30615 steps taken, and 3422 accepted.
[3 : mcmc] Progress @ 2026-06-21 18:01:07 : 30945 steps taken, and 3439 accepted.
[2 : mcmc] Progress @ 2026-06-21 18:01:24 : 30326 steps taken, and 3372 accepted.
[0 : mcmc] Progress @ 2026-06-21 18:01:42 : 30529 steps taken, and 3383 accepted.
[1 : mcmc] Progress @ 2026-06-21 18:01:48 : 30725 steps taken, and 3437 accepted.
[3 : mcmc] Progress @ 2026-06-21 18:02:12 : 31048 steps taken, and 3452 accepted.
[2 : mcmc] Progress @ 2026-06-21 18:02:28 : 30427 steps taken, and 3390 accepted.
[0 : mcmc] Progress @ 2026-06-21 18:02:45 : 30627 steps taken, and 3401 accepted.
[1 : mcmc] Progress @ 2026-06-21 18:02:50 : 30784 steps taken, and 3448 accepted.
[3 : mcmc] Progress @ 2026-06-21 18:03:12 : 31125 steps taken, and 3463 accepted.
[2 : mcmc] Progress @ 2026-06-21 18:03:29 : 30518 steps taken, and 3400 accepted.
[0 : mcmc] Progress @ 2026-06-21 18:03:47 : 30712 steps taken, and 3412 accepted.
[1 : mcmc] Progress @ 2026-06-21 18:03:58 : 30900 steps taken, and 3465 accepted.
[3 : mcmc] Progress @ 2026-06-21 18:04:16 : 31218 steps taken, and 3475 accepted.
[2 : mcmc] Progress @ 2026-06-21 18:04:29 : 30609 steps taken, and 3413 accepted.
[0 : mcmc] Progress @ 2026-06-21 18:04:47 : 30800 steps taken, and 3423 accepted.
[1 : mcmc] Progress @ 2026-06-21 18:04:58 : 30982 steps taken, and 3478 accepted.
[3 : mcmc] Progress @ 2026-06-21 18:05:16 : 31292 steps taken, and 3484 accepted.
[2 : mcmc] Progress @ 2026-06-21 18:05:35 : 30716 steps taken, and 3425 accepted.
[0 : mcmc] Progress @ 2026-06-21 18:05:51 : 30886 steps taken, and 3438 accepted.
[1 : mcmc] Progress @ 2026-06-21 18:05:58 : 31071 steps taken, and 3496 accepted.
[3 : mcmc] Progress @ 2026-06-21 18:06:23 : 31409 steps taken, and 3498 accepted.
[2 : mcmc] Progress @ 2026-06-21 18:06:41 : 30817 steps taken, and 3443 accepted.
[0 : mcmc] Progress @ 2026-06-21 18:06:58 : 30977 steps taken, and 3448 accepted.
[1 : mcmc] Progress @ 2026-06-21 18:06:58 : 31153 steps taken, and 3511 accepted.
[3 : mcmc] Progress @ 2026-06-21 18:07:25 : 31500 steps taken, and 3514 accepted.
[2 : mcmc] Progress @ 2026-06-21 18:07:44 : 30882 steps taken, and 3457 accepted.
[0 : mcmc] Progress @ 2026-06-21 18:08:01 : 31055 steps taken, and 3461 accepted.
[1 : mcmc] Progress @ 2026-06-21 18:08:04 : 31231 steps taken, and 3524 accepted.
[3 : mcmc] Progress @ 2026-06-21 18:08:26 : 31578 steps taken, and 3522 accepted.
[2 : mcmc] Progress @ 2026-06-21 18:08:50 : 30969 steps taken, and 3473 accepted.
[0 : mcmc] Progress @ 2026-06-21 18:09:03 : 31143 steps taken, and 3474 accepted.
[1 : mcmc] Progress @ 2026-06-21 18:09:04 : 31338 steps taken, and 3537 accepted.
[3 : mcmc] Progress @ 2026-06-21 18:09:34 : 31689 steps taken, and 3539 accepted.
[2 : mcmc] Progress @ 2026-06-21 18:09:54 : 31063 steps taken, and 3487 accepted.
[1 : mcmc] Progress @ 2026-06-21 18:10:04 : 31412 steps taken, and 3547 accepted.
[0 : mcmc] Progress @ 2026-06-21 18:10:06 : 31237 steps taken, and 3492 accepted.
[3 : mcmc] Progress @ 2026-06-21 18:10:37 : 31799 steps taken, and 3554 accepted.
[2 : mcmc] Progress @ 2026-06-21 18:10:55 : 31164 steps taken, and 3507 accepted.
[1 : mcmc] Progress @ 2026-06-21 18:11:07 : 31500 steps taken, and 3561 accepted.
[0 : mcmc] Progress @ 2026-06-21 18:11:08 : 31321 steps taken, and 3503 accepted.
[3 : mcmc] Progress @ 2026-06-21 18:11:38 : 31911 steps taken, and 3576 accepted.
[2 : mcmc] Progress @ 2026-06-21 18:12:01 : 31251 steps taken, and 3522 accepted.
[0 : mcmc] Progress @ 2026-06-21 18:12:08 : 31428 steps taken, and 3520 accepted.
[1 : mcmc] Progress @ 2026-06-21 18:12:09 : 31584 steps taken, and 3577 accepted.
[3 : mcmc] Progress @ 2026-06-21 18:12:40 : 32002 steps taken, and 3588 accepted.
[2 : mcmc] Progress @ 2026-06-21 18:13:02 : 31344 steps taken, and 3537 accepted.
[0 : mcmc] Progress @ 2026-06-21 18:13:08 : 31500 steps taken, and 3533 accepted.
[1 : mcmc] Progress @ 2026-06-21 18:13:11 : 31668 steps taken, and 3587 accepted.
[3 : mcmc] Learn + convergence test @ 3600 samples accepted.
[3 : mcmc] Ready to check convergence and learn a new proposal covmat (waiting for the rest...)
[3 : mcmc] Progress @ 2026-06-21 18:13:45 : 32085 steps taken, and 3602 accepted.
[2 : mcmc] Progress @ 2026-06-21 18:14:03 : 31426 steps taken, and 3546 accepted.
[0 : mcmc] Progress @ 2026-06-21 18:14:10 : 31589 steps taken, and 3550 accepted.
[1 : mcmc] Progress @ 2026-06-21 18:14:16 : 31770 steps taken, and 3596 accepted.
[1 : mcmc] Learn + convergence test @ 3600 samples accepted.
[1 : mcmc] Ready to check convergence and learn a new proposal covmat (waiting for the rest...)
[3 : mcmc] Progress @ 2026-06-21 18:14:51 : 32169 steps taken, and 3615 accepted.
[2 : mcmc] Progress @ 2026-06-21 18:15:03 : 31526 steps taken, and 3559 accepted.
[0 : mcmc] Progress @ 2026-06-21 18:15:13 : 31672 steps taken, and 3562 accepted.
[1 : mcmc] Progress @ 2026-06-21 18:15:18 : 31859 steps taken, and 3611 accepted.
[3 : mcmc] Progress @ 2026-06-21 18:15:51 : 32281 steps taken, and 3628 accepted.
[2 : mcmc] Progress @ 2026-06-21 18:16:03 : 31599 steps taken, and 3570 accepted.
[0 : mcmc] Progress @ 2026-06-21 18:16:13 : 31750 steps taken, and 3572 accepted.
[1 : mcmc] Progress @ 2026-06-21 18:16:18 : 31933 steps taken, and 3622 accepted.
[3 : mcmc] Progress @ 2026-06-21 18:16:51 : 32362 steps taken, and 3639 accepted.
[2 : mcmc] Progress @ 2026-06-21 18:17:03 : 31693 steps taken, and 3588 accepted.
[0 : mcmc] Progress @ 2026-06-21 18:17:13 : 31829 steps taken, and 3579 accepted.
[1 : mcmc] Progress @ 2026-06-21 18:17:23 : 32031 steps taken, and 3638 accepted.
[3 : mcmc] Progress @ 2026-06-21 18:17:52 : 32460 steps taken, and 3657 accepted.
[2 : mcmc] Learn + convergence test @ 3600 samples accepted.
[2 : mcmc] Ready to check convergence and learn a new proposal covmat (waiting for the rest...)
[2 : mcmc] Progress @ 2026-06-21 18:18:09 : 31783 steps taken, and 3603 accepted.
[0 : mcmc] Progress @ 2026-06-21 18:18:15 : 31916 steps taken, and 3595 accepted.
[0 : mcmc] Learn + convergence test @ 3600 samples accepted.
[0 : mcmc] Ready to check convergence and learn a new proposal covmat (waiting for the rest...)
[0 : mcmc] All chains are ready to check convergence and learn a new proposal covmat
[1 : mcmc] Progress @ 2026-06-21 18:18:23 : 32112 steps taken, and 3648 accepted.
[0 : mcmc]  - Acceptance rate: 0.450 = avg([0.4507, 0.4583, 0.4511, 0.4392])
[0 : mcmc]  - Convergence of means: R-1 = 302.546118 after 14518 accepted steps = sum([3600, 3649, 3607, 3662])
[0 : mcmc] Convergence less than requested for updates: waiting until the next convergence check.
[3 : mcmc] Progress @ 2026-06-21 18:18:56 : 32559 steps taken, and 3665 accepted.
[2 : mcmc] Progress @ 2026-06-21 18:19:12 : 31881 steps taken, and 3621 accepted.
[0 : mcmc] Progress @ 2026-06-21 18:19:15 : 32026 steps taken, and 3617 accepted.
[1 : mcmc] Progress @ 2026-06-21 18:19:30 : 32208 steps taken, and 3662 accepted.
[3 : mcmc] Progress @ 2026-06-21 18:20:02 : 32651 steps taken, and 3683 accepted.
[2 : mcmc] Progress @ 2026-06-21 18:20:13 : 31960 steps taken, and 3634 accepted.
[0 : mcmc] Progress @ 2026-06-21 18:20:18 : 32097 steps taken, and 3628 accepted.
[1 : mcmc] Progress @ 2026-06-21 18:20:33 : 32305 steps taken, and 3681 accepted.
[3 : mcmc] Progress @ 2026-06-21 18:21:06 : 32735 steps taken, and 3693 accepted.
[2 : mcmc] Progress @ 2026-06-21 18:21:15 : 32044 steps taken, and 3647 accepted.
[0 : mcmc] Progress @ 2026-06-21 18:21:22 : 32192 steps taken, and 3636 accepted.
[1 : mcmc] Progress @ 2026-06-21 18:21:35 : 32386 steps taken, and 3696 accepted.
[3 : mcmc] Progress @ 2026-06-21 18:22:10 : 32828 steps taken, and 3710 accepted.
[2 : mcmc] Progress @ 2026-06-21 18:22:22 : 32137 steps taken, and 3660 accepted.
[0 : mcmc] Progress @ 2026-06-21 18:22:26 : 32294 steps taken, and 3653 accepted.
[1 : mcmc] Progress @ 2026-06-21 18:22:39 : 32488 steps taken, and 3710 accepted.
[3 : mcmc] Progress @ 2026-06-21 18:23:10 : 32905 steps taken, and 3721 accepted.
[2 : mcmc] Progress @ 2026-06-21 18:23:26 : 32249 steps taken, and 3676 accepted.
[0 : mcmc] Progress @ 2026-06-21 18:23:30 : 32364 steps taken, and 3665 accepted.
[1 : mcmc] Progress @ 2026-06-21 18:23:42 : 32579 steps taken, and 3727 accepted.
[3 : mcmc] Progress @ 2026-06-21 18:24:13 : 33005 steps taken, and 3741 accepted.
[2 : mcmc] Progress @ 2026-06-21 18:24:32 : 32335 steps taken, and 3686 accepted.
[0 : mcmc] Progress @ 2026-06-21 18:24:33 : 32477 steps taken, and 3683 accepted.
[1 : mcmc] Progress @ 2026-06-21 18:24:45 : 32668 steps taken, and 3739 accepted.
[3 : mcmc] Progress @ 2026-06-21 18:25:17 : 33078 steps taken, and 3754 accepted.
[2 : mcmc] Progress @ 2026-06-21 18:25:32 : 32416 steps taken, and 3701 accepted.
[0 : mcmc] Progress @ 2026-06-21 18:25:35 : 32571 steps taken, and 3701 accepted.
[1 : mcmc] Progress @ 2026-06-21 18:25:45 : 32751 steps taken, and 3754 accepted.
[3 : mcmc] Progress @ 2026-06-21 18:26:18 : 33177 steps taken, and 3766 accepted.
[2 : mcmc] Progress @ 2026-06-21 18:26:32 : 32512 steps taken, and 3717 accepted.
[0 : mcmc] Progress @ 2026-06-21 18:26:35 : 32649 steps taken, and 3711 accepted.
[1 : mcmc] Progress @ 2026-06-21 18:26:45 : 32826 steps taken, and 3768 accepted.
[3 : mcmc] Progress @ 2026-06-21 18:27:21 : 33268 steps taken, and 3783 accepted.
[0 : mcmc] Progress @ 2026-06-21 18:27:36 : 32705 steps taken, and 3717 accepted.
[2 : mcmc] Progress @ 2026-06-21 18:27:41 : 32612 steps taken, and 3727 accepted.
[1 : mcmc] Progress @ 2026-06-21 18:27:47 : 32916 steps taken, and 3779 accepted.
[3 : mcmc] Progress @ 2026-06-21 18:28:21 : 33377 steps taken, and 3796 accepted.
[0 : mcmc] Progress @ 2026-06-21 18:28:40 : 32815 steps taken, and 3734 accepted.
[2 : mcmc] Progress @ 2026-06-21 18:28:48 : 32694 steps taken, and 3738 accepted.
[1 : mcmc] Progress @ 2026-06-21 18:28:54 : 33027 steps taken, and 3795 accepted.
[3 : mcmc] Progress @ 2026-06-21 18:29:27 : 33475 steps taken, and 3813 accepted.
[0 : mcmc] Progress @ 2026-06-21 18:29:40 : 32919 steps taken, and 3750 accepted.
[2 : mcmc] Progress @ 2026-06-21 18:29:52 : 32791 steps taken, and 3755 accepted.
[1 : mcmc] Progress @ 2026-06-21 18:29:57 : 33120 steps taken, and 3803 accepted.
[3 : mcmc] Progress @ 2026-06-21 18:30:29 : 33559 steps taken, and 3829 accepted.
[0 : mcmc] Progress @ 2026-06-21 18:30:47 : 33025 steps taken, and 3767 accepted.
[2 : mcmc] Progress @ 2026-06-21 18:30:52 : 32862 steps taken, and 3765 accepted.
[1 : mcmc] Progress @ 2026-06-21 18:30:59 : 33220 steps taken, and 3820 accepted.
[3 : mcmc] Progress @ 2026-06-21 18:31:32 : 33656 steps taken, and 3846 accepted.
[0 : mcmc] Progress @ 2026-06-21 18:31:47 : 33102 steps taken, and 3780 accepted.
[2 : mcmc] Progress @ 2026-06-21 18:32:00 : 32960 steps taken, and 3783 accepted.
[1 : mcmc] Progress @ 2026-06-21 18:32:03 : 33303 steps taken, and 3835 accepted.
[3 : mcmc] Progress @ 2026-06-21 18:32:32 : 33747 steps taken, and 3865 accepted.
[0 : mcmc] Progress @ 2026-06-21 18:32:49 : 33188 steps taken, and 3796 accepted.
[1 : mcmc] Progress @ 2026-06-21 18:33:07 : 33404 steps taken, and 3854 accepted.
[2 : mcmc] Progress @ 2026-06-21 18:33:08 : 33044 steps taken, and 3797 accepted.
[3 : mcmc] Progress @ 2026-06-21 18:33:33 : 33828 steps taken, and 3878 accepted.
[0 : mcmc] Progress @ 2026-06-21 18:33:56 : 33269 steps taken, and 3812 accepted.
[2 : mcmc] Progress @ 2026-06-21 18:34:08 : 33137 steps taken, and 3809 accepted.
[1 : mcmc] Progress @ 2026-06-21 18:34:09 : 33516 steps taken, and 3872 accepted.
[3 : mcmc] Progress @ 2026-06-21 18:34:34 : 33917 steps taken, and 3891 accepted.
[0 : mcmc] Progress @ 2026-06-21 18:35:04 : 33373 steps taken, and 3826 accepted.
[1 : mcmc] Progress @ 2026-06-21 18:35:10 : 33580 steps taken, and 3884 accepted.
[2 : mcmc] Progress @ 2026-06-21 18:35:13 : 33219 steps taken, and 3825 accepted.
[3 : mcmc] Progress @ 2026-06-21 18:35:36 : 34008 steps taken, and 3907 accepted.
[0 : mcmc] Progress @ 2026-06-21 18:36:04 : 33468 steps taken, and 3838 accepted.
[1 : mcmc] Progress @ 2026-06-21 18:36:12 : 33664 steps taken, and 3900 accepted.
[2 : mcmc] Progress @ 2026-06-21 18:36:20 : 33331 steps taken, and 3839 accepted.
[3 : mcmc] Progress @ 2026-06-21 18:36:40 : 34135 steps taken, and 3928 accepted.
[0 : mcmc] Progress @ 2026-06-21 18:37:05 : 33549 steps taken, and 3848 accepted.
[1 : mcmc] Progress @ 2026-06-21 18:37:12 : 33766 steps taken, and 3918 accepted.
[2 : mcmc] Progress @ 2026-06-21 18:37:20 : 33407 steps taken, and 3855 accepted.
[3 : mcmc] Progress @ 2026-06-21 18:37:40 : 34234 steps taken, and 3938 accepted.
[0 : mcmc] Progress @ 2026-06-21 18:38:14 : 33646 steps taken, and 3861 accepted.
[1 : mcmc] Progress @ 2026-06-21 18:38:17 : 33853 steps taken, and 3930 accepted.
[2 : mcmc] Progress @ 2026-06-21 18:38:22 : 33493 steps taken, and 3866 accepted.
[3 : mcmc] Progress @ 2026-06-21 18:38:45 : 34309 steps taken, and 3945 accepted.
[0 : mcmc] Progress @ 2026-06-21 18:39:20 : 33723 steps taken, and 3878 accepted.
[1 : mcmc] Progress @ 2026-06-21 18:39:21 : 33952 steps taken, and 3950 accepted.
[2 : mcmc] Progress @ 2026-06-21 18:39:24 : 33600 steps taken, and 3875 accepted.
[3 : mcmc] Progress @ 2026-06-21 18:39:49 : 34410 steps taken, and 3960 accepted.
[1 : mcmc] Progress @ 2026-06-21 18:40:21 : 34034 steps taken, and 3961 accepted.
[2 : mcmc] Progress @ 2026-06-21 18:40:25 : 33675 steps taken, and 3883 accepted.
[0 : mcmc] Progress @ 2026-06-21 18:40:27 : 33837 steps taken, and 3897 accepted.
[3 : mcmc] Progress @ 2026-06-21 18:40:55 : 34515 steps taken, and 3980 accepted.
[1 : mcmc] Progress @ 2026-06-21 18:41:23 : 34141 steps taken, and 3982 accepted.
[2 : mcmc] Progress @ 2026-06-21 18:41:26 : 33762 steps taken, and 3890 accepted.
[0 : mcmc] Progress @ 2026-06-21 18:41:27 : 33921 steps taken, and 3907 accepted.
[3 : mcmc] Progress @ 2026-06-21 18:42:03 : 34602 steps taken, and 3992 accepted.
[1 : mcmc] Progress @ 2026-06-21 18:42:28 : 34220 steps taken, and 3992 accepted.
[0 : mcmc] Progress @ 2026-06-21 18:42:29 : 34012 steps taken, and 3917 accepted.
[2 : mcmc] Progress @ 2026-06-21 18:42:30 : 33855 steps taken, and 3905 accepted.
[3 : mcmc] Progress @ 2026-06-21 18:43:08 : 34703 steps taken, and 4002 accepted.
[0 : mcmc] Progress @ 2026-06-21 18:43:31 : 34105 steps taken, and 3929 accepted.
[1 : mcmc] Progress @ 2026-06-21 18:43:32 : 34322 steps taken, and 4006 accepted.
[2 : mcmc] Progress @ 2026-06-21 18:43:38 : 33957 steps taken, and 3923 accepted.
[3 : mcmc] Progress @ 2026-06-21 18:44:08 : 34812 steps taken, and 4015 accepted.
[0 : mcmc] Progress @ 2026-06-21 18:44:32 : 34192 steps taken, and 3943 accepted.
[1 : mcmc] Progress @ 2026-06-21 18:44:32 : 34419 steps taken, and 4023 accepted.
[2 : mcmc] Progress @ 2026-06-21 18:44:47 : 34061 steps taken, and 3944 accepted.
[3 : mcmc] Progress @ 2026-06-21 18:45:13 : 34911 steps taken, and 4032 accepted.
[0 : mcmc] Progress @ 2026-06-21 18:45:32 : 34289 steps taken, and 3958 accepted.
[1 : mcmc] Progress @ 2026-06-21 18:45:34 : 34502 steps taken, and 4036 accepted.
[2 : mcmc] Progress @ 2026-06-21 18:45:54 : 34144 steps taken, and 3960 accepted.
[3 : mcmc] Progress @ 2026-06-21 18:46:19 : 34978 steps taken, and 4040 accepted.
[0 : mcmc] Progress @ 2026-06-21 18:46:32 : 34395 steps taken, and 3977 accepted.
[1 : mcmc] Progress @ 2026-06-21 18:46:42 : 34608 steps taken, and 4054 accepted.
[2 : mcmc] Progress @ 2026-06-21 18:46:58 : 34247 steps taken, and 3977 accepted.
[3 : mcmc] Progress @ 2026-06-21 18:47:19 : 35062 steps taken, and 4055 accepted.
[0 : mcmc] Progress @ 2026-06-21 18:47:32 : 34455 steps taken, and 3987 accepted.
[1 : mcmc] Progress @ 2026-06-21 18:47:51 : 34715 steps taken, and 4070 accepted.
[2 : mcmc] Progress @ 2026-06-21 18:48:02 : 34323 steps taken, and 3987 accepted.
[3 : mcmc] Progress @ 2026-06-21 18:48:19 : 35190 steps taken, and 4072 accepted.
[0 : mcmc] Progress @ 2026-06-21 18:48:34 : 34557 steps taken, and 4006 accepted.
[1 : mcmc] Progress @ 2026-06-21 18:48:57 : 34826 steps taken, and 4082 accepted.
[2 : mcmc] Progress @ 2026-06-21 18:49:09 : 34448 steps taken, and 4010 accepted.
[3 : mcmc] Progress @ 2026-06-21 18:49:19 : 35276 steps taken, and 4086 accepted.
[0 : mcmc] Progress @ 2026-06-21 18:49:34 : 34664 steps taken, and 4018 accepted.
[1 : mcmc] Progress @ 2026-06-21 18:50:03 : 34916 steps taken, and 4092 accepted.
[2 : mcmc] Progress @ 2026-06-21 18:50:14 : 34545 steps taken, and 4028 accepted.
[3 : mcmc] Progress @ 2026-06-21 18:50:24 : 35377 steps taken, and 4100 accepted.
[0 : mcmc] Progress @ 2026-06-21 18:50:39 : 34754 steps taken, and 4034 accepted.
[1 : mcmc] Progress @ 2026-06-21 18:51:03 : 35017 steps taken, and 4105 accepted.
[2 : mcmc] Progress @ 2026-06-21 18:51:19 : 34608 steps taken, and 4040 accepted.
[3 : mcmc] Progress @ 2026-06-21 18:51:25 : 35487 steps taken, and 4119 accepted.
[0 : mcmc] Progress @ 2026-06-21 18:51:39 : 34854 steps taken, and 4048 accepted.
[1 : mcmc] Progress @ 2026-06-21 18:52:04 : 35098 steps taken, and 4117 accepted.
[3 : mcmc] Progress @ 2026-06-21 18:52:26 : 35551 steps taken, and 4132 accepted.
[2 : mcmc] Progress @ 2026-06-21 18:52:27 : 34740 steps taken, and 4063 accepted.
[0 : mcmc] Progress @ 2026-06-21 18:52:46 : 34942 steps taken, and 4062 accepted.
[1 : mcmc] Progress @ 2026-06-21 18:53:07 : 35192 steps taken, and 4130 accepted.
[2 : mcmc] Progress @ 2026-06-21 18:53:27 : 34834 steps taken, and 4076 accepted.
[3 : mcmc] Progress @ 2026-06-21 18:53:32 : 35661 steps taken, and 4149 accepted.
[0 : mcmc] Progress @ 2026-06-21 18:53:46 : 35058 steps taken, and 4078 accepted.
[1 : mcmc] Progress @ 2026-06-21 18:54:14 : 35300 steps taken, and 4145 accepted.
[2 : mcmc] Progress @ 2026-06-21 18:54:27 : 34933 steps taken, and 4090 accepted.
[3 : mcmc] Progress @ 2026-06-21 18:54:32 : 35744 steps taken, and 4165 accepted.
[0 : mcmc] Progress @ 2026-06-21 18:54:48 : 35115 steps taken, and 4085 accepted.
[1 : mcmc] Progress @ 2026-06-21 18:55:14 : 35380 steps taken, and 4155 accepted.
[2 : mcmc] Progress @ 2026-06-21 18:55:35 : 35011 steps taken, and 4105 accepted.
[3 : mcmc] Progress @ 2026-06-21 18:55:36 : 35842 steps taken, and 4183 accepted.
[0 : mcmc] Progress @ 2026-06-21 18:55:49 : 35237 steps taken, and 4105 accepted.
[1 : mcmc] Progress @ 2026-06-21 18:56:15 : 35465 steps taken, and 4171 accepted.
[3 : mcmc] Progress @ 2026-06-21 18:56:37 : 35925 steps taken, and 4196 accepted.
[2 : mcmc] Progress @ 2026-06-21 18:56:41 : 35122 steps taken, and 4124 accepted.
[0 : mcmc] Progress @ 2026-06-21 18:56:52 : 35327 steps taken, and 4119 accepted.
[1 : mcmc] Progress @ 2026-06-21 18:57:18 : 35569 steps taken, and 4185 accepted.
[3 : mcmc] Progress @ 2026-06-21 18:57:37 : 36003 steps taken, and 4212 accepted.
[2 : mcmc] Progress @ 2026-06-21 18:57:47 : 35235 steps taken, and 4139 accepted.
[0 : mcmc] Progress @ 2026-06-21 18:57:55 : 35397 steps taken, and 4132 accepted.
[1 : mcmc] Progress @ 2026-06-21 18:58:25 : 35653 steps taken, and 4200 accepted.
[3 : mcmc] Progress @ 2026-06-21 18:58:41 : 36096 steps taken, and 4228 accepted.
[2 : mcmc] Progress @ 2026-06-21 18:58:50 : 35323 steps taken, and 4155 accepted.
[0 : mcmc] Progress @ 2026-06-21 18:58:59 : 35505 steps taken, and 4148 accepted.
[1 : mcmc] Progress @ 2026-06-21 18:59:26 : 35759 steps taken, and 4213 accepted.
[3 : mcmc] Progress @ 2026-06-21 18:59:41 : 36196 steps taken, and 4245 accepted.
[2 : mcmc] Progress @ 2026-06-21 18:59:56 : 35411 steps taken, and 4168 accepted.
[0 : mcmc] Progress @ 2026-06-21 18:59:59 : 35615 steps taken, and 4162 accepted.
[1 : mcmc] Progress @ 2026-06-21 19:00:30 : 35825 steps taken, and 4219 accepted.
[3 : mcmc] Progress @ 2026-06-21 19:00:48 : 36286 steps taken, and 4258 accepted.
[2 : mcmc] Progress @ 2026-06-21 19:01:01 : 35505 steps taken, and 4179 accepted.
[0 : mcmc] Progress @ 2026-06-21 19:01:04 : 35679 steps taken, and 4170 accepted.
[1 : mcmc] Progress @ 2026-06-21 19:01:30 : 35930 steps taken, and 4231 accepted.
[3 : mcmc] Progress @ 2026-06-21 19:01:51 : 36382 steps taken, and 4273 accepted.
[2 : mcmc] Progress @ 2026-06-21 19:02:04 : 35599 steps taken, and 4190 accepted.
[0 : mcmc] Progress @ 2026-06-21 19:02:05 : 35752 steps taken, and 4182 accepted.
[1 : mcmc] Progress @ 2026-06-21 19:02:33 : 36027 steps taken, and 4244 accepted.
[3 : mcmc] Progress @ 2026-06-21 19:02:58 : 36473 steps taken, and 4286 accepted.
[2 : mcmc] Progress @ 2026-06-21 19:03:04 : 35710 steps taken, and 4201 accepted.
[0 : mcmc] Progress @ 2026-06-21 19:03:05 : 35861 steps taken, and 4192 accepted.
[1 : mcmc] Progress @ 2026-06-21 19:03:33 : 36101 steps taken, and 4251 accepted.
[2 : mcmc] Progress @ 2026-06-21 19:04:04 : 35773 steps taken, and 4211 accepted.
[3 : mcmc] Progress @ 2026-06-21 19:04:06 : 36574 steps taken, and 4307 accepted.
[0 : mcmc] Progress @ 2026-06-21 19:04:08 : 35948 steps taken, and 4202 accepted.
[1 : mcmc] Progress @ 2026-06-21 19:04:36 : 36188 steps taken, and 4268 accepted.
[3 : mcmc] Progress @ 2026-06-21 19:05:08 : 36659 steps taken, and 4322 accepted.
[2 : mcmc] Progress @ 2026-06-21 19:05:11 : 35888 steps taken, and 4226 accepted.
[0 : mcmc] Progress @ 2026-06-21 19:05:13 : 36028 steps taken, and 4215 accepted.
[1 : mcmc] Progress @ 2026-06-21 19:05:42 : 36292 steps taken, and 4284 accepted.
[3 : mcmc] Progress @ 2026-06-21 19:06:13 : 36787 steps taken, and 4343 accepted.
[0 : mcmc] Progress @ 2026-06-21 19:06:17 : 36099 steps taken, and 4227 accepted.
[2 : mcmc] Progress @ 2026-06-21 19:06:19 : 35980 steps taken, and 4239 accepted.
[1 : mcmc] Progress @ 2026-06-21 19:06:44 : 36382 steps taken, and 4297 accepted.
[3 : mcmc] Progress @ 2026-06-21 19:07:15 : 36870 steps taken, and 4353 accepted.
[2 : mcmc] Progress @ 2026-06-21 19:07:21 : 36067 steps taken, and 4251 accepted.
[0 : mcmc] Progress @ 2026-06-21 19:07:25 : 36233 steps taken, and 4251 accepted.
[1 : mcmc] Progress @ 2026-06-21 19:07:51 : 36465 steps taken, and 4310 accepted.
[3 : mcmc] Progress @ 2026-06-21 19:08:22 : 36950 steps taken, and 4364 accepted.
[2 : mcmc] Progress @ 2026-06-21 19:08:23 : 36131 steps taken, and 4263 accepted.
[0 : mcmc] Progress @ 2026-06-21 19:08:33 : 36333 steps taken, and 4273 accepted.
[1 : mcmc] Progress @ 2026-06-21 19:08:51 : 36566 steps taken, and 4322 accepted.
[3 : mcmc] Progress @ 2026-06-21 19:09:25 : 37021 steps taken, and 4376 accepted.
[2 : mcmc] Progress @ 2026-06-21 19:09:30 : 36253 steps taken, and 4285 accepted.
[0 : mcmc] Progress @ 2026-06-21 19:09:38 : 36448 steps taken, and 4289 accepted.
[1 : mcmc] Progress @ 2026-06-21 19:09:54 : 36643 steps taken, and 4335 accepted.
[3 : mcmc] Progress @ 2026-06-21 19:10:25 : 37115 steps taken, and 4394 accepted.
[2 : mcmc] Progress @ 2026-06-21 19:10:33 : 36342 steps taken, and 4299 accepted.
[0 : mcmc] Progress @ 2026-06-21 19:10:41 : 36522 steps taken, and 4305 accepted.
[1 : mcmc] Progress @ 2026-06-21 19:10:54 : 36727 steps taken, and 4346 accepted.
[3 : mcmc] Progress @ 2026-06-21 19:11:31 : 37215 steps taken, and 4404 accepted.
[2 : mcmc] Progress @ 2026-06-21 19:11:39 : 36444 steps taken, and 4317 accepted.
[0 : mcmc] Progress @ 2026-06-21 19:11:42 : 36622 steps taken, and 4317 accepted.
[1 : mcmc] Progress @ 2026-06-21 19:11:55 : 36811 steps taken, and 4358 accepted.
[3 : mcmc] Progress @ 2026-06-21 19:12:34 : 37329 steps taken, and 4416 accepted.
[2 : mcmc] Progress @ 2026-06-21 19:12:39 : 36540 steps taken, and 4327 accepted.
[0 : mcmc] Progress @ 2026-06-21 19:12:44 : 36692 steps taken, and 4327 accepted.
[1 : mcmc] Progress @ 2026-06-21 19:12:58 : 36902 steps taken, and 4378 accepted.
[2 : mcmc] Progress @ 2026-06-21 19:13:40 : 36620 steps taken, and 4339 accepted.
[3 : mcmc] Progress @ 2026-06-21 19:13:41 : 37423 steps taken, and 4433 accepted.
[0 : mcmc] Progress @ 2026-06-21 19:13:52 : 36782 steps taken, and 4337 accepted.
[1 : mcmc] Progress @ 2026-06-21 19:13:59 : 37003 steps taken, and 4394 accepted.
[2 : mcmc] Progress @ 2026-06-21 19:14:43 : 36714 steps taken, and 4349 accepted.
[3 : mcmc] Progress @ 2026-06-21 19:14:45 : 37499 steps taken, and 4447 accepted.
[0 : mcmc] Progress @ 2026-06-21 19:14:56 : 36880 steps taken, and 4354 accepted.
[1 : mcmc] Progress @ 2026-06-21 19:15:06 : 37103 steps taken, and 4406 accepted.
[2 : mcmc] Progress @ 2026-06-21 19:15:47 : 36809 steps taken, and 4361 accepted.
[3 : mcmc] Progress @ 2026-06-21 19:15:48 : 37617 steps taken, and 4461 accepted.
[0 : mcmc] Progress @ 2026-06-21 19:16:01 : 36983 steps taken, and 4374 accepted.
[1 : mcmc] Progress @ 2026-06-21 19:16:14 : 37177 steps taken, and 4419 accepted.
[3 : mcmc] Progress @ 2026-06-21 19:16:48 : 37690 steps taken, and 4471 accepted.
[2 : mcmc] Progress @ 2026-06-21 19:16:49 : 36898 steps taken, and 4376 accepted.
[0 : mcmc] Progress @ 2026-06-21 19:17:01 : 37065 steps taken, and 4384 accepted.
[1 : mcmc] Progress @ 2026-06-21 19:17:15 : 37297 steps taken, and 4436 accepted.
[3 : mcmc] Progress @ 2026-06-21 19:17:53 : 37760 steps taken, and 4481 accepted.
[2 : mcmc] Progress @ 2026-06-21 19:17:54 : 36998 steps taken, and 4389 accepted.
[0 : mcmc] Progress @ 2026-06-21 19:18:05 : 37159 steps taken, and 4394 accepted.
[1 : mcmc] Progress @ 2026-06-21 19:18:15 : 37404 steps taken, and 4456 accepted.
[2 : mcmc] Progress @ 2026-06-21 19:18:56 : 37081 steps taken, and 4399 accepted.
[3 : mcmc] Progress @ 2026-06-21 19:18:56 : 37858 steps taken, and 4500 accepted.
[0 : mcmc] Progress @ 2026-06-21 19:19:07 : 37250 steps taken, and 4402 accepted.
[1 : mcmc] Progress @ 2026-06-21 19:19:15 : 37464 steps taken, and 4464 accepted.
[3 : mcmc] Progress @ 2026-06-21 19:19:56 : 37963 steps taken, and 4520 accepted.
[2 : mcmc] Progress @ 2026-06-21 19:19:58 : 37180 steps taken, and 4412 accepted.
[0 : mcmc] Progress @ 2026-06-21 19:20:10 : 37343 steps taken, and 4417 accepted.
[1 : mcmc] Progress @ 2026-06-21 19:20:15 : 37561 steps taken, and 4478 accepted.
[3 : mcmc] Progress @ 2026-06-21 19:20:58 : 38062 steps taken, and 4535 accepted.
[2 : mcmc] Progress @ 2026-06-21 19:20:58 : 37271 steps taken, and 4426 accepted.
[0 : mcmc] Progress @ 2026-06-21 19:21:12 : 37431 steps taken, and 4426 accepted.
[1 : mcmc] Progress @ 2026-06-21 19:21:18 : 37631 steps taken, and 4487 accepted.
[2 : mcmc] Progress @ 2026-06-21 19:22:03 : 37388 steps taken, and 4441 accepted.
[3 : mcmc] Progress @ 2026-06-21 19:22:06 : 38135 steps taken, and 4550 accepted.
[0 : mcmc] Progress @ 2026-06-21 19:22:16 : 37529 steps taken, and 4446 accepted.
[1 : mcmc] Progress @ 2026-06-21 19:22:20 : 37719 steps taken, and 4501 accepted.
[2 : mcmc] Progress @ 2026-06-21 19:23:04 : 37462 steps taken, and 4453 accepted.
[3 : mcmc] Progress @ 2026-06-21 19:23:11 : 38239 steps taken, and 4564 accepted.
[0 : mcmc] Progress @ 2026-06-21 19:23:19 : 37619 steps taken, and 4459 accepted.
[1 : mcmc] Progress @ 2026-06-21 19:23:20 : 37833 steps taken, and 4514 accepted.
[2 : mcmc] Progress @ 2026-06-21 19:24:04 : 37560 steps taken, and 4461 accepted.
[3 : mcmc] Progress @ 2026-06-21 19:24:12 : 38320 steps taken, and 4579 accepted.
[0 : mcmc] Progress @ 2026-06-21 19:24:19 : 37698 steps taken, and 4476 accepted.
[1 : mcmc] Progress @ 2026-06-21 19:24:26 : 37905 steps taken, and 4525 accepted.
[2 : mcmc] Progress @ 2026-06-21 19:25:05 : 37633 steps taken, and 4468 accepted.
[3 : mcmc] Progress @ 2026-06-21 19:25:16 : 38419 steps taken, and 4595 accepted.
[0 : mcmc] Progress @ 2026-06-21 19:25:21 : 37783 steps taken, and 4484 accepted.
[1 : mcmc] Progress @ 2026-06-21 19:25:35 : 38018 steps taken, and 4546 accepted.
[2 : mcmc] Progress @ 2026-06-21 19:26:09 : 37756 steps taken, and 4494 accepted.
[3 : mcmc] Progress @ 2026-06-21 19:26:19 : 38509 steps taken, and 4609 accepted.
[0 : mcmc] Progress @ 2026-06-21 19:26:22 : 37869 steps taken, and 4497 accepted.
[1 : mcmc] Progress @ 2026-06-21 19:26:35 : 38103 steps taken, and 4556 accepted.
[2 : mcmc] Progress @ 2026-06-21 19:27:16 : 37846 steps taken, and 4507 accepted.
[3 : mcmc] Progress @ 2026-06-21 19:27:19 : 38588 steps taken, and 4619 accepted.
[0 : mcmc] Progress @ 2026-06-21 19:27:28 : 37977 steps taken, and 4508 accepted.
[1 : mcmc] Progress @ 2026-06-21 19:27:41 : 38232 steps taken, and 4566 accepted.
[3 : mcmc] Progress @ 2026-06-21 19:28:19 : 38693 steps taken, and 4628 accepted.
[2 : mcmc] Progress @ 2026-06-21 19:28:20 : 37927 steps taken, and 4520 accepted.
[0 : mcmc] Progress @ 2026-06-21 19:28:30 : 38068 steps taken, and 4521 accepted.
[1 : mcmc] Progress @ 2026-06-21 19:28:42 : 38309 steps taken, and 4577 accepted.
[2 : mcmc] Progress @ 2026-06-21 19:29:26 : 38044 steps taken, and 4536 accepted.
[3 : mcmc] Progress @ 2026-06-21 19:29:27 : 38784 steps taken, and 4641 accepted.
[0 : mcmc] Progress @ 2026-06-21 19:29:31 : 38153 steps taken, and 4532 accepted.
[1 : mcmc] Progress @ 2026-06-21 19:29:45 : 38394 steps taken, and 4591 accepted.
[3 : mcmc] Progress @ 2026-06-21 19:30:27 : 38872 steps taken, and 4655 accepted.
[2 : mcmc] Progress @ 2026-06-21 19:30:30 : 38129 steps taken, and 4546 accepted.
[0 : mcmc] Progress @ 2026-06-21 19:30:31 : 38242 steps taken, and 4539 accepted.
[1 : mcmc] Progress @ 2026-06-21 19:30:45 : 38498 steps taken, and 4610 accepted.
[3 : mcmc] Progress @ 2026-06-21 19:31:28 : 38980 steps taken, and 4670 accepted.
[2 : mcmc] Progress @ 2026-06-21 19:31:35 : 38227 steps taken, and 4561 accepted.
[0 : mcmc] Progress @ 2026-06-21 19:31:39 : 38342 steps taken, and 4554 accepted.
[1 : mcmc] Progress @ 2026-06-21 19:31:49 : 38554 steps taken, and 4619 accepted.
[3 : mcmc] Progress @ 2026-06-21 19:32:35 : 39072 steps taken, and 4685 accepted.
[0 : mcmc] Progress @ 2026-06-21 19:32:42 : 38446 steps taken, and 4570 accepted.
[2 : mcmc] Progress @ 2026-06-21 19:32:43 : 38321 steps taken, and 4573 accepted.
[1 : mcmc] Progress @ 2026-06-21 19:32:52 : 38678 steps taken, and 4632 accepted.
[3 : mcmc] Progress @ 2026-06-21 19:33:37 : 39157 steps taken, and 4699 accepted.
[0 : mcmc] Progress @ 2026-06-21 19:33:47 : 38549 steps taken, and 4582 accepted.
[2 : mcmc] Progress @ 2026-06-21 19:33:52 : 38405 steps taken, and 4584 accepted.
[1 : mcmc] Progress @ 2026-06-21 19:33:58 : 38781 steps taken, and 4643 accepted.
[3 : mcmc] Progress @ 2026-06-21 19:34:37 : 39263 steps taken, and 4715 accepted.
[0 : mcmc] Progress @ 2026-06-21 19:34:50 : 38627 steps taken, and 4592 accepted.
[2 : mcmc] Progress @ 2026-06-21 19:34:54 : 38496 steps taken, and 4594 accepted.
[1 : mcmc] Progress @ 2026-06-21 19:34:58 : 38860 steps taken, and 4658 accepted.
[3 : mcmc] Progress @ 2026-06-21 19:35:37 : 39341 steps taken, and 4729 accepted.
[0 : mcmc] Progress @ 2026-06-21 19:35:54 : 38746 steps taken, and 4608 accepted.
[2 : mcmc] Progress @ 2026-06-21 19:35:58 : 38606 steps taken, and 4608 accepted.
[1 : mcmc] Progress @ 2026-06-21 19:36:01 : 38955 steps taken, and 4674 accepted.
[3 : mcmc] Progress @ 2026-06-21 19:36:41 : 39451 steps taken, and 4748 accepted.
[0 : mcmc] Progress @ 2026-06-21 19:37:02 : 38820 steps taken, and 4616 accepted.
[2 : mcmc] Progress @ 2026-06-21 19:37:02 : 38698 steps taken, and 4621 accepted.
[1 : mcmc] Progress @ 2026-06-21 19:37:04 : 39049 steps taken, and 4685 accepted.
[3 : mcmc] Progress @ 2026-06-21 19:37:49 : 39550 steps taken, and 4766 accepted.
[2 : mcmc] Progress @ 2026-06-21 19:38:02 : 38784 steps taken, and 4636 accepted.
[0 : mcmc] Progress @ 2026-06-21 19:38:03 : 38902 steps taken, and 4633 accepted.
[1 : mcmc] Progress @ 2026-06-21 19:38:07 : 39144 steps taken, and 4703 accepted.
[3 : mcmc] Progress @ 2026-06-21 19:38:50 : 39642 steps taken, and 4785 accepted.
[2 : mcmc] Progress @ 2026-06-21 19:39:03 : 38860 steps taken, and 4651 accepted.
[0 : mcmc] Progress @ 2026-06-21 19:39:03 : 39006 steps taken, and 4646 accepted.
[1 : mcmc] Progress @ 2026-06-21 19:39:07 : 39221 steps taken, and 4716 accepted.
[3 : mcmc] Progress @ 2026-06-21 19:39:52 : 39736 steps taken, and 4798 accepted.
[3 : mcmc] Learn + convergence test @ 4800 samples accepted.
[3 : mcmc] Ready to check convergence and learn a new proposal covmat (waiting for the rest...)
[2 : mcmc] Progress @ 2026-06-21 19:40:06 : 38966 steps taken, and 4670 accepted.
[0 : mcmc] Progress @ 2026-06-21 19:40:09 : 39115 steps taken, and 4659 accepted.
[1 : mcmc] Progress @ 2026-06-21 19:40:11 : 39321 steps taken, and 4732 accepted.
[3 : mcmc] Progress @ 2026-06-21 19:40:57 : 39806 steps taken, and 4814 accepted.
[0 : mcmc] Progress @ 2026-06-21 19:41:09 : 39197 steps taken, and 4671 accepted.
[2 : mcmc] Progress @ 2026-06-21 19:41:09 : 39056 steps taken, and 4681 accepted.
[1 : mcmc] Progress @ 2026-06-21 19:41:15 : 39417 steps taken, and 4746 accepted.
[3 : mcmc] Progress @ 2026-06-21 19:41:57 : 39899 steps taken, and 4825 accepted.
[2 : mcmc] Progress @ 2026-06-21 19:42:10 : 39137 steps taken, and 4696 accepted.
[0 : mcmc] Progress @ 2026-06-21 19:42:17 : 39287 steps taken, and 4683 accepted.
[1 : mcmc] Progress @ 2026-06-21 19:42:18 : 39509 steps taken, and 4762 accepted.
[3 : mcmc] Progress @ 2026-06-21 19:43:04 : 39998 steps taken, and 4841 accepted.
[2 : mcmc] Progress @ 2026-06-21 19:43:11 : 39234 steps taken, and 4712 accepted.
[1 : mcmc] Progress @ 2026-06-21 19:43:18 : 39595 steps taken, and 4775 accepted.
[0 : mcmc] Progress @ 2026-06-21 19:43:19 : 39355 steps taken, and 4695 accepted.
[3 : mcmc] Progress @ 2026-06-21 19:44:11 : 40119 steps taken, and 4852 accepted.
[2 : mcmc] Progress @ 2026-06-21 19:44:14 : 39324 steps taken, and 4730 accepted.
[1 : mcmc] Progress @ 2026-06-21 19:44:20 : 39679 steps taken, and 4789 accepted.
[0 : mcmc] Progress @ 2026-06-21 19:44:21 : 39469 steps taken, and 4712 accepted.
[1 : mcmc] Learn + convergence test @ 4800 samples accepted.
[1 : mcmc] Ready to check convergence and learn a new proposal covmat (waiting for the rest...)
[3 : mcmc] Progress @ 2026-06-21 19:45:16 : 40200 steps taken, and 4859 accepted.
[2 : mcmc] Progress @ 2026-06-21 19:45:19 : 39426 steps taken, and 4739 accepted.
[1 : mcmc] Progress @ 2026-06-21 19:45:25 : 39799 steps taken, and 4805 accepted.
[0 : mcmc] Progress @ 2026-06-21 19:45:25 : 39554 steps taken, and 4723 accepted.
[2 : mcmc] Progress @ 2026-06-21 19:46:19 : 39524 steps taken, and 4761 accepted.
[3 : mcmc] Progress @ 2026-06-21 19:46:21 : 40309 steps taken, and 4878 accepted.
[1 : mcmc] Progress @ 2026-06-21 19:46:29 : 39878 steps taken, and 4812 accepted.
[0 : mcmc] Progress @ 2026-06-21 19:46:31 : 39661 steps taken, and 4739 accepted.
[3 : mcmc] Progress @ 2026-06-21 19:47:23 : 40383 steps taken, and 4891 accepted.
[2 : mcmc] Progress @ 2026-06-21 19:47:25 : 39616 steps taken, and 4771 accepted.
[1 : mcmc] Progress @ 2026-06-21 19:47:30 : 39966 steps taken, and 4827 accepted.
[0 : mcmc] Progress @ 2026-06-21 19:47:34 : 39755 steps taken, and 4750 accepted.
[2 : mcmc] Progress @ 2026-06-21 19:48:30 : 39705 steps taken, and 4786 accepted.
[3 : mcmc] Progress @ 2026-06-21 19:48:30 : 40463 steps taken, and 4903 accepted.
[1 : mcmc] Progress @ 2026-06-21 19:48:33 : 40059 steps taken, and 4841 accepted.
[0 : mcmc] Progress @ 2026-06-21 19:48:37 : 39861 steps taken, and 4770 accepted.
[2 : mcmc] Learn + convergence test @ 4800 samples accepted.
[2 : mcmc] Ready to check convergence and learn a new proposal covmat (waiting for the rest...)
[3 : mcmc] Progress @ 2026-06-21 19:49:30 : 40592 steps taken, and 4925 accepted.
[2 : mcmc] Progress @ 2026-06-21 19:49:36 : 39799 steps taken, and 4800 accepted.
[1 : mcmc] Progress @ 2026-06-21 19:49:41 : 40141 steps taken, and 4853 accepted.
[0 : mcmc] Progress @ 2026-06-21 19:49:42 : 39943 steps taken, and 4784 accepted.
[3 : mcmc] Progress @ 2026-06-21 19:50:30 : 40699 steps taken, and 4940 accepted.
[2 : mcmc] Progress @ 2026-06-21 19:50:37 : 39886 steps taken, and 4816 accepted.
[0 : mcmc] Progress @ 2026-06-21 19:50:44 : 40021 steps taken, and 4794 accepted.
[1 : mcmc] Progress @ 2026-06-21 19:50:50 : 40257 steps taken, and 4865 accepted.
[0 : mcmc] Learn + convergence test @ 4800 samples accepted.
[0 : mcmc] Ready to check convergence and learn a new proposal covmat (waiting for the rest...)
[0 : mcmc] All chains are ready to check convergence and learn a new proposal covmat
[0 : mcmc]  - Acceptance rate: 0.452 = avg([0.4455, 0.4515, 0.4557, 0.4568])
[0 : mcmc]  - Convergence of means: R-1 = 140.997683 after 19438 accepted steps = sum([4800, 4871, 4823, 4944])
[0 : mcmc] Convergence less than requested for updates: waiting until the next convergence check.
[3 : mcmc] Progress @ 2026-06-21 19:51:37 : 40796 steps taken, and 4948 accepted.
[2 : mcmc] Progress @ 2026-06-21 19:51:39 : 39969 steps taken, and 4831 accepted.
[1 : mcmc] Progress @ 2026-06-21 19:51:50 : 40350 steps taken, and 4879 accepted.
[0 : mcmc] Progress @ 2026-06-21 19:51:51 : 40090 steps taken, and 4803 accepted.
[2 : mcmc] Progress @ 2026-06-21 19:52:40 : 40068 steps taken, and 4848 accepted.
[3 : mcmc] Progress @ 2026-06-21 19:52:43 : 40908 steps taken, and 4963 accepted.
[0 : mcmc] Progress @ 2026-06-21 19:52:53 : 40200 steps taken, and 4822 accepted.
[1 : mcmc] Progress @ 2026-06-21 19:52:53 : 40427 steps taken, and 4890 accepted.
[3 : mcmc] Progress @ 2026-06-21 19:53:43 : 40984 steps taken, and 4974 accepted.
[2 : mcmc] Progress @ 2026-06-21 19:53:47 : 40174 steps taken, and 4863 accepted.
[0 : mcmc] Progress @ 2026-06-21 19:53:57 : 40298 steps taken, and 4836 accepted.
[1 : mcmc] Progress @ 2026-06-21 19:54:02 : 40539 steps taken, and 4904 accepted.
[3 : mcmc] Progress @ 2026-06-21 19:54:44 : 41062 steps taken, and 4986 accepted.
[2 : mcmc] Progress @ 2026-06-21 19:54:54 : 40256 steps taken, and 4876 accepted.
[0 : mcmc] Progress @ 2026-06-21 19:54:58 : 40387 steps taken, and 4849 accepted.
[1 : mcmc] Progress @ 2026-06-21 19:55:03 : 40605 steps taken, and 4919 accepted.
[3 : mcmc] Progress @ 2026-06-21 19:55:44 : 41188 steps taken, and 5003 accepted.
[2 : mcmc] Progress @ 2026-06-21 19:55:58 : 40361 steps taken, and 4891 accepted.
[0 : mcmc] Progress @ 2026-06-21 19:56:03 : 40493 steps taken, and 4865 accepted.
[1 : mcmc] Progress @ 2026-06-21 19:56:03 : 40696 steps taken, and 4931 accepted.
[3 : mcmc] Progress @ 2026-06-21 19:56:53 : 41243 steps taken, and 5011 accepted.
[2 : mcmc] Progress @ 2026-06-21 19:56:59 : 40432 steps taken, and 4902 accepted.
[0 : mcmc] Progress @ 2026-06-21 19:57:06 : 40565 steps taken, and 4875 accepted.
[1 : mcmc] Progress @ 2026-06-21 19:57:07 : 40797 steps taken, and 4942 accepted.
[2 : mcmc] Progress @ 2026-06-21 19:57:59 : 40516 steps taken, and 4913 accepted.
[3 : mcmc] Progress @ 2026-06-21 19:58:00 : 41374 steps taken, and 5032 accepted.
[1 : mcmc] Progress @ 2026-06-21 19:58:07 : 40891 steps taken, and 4954 accepted.
[0 : mcmc] Progress @ 2026-06-21 19:58:12 : 40669 steps taken, and 4890 accepted.
[3 : mcmc] Progress @ 2026-06-21 19:59:01 : 41433 steps taken, and 5040 accepted.
[2 : mcmc] Progress @ 2026-06-21 19:59:04 : 40631 steps taken, and 4925 accepted.
[1 : mcmc] Progress @ 2026-06-21 19:59:11 : 40969 steps taken, and 4963 accepted.
[0 : mcmc] Progress @ 2026-06-21 19:59:13 : 40762 steps taken, and 4903 accepted.
[3 : mcmc] Progress @ 2026-06-21 20:00:03 : 41540 steps taken, and 5059 accepted.
[2 : mcmc] Progress @ 2026-06-21 20:00:04 : 40723 steps taken, and 4939 accepted.
[0 : mcmc] Progress @ 2026-06-21 20:00:13 : 40847 steps taken, and 4921 accepted.
[1 : mcmc] Progress @ 2026-06-21 20:00:18 : 41054 steps taken, and 4979 accepted.
[3 : mcmc] Progress @ 2026-06-21 20:01:04 : 41619 steps taken, and 5072 accepted.
[2 : mcmc] Progress @ 2026-06-21 20:01:07 : 40836 steps taken, and 4954 accepted.
[0 : mcmc] Progress @ 2026-06-21 20:01:18 : 40948 steps taken, and 4933 accepted.
[1 : mcmc] Progress @ 2026-06-21 20:01:19 : 41138 steps taken, and 4987 accepted.
[3 : mcmc] Progress @ 2026-06-21 20:02:07 : 41703 steps taken, and 5078 accepted.
[2 : mcmc] Progress @ 2026-06-21 20:02:13 : 40886 steps taken, and 4961 accepted.
[0 : mcmc] Progress @ 2026-06-21 20:02:20 : 41039 steps taken, and 4949 accepted.
[1 : mcmc] Progress @ 2026-06-21 20:02:27 : 41238 steps taken, and 5002 accepted.
[3 : mcmc] Progress @ 2026-06-21 20:03:08 : 41816 steps taken, and 5090 accepted.
[2 : mcmc] Progress @ 2026-06-21 20:03:13 : 40994 steps taken, and 4980 accepted.
[0 : mcmc] Progress @ 2026-06-21 20:03:22 : 41126 steps taken, and 4960 accepted.
[1 : mcmc] Progress @ 2026-06-21 20:03:35 : 41348 steps taken, and 5021 accepted.
[3 : mcmc] Progress @ 2026-06-21 20:04:09 : 41911 steps taken, and 5099 accepted.
[2 : mcmc] Progress @ 2026-06-21 20:04:15 : 41092 steps taken, and 4996 accepted.
[0 : mcmc] Progress @ 2026-06-21 20:04:24 : 41208 steps taken, and 4970 accepted.
[1 : mcmc] Progress @ 2026-06-21 20:04:40 : 41437 steps taken, and 5033 accepted.
[3 : mcmc] Progress @ 2026-06-21 20:05:17 : 42004 steps taken, and 5114 accepted.
[2 : mcmc] Progress @ 2026-06-21 20:05:20 : 41161 steps taken, and 5005 accepted.
[0 : mcmc] Progress @ 2026-06-21 20:05:25 : 41289 steps taken, and 4985 accepted.
[1 : mcmc] Progress @ 2026-06-21 20:05:40 : 41515 steps taken, and 5046 accepted.
[3 : mcmc] Progress @ 2026-06-21 20:06:17 : 42103 steps taken, and 5126 accepted.
[2 : mcmc] Progress @ 2026-06-21 20:06:23 : 41289 steps taken, and 5026 accepted.
[0 : mcmc] Progress @ 2026-06-21 20:06:26 : 41367 steps taken, and 4999 accepted.
[1 : mcmc] Progress @ 2026-06-21 20:06:42 : 41606 steps taken, and 5058 accepted.
[3 : mcmc] Progress @ 2026-06-21 20:07:18 : 42193 steps taken, and 5142 accepted.
[0 : mcmc] Progress @ 2026-06-21 20:07:30 : 41473 steps taken, and 5015 accepted.
[2 : mcmc] Progress @ 2026-06-21 20:07:31 : 41367 steps taken, and 5035 accepted.
[1 : mcmc] Progress @ 2026-06-21 20:07:47 : 41730 steps taken, and 5079 accepted.
[3 : mcmc] Progress @ 2026-06-21 20:08:19 : 42285 steps taken, and 5156 accepted.
[0 : mcmc] Progress @ 2026-06-21 20:08:33 : 41575 steps taken, and 5034 accepted.
[2 : mcmc] Progress @ 2026-06-21 20:08:35 : 41478 steps taken, and 5048 accepted.
[1 : mcmc] Progress @ 2026-06-21 20:08:48 : 41807 steps taken, and 5090 accepted.
[3 : mcmc] Progress @ 2026-06-21 20:09:19 : 42376 steps taken, and 5171 accepted.
[2 : mcmc] Progress @ 2026-06-21 20:09:35 : 41560 steps taken, and 5063 accepted.
[0 : mcmc] Progress @ 2026-06-21 20:09:40 : 41658 steps taken, and 5046 accepted.
[1 : mcmc] Progress @ 2026-06-21 20:09:48 : 41896 steps taken, and 5105 accepted.
[3 : mcmc] Progress @ 2026-06-21 20:10:22 : 42476 steps taken, and 5183 accepted.
[2 : mcmc] Progress @ 2026-06-21 20:10:38 : 41664 steps taken, and 5071 accepted.
[0 : mcmc] Progress @ 2026-06-21 20:10:45 : 41753 steps taken, and 5059 accepted.
[1 : mcmc] Progress @ 2026-06-21 20:10:48 : 41977 steps taken, and 5118 accepted.
[3 : mcmc] Progress @ 2026-06-21 20:11:28 : 42588 steps taken, and 5201 accepted.
[2 : mcmc] Progress @ 2026-06-21 20:11:47 : 41756 steps taken, and 5077 accepted.
[0 : mcmc] Progress @ 2026-06-21 20:11:49 : 41850 steps taken, and 5078 accepted.
[1 : mcmc] Progress @ 2026-06-21 20:11:54 : 42058 steps taken, and 5131 accepted.
[3 : mcmc] Progress @ 2026-06-21 20:12:33 : 42687 steps taken, and 5212 accepted.
[2 : mcmc] Progress @ 2026-06-21 20:12:47 : 41843 steps taken, and 5085 accepted.
[0 : mcmc] Progress @ 2026-06-21 20:12:50 : 41940 steps taken, and 5093 accepted.
[1 : mcmc] Progress @ 2026-06-21 20:12:58 : 42161 steps taken, and 5143 accepted.
[3 : mcmc] Progress @ 2026-06-21 20:13:40 : 42771 steps taken, and 5222 accepted.
[2 : mcmc] Progress @ 2026-06-21 20:13:47 : 41931 steps taken, and 5098 accepted.
[0 : mcmc] Progress @ 2026-06-21 20:13:51 : 42024 steps taken, and 5103 accepted.
[1 : mcmc] Progress @ 2026-06-21 20:14:00 : 42244 steps taken, and 5155 accepted.
[2 : mcmc] Progress @ 2026-06-21 20:14:49 : 42021 steps taken, and 5108 accepted.
[3 : mcmc] Progress @ 2026-06-21 20:14:50 : 42899 steps taken, and 5241 accepted.
[0 : mcmc] Progress @ 2026-06-21 20:14:51 : 42114 steps taken, and 5115 accepted.
[1 : mcmc] Progress @ 2026-06-21 20:15:01 : 42360 steps taken, and 5172 accepted.
[2 : mcmc] Progress @ 2026-06-21 20:15:49 : 42119 steps taken, and 5123 accepted.
[3 : mcmc] Progress @ 2026-06-21 20:15:53 : 42996 steps taken, and 5256 accepted.
[0 : mcmc] Progress @ 2026-06-21 20:15:55 : 42198 steps taken, and 5125 accepted.
[1 : mcmc] Progress @ 2026-06-21 20:16:02 : 42449 steps taken, and 5185 accepted.
[2 : mcmc] Progress @ 2026-06-21 20:16:51 : 42211 steps taken, and 5132 accepted.
[0 : mcmc] Progress @ 2026-06-21 20:16:55 : 42282 steps taken, and 5136 accepted.
[3 : mcmc] Progress @ 2026-06-21 20:16:58 : 43082 steps taken, and 5269 accepted.
[1 : mcmc] Progress @ 2026-06-21 20:17:09 : 42517 steps taken, and 5195 accepted.
[2 : mcmc] Progress @ 2026-06-21 20:17:58 : 42310 steps taken, and 5151 accepted.
[0 : mcmc] Progress @ 2026-06-21 20:18:00 : 42396 steps taken, and 5155 accepted.
[3 : mcmc] Progress @ 2026-06-21 20:18:06 : 43192 steps taken, and 5289 accepted.
[1 : mcmc] Progress @ 2026-06-21 20:18:12 : 42610 steps taken, and 5210 accepted.
[2 : mcmc] Progress @ 2026-06-21 20:19:00 : 42392 steps taken, and 5161 accepted.
[0 : mcmc] Progress @ 2026-06-21 20:19:01 : 42481 steps taken, and 5168 accepted.
[3 : mcmc] Progress @ 2026-06-21 20:19:06 : 43275 steps taken, and 5300 accepted.
[1 : mcmc] Progress @ 2026-06-21 20:19:12 : 42710 steps taken, and 5227 accepted.
[2 : mcmc] Progress @ 2026-06-21 20:20:00 : 42496 steps taken, and 5176 accepted.
[0 : mcmc] Progress @ 2026-06-21 20:20:02 : 42589 steps taken, and 5183 accepted.
[3 : mcmc] Progress @ 2026-06-21 20:20:06 : 43360 steps taken, and 5313 accepted.
[1 : mcmc] Progress @ 2026-06-21 20:20:18 : 42802 steps taken, and 5240 accepted.
[0 : mcmc] Progress @ 2026-06-21 20:21:02 : 42678 steps taken, and 5196 accepted.
[2 : mcmc] Progress @ 2026-06-21 20:21:06 : 42576 steps taken, and 5188 accepted.
[3 : mcmc] Progress @ 2026-06-21 20:21:08 : 43451 steps taken, and 5329 accepted.
[1 : mcmc] Progress @ 2026-06-21 20:21:22 : 42901 steps taken, and 5260 accepted.
[2 : mcmc] Progress @ 2026-06-21 20:22:06 : 42664 steps taken, and 5198 accepted.
[0 : mcmc] Progress @ 2026-06-21 20:22:09 : 42757 steps taken, and 5205 accepted.
[3 : mcmc] Progress @ 2026-06-21 20:22:12 : 43560 steps taken, and 5347 accepted.
[1 : mcmc] Progress @ 2026-06-21 20:22:22 : 43008 steps taken, and 5275 accepted.
[2 : mcmc] Progress @ 2026-06-21 20:23:08 : 42781 steps taken, and 5218 accepted.
[0 : mcmc] Progress @ 2026-06-21 20:23:10 : 42857 steps taken, and 5216 accepted.
[3 : mcmc] Progress @ 2026-06-21 20:23:12 : 43650 steps taken, and 5361 accepted.
[1 : mcmc] Progress @ 2026-06-21 20:23:22 : 43093 steps taken, and 5288 accepted.
[0 : mcmc] Progress @ 2026-06-21 20:24:10 : 42961 steps taken, and 5231 accepted.
[3 : mcmc] Progress @ 2026-06-21 20:24:12 : 43734 steps taken, and 5375 accepted.
[2 : mcmc] Progress @ 2026-06-21 20:24:12 : 42855 steps taken, and 5227 accepted.
[1 : mcmc] Progress @ 2026-06-21 20:24:23 : 43180 steps taken, and 5302 accepted.
[0 : mcmc] Progress @ 2026-06-21 20:25:10 : 43041 steps taken, and 5243 accepted.
[2 : mcmc] Progress @ 2026-06-21 20:25:12 : 42958 steps taken, and 5242 accepted.
[3 : mcmc] Progress @ 2026-06-21 20:25:14 : 43827 steps taken, and 5393 accepted.
[1 : mcmc] Progress @ 2026-06-21 20:25:28 : 43272 steps taken, and 5314 accepted.
[0 : mcmc] Progress @ 2026-06-21 20:26:10 : 43149 steps taken, and 5265 accepted.
[3 : mcmc] Progress @ 2026-06-21 20:26:14 : 43927 steps taken, and 5409 accepted.
[2 : mcmc] Progress @ 2026-06-21 20:26:18 : 43037 steps taken, and 5251 accepted.
[1 : mcmc] Progress @ 2026-06-21 20:26:28 : 43355 steps taken, and 5322 accepted.
[0 : mcmc] Progress @ 2026-06-21 20:27:12 : 43232 steps taken, and 5278 accepted.
[2 : mcmc] Progress @ 2026-06-21 20:27:18 : 43140 steps taken, and 5273 accepted.
[3 : mcmc] Progress @ 2026-06-21 20:27:21 : 44025 steps taken, and 5421 accepted.
[1 : mcmc] Progress @ 2026-06-21 20:27:28 : 43439 steps taken, and 5340 accepted.
[0 : mcmc] Progress @ 2026-06-21 20:28:16 : 43327 steps taken, and 5292 accepted.
[2 : mcmc] Progress @ 2026-06-21 20:28:20 : 43212 steps taken, and 5285 accepted.
[3 : mcmc] Progress @ 2026-06-21 20:28:23 : 44129 steps taken, and 5430 accepted.
[1 : mcmc] Progress @ 2026-06-21 20:28:28 : 43541 steps taken, and 5356 accepted.
[0 : mcmc] Progress @ 2026-06-21 20:29:19 : 43394 steps taken, and 5302 accepted.
[2 : mcmc] Progress @ 2026-06-21 20:29:25 : 43311 steps taken, and 5301 accepted.
[3 : mcmc] Progress @ 2026-06-21 20:29:27 : 44252 steps taken, and 5441 accepted.
[1 : mcmc] Progress @ 2026-06-21 20:29:28 : 43616 steps taken, and 5367 accepted.
[0 : mcmc] Progress @ 2026-06-21 20:30:23 : 43496 steps taken, and 5315 accepted.
[3 : mcmc] Progress @ 2026-06-21 20:30:27 : 44349 steps taken, and 5463 accepted.
[1 : mcmc] Progress @ 2026-06-21 20:30:28 : 43695 steps taken, and 5377 accepted.
[2 : mcmc] Progress @ 2026-06-21 20:30:28 : 43401 steps taken, and 5316 accepted.
[0 : mcmc] Progress @ 2026-06-21 20:31:26 : 43600 steps taken, and 5331 accepted.
[2 : mcmc] Progress @ 2026-06-21 20:31:28 : 43505 steps taken, and 5332 accepted.
[1 : mcmc] Progress @ 2026-06-21 20:31:32 : 43782 steps taken, and 5392 accepted.
[3 : mcmc] Progress @ 2026-06-21 20:31:34 : 44420 steps taken, and 5476 accepted.
[0 : mcmc] Progress @ 2026-06-21 20:32:29 : 43692 steps taken, and 5348 accepted.
[2 : mcmc] Progress @ 2026-06-21 20:32:32 : 43597 steps taken, and 5349 accepted.
[1 : mcmc] Progress @ 2026-06-21 20:32:39 : 43887 steps taken, and 5413 accepted.
[3 : mcmc] Progress @ 2026-06-21 20:32:41 : 44528 steps taken, and 5493 accepted.
[0 : mcmc] Progress @ 2026-06-21 20:33:31 : 43798 steps taken, and 5363 accepted.
[2 : mcmc] Progress @ 2026-06-21 20:33:37 : 43691 steps taken, and 5360 accepted.
[3 : mcmc] Progress @ 2026-06-21 20:33:41 : 44610 steps taken, and 5504 accepted.
[1 : mcmc] Progress @ 2026-06-21 20:33:46 : 44002 steps taken, and 5431 accepted.
[0 : mcmc] Progress @ 2026-06-21 20:34:38 : 43875 steps taken, and 5377 accepted.
[3 : mcmc] Progress @ 2026-06-21 20:34:42 : 44727 steps taken, and 5521 accepted.
[2 : mcmc] Progress @ 2026-06-21 20:34:42 : 43808 steps taken, and 5383 accepted.
[1 : mcmc] Progress @ 2026-06-21 20:34:49 : 44074 steps taken, and 5442 accepted.
[3 : mcmc] Progress @ 2026-06-21 20:35:42 : 44807 steps taken, and 5533 accepted.
[0 : mcmc] Progress @ 2026-06-21 20:35:43 : 43964 steps taken, and 5393 accepted.
[2 : mcmc] Progress @ 2026-06-21 20:35:46 : 43881 steps taken, and 5392 accepted.
[1 : mcmc] Progress @ 2026-06-21 20:35:53 : 44175 steps taken, and 5462 accepted.
[3 : mcmc] Progress @ 2026-06-21 20:36:43 : 44901 steps taken, and 5549 accepted.
[0 : mcmc] Progress @ 2026-06-21 20:36:44 : 44052 steps taken, and 5411 accepted.
[2 : mcmc] Progress @ 2026-06-21 20:36:46 : 43999 steps taken, and 5412 accepted.
[1 : mcmc] Progress @ 2026-06-21 20:36:56 : 44264 steps taken, and 5472 accepted.
[3 : mcmc] Progress @ 2026-06-21 20:37:45 : 44986 steps taken, and 5563 accepted.
[2 : mcmc] Progress @ 2026-06-21 20:37:47 : 44083 steps taken, and 5423 accepted.
[0 : mcmc] Progress @ 2026-06-21 20:37:47 : 44153 steps taken, and 5428 accepted.
[1 : mcmc] Progress @ 2026-06-21 20:37:58 : 44341 steps taken, and 5478 accepted.
[0 : mcmc] Progress @ 2026-06-21 20:38:47 : 44249 steps taken, and 5443 accepted.
[3 : mcmc] Progress @ 2026-06-21 20:38:49 : 45081 steps taken, and 5579 accepted.
[2 : mcmc] Progress @ 2026-06-21 20:38:49 : 44156 steps taken, and 5436 accepted.
[1 : mcmc] Progress @ 2026-06-21 20:38:58 : 44435 steps taken, and 5491 accepted.
[3 : mcmc] Progress @ 2026-06-21 20:39:52 : 45177 steps taken, and 5594 accepted.
[0 : mcmc] Progress @ 2026-06-21 20:39:54 : 44312 steps taken, and 5453 accepted.
[2 : mcmc] Progress @ 2026-06-21 20:39:54 : 44241 steps taken, and 5444 accepted.
[1 : mcmc] Progress @ 2026-06-21 20:40:02 : 44533 steps taken, and 5510 accepted.
[3 : mcmc] Progress @ 2026-06-21 20:40:54 : 45266 steps taken, and 5608 accepted.
[2 : mcmc] Progress @ 2026-06-21 20:40:55 : 44327 steps taken, and 5453 accepted.
[0 : mcmc] Progress @ 2026-06-21 20:40:59 : 44444 steps taken, and 5471 accepted.
[1 : mcmc] Progress @ 2026-06-21 20:41:02 : 44617 steps taken, and 5524 accepted.
[3 : mcmc] Progress @ 2026-06-21 20:41:57 : 45360 steps taken, and 5622 accepted.
[2 : mcmc] Progress @ 2026-06-21 20:42:01 : 44444 steps taken, and 5464 accepted.
[0 : mcmc] Progress @ 2026-06-21 20:42:01 : 44518 steps taken, and 5485 accepted.
[1 : mcmc] Progress @ 2026-06-21 20:42:07 : 44699 steps taken, and 5534 accepted.
[3 : mcmc] Progress @ 2026-06-21 20:42:57 : 45436 steps taken, and 5632 accepted.
[2 : mcmc] Progress @ 2026-06-21 20:43:04 : 44534 steps taken, and 5478 accepted.
[0 : mcmc] Progress @ 2026-06-21 20:43:07 : 44604 steps taken, and 5497 accepted.
[1 : mcmc] Progress @ 2026-06-21 20:43:07 : 44786 steps taken, and 5551 accepted.
[3 : mcmc] Progress @ 2026-06-21 20:44:01 : 45531 steps taken, and 5647 accepted.
[2 : mcmc] Progress @ 2026-06-21 20:44:07 : 44633 steps taken, and 5491 accepted.
[1 : mcmc] Progress @ 2026-06-21 20:44:09 : 44877 steps taken, and 5564 accepted.
[0 : mcmc] Progress @ 2026-06-21 20:44:11 : 44704 steps taken, and 5512 accepted.
[3 : mcmc] Progress @ 2026-06-21 20:45:05 : 45630 steps taken, and 5665 accepted.
[2 : mcmc] Progress @ 2026-06-21 20:45:08 : 44723 steps taken, and 5501 accepted.
[1 : mcmc] Progress @ 2026-06-21 20:45:09 : 44981 steps taken, and 5583 accepted.
[0 : mcmc] Progress @ 2026-06-21 20:45:14 : 44792 steps taken, and 5528 accepted.
[3 : mcmc] Progress @ 2026-06-21 20:46:05 : 45709 steps taken, and 5679 accepted.
[1 : mcmc] Progress @ 2026-06-21 20:46:09 : 45074 steps taken, and 5604 accepted.
[2 : mcmc] Progress @ 2026-06-21 20:46:11 : 44819 steps taken, and 5516 accepted.
[0 : mcmc] Progress @ 2026-06-21 20:46:14 : 44880 steps taken, and 5542 accepted.
[3 : mcmc] Progress @ 2026-06-21 20:47:10 : 45827 steps taken, and 5700 accepted.
[2 : mcmc] Progress @ 2026-06-21 20:47:11 : 44898 steps taken, and 5526 accepted.
[1 : mcmc] Progress @ 2026-06-21 20:47:13 : 45164 steps taken, and 5618 accepted.
[0 : mcmc] Progress @ 2026-06-21 20:47:15 : 44988 steps taken, and 5561 accepted.
[2 : mcmc] Progress @ 2026-06-21 20:48:12 : 44997 steps taken, and 5543 accepted.
[3 : mcmc] Progress @ 2026-06-21 20:48:15 : 45908 steps taken, and 5709 accepted.
[1 : mcmc] Progress @ 2026-06-21 20:48:16 : 45259 steps taken, and 5636 accepted.
[0 : mcmc] Progress @ 2026-06-21 20:48:16 : 45064 steps taken, and 5573 accepted.
[2 : mcmc] Progress @ 2026-06-21 20:49:12 : 45085 steps taken, and 5554 accepted.
[3 : mcmc] Progress @ 2026-06-21 20:49:16 : 45991 steps taken, and 5726 accepted.
[0 : mcmc] Progress @ 2026-06-21 20:49:16 : 45162 steps taken, and 5590 accepted.
[1 : mcmc] Progress @ 2026-06-21 20:49:22 : 45328 steps taken, and 5645 accepted.
[2 : mcmc] Progress @ 2026-06-21 20:50:14 : 45171 steps taken, and 5567 accepted.
[3 : mcmc] Progress @ 2026-06-21 20:50:16 : 46110 steps taken, and 5744 accepted.
[0 : mcmc] Progress @ 2026-06-21 20:50:17 : 45237 steps taken, and 5599 accepted.
[1 : mcmc] Progress @ 2026-06-21 20:50:30 : 45426 steps taken, and 5662 accepted.
[3 : mcmc] Progress @ 2026-06-21 20:51:16 : 46181 steps taken, and 5760 accepted.
[0 : mcmc] Progress @ 2026-06-21 20:51:17 : 45312 steps taken, and 5610 accepted.
[2 : mcmc] Progress @ 2026-06-21 20:51:18 : 45270 steps taken, and 5586 accepted.
[1 : mcmc] Progress @ 2026-06-21 20:51:35 : 45533 steps taken, and 5671 accepted.
[0 : mcmc] Progress @ 2026-06-21 20:52:17 : 45395 steps taken, and 5623 accepted.
[3 : mcmc] Progress @ 2026-06-21 20:52:18 : 46266 steps taken, and 5770 accepted.
[2 : mcmc] Progress @ 2026-06-21 20:52:20 : 45354 steps taken, and 5596 accepted.
[1 : mcmc] Progress @ 2026-06-21 20:52:42 : 45620 steps taken, and 5689 accepted.
[2 : mcmc] Progress @ 2026-06-21 20:53:21 : 45444 steps taken, and 5609 accepted.
[0 : mcmc] Progress @ 2026-06-21 20:53:22 : 45499 steps taken, and 5640 accepted.
[3 : mcmc] Progress @ 2026-06-21 20:53:26 : 46359 steps taken, and 5782 accepted.
[1 : mcmc] Progress @ 2026-06-21 20:53:46 : 45716 steps taken, and 5701 accepted.
[2 : mcmc] Progress @ 2026-06-21 20:54:25 : 45538 steps taken, and 5623 accepted.
[0 : mcmc] Progress @ 2026-06-21 20:54:30 : 45594 steps taken, and 5648 accepted.
[3 : mcmc] Progress @ 2026-06-21 20:54:31 : 46465 steps taken, and 5799 accepted.
[1 : mcmc] Progress @ 2026-06-21 20:54:46 : 45796 steps taken, and 5708 accepted.
[2 : mcmc] Progress @ 2026-06-21 20:55:27 : 45624 steps taken, and 5636 accepted.
[0 : mcmc] Progress @ 2026-06-21 20:55:31 : 45694 steps taken, and 5660 accepted.
[3 : mcmc] Progress @ 2026-06-21 20:55:37 : 46572 steps taken, and 5818 accepted.
[1 : mcmc] Progress @ 2026-06-21 20:55:46 : 45877 steps taken, and 5720 accepted.
[2 : mcmc] Progress @ 2026-06-21 20:56:28 : 45702 steps taken, and 5647 accepted.
[0 : mcmc] Progress @ 2026-06-21 20:56:37 : 45758 steps taken, and 5665 accepted.
[3 : mcmc] Progress @ 2026-06-21 20:56:44 : 46684 steps taken, and 5838 accepted.
[1 : mcmc] Progress @ 2026-06-21 20:56:51 : 45982 steps taken, and 5731 accepted.
[2 : mcmc] Progress @ 2026-06-21 20:57:28 : 45783 steps taken, and 5657 accepted.
[0 : mcmc] Progress @ 2026-06-21 20:57:37 : 45871 steps taken, and 5678 accepted.
[3 : mcmc] Progress @ 2026-06-21 20:57:47 : 46754 steps taken, and 5846 accepted.
[1 : mcmc] Progress @ 2026-06-21 20:57:53 : 46078 steps taken, and 5743 accepted.
[2 : mcmc] Progress @ 2026-06-21 20:58:29 : 45861 steps taken, and 5665 accepted.
[0 : mcmc] Progress @ 2026-06-21 20:58:41 : 45959 steps taken, and 5691 accepted.
[3 : mcmc] Progress @ 2026-06-21 20:58:47 : 46850 steps taken, and 5863 accepted.
[1 : mcmc] Progress @ 2026-06-21 20:58:53 : 46176 steps taken, and 5756 accepted.
[2 : mcmc] Progress @ 2026-06-21 20:59:31 : 45947 steps taken, and 5681 accepted.
[0 : mcmc] Progress @ 2026-06-21 20:59:49 : 46070 steps taken, and 5697 accepted.
[1 : mcmc] Progress @ 2026-06-21 20:59:53 : 46263 steps taken, and 5768 accepted.
[3 : mcmc] Progress @ 2026-06-21 20:59:55 : 46936 steps taken, and 5877 accepted.
[2 : mcmc] Progress @ 2026-06-21 21:00:39 : 46071 steps taken, and 5696 accepted.
[0 : mcmc] Progress @ 2026-06-21 21:00:49 : 46174 steps taken, and 5720 accepted.
[1 : mcmc] Progress @ 2026-06-21 21:00:53 : 46346 steps taken, and 5782 accepted.
[3 : mcmc] Progress @ 2026-06-21 21:00:59 : 47020 steps taken, and 5891 accepted.
[2 : mcmc] Progress @ 2026-06-21 21:01:41 : 46151 steps taken, and 5706 accepted.
[0 : mcmc] Progress @ 2026-06-21 21:01:49 : 46253 steps taken, and 5733 accepted.
[1 : mcmc] Progress @ 2026-06-21 21:01:53 : 46436 steps taken, and 5799 accepted.
[3 : mcmc] Progress @ 2026-06-21 21:02:04 : 47147 steps taken, and 5913 accepted.
[2 : mcmc] Progress @ 2026-06-21 21:02:46 : 46260 steps taken, and 5727 accepted.
[0 : mcmc] Progress @ 2026-06-21 21:02:52 : 46345 steps taken, and 5748 accepted.
[1 : mcmc] Progress @ 2026-06-21 21:02:55 : 46522 steps taken, and 5812 accepted.
[3 : mcmc] Progress @ 2026-06-21 21:03:13 : 47228 steps taken, and 5926 accepted.
[2 : mcmc] Progress @ 2026-06-21 21:03:47 : 46344 steps taken, and 5740 accepted.
[0 : mcmc] Progress @ 2026-06-21 21:03:55 : 46436 steps taken, and 5763 accepted.
[1 : mcmc] Progress @ 2026-06-21 21:03:57 : 46612 steps taken, and 5827 accepted.
[3 : mcmc] Progress @ 2026-06-21 21:04:17 : 47336 steps taken, and 5948 accepted.
[2 : mcmc] Progress @ 2026-06-21 21:04:49 : 46430 steps taken, and 5753 accepted.
[0 : mcmc] Progress @ 2026-06-21 21:04:55 : 46518 steps taken, and 5773 accepted.
[1 : mcmc] Progress @ 2026-06-21 21:04:59 : 46708 steps taken, and 5848 accepted.
[3 : mcmc] Progress @ 2026-06-21 21:05:17 : 47415 steps taken, and 5961 accepted.
[2 : mcmc] Progress @ 2026-06-21 21:05:52 : 46525 steps taken, and 5770 accepted.
[0 : mcmc] Progress @ 2026-06-21 21:06:01 : 46629 steps taken, and 5785 accepted.
[1 : mcmc] Progress @ 2026-06-21 21:06:05 : 46807 steps taken, and 5863 accepted.
[3 : mcmc] Progress @ 2026-06-21 21:06:26 : 47523 steps taken, and 5977 accepted.
[2 : mcmc] Progress @ 2026-06-21 21:06:52 : 46600 steps taken, and 5786 accepted.
[1 : mcmc] Progress @ 2026-06-21 21:07:05 : 46930 steps taken, and 5878 accepted.
[0 : mcmc] Progress @ 2026-06-21 21:07:05 : 46741 steps taken, and 5802 accepted.
[3 : mcmc] Progress @ 2026-06-21 21:07:27 : 47617 steps taken, and 5992 accepted.
[3 : mcmc] Learn + convergence test @ 6000 samples accepted.
[3 : mcmc] Ready to check convergence and learn a new proposal covmat (waiting for the rest...)
[2 : mcmc] Progress @ 2026-06-21 21:07:57 : 46703 steps taken, and 5801 accepted.
[0 : mcmc] Progress @ 2026-06-21 21:08:05 : 46802 steps taken, and 5814 accepted.
[1 : mcmc] Progress @ 2026-06-21 21:08:11 : 46997 steps taken, and 5886 accepted.
[3 : mcmc] Progress @ 2026-06-21 21:08:32 : 47710 steps taken, and 6007 accepted.
[2 : mcmc] Progress @ 2026-06-21 21:09:01 : 46797 steps taken, and 5821 accepted.
[0 : mcmc] Progress @ 2026-06-21 21:09:12 : 46911 steps taken, and 5830 accepted.
[1 : mcmc] Progress @ 2026-06-21 21:09:17 : 47092 steps taken, and 5903 accepted.
[3 : mcmc] Progress @ 2026-06-21 21:09:32 : 47805 steps taken, and 6017 accepted.
[2 : mcmc] Progress @ 2026-06-21 21:10:04 : 46884 steps taken, and 5838 accepted.
[0 : mcmc] Progress @ 2026-06-21 21:10:19 : 46988 steps taken, and 5843 accepted.
[1 : mcmc] Progress @ 2026-06-21 21:10:20 : 47197 steps taken, and 5917 accepted.
[3 : mcmc] Progress @ 2026-06-21 21:10:34 : 47901 steps taken, and 6026 accepted.
[2 : mcmc] Progress @ 2026-06-21 21:11:07 : 46979 steps taken, and 5846 accepted.
[1 : mcmc] Progress @ 2026-06-21 21:11:27 : 47297 steps taken, and 5929 accepted.
[0 : mcmc] Progress @ 2026-06-21 21:11:27 : 47091 steps taken, and 5857 accepted.
[3 : mcmc] Progress @ 2026-06-21 21:11:40 : 48031 steps taken, and 6044 accepted.
[2 : mcmc] Progress @ 2026-06-21 21:12:09 : 47060 steps taken, and 5860 accepted.
[0 : mcmc] Progress @ 2026-06-21 21:12:27 : 47199 steps taken, and 5877 accepted.
[1 : mcmc] Progress @ 2026-06-21 21:12:30 : 47369 steps taken, and 5935 accepted.
[3 : mcmc] Progress @ 2026-06-21 21:12:48 : 48130 steps taken, and 6054 accepted.
[2 : mcmc] Progress @ 2026-06-21 21:13:10 : 47143 steps taken, and 5872 accepted.
[0 : mcmc] Progress @ 2026-06-21 21:13:29 : 47278 steps taken, and 5887 accepted.
[1 : mcmc] Progress @ 2026-06-21 21:13:30 : 47477 steps taken, and 5950 accepted.
[3 : mcmc] Progress @ 2026-06-21 21:13:52 : 48176 steps taken, and 6063 accepted.
[2 : mcmc] Progress @ 2026-06-21 21:14:15 : 47248 steps taken, and 5881 accepted.
[0 : mcmc] Progress @ 2026-06-21 21:14:30 : 47400 steps taken, and 5903 accepted.
[1 : mcmc] Progress @ 2026-06-21 21:14:30 : 47579 steps taken, and 5969 accepted.
[3 : mcmc] Progress @ 2026-06-21 21:14:52 : 48310 steps taken, and 6086 accepted.
[2 : mcmc] Progress @ 2026-06-21 21:15:15 : 47323 steps taken, and 5889 accepted.
[0 : mcmc] Progress @ 2026-06-21 21:15:30 : 47486 steps taken, and 5914 accepted.
[1 : mcmc] Progress @ 2026-06-21 21:15:37 : 47681 steps taken, and 5989 accepted.
[3 : mcmc] Progress @ 2026-06-21 21:16:00 : 48408 steps taken, and 6102 accepted.
[2 : mcmc] Progress @ 2026-06-21 21:16:15 : 47405 steps taken, and 5903 accepted.
[1 : mcmc] Learn + convergence test @ 6000 samples accepted.
[1 : mcmc] Ready to check convergence and learn a new proposal covmat (waiting for the rest...)
[0 : mcmc] Progress @ 2026-06-21 21:16:37 : 47569 steps taken, and 5925 accepted.
[1 : mcmc] Progress @ 2026-06-21 21:16:43 : 47770 steps taken, and 6000 accepted.
[3 : mcmc] Progress @ 2026-06-21 21:17:05 : 48493 steps taken, and 6111 accepted.
[2 : mcmc] Progress @ 2026-06-21 21:17:18 : 47495 steps taken, and 5920 accepted.
[0 : mcmc] Progress @ 2026-06-21 21:17:39 : 47668 steps taken, and 5935 accepted.
[1 : mcmc] Progress @ 2026-06-21 21:17:43 : 47849 steps taken, and 6016 accepted.
[3 : mcmc] Progress @ 2026-06-21 21:18:10 : 48574 steps taken, and 6122 accepted.
[2 : mcmc] Progress @ 2026-06-21 21:18:23 : 47602 steps taken, and 5934 accepted.
[0 : mcmc] Progress @ 2026-06-21 21:18:41 : 47758 steps taken, and 5954 accepted.
[1 : mcmc] Progress @ 2026-06-21 21:18:45 : 47944 steps taken, and 6029 accepted.
[3 : mcmc] Progress @ 2026-06-21 21:19:15 : 48681 steps taken, and 6137 accepted.
[2 : mcmc] Progress @ 2026-06-21 21:19:26 : 47700 steps taken, and 5945 accepted.
[1 : mcmc] Progress @ 2026-06-21 21:19:45 : 48049 steps taken, and 6049 accepted.
[0 : mcmc] Progress @ 2026-06-21 21:19:50 : 47843 steps taken, and 5968 accepted.
[3 : mcmc] Progress @ 2026-06-21 21:20:15 : 48762 steps taken, and 6151 accepted.
[2 : mcmc] Progress @ 2026-06-21 21:20:27 : 47778 steps taken, and 5957 accepted.
[1 : mcmc] Progress @ 2026-06-21 21:20:52 : 48134 steps taken, and 6064 accepted.
[0 : mcmc] Progress @ 2026-06-21 21:20:55 : 47947 steps taken, and 5984 accepted.
[3 : mcmc] Progress @ 2026-06-21 21:21:18 : 48863 steps taken, and 6168 accepted.
[2 : mcmc] Progress @ 2026-06-21 21:21:30 : 47877 steps taken, and 5975 accepted.
[1 : mcmc] Progress @ 2026-06-21 21:21:58 : 48228 steps taken, and 6078 accepted.
[0 : mcmc] Progress @ 2026-06-21 21:22:00 : 48055 steps taken, and 5998 accepted.
[0 : mcmc] Learn + convergence test @ 6000 samples accepted.
[0 : mcmc] Ready to check convergence and learn a new proposal covmat (waiting for the rest...)
[3 : mcmc] Progress @ 2026-06-21 21:22:19 : 48947 steps taken, and 6188 accepted.
[2 : mcmc] Progress @ 2026-06-21 21:22:34 : 47969 steps taken, and 5991 accepted.
[1 : mcmc] Progress @ 2026-06-21 21:23:00 : 48309 steps taken, and 6095 accepted.
[0 : mcmc] Progress @ 2026-06-21 21:23:03 : 48144 steps taken, and 6013 accepted.
[2 : mcmc] Learn + convergence test @ 6000 samples accepted.
[2 : mcmc] Ready to check convergence and learn a new proposal covmat (waiting for the rest...)
[0 : mcmc] All chains are ready to check convergence and learn a new proposal covmat
[0 : mcmc]  - Acceptance rate: 0.453 = avg([0.4476, 0.4574, 0.4483, 0.4584])
[0 : mcmc]  - Convergence of means: R-1 = 120.173675 after 24324 accepted steps = sum([6016, 6103, 6000, 6205])
[0 : mcmc] Convergence less than requested for updates: waiting until the next convergence check.
[3 : mcmc] Progress @ 2026-06-21 21:23:19 : 49050 steps taken, and 6206 accepted.
[2 : mcmc] Progress @ 2026-06-21 21:23:41 : 48055 steps taken, and 6004 accepted.
[1 : mcmc] Progress @ 2026-06-21 21:24:02 : 48386 steps taken, and 6106 accepted.
[0 : mcmc] Progress @ 2026-06-21 21:24:08 : 48234 steps taken, and 6026 accepted.
[3 : mcmc] Progress @ 2026-06-21 21:24:20 : 49135 steps taken, and 6218 accepted.
[2 : mcmc] Progress @ 2026-06-21 21:24:42 : 48138 steps taken, and 6020 accepted.
[1 : mcmc] Progress @ 2026-06-21 21:25:06 : 48505 steps taken, and 6128 accepted.
[0 : mcmc] Progress @ 2026-06-21 21:25:10 : 48326 steps taken, and 6038 accepted.
[3 : mcmc] Progress @ 2026-06-21 21:25:20 : 49215 steps taken, and 6232 accepted.
[2 : mcmc] Progress @ 2026-06-21 21:25:44 : 48235 steps taken, and 6033 accepted.
[0 : mcmc] Progress @ 2026-06-21 21:26:13 : 48418 steps taken, and 6052 accepted.
[1 : mcmc] Progress @ 2026-06-21 21:26:14 : 48602 steps taken, and 6140 accepted.
[3 : mcmc] Progress @ 2026-06-21 21:26:21 : 49302 steps taken, and 6243 accepted.
[2 : mcmc] Progress @ 2026-06-21 21:26:44 : 48311 steps taken, and 6041 accepted.
[0 : mcmc] Progress @ 2026-06-21 21:27:15 : 48510 steps taken, and 6066 accepted.
[1 : mcmc] Progress @ 2026-06-21 21:27:16 : 48696 steps taken, and 6158 accepted.
[3 : mcmc] Progress @ 2026-06-21 21:27:26 : 49406 steps taken, and 6258 accepted.
[2 : mcmc] Progress @ 2026-06-21 21:27:49 : 48416 steps taken, and 6056 accepted.
[1 : mcmc] Progress @ 2026-06-21 21:28:16 : 48791 steps taken, and 6170 accepted.
[0 : mcmc] Progress @ 2026-06-21 21:28:17 : 48593 steps taken, and 6079 accepted.
[3 : mcmc] Progress @ 2026-06-21 21:28:26 : 49486 steps taken, and 6267 accepted.
[2 : mcmc] Progress @ 2026-06-21 21:28:51 : 48492 steps taken, and 6069 accepted.
[1 : mcmc] Progress @ 2026-06-21 21:29:16 : 48882 steps taken, and 6182 accepted.
[0 : mcmc] Progress @ 2026-06-21 21:29:19 : 48681 steps taken, and 6094 accepted.
[3 : mcmc] Progress @ 2026-06-21 21:29:30 : 49589 steps taken, and 6282 accepted.
[2 : mcmc] Progress @ 2026-06-21 21:29:54 : 48585 steps taken, and 6083 accepted.
[0 : mcmc] Progress @ 2026-06-21 21:30:20 : 48771 steps taken, and 6108 accepted.
[1 : mcmc] Progress @ 2026-06-21 21:30:23 : 48983 steps taken, and 6200 accepted.
[3 : mcmc] Progress @ 2026-06-21 21:30:30 : 49670 steps taken, and 6297 accepted.
[2 : mcmc] Progress @ 2026-06-21 21:30:59 : 48686 steps taken, and 6098 accepted.
[0 : mcmc] Progress @ 2026-06-21 21:31:24 : 48867 steps taken, and 6123 accepted.
[1 : mcmc] Progress @ 2026-06-21 21:31:26 : 49080 steps taken, and 6217 accepted.
[3 : mcmc] Progress @ 2026-06-21 21:31:30 : 49749 steps taken, and 6308 accepted.
[2 : mcmc] Progress @ 2026-06-21 21:31:59 : 48768 steps taken, and 6111 accepted.
[0 : mcmc] Progress @ 2026-06-21 21:32:26 : 48952 steps taken, and 6135 accepted.
[1 : mcmc] Progress @ 2026-06-21 21:32:33 : 49170 steps taken, and 6226 accepted.
[3 : mcmc] Progress @ 2026-06-21 21:32:36 : 49855 steps taken, and 6323 accepted.
[2 : mcmc] Progress @ 2026-06-21 21:33:04 : 48869 steps taken, and 6131 accepted.
[0 : mcmc] Progress @ 2026-06-21 21:33:27 : 49033 steps taken, and 6150 accepted.
[1 : mcmc] Progress @ 2026-06-21 21:33:33 : 49277 steps taken, and 6248 accepted.
[3 : mcmc] Progress @ 2026-06-21 21:33:36 : 49932 steps taken, and 6335 accepted.
[2 : mcmc] Progress @ 2026-06-21 21:34:05 : 48947 steps taken, and 6143 accepted.
[1 : mcmc] Progress @ 2026-06-21 21:34:33 : 49354 steps taken, and 6263 accepted.
[0 : mcmc] Progress @ 2026-06-21 21:34:33 : 49140 steps taken, and 6168 accepted.
[3 : mcmc] Progress @ 2026-06-21 21:34:40 : 50026 steps taken, and 6352 accepted.
[2 : mcmc] Progress @ 2026-06-21 21:35:05 : 49030 steps taken, and 6157 accepted.
[0 : mcmc] Progress @ 2026-06-21 21:35:33 : 49226 steps taken, and 6185 accepted.
[1 : mcmc] Progress @ 2026-06-21 21:35:37 : 49442 steps taken, and 6280 accepted.
[3 : mcmc] Progress @ 2026-06-21 21:35:48 : 50118 steps taken, and 6367 accepted.
[2 : mcmc] Progress @ 2026-06-21 21:36:05 : 49106 steps taken, and 6168 accepted.
[0 : mcmc] Progress @ 2026-06-21 21:36:33 : 49328 steps taken, and 6201 accepted.
[1 : mcmc] Progress @ 2026-06-21 21:36:41 : 49525 steps taken, and 6294 accepted.
[3 : mcmc] Progress @ 2026-06-21 21:36:52 : 50214 steps taken, and 6382 accepted.
[2 : mcmc] Progress @ 2026-06-21 21:37:10 : 49215 steps taken, and 6180 accepted.
[0 : mcmc] Progress @ 2026-06-21 21:37:39 : 49415 steps taken, and 6210 accepted.
[1 : mcmc] Progress @ 2026-06-21 21:37:43 : 49614 steps taken, and 6309 accepted.
[3 : mcmc] Progress @ 2026-06-21 21:37:56 : 50307 steps taken, and 6394 accepted.
[2 : mcmc] Progress @ 2026-06-21 21:38:18 : 49308 steps taken, and 6193 accepted.
[0 : mcmc] Progress @ 2026-06-21 21:38:45 : 49507 steps taken, and 6221 accepted.
[1 : mcmc] Progress @ 2026-06-21 21:38:49 : 49720 steps taken, and 6321 accepted.
[3 : mcmc] Progress @ 2026-06-21 21:39:01 : 50404 steps taken, and 6406 accepted.
[2 : mcmc] Progress @ 2026-06-21 21:39:22 : 49408 steps taken, and 6214 accepted.
[1 : mcmc] Progress @ 2026-06-21 21:39:49 : 49801 steps taken, and 6335 accepted.
[0 : mcmc] Progress @ 2026-06-21 21:39:49 : 49610 steps taken, and 6237 accepted.
[3 : mcmc] Progress @ 2026-06-21 21:40:01 : 50495 steps taken, and 6429 accepted.
[2 : mcmc] Progress @ 2026-06-21 21:40:22 : 49487 steps taken, and 6220 accepted.
[1 : mcmc] Progress @ 2026-06-21 21:40:51 : 49889 steps taken, and 6345 accepted.
[0 : mcmc] Progress @ 2026-06-21 21:40:52 : 49697 steps taken, and 6254 accepted.
[3 : mcmc] Progress @ 2026-06-21 21:41:08 : 50591 steps taken, and 6443 accepted.
[2 : mcmc] Progress @ 2026-06-21 21:41:25 : 49584 steps taken, and 6235 accepted.
[0 : mcmc] Progress @ 2026-06-21 21:41:52 : 49817 steps taken, and 6268 accepted.
[1 : mcmc] Progress @ 2026-06-21 21:41:54 : 50004 steps taken, and 6368 accepted.
[3 : mcmc] Progress @ 2026-06-21 21:42:12 : 50682 steps taken, and 6456 accepted.
[2 : mcmc] Progress @ 2026-06-21 21:42:25 : 49665 steps taken, and 6248 accepted.
[0 : mcmc] Progress @ 2026-06-21 21:42:55 : 49895 steps taken, and 6279 accepted.
[1 : mcmc] Progress @ 2026-06-21 21:42:56 : 50075 steps taken, and 6382 accepted.
[3 : mcmc] Progress @ 2026-06-21 21:43:19 : 50768 steps taken, and 6470 accepted.
[2 : mcmc] Progress @ 2026-06-21 21:43:30 : 49768 steps taken, and 6264 accepted.
[0 : mcmc] Progress @ 2026-06-21 21:43:55 : 49974 steps taken, and 6293 accepted.
[1 : mcmc] Progress @ 2026-06-21 21:43:57 : 50183 steps taken, and 6405 accepted.
[3 : mcmc] Progress @ 2026-06-21 21:44:20 : 50881 steps taken, and 6487 accepted.
[2 : mcmc] Progress @ 2026-06-21 21:44:32 : 49860 steps taken, and 6275 accepted.
[0 : mcmc] Progress @ 2026-06-21 21:44:59 : 50069 steps taken, and 6306 accepted.
[1 : mcmc] Progress @ 2026-06-21 21:44:59 : 50273 steps taken, and 6417 accepted.
[3 : mcmc] Progress @ 2026-06-21 21:45:24 : 50970 steps taken, and 6499 accepted.
[2 : mcmc] Progress @ 2026-06-21 21:45:32 : 49941 steps taken, and 6284 accepted.
[0 : mcmc] Progress @ 2026-06-21 21:46:01 : 50154 steps taken, and 6325 accepted.
[1 : mcmc] Progress @ 2026-06-21 21:46:02 : 50335 steps taken, and 6428 accepted.
[3 : mcmc] Progress @ 2026-06-21 21:46:24 : 51049 steps taken, and 6510 accepted.
[2 : mcmc] Progress @ 2026-06-21 21:46:32 : 50030 steps taken, and 6299 accepted.
[0 : mcmc] Progress @ 2026-06-21 21:47:08 : 50268 steps taken, and 6341 accepted.
[1 : mcmc] Progress @ 2026-06-21 21:47:10 : 50473 steps taken, and 6444 accepted.
[3 : mcmc] Progress @ 2026-06-21 21:47:25 : 51129 steps taken, and 6522 accepted.
[2 : mcmc] Progress @ 2026-06-21 21:47:35 : 50125 steps taken, and 6316 accepted.
[0 : mcmc] Progress @ 2026-06-21 21:48:08 : 50361 steps taken, and 6357 accepted.
[1 : mcmc] Progress @ 2026-06-21 21:48:14 : 50554 steps taken, and 6454 accepted.
[3 : mcmc] Progress @ 2026-06-21 21:48:29 : 51229 steps taken, and 6533 accepted.
[2 : mcmc] Progress @ 2026-06-21 21:48:43 : 50218 steps taken, and 6335 accepted.
[0 : mcmc] Progress @ 2026-06-21 21:49:08 : 50424 steps taken, and 6367 accepted.
[1 : mcmc] Progress @ 2026-06-21 21:49:15 : 50628 steps taken, and 6465 accepted.
[3 : mcmc] Progress @ 2026-06-21 21:49:37 : 51307 steps taken, and 6541 accepted.
[2 : mcmc] Progress @ 2026-06-21 21:49:46 : 50293 steps taken, and 6345 accepted.
[0 : mcmc] Progress @ 2026-06-21 21:50:09 : 50511 steps taken, and 6382 accepted.
[1 : mcmc] Progress @ 2026-06-21 21:50:18 : 50717 steps taken, and 6482 accepted.
[3 : mcmc] Progress @ 2026-06-21 21:50:37 : 51401 steps taken, and 6557 accepted.
[2 : mcmc] Progress @ 2026-06-21 21:50:51 : 50392 steps taken, and 6361 accepted.
[0 : mcmc] Progress @ 2026-06-21 21:51:09 : 50608 steps taken, and 6392 accepted.
[1 : mcmc] Progress @ 2026-06-21 21:51:18 : 50779 steps taken, and 6490 accepted.
[3 : mcmc] Progress @ 2026-06-21 21:51:38 : 51487 steps taken, and 6571 accepted.
[2 : mcmc] Progress @ 2026-06-21 21:51:53 : 50485 steps taken, and 6379 accepted.
[0 : mcmc] Progress @ 2026-06-21 21:52:09 : 50685 steps taken, and 6406 accepted.
[1 : mcmc] Progress @ 2026-06-21 21:52:25 : 50879 steps taken, and 6504 accepted.
[3 : mcmc] Progress @ 2026-06-21 21:52:44 : 51577 steps taken, and 6587 accepted.
[2 : mcmc] Progress @ 2026-06-21 21:52:55 : 50568 steps taken, and 6389 accepted.
[0 : mcmc] Progress @ 2026-06-21 21:53:09 : 50777 steps taken, and 6422 accepted.
[1 : mcmc] Progress @ 2026-06-21 21:53:25 : 50987 steps taken, and 6525 accepted.
[3 : mcmc] Progress @ 2026-06-21 21:53:47 : 51675 steps taken, and 6608 accepted.
[2 : mcmc] Progress @ 2026-06-21 21:53:55 : 50655 steps taken, and 6399 accepted.
[0 : mcmc] Progress @ 2026-06-21 21:54:09 : 50857 steps taken, and 6432 accepted.
[1 : mcmc] Progress @ 2026-06-21 21:54:25 : 51074 steps taken, and 6536 accepted.
[3 : mcmc] Progress @ 2026-06-21 21:54:55 : 51775 steps taken, and 6620 accepted.
[2 : mcmc] Progress @ 2026-06-21 21:54:58 : 50753 steps taken, and 6414 accepted.
[0 : mcmc] Progress @ 2026-06-21 21:55:09 : 50958 steps taken, and 6451 accepted.
[1 : mcmc] Progress @ 2026-06-21 21:55:34 : 51166 steps taken, and 6552 accepted.
[3 : mcmc] Progress @ 2026-06-21 21:55:58 : 51862 steps taken, and 6638 accepted.
[2 : mcmc] Progress @ 2026-06-21 21:56:02 : 50849 steps taken, and 6432 accepted.
[0 : mcmc] Progress @ 2026-06-21 21:56:10 : 51030 steps taken, and 6463 accepted.
[1 : mcmc] Progress @ 2026-06-21 21:56:35 : 51250 steps taken, and 6566 accepted.
[3 : mcmc] Progress @ 2026-06-21 21:57:02 : 51952 steps taken, and 6647 accepted.
[2 : mcmc] Progress @ 2026-06-21 21:57:03 : 50937 steps taken, and 6446 accepted.
[0 : mcmc] Progress @ 2026-06-21 21:57:10 : 51102 steps taken, and 6477 accepted.
[1 : mcmc] Progress @ 2026-06-21 21:57:43 : 51338 steps taken, and 6579 accepted.
[2 : mcmc] Progress @ 2026-06-21 21:58:03 : 51029 steps taken, and 6459 accepted.
[3 : mcmc] Progress @ 2026-06-21 21:58:08 : 52061 steps taken, and 6663 accepted.
[0 : mcmc] Progress @ 2026-06-21 21:58:13 : 51196 steps taken, and 6494 accepted.
[1 : mcmc] Progress @ 2026-06-21 21:58:49 : 51448 steps taken, and 6595 accepted.
[2 : mcmc] Progress @ 2026-06-21 21:59:03 : 51119 steps taken, and 6476 accepted.
[3 : mcmc] Progress @ 2026-06-21 21:59:12 : 52170 steps taken, and 6676 accepted.
[0 : mcmc] Progress @ 2026-06-21 21:59:17 : 51291 steps taken, and 6509 accepted.
[1 : mcmc] Progress @ 2026-06-21 21:59:51 : 51523 steps taken, and 6608 accepted.
[2 : mcmc] Progress @ 2026-06-21 22:00:03 : 51199 steps taken, and 6489 accepted.
[3 : mcmc] Progress @ 2026-06-21 22:00:15 : 52260 steps taken, and 6692 accepted.
[0 : mcmc] Progress @ 2026-06-21 22:00:21 : 51383 steps taken, and 6521 accepted.
[1 : mcmc] Progress @ 2026-06-21 22:00:51 : 51625 steps taken, and 6627 accepted.
[2 : mcmc] Progress @ 2026-06-21 22:01:08 : 51297 steps taken, and 6506 accepted.
[3 : mcmc] Progress @ 2026-06-21 22:01:15 : 52338 steps taken, and 6704 accepted.
[0 : mcmc] Progress @ 2026-06-21 22:01:23 : 51471 steps taken, and 6535 accepted.
[1 : mcmc] Progress @ 2026-06-21 22:01:51 : 51700 steps taken, and 6638 accepted.
[2 : mcmc] Progress @ 2026-06-21 22:02:11 : 51388 steps taken, and 6524 accepted.
[3 : mcmc] Progress @ 2026-06-21 22:02:20 : 52435 steps taken, and 6716 accepted.
[0 : mcmc] Progress @ 2026-06-21 22:02:24 : 51565 steps taken, and 6549 accepted.
[1 : mcmc] Progress @ 2026-06-21 22:02:54 : 51781 steps taken, and 6650 accepted.
[2 : mcmc] Progress @ 2026-06-21 22:03:12 : 51472 steps taken, and 6532 accepted.
[0 : mcmc] Progress @ 2026-06-21 22:03:24 : 51667 steps taken, and 6566 accepted.
[3 : mcmc] Progress @ 2026-06-21 22:03:24 : 52556 steps taken, and 6735 accepted.
[1 : mcmc] Progress @ 2026-06-21 22:03:55 : 51911 steps taken, and 6667 accepted.
[2 : mcmc] Progress @ 2026-06-21 22:04:16 : 51570 steps taken, and 6548 accepted.
[3 : mcmc] Progress @ 2026-06-21 22:04:24 : 52661 steps taken, and 6752 accepted.
[0 : mcmc] Progress @ 2026-06-21 22:04:32 : 51756 steps taken, and 6578 accepted.
[1 : mcmc] Progress @ 2026-06-21 22:04:56 : 51970 steps taken, and 6676 accepted.
[2 : mcmc] Progress @ 2026-06-21 22:05:17 : 51652 steps taken, and 6560 accepted.
[3 : mcmc] Progress @ 2026-06-21 22:05:30 : 52745 steps taken, and 6763 accepted.
[0 : mcmc] Progress @ 2026-06-21 22:05:33 : 51855 steps taken, and 6591 accepted.
[1 : mcmc] Progress @ 2026-06-21 22:05:56 : 52047 steps taken, and 6680 accepted.
[2 : mcmc] Progress @ 2026-06-21 22:06:21 : 51745 steps taken, and 6572 accepted.
[3 : mcmc] Progress @ 2026-06-21 22:06:32 : 52854 steps taken, and 6782 accepted.
[0 : mcmc] Progress @ 2026-06-21 22:06:33 : 51942 steps taken, and 6603 accepted.
[1 : mcmc] Progress @ 2026-06-21 22:07:04 : 52152 steps taken, and 6692 accepted.
[2 : mcmc] Progress @ 2026-06-21 22:07:23 : 51830 steps taken, and 6585 accepted.
[0 : mcmc] Progress @ 2026-06-21 22:07:41 : 52062 steps taken, and 6627 accepted.
[3 : mcmc] Progress @ 2026-06-21 22:07:41 : 52937 steps taken, and 6790 accepted.
[1 : mcmc] Progress @ 2026-06-21 22:08:08 : 52226 steps taken, and 6701 accepted.
[2 : mcmc] Progress @ 2026-06-21 22:08:26 : 51924 steps taken, and 6597 accepted.
[0 : mcmc] Progress @ 2026-06-21 22:08:41 : 52154 steps taken, and 6640 accepted.
[3 : mcmc] Progress @ 2026-06-21 22:08:41 : 53042 steps taken, and 6800 accepted.
[1 : mcmc] Progress @ 2026-06-21 22:09:10 : 52331 steps taken, and 6715 accepted.
[2 : mcmc] Progress @ 2026-06-21 22:09:27 : 52012 steps taken, and 6611 accepted.
[0 : mcmc] Progress @ 2026-06-21 22:09:45 : 52233 steps taken, and 6654 accepted.
[3 : mcmc] Progress @ 2026-06-21 22:09:47 : 53118 steps taken, and 6812 accepted.
[1 : mcmc] Progress @ 2026-06-21 22:10:15 : 52431 steps taken, and 6730 accepted.
[2 : mcmc] Progress @ 2026-06-21 22:10:31 : 52110 steps taken, and 6622 accepted.
[0 : mcmc] Progress @ 2026-06-21 22:10:45 : 52310 steps taken, and 6661 accepted.
[3 : mcmc] Progress @ 2026-06-21 22:10:51 : 53203 steps taken, and 6823 accepted.
[1 : mcmc] Progress @ 2026-06-21 22:11:21 : 52530 steps taken, and 6748 accepted.
[2 : mcmc] Progress @ 2026-06-21 22:11:31 : 52193 steps taken, and 6639 accepted.
[0 : mcmc] Progress @ 2026-06-21 22:11:46 : 52388 steps taken, and 6671 accepted.
[3 : mcmc] Progress @ 2026-06-21 22:11:51 : 53345 steps taken, and 6846 accepted.
[1 : mcmc] Progress @ 2026-06-21 22:12:26 : 52586 steps taken, and 6754 accepted.
[2 : mcmc] Progress @ 2026-06-21 22:12:32 : 52275 steps taken, and 6654 accepted.
[0 : mcmc] Progress @ 2026-06-21 22:12:49 : 52480 steps taken, and 6687 accepted.
[3 : mcmc] Progress @ 2026-06-21 22:12:55 : 53422 steps taken, and 6859 accepted.
[1 : mcmc] Progress @ 2026-06-21 22:13:33 : 52693 steps taken, and 6778 accepted.
[2 : mcmc] Progress @ 2026-06-21 22:13:35 : 52372 steps taken, and 6671 accepted.
[0 : mcmc] Progress @ 2026-06-21 22:13:56 : 52565 steps taken, and 6701 accepted.
[3 : mcmc] Progress @ 2026-06-21 22:13:59 : 53534 steps taken, and 6876 accepted.
[2 : mcmc] Progress @ 2026-06-21 22:14:35 : 52463 steps taken, and 6686 accepted.
[1 : mcmc] Progress @ 2026-06-21 22:14:37 : 52787 steps taken, and 6788 accepted.
[3 : mcmc] Progress @ 2026-06-21 22:14:59 : 53576 steps taken, and 6882 accepted.
[0 : mcmc] Progress @ 2026-06-21 22:15:01 : 52665 steps taken, and 6715 accepted.
[2 : mcmc] Progress @ 2026-06-21 22:15:35 : 52548 steps taken, and 6701 accepted.
[1 : mcmc] Progress @ 2026-06-21 22:15:42 : 52893 steps taken, and 6806 accepted.
[3 : mcmc] Progress @ 2026-06-21 22:16:01 : 53662 steps taken, and 6893 accepted.
[0 : mcmc] Progress @ 2026-06-21 22:16:02 : 52772 steps taken, and 6732 accepted.
[2 : mcmc] Progress @ 2026-06-21 22:16:38 : 52638 steps taken, and 6714 accepted.
[1 : mcmc] Progress @ 2026-06-21 22:16:43 : 52982 steps taken, and 6823 accepted.
[3 : mcmc] Progress @ 2026-06-21 22:17:02 : 53775 steps taken, and 6911 accepted.
[0 : mcmc] Progress @ 2026-06-21 22:17:02 : 52851 steps taken, and 6742 accepted.
[2 : mcmc] Progress @ 2026-06-21 22:17:39 : 52716 steps taken, and 6724 accepted.
[1 : mcmc] Progress @ 2026-06-21 22:17:43 : 53065 steps taken, and 6839 accepted.
[3 : mcmc] Progress @ 2026-06-21 22:18:02 : 53835 steps taken, and 6923 accepted.
[0 : mcmc] Progress @ 2026-06-21 22:18:02 : 52931 steps taken, and 6754 accepted.
[2 : mcmc] Progress @ 2026-06-21 22:18:39 : 52829 steps taken, and 6744 accepted.
[1 : mcmc] Progress @ 2026-06-21 22:18:44 : 53159 steps taken, and 6851 accepted.
[0 : mcmc] Progress @ 2026-06-21 22:19:06 : 53028 steps taken, and 6771 accepted.
[3 : mcmc] Progress @ 2026-06-21 22:19:08 : 53965 steps taken, and 6943 accepted.
[2 : mcmc] Progress @ 2026-06-21 22:19:39 : 52863 steps taken, and 6749 accepted.
[1 : mcmc] Progress @ 2026-06-21 22:19:44 : 53256 steps taken, and 6867 accepted.
[0 : mcmc] Progress @ 2026-06-21 22:20:08 : 53113 steps taken, and 6782 accepted.
[3 : mcmc] Progress @ 2026-06-21 22:20:10 : 54042 steps taken, and 6959 accepted.
[1 : mcmc] Progress @ 2026-06-21 22:20:44 : 53317 steps taken, and 6875 accepted.
[2 : mcmc] Progress @ 2026-06-21 22:20:45 : 52991 steps taken, and 6772 accepted.
[0 : mcmc] Progress @ 2026-06-21 22:21:08 : 53211 steps taken, and 6793 accepted.
[3 : mcmc] Progress @ 2026-06-21 22:21:10 : 54127 steps taken, and 6973 accepted.
[1 : mcmc] Progress @ 2026-06-21 22:21:48 : 53417 steps taken, and 6888 accepted.
[2 : mcmc] Progress @ 2026-06-21 22:21:49 : 53086 steps taken, and 6783 accepted.
[0 : mcmc] Progress @ 2026-06-21 22:22:14 : 53298 steps taken, and 6811 accepted.
[3 : mcmc] Progress @ 2026-06-21 22:22:16 : 54236 steps taken, and 6995 accepted.
[1 : mcmc] Progress @ 2026-06-21 22:22:51 : 53528 steps taken, and 6904 accepted.
[2 : mcmc] Progress @ 2026-06-21 22:22:53 : 53169 steps taken, and 6795 accepted.
[0 : mcmc] Progress @ 2026-06-21 22:23:14 : 53373 steps taken, and 6822 accepted.
[3 : mcmc] Progress @ 2026-06-21 22:23:21 : 54326 steps taken, and 7009 accepted.
[2 : mcmc] Progress @ 2026-06-21 22:23:54 : 53254 steps taken, and 6802 accepted.
[1 : mcmc] Progress @ 2026-06-21 22:23:59 : 53647 steps taken, and 6915 accepted.
[0 : mcmc] Progress @ 2026-06-21 22:24:18 : 53470 steps taken, and 6836 accepted.
[3 : mcmc] Progress @ 2026-06-21 22:24:26 : 54436 steps taken, and 7024 accepted.
[2 : mcmc] Progress @ 2026-06-21 22:24:54 : 53334 steps taken, and 6816 accepted.
[1 : mcmc] Progress @ 2026-06-21 22:25:04 : 53772 steps taken, and 6932 accepted.
[0 : mcmc] Progress @ 2026-06-21 22:25:25 : 53558 steps taken, and 6845 accepted.
[3 : mcmc] Progress @ 2026-06-21 22:25:28 : 54524 steps taken, and 7039 accepted.
[2 : mcmc] Progress @ 2026-06-21 22:26:02 : 53432 steps taken, and 6828 accepted.
[1 : mcmc] Progress @ 2026-06-21 22:26:04 : 53858 steps taken, and 6945 accepted.
[0 : mcmc] Progress @ 2026-06-21 22:26:28 : 53648 steps taken, and 6864 accepted.
[3 : mcmc] Progress @ 2026-06-21 22:26:35 : 54605 steps taken, and 7052 accepted.
[1 : mcmc] Progress @ 2026-06-21 22:27:07 : 53937 steps taken, and 6959 accepted.
[2 : mcmc] Progress @ 2026-06-21 22:27:09 : 53544 steps taken, and 6846 accepted.
[0 : mcmc] Progress @ 2026-06-21 22:27:30 : 53738 steps taken, and 6879 accepted.
[3 : mcmc] Progress @ 2026-06-21 22:27:40 : 54710 steps taken, and 7073 accepted.
[1 : mcmc] Progress @ 2026-06-21 22:28:08 : 54034 steps taken, and 6970 accepted.
[2 : mcmc] Progress @ 2026-06-21 22:28:09 : 53623 steps taken, and 6853 accepted.
[0 : mcmc] Progress @ 2026-06-21 22:28:30 : 53866 steps taken, and 6896 accepted.
[3 : mcmc] Progress @ 2026-06-21 22:28:42 : 54795 steps taken, and 7088 accepted.
[2 : mcmc] Progress @ 2026-06-21 22:29:13 : 53725 steps taken, and 6866 accepted.
[1 : mcmc] Progress @ 2026-06-21 22:29:16 : 54127 steps taken, and 6987 accepted.
[0 : mcmc] Progress @ 2026-06-21 22:29:31 : 53936 steps taken, and 6905 accepted.
[3 : mcmc] Progress @ 2026-06-21 22:29:45 : 54894 steps taken, and 7107 accepted.
[1 : mcmc] Progress @ 2026-06-21 22:30:17 : 54216 steps taken, and 7004 accepted.
[2 : mcmc] Progress @ 2026-06-21 22:30:17 : 53815 steps taken, and 6882 accepted.
[0 : mcmc] Progress @ 2026-06-21 22:30:36 : 54011 steps taken, and 6920 accepted.
[3 : mcmc] Progress @ 2026-06-21 22:30:48 : 54983 steps taken, and 7123 accepted.
[1 : mcmc] Progress @ 2026-06-21 22:31:17 : 54297 steps taken, and 7017 accepted.
[2 : mcmc] Progress @ 2026-06-21 22:31:19 : 53908 steps taken, and 6896 accepted.
[0 : mcmc] Progress @ 2026-06-21 22:31:37 : 54110 steps taken, and 6931 accepted.
[3 : mcmc] Progress @ 2026-06-21 22:31:53 : 55079 steps taken, and 7142 accepted.
[2 : mcmc] Progress @ 2026-06-21 22:32:21 : 54000 steps taken, and 6909 accepted.
[1 : mcmc] Progress @ 2026-06-21 22:32:25 : 54394 steps taken, and 7033 accepted.
[0 : mcmc] Progress @ 2026-06-21 22:32:45 : 54187 steps taken, and 6944 accepted.
[3 : mcmc] Progress @ 2026-06-21 22:32:53 : 55165 steps taken, and 7156 accepted.
[2 : mcmc] Progress @ 2026-06-21 22:33:24 : 54090 steps taken, and 6921 accepted.
[1 : mcmc] Progress @ 2026-06-21 22:33:27 : 54484 steps taken, and 7048 accepted.
[0 : mcmc] Progress @ 2026-06-21 22:33:47 : 54308 steps taken, and 6965 accepted.
[3 : mcmc] Progress @ 2026-06-21 22:33:54 : 55248 steps taken, and 7161 accepted.
[2 : mcmc] Progress @ 2026-06-21 22:34:24 : 54153 steps taken, and 6926 accepted.
[1 : mcmc] Progress @ 2026-06-21 22:34:28 : 54564 steps taken, and 7062 accepted.
[0 : mcmc] Progress @ 2026-06-21 22:34:47 : 54404 steps taken, and 6978 accepted.
[3 : mcmc] Progress @ 2026-06-21 22:34:59 : 55350 steps taken, and 7173 accepted.
[2 : mcmc] Progress @ 2026-06-21 22:35:32 : 54260 steps taken, and 6940 accepted.
[1 : mcmc] Progress @ 2026-06-21 22:35:34 : 54683 steps taken, and 7077 accepted.
[0 : mcmc] Progress @ 2026-06-21 22:35:47 : 54486 steps taken, and 6992 accepted.
[3 : mcmc] Progress @ 2026-06-21 22:35:59 : 55428 steps taken, and 7189 accepted.
[2 : mcmc] Progress @ 2026-06-21 22:36:36 : 54360 steps taken, and 6959 accepted.
[1 : mcmc] Progress @ 2026-06-21 22:36:40 : 54775 steps taken, and 7091 accepted.
[3 : mcmc] Learn + convergence test @ 7200 samples accepted.
[3 : mcmc] Ready to check convergence and learn a new proposal covmat (waiting for the rest...)
[0 : mcmc] Progress @ 2026-06-21 22:36:47 : 54578 steps taken, and 7006 accepted.
[3 : mcmc] Progress @ 2026-06-21 22:37:01 : 55524 steps taken, and 7202 accepted.
[2 : mcmc] Progress @ 2026-06-21 22:37:38 : 54443 steps taken, and 6975 accepted.
[1 : mcmc] Progress @ 2026-06-21 22:37:48 : 54885 steps taken, and 7109 accepted.
[0 : mcmc] Progress @ 2026-06-21 22:37:50 : 54688 steps taken, and 7019 accepted.
[3 : mcmc] Progress @ 2026-06-21 22:38:02 : 55609 steps taken, and 7217 accepted.
[2 : mcmc] Progress @ 2026-06-21 22:38:42 : 54538 steps taken, and 6989 accepted.
[1 : mcmc] Progress @ 2026-06-21 22:38:52 : 54955 steps taken, and 7120 accepted.
[0 : mcmc] Progress @ 2026-06-21 22:38:56 : 54779 steps taken, and 7032 accepted.
[3 : mcmc] Progress @ 2026-06-21 22:39:07 : 55719 steps taken, and 7234 accepted.
[2 : mcmc] Progress @ 2026-06-21 22:39:43 : 54630 steps taken, and 7005 accepted.
[1 : mcmc] Progress @ 2026-06-21 22:39:52 : 55047 steps taken, and 7135 accepted.
[0 : mcmc] Progress @ 2026-06-21 22:39:57 : 54873 steps taken, and 7045 accepted.
[3 : mcmc] Progress @ 2026-06-21 22:40:10 : 55809 steps taken, and 7249 accepted.
[2 : mcmc] Progress @ 2026-06-21 22:40:45 : 54714 steps taken, and 7020 accepted.
[1 : mcmc] Progress @ 2026-06-21 22:40:53 : 55135 steps taken, and 7149 accepted.
[0 : mcmc] Progress @ 2026-06-21 22:41:03 : 54968 steps taken, and 7065 accepted.
[3 : mcmc] Progress @ 2026-06-21 22:41:10 : 55912 steps taken, and 7271 accepted.
[2 : mcmc] Progress @ 2026-06-21 22:41:45 : 54792 steps taken, and 7031 accepted.
[1 : mcmc] Progress @ 2026-06-21 22:41:54 : 55246 steps taken, and 7163 accepted.
[0 : mcmc] Progress @ 2026-06-21 22:42:05 : 55057 steps taken, and 7075 accepted.
[3 : mcmc] Progress @ 2026-06-21 22:42:13 : 56005 steps taken, and 7287 accepted.
[2 : mcmc] Progress @ 2026-06-21 22:42:45 : 54893 steps taken, and 7048 accepted.
[1 : mcmc] Progress @ 2026-06-21 22:42:56 : 55332 steps taken, and 7178 accepted.
[0 : mcmc] Progress @ 2026-06-21 22:43:09 : 55166 steps taken, and 7083 accepted.
[3 : mcmc] Progress @ 2026-06-21 22:43:21 : 56077 steps taken, and 7297 accepted.
[2 : mcmc] Progress @ 2026-06-21 22:43:46 : 54985 steps taken, and 7063 accepted.
[1 : mcmc] Progress @ 2026-06-21 22:44:04 : 55440 steps taken, and 7194 accepted.
[0 : mcmc] Progress @ 2026-06-21 22:44:09 : 55260 steps taken, and 7097 accepted.
[3 : mcmc] Progress @ 2026-06-21 22:44:21 : 56188 steps taken, and 7315 accepted.
[1 : mcmc] Learn + convergence test @ 7200 samples accepted.
[1 : mcmc] Ready to check convergence and learn a new proposal covmat (waiting for the rest...)
[2 : mcmc] Progress @ 2026-06-21 22:44:47 : 55073 steps taken, and 7076 accepted.
[1 : mcmc] Progress @ 2026-06-21 22:45:04 : 55530 steps taken, and 7205 accepted.
[0 : mcmc] Progress @ 2026-06-21 22:45:10 : 55352 steps taken, and 7111 accepted.
[3 : mcmc] Progress @ 2026-06-21 22:45:21 : 56272 steps taken, and 7325 accepted.
[2 : mcmc] Progress @ 2026-06-21 22:45:47 : 55170 steps taken, and 7089 accepted.
[1 : mcmc] Progress @ 2026-06-21 22:46:05 : 55612 steps taken, and 7218 accepted.
[0 : mcmc] Progress @ 2026-06-21 22:46:10 : 55451 steps taken, and 7125 accepted.
[3 : mcmc] Progress @ 2026-06-21 22:46:24 : 56365 steps taken, and 7334 accepted.
[2 : mcmc] Progress @ 2026-06-21 22:46:47 : 55252 steps taken, and 7098 accepted.
[1 : mcmc] Progress @ 2026-06-21 22:47:05 : 55707 steps taken, and 7233 accepted.
[0 : mcmc] Progress @ 2026-06-21 22:47:12 : 55550 steps taken, and 7136 accepted.
[3 : mcmc] Progress @ 2026-06-21 22:47:24 : 56443 steps taken, and 7343 accepted.
[2 : mcmc] Progress @ 2026-06-21 22:47:51 : 55350 steps taken, and 7109 accepted.
[0 : mcmc] Progress @ 2026-06-21 22:48:13 : 55643 steps taken, and 7148 accepted.
[1 : mcmc] Progress @ 2026-06-21 22:48:13 : 55805 steps taken, and 7244 accepted.
[3 : mcmc] Progress @ 2026-06-21 22:48:24 : 56538 steps taken, and 7355 accepted.
[2 : mcmc] Progress @ 2026-06-21 22:48:53 : 55433 steps taken, and 7116 accepted.
[0 : mcmc] Progress @ 2026-06-21 22:49:16 : 55750 steps taken, and 7165 accepted.
[1 : mcmc] Progress @ 2026-06-21 22:49:19 : 55896 steps taken, and 7261 accepted.
[3 : mcmc] Progress @ 2026-06-21 22:49:31 : 56628 steps taken, and 7367 accepted.
[2 : mcmc] Progress @ 2026-06-21 22:49:55 : 55523 steps taken, and 7131 accepted.
[0 : mcmc] Progress @ 2026-06-21 22:50:16 : 55818 steps taken, and 7175 accepted.
[1 : mcmc] Progress @ 2026-06-21 22:50:22 : 56005 steps taken, and 7278 accepted.
[3 : mcmc] Progress @ 2026-06-21 22:50:31 : 56735 steps taken, and 7383 accepted.
[2 : mcmc] Progress @ 2026-06-21 22:51:00 : 55613 steps taken, and 7142 accepted.
[0 : mcmc] Progress @ 2026-06-21 22:51:24 : 55919 steps taken, and 7185 accepted.
[1 : mcmc] Progress @ 2026-06-21 22:51:25 : 56102 steps taken, and 7294 accepted.
[3 : mcmc] Progress @ 2026-06-21 22:51:34 : 56793 steps taken, and 7393 accepted.
[0 : mcmc] Learn + convergence test @ 7200 samples accepted.
[0 : mcmc] Ready to check convergence and learn a new proposal covmat (waiting for the rest...)
[2 : mcmc] Progress @ 2026-06-21 22:52:08 : 55699 steps taken, and 7157 accepted.
[0 : mcmc] Progress @ 2026-06-21 22:52:24 : 56010 steps taken, and 7202 accepted.
[1 : mcmc] Progress @ 2026-06-21 22:52:25 : 56192 steps taken, and 7306 accepted.
[3 : mcmc] Progress @ 2026-06-21 22:52:38 : 56892 steps taken, and 7409 accepted.
[2 : mcmc] Progress @ 2026-06-21 22:53:17 : 55799 steps taken, and 7169 accepted.
[1 : mcmc] Progress @ 2026-06-21 22:53:26 : 56264 steps taken, and 7317 accepted.
[0 : mcmc] Progress @ 2026-06-21 22:53:26 : 56089 steps taken, and 7217 accepted.
[3 : mcmc] Progress @ 2026-06-21 22:53:38 : 56982 steps taken, and 7425 accepted.
[2 : mcmc] Progress @ 2026-06-21 22:54:23 : 55890 steps taken, and 7185 accepted.
[1 : mcmc] Progress @ 2026-06-21 22:54:28 : 56368 steps taken, and 7330 accepted.
[0 : mcmc] Progress @ 2026-06-21 22:54:36 : 56194 steps taken, and 7232 accepted.
[3 : mcmc] Progress @ 2026-06-21 22:54:45 : 57071 steps taken, and 7439 accepted.
[2 : mcmc] Progress @ 2026-06-21 22:55:28 : 55968 steps taken, and 7193 accepted.
[1 : mcmc] Progress @ 2026-06-21 22:55:31 : 56441 steps taken, and 7337 accepted.
[0 : mcmc] Progress @ 2026-06-21 22:55:44 : 56286 steps taken, and 7247 accepted.
[2 : mcmc] Learn + convergence test @ 7200 samples accepted.
[2 : mcmc] Ready to check convergence and learn a new proposal covmat (waiting for the rest...)
[3 : mcmc] Progress @ 2026-06-21 22:55:50 : 57166 steps taken, and 7450 accepted.
[0 : mcmc] All chains are ready to check convergence and learn a new proposal covmat
[0 : mcmc]  - Acceptance rate: 0.453 = avg([0.4491, 0.4548, 0.4455, 0.4610])
[0 : mcmc]  - Convergence of means: R-1 = 99.819483 after 29247 accepted steps = sum([7255, 7341, 7200, 7451])
[0 : mcmc] Convergence less than requested for updates: waiting until the next convergence check.
[2 : mcmc] Progress @ 2026-06-21 22:56:30 : 56025 steps taken, and 7206 accepted.
[1 : mcmc] Progress @ 2026-06-21 22:56:37 : 56539 steps taken, and 7349 accepted.
[3 : mcmc] Progress @ 2026-06-21 22:56:50 : 57262 steps taken, and 7470 accepted.
[0 : mcmc] Progress @ 2026-06-21 22:56:53 : 56381 steps taken, and 7265 accepted.
[2 : mcmc] Progress @ 2026-06-21 22:57:35 : 56132 steps taken, and 7230 accepted.
[1 : mcmc] Progress @ 2026-06-21 22:57:38 : 56626 steps taken, and 7360 accepted.
[0 : mcmc] Progress @ 2026-06-21 22:57:53 : 56471 steps taken, and 7276 accepted.
[3 : mcmc] Progress @ 2026-06-21 22:57:55 : 57340 steps taken, and 7484 accepted.
[1 : mcmc] Progress @ 2026-06-21 22:58:38 : 56715 steps taken, and 7373 accepted.
[2 : mcmc] Progress @ 2026-06-21 22:58:38 : 56231 steps taken, and 7245 accepted.
[0 : mcmc] Progress @ 2026-06-21 22:58:58 : 56568 steps taken, and 7287 accepted.
[3 : mcmc] Progress @ 2026-06-21 22:59:02 : 57437 steps taken, and 7500 accepted.
[2 : mcmc] Progress @ 2026-06-21 22:59:42 : 56331 steps taken, and 7256 accepted.
[1 : mcmc] Progress @ 2026-06-21 22:59:44 : 56801 steps taken, and 7385 accepted.
[3 : mcmc] Progress @ 2026-06-21 23:00:02 : 57534 steps taken, and 7514 accepted.
[0 : mcmc] Progress @ 2026-06-21 23:00:07 : 56674 steps taken, and 7303 accepted.
[2 : mcmc] Progress @ 2026-06-21 23:00:47 : 56415 steps taken, and 7267 accepted.
[1 : mcmc] Progress @ 2026-06-21 23:00:50 : 56937 steps taken, and 7404 accepted.
[0 : mcmc] Progress @ 2026-06-21 23:01:07 : 56769 steps taken, and 7319 accepted.
[3 : mcmc] Progress @ 2026-06-21 23:01:09 : 57618 steps taken, and 7529 accepted.
[2 : mcmc] Progress @ 2026-06-21 23:01:50 : 56480 steps taken, and 7276 accepted.
[1 : mcmc] Progress @ 2026-06-21 23:01:55 : 56992 steps taken, and 7411 accepted.
[0 : mcmc] Progress @ 2026-06-21 23:02:12 : 56846 steps taken, and 7329 accepted.
[3 : mcmc] Progress @ 2026-06-21 23:02:13 : 57744 steps taken, and 7552 accepted.
[2 : mcmc] Progress @ 2026-06-21 23:02:53 : 56605 steps taken, and 7298 accepted.
[1 : mcmc] Progress @ 2026-06-21 23:02:59 : 57106 steps taken, and 7421 accepted.
[3 : mcmc] Progress @ 2026-06-21 23:03:15 : 57849 steps taken, and 7567 accepted.
[0 : mcmc] Progress @ 2026-06-21 23:03:16 : 56954 steps taken, and 7348 accepted.
[2 : mcmc] Progress @ 2026-06-21 23:03:53 : 56685 steps taken, and 7313 accepted.
[1 : mcmc] Progress @ 2026-06-21 23:04:06 : 57217 steps taken, and 7438 accepted.
[3 : mcmc] Progress @ 2026-06-21 23:04:15 : 57928 steps taken, and 7581 accepted.
[0 : mcmc] Progress @ 2026-06-21 23:04:18 : 57059 steps taken, and 7367 accepted.
[2 : mcmc] Progress @ 2026-06-21 23:04:56 : 56757 steps taken, and 7327 accepted.
[1 : mcmc] Progress @ 2026-06-21 23:05:10 : 57278 steps taken, and 7443 accepted.
[0 : mcmc] Progress @ 2026-06-21 23:05:18 : 57146 steps taken, and 7376 accepted.
[3 : mcmc] Progress @ 2026-06-21 23:05:20 : 58009 steps taken, and 7595 accepted.
[2 : mcmc] Progress @ 2026-06-21 23:06:04 : 56875 steps taken, and 7347 accepted.
[1 : mcmc] Progress @ 2026-06-21 23:06:11 : 57385 steps taken, and 7466 accepted.
[0 : mcmc] Progress @ 2026-06-21 23:06:18 : 57227 steps taken, and 7390 accepted.
[3 : mcmc] Progress @ 2026-06-21 23:06:20 : 58108 steps taken, and 7611 accepted.
[2 : mcmc] Progress @ 2026-06-21 23:07:05 : 56968 steps taken, and 7361 accepted.
[1 : mcmc] Progress @ 2026-06-21 23:07:11 : 57464 steps taken, and 7471 accepted.
[0 : mcmc] Progress @ 2026-06-21 23:07:22 : 57324 steps taken, and 7404 accepted.
[3 : mcmc] Progress @ 2026-06-21 23:07:23 : 58178 steps taken, and 7618 accepted.
[2 : mcmc] Progress @ 2026-06-21 23:08:07 : 57054 steps taken, and 7376 accepted.
[1 : mcmc] Progress @ 2026-06-21 23:08:17 : 57583 steps taken, and 7490 accepted.
[0 : mcmc] Progress @ 2026-06-21 23:08:22 : 57408 steps taken, and 7413 accepted.
[3 : mcmc] Progress @ 2026-06-21 23:08:24 : 58283 steps taken, and 7633 accepted.
[2 : mcmc] Progress @ 2026-06-21 23:09:09 : 57150 steps taken, and 7386 accepted.
[0 : mcmc] Progress @ 2026-06-21 23:09:23 : 57509 steps taken, and 7427 accepted.
[1 : mcmc] Progress @ 2026-06-21 23:09:25 : 57680 steps taken, and 7503 accepted.
[3 : mcmc] Progress @ 2026-06-21 23:09:28 : 58390 steps taken, and 7647 accepted.
[2 : mcmc] Progress @ 2026-06-21 23:10:09 : 57246 steps taken, and 7399 accepted.
[0 : mcmc] Progress @ 2026-06-21 23:10:23 : 57588 steps taken, and 7434 accepted.
[1 : mcmc] Progress @ 2026-06-21 23:10:27 : 57775 steps taken, and 7521 accepted.
[3 : mcmc] Progress @ 2026-06-21 23:10:28 : 58488 steps taken, and 7660 accepted.
[2 : mcmc] Progress @ 2026-06-21 23:11:10 : 57331 steps taken, and 7413 accepted.
[0 : mcmc] Progress @ 2026-06-21 23:11:24 : 57705 steps taken, and 7453 accepted.
[1 : mcmc] Progress @ 2026-06-21 23:11:28 : 57870 steps taken, and 7537 accepted.
[3 : mcmc] Progress @ 2026-06-21 23:11:28 : 58568 steps taken, and 7671 accepted.
[2 : mcmc] Progress @ 2026-06-21 23:12:10 : 57415 steps taken, and 7419 accepted.
[0 : mcmc] Progress @ 2026-06-21 23:12:26 : 57782 steps taken, and 7465 accepted.
[1 : mcmc] Progress @ 2026-06-21 23:12:28 : 57956 steps taken, and 7549 accepted.
[3 : mcmc] Progress @ 2026-06-21 23:12:32 : 58637 steps taken, and 7684 accepted.
[2 : mcmc] Progress @ 2026-06-21 23:13:12 : 57509 steps taken, and 7428 accepted.
[1 : mcmc] Progress @ 2026-06-21 23:13:28 : 58038 steps taken, and 7558 accepted.
[0 : mcmc] Progress @ 2026-06-21 23:13:30 : 57903 steps taken, and 7477 accepted.
[3 : mcmc] Progress @ 2026-06-21 23:13:35 : 58761 steps taken, and 7703 accepted.
[2 : mcmc] Progress @ 2026-06-21 23:14:19 : 57606 steps taken, and 7444 accepted.
[1 : mcmc] Progress @ 2026-06-21 23:14:31 : 58127 steps taken, and 7570 accepted.
[0 : mcmc] Progress @ 2026-06-21 23:14:32 : 57973 steps taken, and 7486 accepted.
[3 : mcmc] Progress @ 2026-06-21 23:14:42 : 58861 steps taken, and 7717 accepted.
[2 : mcmc] Progress @ 2026-06-21 23:15:23 : 57699 steps taken, and 7455 accepted.
[1 : mcmc] Progress @ 2026-06-21 23:15:35 : 58230 steps taken, and 7585 accepted.
[0 : mcmc] Progress @ 2026-06-21 23:15:38 : 58069 steps taken, and 7498 accepted.
[3 : mcmc] Progress @ 2026-06-21 23:15:46 : 58967 steps taken, and 7733 accepted.
[2 : mcmc] Progress @ 2026-06-21 23:16:24 : 57783 steps taken, and 7467 accepted.
[1 : mcmc] Progress @ 2026-06-21 23:16:35 : 58314 steps taken, and 7597 accepted.
[0 : mcmc] Progress @ 2026-06-21 23:16:43 : 58193 steps taken, and 7519 accepted.
[3 : mcmc] Progress @ 2026-06-21 23:16:48 : 59059 steps taken, and 7741 accepted.
[2 : mcmc] Progress @ 2026-06-21 23:17:30 : 57894 steps taken, and 7483 accepted.
[1 : mcmc] Progress @ 2026-06-21 23:17:38 : 58405 steps taken, and 7616 accepted.
[0 : mcmc] Progress @ 2026-06-21 23:17:49 : 58270 steps taken, and 7527 accepted.
[3 : mcmc] Progress @ 2026-06-21 23:17:49 : 59154 steps taken, and 7752 accepted.
[2 : mcmc] Progress @ 2026-06-21 23:18:38 : 57995 steps taken, and 7498 accepted.
[1 : mcmc] Progress @ 2026-06-21 23:18:39 : 58495 steps taken, and 7629 accepted.
[0 : mcmc] Progress @ 2026-06-21 23:18:51 : 58375 steps taken, and 7539 accepted.
[3 : mcmc] Progress @ 2026-06-21 23:18:55 : 59243 steps taken, and 7766 accepted.
[2 : mcmc] Progress @ 2026-06-21 23:19:38 : 58080 steps taken, and 7511 accepted.
[1 : mcmc] Progress @ 2026-06-21 23:19:40 : 58580 steps taken, and 7643 accepted.
[0 : mcmc] Progress @ 2026-06-21 23:19:52 : 58483 steps taken, and 7557 accepted.
[3 : mcmc] Progress @ 2026-06-21 23:20:00 : 59382 steps taken, and 7794 accepted.
[1 : mcmc] Progress @ 2026-06-21 23:20:40 : 58660 steps taken, and 7656 accepted.
[2 : mcmc] Progress @ 2026-06-21 23:20:42 : 58181 steps taken, and 7531 accepted.
[0 : mcmc] Progress @ 2026-06-21 23:20:55 : 58587 steps taken, and 7574 accepted.
[3 : mcmc] Progress @ 2026-06-21 23:21:01 : 59458 steps taken, and 7803 accepted.
[1 : mcmc] Progress @ 2026-06-21 23:21:44 : 58765 steps taken, and 7674 accepted.
[2 : mcmc] Progress @ 2026-06-21 23:21:45 : 58272 steps taken, and 7551 accepted.
[0 : mcmc] Progress @ 2026-06-21 23:21:58 : 58691 steps taken, and 7590 accepted.
[3 : mcmc] Progress @ 2026-06-21 23:22:01 : 59564 steps taken, and 7818 accepted.
[1 : mcmc] Progress @ 2026-06-21 23:22:47 : 58855 steps taken, and 7693 accepted.
[2 : mcmc] Progress @ 2026-06-21 23:22:49 : 58381 steps taken, and 7566 accepted.
[0 : mcmc] Progress @ 2026-06-21 23:23:06 : 58777 steps taken, and 7604 accepted.
[3 : mcmc] Progress @ 2026-06-21 23:23:07 : 59653 steps taken, and 7830 accepted.
[1 : mcmc] Progress @ 2026-06-21 23:23:47 : 58939 steps taken, and 7705 accepted.
[2 : mcmc] Progress @ 2026-06-21 23:23:53 : 58471 steps taken, and 7580 accepted.
[0 : mcmc] Progress @ 2026-06-21 23:24:09 : 58883 steps taken, and 7620 accepted.
[3 : mcmc] Progress @ 2026-06-21 23:24:13 : 59748 steps taken, and 7846 accepted.
[1 : mcmc] Progress @ 2026-06-21 23:24:47 : 59024 steps taken, and 7718 accepted.
[2 : mcmc] Progress @ 2026-06-21 23:24:54 : 58562 steps taken, and 7589 accepted.
[0 : mcmc] Progress @ 2026-06-21 23:25:09 : 59004 steps taken, and 7635 accepted.
[3 : mcmc] Progress @ 2026-06-21 23:25:14 : 59833 steps taken, and 7861 accepted.
[1 : mcmc] Progress @ 2026-06-21 23:25:50 : 59116 steps taken, and 7730 accepted.
[2 : mcmc] Progress @ 2026-06-21 23:25:58 : 58651 steps taken, and 7601 accepted.
[0 : mcmc] Progress @ 2026-06-21 23:26:09 : 59071 steps taken, and 7647 accepted.
[3 : mcmc] Progress @ 2026-06-21 23:26:18 : 59935 steps taken, and 7874 accepted.
[1 : mcmc] Progress @ 2026-06-21 23:26:54 : 59212 steps taken, and 7739 accepted.
[2 : mcmc] Progress @ 2026-06-21 23:26:59 : 58761 steps taken, and 7618 accepted.
[0 : mcmc] Progress @ 2026-06-21 23:27:09 : 59182 steps taken, and 7668 accepted.
[3 : mcmc] Progress @ 2026-06-21 23:27:19 : 60023 steps taken, and 7890 accepted.
[1 : mcmc] Progress @ 2026-06-21 23:27:56 : 59309 steps taken, and 7755 accepted.
[2 : mcmc] Progress @ 2026-06-21 23:27:59 : 58849 steps taken, and 7634 accepted.
[0 : mcmc] Progress @ 2026-06-21 23:28:11 : 59230 steps taken, and 7673 accepted.
[3 : mcmc] Progress @ 2026-06-21 23:28:21 : 60112 steps taken, and 7908 accepted.
[1 : mcmc] Progress @ 2026-06-21 23:28:56 : 59388 steps taken, and 7766 accepted.
[2 : mcmc] Progress @ 2026-06-21 23:28:59 : 58945 steps taken, and 7651 accepted.
[0 : mcmc] Progress @ 2026-06-21 23:29:12 : 59333 steps taken, and 7693 accepted.
[3 : mcmc] Progress @ 2026-06-21 23:29:21 : 60185 steps taken, and 7918 accepted.
[2 : mcmc] Progress @ 2026-06-21 23:30:00 : 59040 steps taken, and 7668 accepted.
[1 : mcmc] Progress @ 2026-06-21 23:30:01 : 59488 steps taken, and 7777 accepted.
[0 : mcmc] Progress @ 2026-06-21 23:30:12 : 59426 steps taken, and 7706 accepted.
[3 : mcmc] Progress @ 2026-06-21 23:30:26 : 60293 steps taken, and 7940 accepted.
[1 : mcmc] Progress @ 2026-06-21 23:31:01 : 59566 steps taken, and 7787 accepted.
[2 : mcmc] Progress @ 2026-06-21 23:31:06 : 59131 steps taken, and 7683 accepted.
[0 : mcmc] Progress @ 2026-06-21 23:31:13 : 59494 steps taken, and 7716 accepted.
[3 : mcmc] Progress @ 2026-06-21 23:31:26 : 60374 steps taken, and 7951 accepted.
[1 : mcmc] Progress @ 2026-06-21 23:32:06 : 59669 steps taken, and 7804 accepted.
[2 : mcmc] Progress @ 2026-06-21 23:32:14 : 59244 steps taken, and 7698 accepted.
[0 : mcmc] Progress @ 2026-06-21 23:32:17 : 59596 steps taken, and 7732 accepted.
[3 : mcmc] Progress @ 2026-06-21 23:32:31 : 60477 steps taken, and 7965 accepted.
[1 : mcmc] Progress @ 2026-06-21 23:33:06 : 59753 steps taken, and 7819 accepted.
[2 : mcmc] Progress @ 2026-06-21 23:33:14 : 59357 steps taken, and 7710 accepted.
[0 : mcmc] Progress @ 2026-06-21 23:33:17 : 59673 steps taken, and 7742 accepted.
[3 : mcmc] Progress @ 2026-06-21 23:33:31 : 60608 steps taken, and 7991 accepted.
[1 : mcmc] Progress @ 2026-06-21 23:34:06 : 59833 steps taken, and 7831 accepted.
[2 : mcmc] Progress @ 2026-06-21 23:34:16 : 59436 steps taken, and 7720 accepted.
[0 : mcmc] Progress @ 2026-06-21 23:34:20 : 59781 steps taken, and 7756 accepted.
[3 : mcmc] Progress @ 2026-06-21 23:34:31 : 60691 steps taken, and 8004 accepted.
[1 : mcmc] Progress @ 2026-06-21 23:35:09 : 59930 steps taken, and 7842 accepted.
[2 : mcmc] Progress @ 2026-06-21 23:35:16 : 59541 steps taken, and 7732 accepted.
[0 : mcmc] Progress @ 2026-06-21 23:35:21 : 59864 steps taken, and 7767 accepted.
[3 : mcmc] Progress @ 2026-06-21 23:35:33 : 60757 steps taken, and 8015 accepted.
[1 : mcmc] Progress @ 2026-06-21 23:36:10 : 60012 steps taken, and 7856 accepted.
[2 : mcmc] Progress @ 2026-06-21 23:36:20 : 59641 steps taken, and 7741 accepted.
[0 : mcmc] Progress @ 2026-06-21 23:36:26 : 59948 steps taken, and 7779 accepted.
[3 : mcmc] Progress @ 2026-06-21 23:36:34 : 60842 steps taken, and 8026 accepted.
[1 : mcmc] Progress @ 2026-06-21 23:37:13 : 60113 steps taken, and 7877 accepted.
[2 : mcmc] Progress @ 2026-06-21 23:37:21 : 59738 steps taken, and 7757 accepted.
[0 : mcmc] Progress @ 2026-06-21 23:37:31 : 60061 steps taken, and 7800 accepted.
[3 : mcmc] Progress @ 2026-06-21 23:37:35 : 60936 steps taken, and 8038 accepted.
[1 : mcmc] Progress @ 2026-06-21 23:38:14 : 60209 steps taken, and 7892 accepted.
[2 : mcmc] Progress @ 2026-06-21 23:38:24 : 59830 steps taken, and 7772 accepted.
[0 : mcmc] Progress @ 2026-06-21 23:38:32 : 60159 steps taken, and 7812 accepted.
[3 : mcmc] Progress @ 2026-06-21 23:38:40 : 61027 steps taken, and 8052 accepted.
[1 : mcmc] Progress @ 2026-06-21 23:39:14 : 60301 steps taken, and 7903 accepted.
[2 : mcmc] Progress @ 2026-06-21 23:39:29 : 59901 steps taken, and 7777 accepted.
[0 : mcmc] Progress @ 2026-06-21 23:39:33 : 60227 steps taken, and 7823 accepted.
[3 : mcmc] Progress @ 2026-06-21 23:39:47 : 61131 steps taken, and 8065 accepted.
[1 : mcmc] Progress @ 2026-06-21 23:40:14 : 60379 steps taken, and 7918 accepted.
[2 : mcmc] Progress @ 2026-06-21 23:40:32 : 60001 steps taken, and 7793 accepted.
[0 : mcmc] Progress @ 2026-06-21 23:40:37 : 60330 steps taken, and 7832 accepted.
[3 : mcmc] Progress @ 2026-06-21 23:40:48 : 61228 steps taken, and 8077 accepted.
[1 : mcmc] Progress @ 2026-06-21 23:41:17 : 60478 steps taken, and 7933 accepted.
[2 : mcmc] Progress @ 2026-06-21 23:41:36 : 60106 steps taken, and 7806 accepted.
[0 : mcmc] Progress @ 2026-06-21 23:41:43 : 60399 steps taken, and 7842 accepted.
[3 : mcmc] Progress @ 2026-06-21 23:41:48 : 61317 steps taken, and 8094 accepted.
[1 : mcmc] Progress @ 2026-06-21 23:42:18 : 60561 steps taken, and 7945 accepted.
[2 : mcmc] Progress @ 2026-06-21 23:42:39 : 60202 steps taken, and 7816 accepted.
[0 : mcmc] Progress @ 2026-06-21 23:42:46 : 60507 steps taken, and 7857 accepted.
[3 : mcmc] Progress @ 2026-06-21 23:42:53 : 61411 steps taken, and 8109 accepted.
[1 : mcmc] Progress @ 2026-06-21 23:43:18 : 60647 steps taken, and 7957 accepted.
[2 : mcmc] Progress @ 2026-06-21 23:43:41 : 60299 steps taken, and 7833 accepted.
[0 : mcmc] Progress @ 2026-06-21 23:43:47 : 60597 steps taken, and 7873 accepted.
[3 : mcmc] Progress @ 2026-06-21 23:43:53 : 61529 steps taken, and 8127 accepted.
[1 : mcmc] Progress @ 2026-06-21 23:44:22 : 60740 steps taken, and 7970 accepted.
[2 : mcmc] Progress @ 2026-06-21 23:44:41 : 60381 steps taken, and 7848 accepted.
[0 : mcmc] Progress @ 2026-06-21 23:44:50 : 60698 steps taken, and 7891 accepted.
[3 : mcmc] Progress @ 2026-06-21 23:44:57 : 61593 steps taken, and 8139 accepted.
[1 : mcmc] Progress @ 2026-06-21 23:45:23 : 60828 steps taken, and 7983 accepted.
[2 : mcmc] Progress @ 2026-06-21 23:45:41 : 60463 steps taken, and 7863 accepted.
[0 : mcmc] Progress @ 2026-06-21 23:45:58 : 60795 steps taken, and 7906 accepted.
[3 : mcmc] Progress @ 2026-06-21 23:46:02 : 61724 steps taken, and 8152 accepted.
[1 : mcmc] Progress @ 2026-06-21 23:46:27 : 60930 steps taken, and 7999 accepted.
[2 : mcmc] Progress @ 2026-06-21 23:46:46 : 60569 steps taken, and 7879 accepted.
[0 : mcmc] Progress @ 2026-06-21 23:47:03 : 60894 steps taken, and 7920 accepted.
[3 : mcmc] Progress @ 2026-06-21 23:47:07 : 61823 steps taken, and 8172 accepted.
[1 : mcmc] Progress @ 2026-06-21 23:47:28 : 61009 steps taken, and 8012 accepted.
[2 : mcmc] Progress @ 2026-06-21 23:47:48 : 60678 steps taken, and 7898 accepted.
[0 : mcmc] Progress @ 2026-06-21 23:48:10 : 60976 steps taken, and 7930 accepted.
[3 : mcmc] Progress @ 2026-06-21 23:48:11 : 61912 steps taken, and 8185 accepted.
[1 : mcmc] Progress @ 2026-06-21 23:48:35 : 61110 steps taken, and 8026 accepted.
[2 : mcmc] Progress @ 2026-06-21 23:48:53 : 60751 steps taken, and 7906 accepted.
[0 : mcmc] Progress @ 2026-06-21 23:49:12 : 61061 steps taken, and 7948 accepted.
[3 : mcmc] Progress @ 2026-06-21 23:49:14 : 61991 steps taken, and 8197 accepted.
[1 : mcmc] Progress @ 2026-06-21 23:49:38 : 61194 steps taken, and 8040 accepted.
[2 : mcmc] Progress @ 2026-06-21 23:49:53 : 60843 steps taken, and 7919 accepted.
[3 : mcmc] Progress @ 2026-06-21 23:50:14 : 62061 steps taken, and 8205 accepted.
[0 : mcmc] Progress @ 2026-06-21 23:50:17 : 61185 steps taken, and 7966 accepted.
[1 : mcmc] Progress @ 2026-06-21 23:50:38 : 61267 steps taken, and 8049 accepted.
[2 : mcmc] Progress @ 2026-06-21 23:50:53 : 60933 steps taken, and 7935 accepted.
[3 : mcmc] Progress @ 2026-06-21 23:51:19 : 62167 steps taken, and 8225 accepted.
[0 : mcmc] Progress @ 2026-06-21 23:51:25 : 61285 steps taken, and 7981 accepted.
[1 : mcmc] Progress @ 2026-06-21 23:51:42 : 61368 steps taken, and 8065 accepted.
[2 : mcmc] Progress @ 2026-06-21 23:51:54 : 61025 steps taken, and 7948 accepted.
[3 : mcmc] Progress @ 2026-06-21 23:52:22 : 62263 steps taken, and 8238 accepted.
[0 : mcmc] Progress @ 2026-06-21 23:52:25 : 61341 steps taken, and 7990 accepted.
[1 : mcmc] Progress @ 2026-06-21 23:52:45 : 61459 steps taken, and 8074 accepted.
[2 : mcmc] Progress @ 2026-06-21 23:52:54 : 61108 steps taken, and 7962 accepted.
[0 : mcmc] Progress @ 2026-06-21 23:53:25 : 61423 steps taken, and 8001 accepted.
[3 : mcmc] Progress @ 2026-06-21 23:53:26 : 62365 steps taken, and 8249 accepted.
[1 : mcmc] Progress @ 2026-06-21 23:53:45 : 61558 steps taken, and 8088 accepted.
[2 : mcmc] Progress @ 2026-06-21 23:53:54 : 61190 steps taken, and 7978 accepted.
[0 : mcmc] Progress @ 2026-06-21 23:54:25 : 61510 steps taken, and 8012 accepted.
[3 : mcmc] Progress @ 2026-06-21 23:54:27 : 62450 steps taken, and 8260 accepted.
[1 : mcmc] Progress @ 2026-06-21 23:54:45 : 61649 steps taken, and 8099 accepted.
[2 : mcmc] Progress @ 2026-06-21 23:54:57 : 61287 steps taken, and 7995 accepted.
[0 : mcmc] Progress @ 2026-06-21 23:55:25 : 61628 steps taken, and 8033 accepted.
[3 : mcmc] Progress @ 2026-06-21 23:55:29 : 62540 steps taken, and 8270 accepted.
[1 : mcmc] Progress @ 2026-06-21 23:55:53 : 61743 steps taken, and 8112 accepted.
[2 : mcmc] Progress @ 2026-06-21 23:55:58 : 61379 steps taken, and 8007 accepted.
[0 : mcmc] Progress @ 2026-06-21 23:56:25 : 61726 steps taken, and 8045 accepted.
[3 : mcmc] Progress @ 2026-06-21 23:56:29 : 62626 steps taken, and 8284 accepted.
[1 : mcmc] Progress @ 2026-06-21 23:56:56 : 61835 steps taken, and 8126 accepted.
[2 : mcmc] Progress @ 2026-06-21 23:56:59 : 61470 steps taken, and 8021 accepted.
[0 : mcmc] Progress @ 2026-06-21 23:57:26 : 61810 steps taken, and 8060 accepted.
[3 : mcmc] Progress @ 2026-06-21 23:57:32 : 62728 steps taken, and 8301 accepted.
[1 : mcmc] Progress @ 2026-06-21 23:57:57 : 61931 steps taken, and 8144 accepted.
[2 : mcmc] Progress @ 2026-06-21 23:57:59 : 61558 steps taken, and 8032 accepted.
[0 : mcmc] Progress @ 2026-06-21 23:58:26 : 61898 steps taken, and 8073 accepted.
[3 : mcmc] Progress @ 2026-06-21 23:58:33 : 62811 steps taken, and 8310 accepted.
[1 : mcmc] Progress @ 2026-06-21 23:58:58 : 62034 steps taken, and 8158 accepted.
[2 : mcmc] Progress @ 2026-06-21 23:59:00 : 61644 steps taken, and 8052 accepted.
[0 : mcmc] Progress @ 2026-06-21 23:59:28 : 61998 steps taken, and 8087 accepted.
[3 : mcmc] Progress @ 2026-06-21 23:59:33 : 62918 steps taken, and 8326 accepted.
[2 : mcmc] Progress @ 2026-06-22 00:00:02 : 61748 steps taken, and 8069 accepted.
[1 : mcmc] Progress @ 2026-06-22 00:00:03 : 62123 steps taken, and 8174 accepted.
[0 : mcmc] Progress @ 2026-06-22 00:00:31 : 62093 steps taken, and 8102 accepted.
[3 : mcmc] Progress @ 2026-06-22 00:00:33 : 62999 steps taken, and 8340 accepted.
[2 : mcmc] Progress @ 2026-06-22 00:01:02 : 61832 steps taken, and 8081 accepted.
[1 : mcmc] Progress @ 2026-06-22 00:01:12 : 62226 steps taken, and 8183 accepted.
[0 : mcmc] Progress @ 2026-06-22 00:01:32 : 62182 steps taken, and 8117 accepted.
[3 : mcmc] Progress @ 2026-06-22 00:01:33 : 63087 steps taken, and 8352 accepted.
[2 : mcmc] Progress @ 2026-06-22 00:02:02 : 61930 steps taken, and 8092 accepted.
[1 : mcmc] Progress @ 2026-06-22 00:02:12 : 62322 steps taken, and 8196 accepted.
[0 : mcmc] Progress @ 2026-06-22 00:02:32 : 62274 steps taken, and 8131 accepted.
[3 : mcmc] Progress @ 2026-06-22 00:02:34 : 63188 steps taken, and 8367 accepted.
[2 : mcmc] Progress @ 2026-06-22 00:03:06 : 62015 steps taken, and 8105 accepted.
[1 : mcmc] Progress @ 2026-06-22 00:03:16 : 62410 steps taken, and 8207 accepted.
[0 : mcmc] Progress @ 2026-06-22 00:03:36 : 62373 steps taken, and 8141 accepted.
[3 : mcmc] Progress @ 2026-06-22 00:03:38 : 63278 steps taken, and 8383 accepted.
[2 : mcmc] Progress @ 2026-06-22 00:04:13 : 62116 steps taken, and 8123 accepted.
[1 : mcmc] Progress @ 2026-06-22 00:04:17 : 62515 steps taken, and 8221 accepted.
[3 : mcmc] Learn + convergence test @ 8400 samples accepted.
[3 : mcmc] Ready to check convergence and learn a new proposal covmat (waiting for the rest...)
[0 : mcmc] Progress @ 2026-06-22 00:04:37 : 62471 steps taken, and 8154 accepted.
[3 : mcmc] Progress @ 2026-06-22 00:04:45 : 63392 steps taken, and 8400 accepted.
[2 : mcmc] Progress @ 2026-06-22 00:05:15 : 62238 steps taken, and 8134 accepted.
[1 : mcmc] Progress @ 2026-06-22 00:05:22 : 62584 steps taken, and 8230 accepted.
[0 : mcmc] Progress @ 2026-06-22 00:05:37 : 62585 steps taken, and 8168 accepted.
[3 : mcmc] Progress @ 2026-06-22 00:05:46 : 63495 steps taken, and 8413 accepted.
[2 : mcmc] Progress @ 2026-06-22 00:06:20 : 62307 steps taken, and 8146 accepted.
[1 : mcmc] Progress @ 2026-06-22 00:06:22 : 62711 steps taken, and 8248 accepted.
[0 : mcmc] Progress @ 2026-06-22 00:06:41 : 62660 steps taken, and 8179 accepted.
[3 : mcmc] Progress @ 2026-06-22 00:06:54 : 63555 steps taken, and 8421 accepted.
[1 : mcmc] Progress @ 2026-06-22 00:07:22 : 62802 steps taken, and 8259 accepted.
[2 : mcmc] Progress @ 2026-06-22 00:07:27 : 62399 steps taken, and 8162 accepted.
[0 : mcmc] Progress @ 2026-06-22 00:07:47 : 62766 steps taken, and 8198 accepted.
[3 : mcmc] Progress @ 2026-06-22 00:08:03 : 63685 steps taken, and 8436 accepted.
[1 : mcmc] Progress @ 2026-06-22 00:08:23 : 62890 steps taken, and 8269 accepted.
[2 : mcmc] Progress @ 2026-06-22 00:08:30 : 62522 steps taken, and 8179 accepted.
[0 : mcmc] Progress @ 2026-06-22 00:08:48 : 62865 steps taken, and 8215 accepted.
[3 : mcmc] Progress @ 2026-06-22 00:09:03 : 63759 steps taken, and 8445 accepted.
[1 : mcmc] Progress @ 2026-06-22 00:09:26 : 62977 steps taken, and 8280 accepted.
[2 : mcmc] Progress @ 2026-06-22 00:09:35 : 62603 steps taken, and 8191 accepted.
[0 : mcmc] Progress @ 2026-06-22 00:09:54 : 62965 steps taken, and 8232 accepted.
[3 : mcmc] Progress @ 2026-06-22 00:10:03 : 63863 steps taken, and 8464 accepted.
[1 : mcmc] Progress @ 2026-06-22 00:10:26 : 63053 steps taken, and 8295 accepted.
[2 : mcmc] Progress @ 2026-06-22 00:10:35 : 62685 steps taken, and 8201 accepted.
[0 : mcmc] Progress @ 2026-06-22 00:10:57 : 63042 steps taken, and 8240 accepted.
[3 : mcmc] Progress @ 2026-06-22 00:11:03 : 63950 steps taken, and 8480 accepted.
[1 : mcmc] Progress @ 2026-06-22 00:11:31 : 63170 steps taken, and 8316 accepted.
[2 : mcmc] Progress @ 2026-06-22 00:11:39 : 62783 steps taken, and 8220 accepted.
[0 : mcmc] Progress @ 2026-06-22 00:11:58 : 63126 steps taken, and 8254 accepted.
[3 : mcmc] Progress @ 2026-06-22 00:12:03 : 64050 steps taken, and 8495 accepted.
[1 : mcmc] Progress @ 2026-06-22 00:12:31 : 63252 steps taken, and 8326 accepted.
[2 : mcmc] Progress @ 2026-06-22 00:12:46 : 62889 steps taken, and 8235 accepted.
[0 : mcmc] Progress @ 2026-06-22 00:13:00 : 63222 steps taken, and 8266 accepted.
[3 : mcmc] Progress @ 2026-06-22 00:13:04 : 64146 steps taken, and 8510 accepted.
[1 : mcmc] Progress @ 2026-06-22 00:13:33 : 63344 steps taken, and 8344 accepted.
[2 : mcmc] Progress @ 2026-06-22 00:13:46 : 62978 steps taken, and 8248 accepted.
[0 : mcmc] Progress @ 2026-06-22 00:14:04 : 63287 steps taken, and 8277 accepted.
[3 : mcmc] Progress @ 2026-06-22 00:14:04 : 64238 steps taken, and 8521 accepted.
[1 : mcmc] Progress @ 2026-06-22 00:14:39 : 63434 steps taken, and 8353 accepted.
[2 : mcmc] Progress @ 2026-06-22 00:14:50 : 63079 steps taken, and 8260 accepted.
[3 : mcmc] Progress @ 2026-06-22 00:15:04 : 64333 steps taken, and 8537 accepted.
[0 : mcmc] Progress @ 2026-06-22 00:15:06 : 63404 steps taken, and 8294 accepted.
[1 : mcmc] Progress @ 2026-06-22 00:15:41 : 63536 steps taken, and 8367 accepted.
[2 : mcmc] Progress @ 2026-06-22 00:15:50 : 63166 steps taken, and 8272 accepted.
[3 : mcmc] Progress @ 2026-06-22 00:16:05 : 64394 steps taken, and 8547 accepted.
[0 : mcmc] Progress @ 2026-06-22 00:16:14 : 63514 steps taken, and 8308 accepted.
[1 : mcmc] Progress @ 2026-06-22 00:16:43 : 63630 steps taken, and 8379 accepted.
[2 : mcmc] Progress @ 2026-06-22 00:16:54 : 63270 steps taken, and 8286 accepted.
[3 : mcmc] Progress @ 2026-06-22 00:17:06 : 64503 steps taken, and 8569 accepted.
[0 : mcmc] Progress @ 2026-06-22 00:17:14 : 63620 steps taken, and 8323 accepted.
[1 : mcmc] Progress @ 2026-06-22 00:17:43 : 63714 steps taken, and 8394 accepted.
[2 : mcmc] Progress @ 2026-06-22 00:17:54 : 63357 steps taken, and 8296 accepted.
[1 : mcmc] Learn + convergence test @ 8400 samples accepted.
[1 : mcmc] Ready to check convergence and learn a new proposal covmat (waiting for the rest...)
[3 : mcmc] Progress @ 2026-06-22 00:18:07 : 64612 steps taken, and 8584 accepted.
[0 : mcmc] Progress @ 2026-06-22 00:18:14 : 63705 steps taken, and 8332 accepted.
[1 : mcmc] Progress @ 2026-06-22 00:18:43 : 63797 steps taken, and 8410 accepted.
[2 : mcmc] Progress @ 2026-06-22 00:18:54 : 63459 steps taken, and 8313 accepted.
[3 : mcmc] Progress @ 2026-06-22 00:19:13 : 64705 steps taken, and 8597 accepted.
[0 : mcmc] Progress @ 2026-06-22 00:19:16 : 63796 steps taken, and 8347 accepted.
[1 : mcmc] Progress @ 2026-06-22 00:19:46 : 63899 steps taken, and 8431 accepted.
[2 : mcmc] Progress @ 2026-06-22 00:20:02 : 63541 steps taken, and 8326 accepted.
[3 : mcmc] Progress @ 2026-06-22 00:20:21 : 64788 steps taken, and 8611 accepted.
[0 : mcmc] Progress @ 2026-06-22 00:20:21 : 63893 steps taken, and 8359 accepted.
[1 : mcmc] Progress @ 2026-06-22 00:20:46 : 63983 steps taken, and 8441 accepted.
[2 : mcmc] Progress @ 2026-06-22 00:21:02 : 63658 steps taken, and 8339 accepted.
[3 : mcmc] Progress @ 2026-06-22 00:21:23 : 64905 steps taken, and 8625 accepted.
[0 : mcmc] Progress @ 2026-06-22 00:21:27 : 64002 steps taken, and 8367 accepted.
[1 : mcmc] Progress @ 2026-06-22 00:21:48 : 64075 steps taken, and 8457 accepted.
[2 : mcmc] Progress @ 2026-06-22 00:22:02 : 63778 steps taken, and 8360 accepted.
[3 : mcmc] Progress @ 2026-06-22 00:22:24 : 64996 steps taken, and 8636 accepted.
[0 : mcmc] Progress @ 2026-06-22 00:22:32 : 64089 steps taken, and 8376 accepted.
[1 : mcmc] Progress @ 2026-06-22 00:22:49 : 64166 steps taken, and 8472 accepted.
[2 : mcmc] Progress @ 2026-06-22 00:23:05 : 63862 steps taken, and 8371 accepted.
[3 : mcmc] Progress @ 2026-06-22 00:23:28 : 65092 steps taken, and 8647 accepted.
[0 : mcmc] Progress @ 2026-06-22 00:23:36 : 64213 steps taken, and 8398 accepted.
[0 : mcmc] Learn + convergence test @ 8400 samples accepted.
[0 : mcmc] Ready to check convergence and learn a new proposal covmat (waiting for the rest...)
[1 : mcmc] Progress @ 2026-06-22 00:23:50 : 64259 steps taken, and 8487 accepted.
[2 : mcmc] Progress @ 2026-06-22 00:24:08 : 63926 steps taken, and 8379 accepted.
[3 : mcmc] Progress @ 2026-06-22 00:24:30 : 65167 steps taken, and 8654 accepted.
[0 : mcmc] Progress @ 2026-06-22 00:24:40 : 64296 steps taken, and 8411 accepted.
[1 : mcmc] Progress @ 2026-06-22 00:24:51 : 64341 steps taken, and 8499 accepted.
[2 : mcmc] Progress @ 2026-06-22 00:25:12 : 64019 steps taken, and 8391 accepted.
[3 : mcmc] Progress @ 2026-06-22 00:25:35 : 65289 steps taken, and 8671 accepted.
[2 : mcmc] Learn + convergence test @ 8400 samples accepted.
[2 : mcmc] Ready to check convergence and learn a new proposal covmat (waiting for the rest...)
[0 : mcmc] Progress @ 2026-06-22 00:25:47 : 64417 steps taken, and 8424 accepted.
[0 : mcmc] All chains are ready to check convergence and learn a new proposal covmat
[0 : mcmc]  - Acceptance rate: 0.449 = avg([0.4444, 0.4511, 0.4439, 0.4554])
[0 : mcmc]  - Convergence of means: R-1 = 78.641620 after 34012 accepted steps = sum([8425, 8512, 8400, 8675])
[0 : mcmc] Convergence less than requested for updates: waiting until the next convergence check.
[1 : mcmc] Progress @ 2026-06-22 00:25:52 : 64428 steps taken, and 8512 accepted.
[2 : mcmc] Progress @ 2026-06-22 00:26:21 : 64123 steps taken, and 8404 accepted.
[3 : mcmc] Progress @ 2026-06-22 00:26:35 : 65370 steps taken, and 8684 accepted.
[0 : mcmc] Progress @ 2026-06-22 00:26:51 : 64490 steps taken, and 8433 accepted.
[1 : mcmc] Progress @ 2026-06-22 00:26:56 : 64527 steps taken, and 8524 accepted.
[2 : mcmc] Progress @ 2026-06-22 00:27:26 : 64212 steps taken, and 8417 accepted.
[3 : mcmc] Progress @ 2026-06-22 00:27:35 : 65453 steps taken, and 8697 accepted.
[0 : mcmc] Progress @ 2026-06-22 00:27:53 : 64602 steps taken, and 8449 accepted.
[1 : mcmc] Progress @ 2026-06-22 00:27:58 : 64620 steps taken, and 8543 accepted.
[2 : mcmc] Progress @ 2026-06-22 00:28:27 : 64322 steps taken, and 8432 accepted.
[3 : mcmc] Progress @ 2026-06-22 00:28:35 : 65562 steps taken, and 8714 accepted.
[0 : mcmc] Progress @ 2026-06-22 00:28:56 : 64703 steps taken, and 8461 accepted.
[1 : mcmc] Progress @ 2026-06-22 00:28:58 : 64702 steps taken, and 8558 accepted.
[2 : mcmc] Progress @ 2026-06-22 00:29:27 : 64395 steps taken, and 8442 accepted.
[3 : mcmc] Progress @ 2026-06-22 00:29:41 : 65644 steps taken, and 8725 accepted.
[0 : mcmc] Progress @ 2026-06-22 00:29:56 : 64765 steps taken, and 8470 accepted.
[1 : mcmc] Progress @ 2026-06-22 00:29:58 : 64783 steps taken, and 8566 accepted.
[2 : mcmc] Progress @ 2026-06-22 00:30:30 : 64504 steps taken, and 8462 accepted.
[3 : mcmc] Progress @ 2026-06-22 00:30:42 : 65714 steps taken, and 8737 accepted.
[1 : mcmc] Progress @ 2026-06-22 00:30:59 : 64875 steps taken, and 8581 accepted.
[0 : mcmc] Progress @ 2026-06-22 00:31:03 : 64860 steps taken, and 8484 accepted.
[2 : mcmc] Progress @ 2026-06-22 00:31:36 : 64596 steps taken, and 8479 accepted.
[3 : mcmc] Progress @ 2026-06-22 00:31:50 : 65819 steps taken, and 8750 accepted.
[1 : mcmc] Progress @ 2026-06-22 00:31:59 : 64955 steps taken, and 8593 accepted.
[0 : mcmc] Progress @ 2026-06-22 00:32:03 : 64965 steps taken, and 8500 accepted.
[2 : mcmc] Progress @ 2026-06-22 00:32:36 : 64704 steps taken, and 8494 accepted.
[3 : mcmc] Progress @ 2026-06-22 00:32:50 : 65937 steps taken, and 8761 accepted.
[1 : mcmc] Progress @ 2026-06-22 00:33:00 : 65041 steps taken, and 8608 accepted.
[0 : mcmc] Progress @ 2026-06-22 00:33:03 : 65043 steps taken, and 8509 accepted.
[2 : mcmc] Progress @ 2026-06-22 00:33:39 : 64798 steps taken, and 8508 accepted.
[3 : mcmc] Progress @ 2026-06-22 00:33:50 : 66001 steps taken, and 8772 accepted.
[1 : mcmc] Progress @ 2026-06-22 00:34:06 : 65148 steps taken, and 8623 accepted.
[0 : mcmc] Progress @ 2026-06-22 00:34:07 : 65150 steps taken, and 8530 accepted.
[2 : mcmc] Progress @ 2026-06-22 00:34:39 : 64876 steps taken, and 8525 accepted.
[3 : mcmc] Progress @ 2026-06-22 00:34:57 : 66108 steps taken, and 8787 accepted.
[1 : mcmc] Progress @ 2026-06-22 00:35:09 : 65246 steps taken, and 8635 accepted.
[0 : mcmc] Progress @ 2026-06-22 00:35:12 : 65236 steps taken, and 8540 accepted.
[2 : mcmc] Progress @ 2026-06-22 00:35:43 : 64950 steps taken, and 8533 accepted.
[3 : mcmc] Progress @ 2026-06-22 00:36:01 : 66194 steps taken, and 8801 accepted.
[1 : mcmc] Progress @ 2026-06-22 00:36:09 : 65328 steps taken, and 8648 accepted.
[0 : mcmc] Progress @ 2026-06-22 00:36:14 : 65337 steps taken, and 8552 accepted.
[2 : mcmc] Progress @ 2026-06-22 00:36:46 : 65063 steps taken, and 8551 accepted.
[3 : mcmc] Progress @ 2026-06-22 00:37:01 : 66283 steps taken, and 8824 accepted.
[1 : mcmc] Progress @ 2026-06-22 00:37:12 : 65428 steps taken, and 8659 accepted.
[0 : mcmc] Progress @ 2026-06-22 00:37:14 : 65430 steps taken, and 8568 accepted.
[2 : mcmc] Progress @ 2026-06-22 00:37:46 : 65168 steps taken, and 8565 accepted.
[3 : mcmc] Progress @ 2026-06-22 00:38:06 : 66382 steps taken, and 8841 accepted.
[1 : mcmc] Progress @ 2026-06-22 00:38:12 : 65505 steps taken, and 8673 accepted.
[0 : mcmc] Progress @ 2026-06-22 00:38:14 : 65507 steps taken, and 8582 accepted.
[2 : mcmc] Progress @ 2026-06-22 00:38:46 : 65249 steps taken, and 8579 accepted.
[3 : mcmc] Progress @ 2026-06-22 00:39:12 : 66481 steps taken, and 8857 accepted.
[1 : mcmc] Progress @ 2026-06-22 00:39:17 : 65607 steps taken, and 8689 accepted.
[0 : mcmc] Progress @ 2026-06-22 00:39:17 : 65602 steps taken, and 8595 accepted.
[2 : mcmc] Progress @ 2026-06-22 00:39:46 : 65331 steps taken, and 8592 accepted.
[3 : mcmc] Progress @ 2026-06-22 00:40:17 : 66561 steps taken, and 8868 accepted.
[1 : mcmc] Progress @ 2026-06-22 00:40:17 : 65689 steps taken, and 8699 accepted.
[0 : mcmc] Progress @ 2026-06-22 00:40:20 : 65699 steps taken, and 8613 accepted.
[2 : mcmc] Progress @ 2026-06-22 00:40:49 : 65430 steps taken, and 8609 accepted.
[1 : mcmc] Progress @ 2026-06-22 00:41:19 : 65779 steps taken, and 8715 accepted.
[0 : mcmc] Progress @ 2026-06-22 00:41:21 : 65789 steps taken, and 8629 accepted.
[3 : mcmc] Progress @ 2026-06-22 00:41:25 : 66689 steps taken, and 8891 accepted.
[2 : mcmc] Progress @ 2026-06-22 00:41:51 : 65516 steps taken, and 8623 accepted.
[1 : mcmc] Progress @ 2026-06-22 00:42:21 : 65865 steps taken, and 8724 accepted.
[0 : mcmc] Progress @ 2026-06-22 00:42:22 : 65876 steps taken, and 8647 accepted.
[3 : mcmc] Progress @ 2026-06-22 00:42:25 : 66771 steps taken, and 8904 accepted.
[2 : mcmc] Progress @ 2026-06-22 00:42:52 : 65606 steps taken, and 8642 accepted.
[1 : mcmc] Progress @ 2026-06-22 00:43:21 : 65948 steps taken, and 8732 accepted.
[0 : mcmc] Progress @ 2026-06-22 00:43:22 : 65959 steps taken, and 8659 accepted.
[3 : mcmc] Progress @ 2026-06-22 00:43:25 : 66850 steps taken, and 8911 accepted.
[2 : mcmc] Progress @ 2026-06-22 00:43:53 : 65689 steps taken, and 8654 accepted.
[1 : mcmc] Progress @ 2026-06-22 00:44:21 : 66054 steps taken, and 8749 accepted.
[0 : mcmc] Progress @ 2026-06-22 00:44:22 : 66040 steps taken, and 8671 accepted.
[3 : mcmc] Progress @ 2026-06-22 00:44:28 : 66947 steps taken, and 8930 accepted.
[2 : mcmc] Progress @ 2026-06-22 00:44:56 : 65785 steps taken, and 8675 accepted.
[0 : mcmc] Progress @ 2026-06-22 00:45:23 : 66161 steps taken, and 8691 accepted.
[1 : mcmc] Progress @ 2026-06-22 00:45:23 : 66136 steps taken, and 8759 accepted.
[3 : mcmc] Progress @ 2026-06-22 00:45:29 : 67033 steps taken, and 8937 accepted.
[2 : mcmc] Progress @ 2026-06-22 00:46:05 : 65861 steps taken, and 8688 accepted.
[1 : mcmc] Progress @ 2026-06-22 00:46:23 : 66221 steps taken, and 8773 accepted.
[0 : mcmc] Progress @ 2026-06-22 00:46:29 : 66250 steps taken, and 8695 accepted.
[3 : mcmc] Progress @ 2026-06-22 00:46:34 : 67139 steps taken, and 8955 accepted.
[2 : mcmc] Progress @ 2026-06-22 00:47:10 : 65969 steps taken, and 8704 accepted.
[0 : mcmc] Progress @ 2026-06-22 00:47:30 : 66350 steps taken, and 8707 accepted.
[1 : mcmc] Progress @ 2026-06-22 00:47:32 : 66320 steps taken, and 8787 accepted.
[3 : mcmc] Progress @ 2026-06-22 00:47:34 : 67219 steps taken, and 8966 accepted.
[2 : mcmc] Progress @ 2026-06-22 00:48:10 : 66050 steps taken, and 8720 accepted.
[0 : mcmc] Progress @ 2026-06-22 00:48:33 : 66464 steps taken, and 8725 accepted.
[1 : mcmc] Progress @ 2026-06-22 00:48:34 : 66410 steps taken, and 8799 accepted.
[3 : mcmc] Progress @ 2026-06-22 00:48:37 : 67314 steps taken, and 8979 accepted.
[2 : mcmc] Progress @ 2026-06-22 00:49:11 : 66143 steps taken, and 8735 accepted.
[1 : mcmc] Progress @ 2026-06-22 00:49:34 : 66494 steps taken, and 8812 accepted.
[3 : mcmc] Progress @ 2026-06-22 00:49:37 : 67392 steps taken, and 8988 accepted.
[0 : mcmc] Progress @ 2026-06-22 00:49:37 : 66533 steps taken, and 8738 accepted.
[2 : mcmc] Progress @ 2026-06-22 00:50:11 : 66232 steps taken, and 8750 accepted.
[1 : mcmc] Progress @ 2026-06-22 00:50:35 : 66581 steps taken, and 8822 accepted.
[3 : mcmc] Progress @ 2026-06-22 00:50:37 : 67472 steps taken, and 9002 accepted.
[0 : mcmc] Progress @ 2026-06-22 00:50:41 : 66618 steps taken, and 8749 accepted.
[2 : mcmc] Progress @ 2026-06-22 00:51:11 : 66321 steps taken, and 8768 accepted.
[1 : mcmc] Progress @ 2026-06-22 00:51:41 : 66687 steps taken, and 8838 accepted.
[3 : mcmc] Progress @ 2026-06-22 00:51:43 : 67582 steps taken, and 9020 accepted.
[0 : mcmc] Progress @ 2026-06-22 00:51:45 : 66748 steps taken, and 8770 accepted.
[2 : mcmc] Progress @ 2026-06-22 00:52:11 : 66409 steps taken, and 8782 accepted.
[1 : mcmc] Progress @ 2026-06-22 00:52:41 : 66771 steps taken, and 8847 accepted.
[3 : mcmc] Progress @ 2026-06-22 00:52:44 : 67674 steps taken, and 9033 accepted.
[0 : mcmc] Progress @ 2026-06-22 00:52:49 : 66838 steps taken, and 8781 accepted.
[2 : mcmc] Progress @ 2026-06-22 00:53:11 : 66501 steps taken, and 8795 accepted.
[1 : mcmc] Progress @ 2026-06-22 00:53:45 : 66867 steps taken, and 8861 accepted.
[3 : mcmc] Progress @ 2026-06-22 00:53:45 : 67754 steps taken, and 9039 accepted.
[0 : mcmc] Progress @ 2026-06-22 00:53:57 : 66931 steps taken, and 8797 accepted.
[2 : mcmc] Progress @ 2026-06-22 00:54:11 : 66608 steps taken, and 8811 accepted.
[1 : mcmc] Progress @ 2026-06-22 00:54:45 : 66950 steps taken, and 8873 accepted.
[3 : mcmc] Progress @ 2026-06-22 00:54:47 : 67851 steps taken, and 9059 accepted.
[0 : mcmc] Progress @ 2026-06-22 00:55:03 : 67032 steps taken, and 8813 accepted.
[2 : mcmc] Progress @ 2026-06-22 00:55:12 : 66695 steps taken, and 8827 accepted.
[1 : mcmc] Progress @ 2026-06-22 00:55:45 : 67026 steps taken, and 8879 accepted.
[3 : mcmc] Progress @ 2026-06-22 00:55:47 : 67932 steps taken, and 9074 accepted.
[0 : mcmc] Progress @ 2026-06-22 00:56:03 : 67129 steps taken, and 8828 accepted.
[2 : mcmc] Progress @ 2026-06-22 00:56:12 : 66779 steps taken, and 8837 accepted.
[1 : mcmc] Progress @ 2026-06-22 00:56:49 : 67126 steps taken, and 8895 accepted.
[3 : mcmc] Progress @ 2026-06-22 00:56:50 : 68026 steps taken, and 9086 accepted.
[0 : mcmc] Progress @ 2026-06-22 00:57:03 : 67214 steps taken, and 8839 accepted.
[2 : mcmc] Progress @ 2026-06-22 00:57:12 : 66867 steps taken, and 8852 accepted.
[3 : mcmc] Progress @ 2026-06-22 00:57:50 : 68109 steps taken, and 9098 accepted.
[1 : mcmc] Progress @ 2026-06-22 00:57:51 : 67216 steps taken, and 8906 accepted.
[0 : mcmc] Progress @ 2026-06-22 00:58:05 : 67294 steps taken, and 8852 accepted.
[2 : mcmc] Progress @ 2026-06-22 00:58:12 : 66984 steps taken, and 8866 accepted.
[3 : mcmc] Progress @ 2026-06-22 00:58:50 : 68229 steps taken, and 9117 accepted.
[1 : mcmc] Progress @ 2026-06-22 00:58:55 : 67318 steps taken, and 8922 accepted.
[0 : mcmc] Progress @ 2026-06-22 00:59:06 : 67401 steps taken, and 8870 accepted.
[2 : mcmc] Progress @ 2026-06-22 00:59:17 : 67052 steps taken, and 8877 accepted.
[3 : mcmc] Progress @ 2026-06-22 00:59:54 : 68335 steps taken, and 9133 accepted.
[1 : mcmc] Progress @ 2026-06-22 00:59:57 : 67405 steps taken, and 8940 accepted.
[0 : mcmc] Progress @ 2026-06-22 01:00:10 : 67494 steps taken, and 8882 accepted.
[2 : mcmc] Progress @ 2026-06-22 01:00:19 : 67152 steps taken, and 8898 accepted.
[1 : mcmc] Progress @ 2026-06-22 01:00:57 : 67488 steps taken, and 8954 accepted.
[3 : mcmc] Progress @ 2026-06-22 01:01:03 : 68419 steps taken, and 9145 accepted.
[0 : mcmc] Progress @ 2026-06-22 01:01:10 : 67597 steps taken, and 8891 accepted.
[2 : mcmc] Progress @ 2026-06-22 01:01:20 : 67239 steps taken, and 8913 accepted.
[1 : mcmc] Progress @ 2026-06-22 01:01:59 : 67579 steps taken, and 8963 accepted.
[3 : mcmc] Progress @ 2026-06-22 01:02:05 : 68525 steps taken, and 9163 accepted.
[0 : mcmc] Progress @ 2026-06-22 01:02:14 : 67682 steps taken, and 8906 accepted.
[2 : mcmc] Progress @ 2026-06-22 01:02:22 : 67335 steps taken, and 8923 accepted.
[1 : mcmc] Progress @ 2026-06-22 01:03:02 : 67674 steps taken, and 8975 accepted.
[3 : mcmc] Progress @ 2026-06-22 01:03:05 : 68607 steps taken, and 9175 accepted.
[0 : mcmc] Progress @ 2026-06-22 01:03:18 : 67788 steps taken, and 8921 accepted.
[2 : mcmc] Progress @ 2026-06-22 01:03:23 : 67417 steps taken, and 8935 accepted.
[1 : mcmc] Progress @ 2026-06-22 01:04:03 : 67754 steps taken, and 8989 accepted.
[3 : mcmc] Progress @ 2026-06-22 01:04:08 : 68683 steps taken, and 9190 accepted.
[0 : mcmc] Progress @ 2026-06-22 01:04:18 : 67886 steps taken, and 8930 accepted.
[2 : mcmc] Progress @ 2026-06-22 01:04:23 : 67516 steps taken, and 8948 accepted.
[1 : mcmc] Progress @ 2026-06-22 01:05:07 : 67848 steps taken, and 9007 accepted.
[3 : mcmc] Progress @ 2026-06-22 01:05:15 : 68798 steps taken, and 9206 accepted.
[0 : mcmc] Progress @ 2026-06-22 01:05:23 : 67968 steps taken, and 8938 accepted.
[2 : mcmc] Progress @ 2026-06-22 01:05:23 : 67603 steps taken, and 8960 accepted.
[1 : mcmc] Progress @ 2026-06-22 01:06:07 : 67924 steps taken, and 9018 accepted.
[3 : mcmc] Progress @ 2026-06-22 01:06:15 : 68917 steps taken, and 9223 accepted.
[2 : mcmc] Progress @ 2026-06-22 01:06:23 : 67720 steps taken, and 8977 accepted.
[0 : mcmc] Progress @ 2026-06-22 01:06:27 : 68058 steps taken, and 8952 accepted.
[1 : mcmc] Progress @ 2026-06-22 01:07:07 : 68031 steps taken, and 9034 accepted.
[3 : mcmc] Progress @ 2026-06-22 01:07:17 : 68988 steps taken, and 9231 accepted.
[2 : mcmc] Progress @ 2026-06-22 01:07:26 : 67775 steps taken, and 8981 accepted.
[0 : mcmc] Progress @ 2026-06-22 01:07:32 : 68179 steps taken, and 8967 accepted.
[1 : mcmc] Progress @ 2026-06-22 01:08:12 : 68108 steps taken, and 9047 accepted.
[3 : mcmc] Progress @ 2026-06-22 01:08:19 : 69079 steps taken, and 9247 accepted.
[2 : mcmc] Progress @ 2026-06-22 01:08:27 : 67878 steps taken, and 8994 accepted.
[0 : mcmc] Progress @ 2026-06-22 01:08:38 : 68274 steps taken, and 8985 accepted.
[1 : mcmc] Progress @ 2026-06-22 01:09:12 : 68217 steps taken, and 9066 accepted.
[3 : mcmc] Progress @ 2026-06-22 01:09:19 : 69156 steps taken, and 9258 accepted.
[2 : mcmc] Progress @ 2026-06-22 01:09:31 : 68004 steps taken, and 9011 accepted.
[0 : mcmc] Progress @ 2026-06-22 01:09:44 : 68373 steps taken, and 8998 accepted.
[1 : mcmc] Progress @ 2026-06-22 01:10:18 : 68294 steps taken, and 9078 accepted.
[3 : mcmc] Progress @ 2026-06-22 01:10:26 : 69247 steps taken, and 9272 accepted.
[2 : mcmc] Progress @ 2026-06-22 01:10:37 : 68075 steps taken, and 9022 accepted.
[0 : mcmc] Progress @ 2026-06-22 01:10:49 : 68454 steps taken, and 9012 accepted.
[1 : mcmc] Progress @ 2026-06-22 01:11:18 : 68379 steps taken, and 9091 accepted.
[3 : mcmc] Progress @ 2026-06-22 01:11:35 : 69351 steps taken, and 9286 accepted.
[2 : mcmc] Progress @ 2026-06-22 01:11:37 : 68169 steps taken, and 9035 accepted.
[0 : mcmc] Progress @ 2026-06-22 01:11:51 : 68551 steps taken, and 9032 accepted.
[1 : mcmc] Progress @ 2026-06-22 01:12:23 : 68482 steps taken, and 9104 accepted.
[3 : mcmc] Progress @ 2026-06-22 01:12:36 : 69467 steps taken, and 9307 accepted.
[2 : mcmc] Progress @ 2026-06-22 01:12:43 : 68263 steps taken, and 9049 accepted.
[0 : mcmc] Progress @ 2026-06-22 01:12:51 : 68643 steps taken, and 9045 accepted.
[1 : mcmc] Progress @ 2026-06-22 01:13:23 : 68566 steps taken, and 9118 accepted.
[3 : mcmc] Progress @ 2026-06-22 01:13:43 : 69550 steps taken, and 9320 accepted.
[2 : mcmc] Progress @ 2026-06-22 01:13:44 : 68344 steps taken, and 9061 accepted.
[0 : mcmc] Progress @ 2026-06-22 01:13:53 : 68732 steps taken, and 9060 accepted.
[1 : mcmc] Progress @ 2026-06-22 01:14:26 : 68669 steps taken, and 9134 accepted.
[3 : mcmc] Progress @ 2026-06-22 01:14:45 : 69647 steps taken, and 9334 accepted.
[2 : mcmc] Progress @ 2026-06-22 01:14:50 : 68463 steps taken, and 9084 accepted.
[0 : mcmc] Progress @ 2026-06-22 01:14:53 : 68822 steps taken, and 9072 accepted.
[1 : mcmc] Progress @ 2026-06-22 01:15:26 : 68753 steps taken, and 9142 accepted.
[3 : mcmc] Progress @ 2026-06-22 01:15:45 : 69718 steps taken, and 9345 accepted.
[2 : mcmc] Progress @ 2026-06-22 01:15:54 : 68517 steps taken, and 9093 accepted.
[0 : mcmc] Progress @ 2026-06-22 01:15:54 : 68899 steps taken, and 9081 accepted.
[1 : mcmc] Progress @ 2026-06-22 01:16:32 : 68820 steps taken, and 9153 accepted.
[3 : mcmc] Progress @ 2026-06-22 01:16:50 : 69839 steps taken, and 9364 accepted.
[0 : mcmc] Progress @ 2026-06-22 01:16:54 : 68989 steps taken, and 9093 accepted.
[2 : mcmc] Progress @ 2026-06-22 01:17:01 : 68595 steps taken, and 9104 accepted.
[1 : mcmc] Progress @ 2026-06-22 01:17:36 : 68929 steps taken, and 9169 accepted.
[3 : mcmc] Progress @ 2026-06-22 01:17:52 : 69926 steps taken, and 9376 accepted.
[0 : mcmc] Progress @ 2026-06-22 01:17:56 : 69096 steps taken, and 9113 accepted.
[2 : mcmc] Progress @ 2026-06-22 01:18:03 : 68704 steps taken, and 9119 accepted.
[1 : mcmc] Progress @ 2026-06-22 01:18:37 : 69020 steps taken, and 9185 accepted.
[3 : mcmc] Progress @ 2026-06-22 01:18:52 : 70002 steps taken, and 9385 accepted.
[0 : mcmc] Progress @ 2026-06-22 01:19:04 : 69175 steps taken, and 9126 accepted.
[2 : mcmc] Progress @ 2026-06-22 01:19:08 : 68790 steps taken, and 9133 accepted.
[1 : mcmc] Progress @ 2026-06-22 01:19:38 : 69118 steps taken, and 9199 accepted.
[3 : mcmc] Progress @ 2026-06-22 01:19:52 : 70087 steps taken, and 9398 accepted.
[0 : mcmc] Progress @ 2026-06-22 01:20:04 : 69286 steps taken, and 9143 accepted.
[2 : mcmc] Progress @ 2026-06-22 01:20:11 : 68909 steps taken, and 9155 accepted.
[1 : mcmc] Progress @ 2026-06-22 01:20:38 : 69206 steps taken, and 9211 accepted.
[3 : mcmc] Progress @ 2026-06-22 01:20:54 : 70179 steps taken, and 9414 accepted.
[0 : mcmc] Progress @ 2026-06-22 01:21:04 : 69365 steps taken, and 9154 accepted.
[2 : mcmc] Progress @ 2026-06-22 01:21:16 : 68976 steps taken, and 9166 accepted.
[1 : mcmc] Progress @ 2026-06-22 01:21:39 : 69297 steps taken, and 9229 accepted.
[3 : mcmc] Progress @ 2026-06-22 01:21:56 : 70268 steps taken, and 9424 accepted.
[0 : mcmc] Progress @ 2026-06-22 01:22:06 : 69434 steps taken, and 9160 accepted.
[2 : mcmc] Progress @ 2026-06-22 01:22:20 : 69053 steps taken, and 9179 accepted.
[1 : mcmc] Progress @ 2026-06-22 01:22:45 : 69396 steps taken, and 9244 accepted.
[3 : mcmc] Progress @ 2026-06-22 01:23:02 : 70375 steps taken, and 9444 accepted.
[0 : mcmc] Progress @ 2026-06-22 01:23:14 : 69552 steps taken, and 9176 accepted.
[2 : mcmc] Progress @ 2026-06-22 01:23:26 : 69185 steps taken, and 9198 accepted.
[1 : mcmc] Progress @ 2026-06-22 01:23:48 : 69491 steps taken, and 9256 accepted.
[3 : mcmc] Progress @ 2026-06-22 01:24:03 : 70460 steps taken, and 9456 accepted.
[0 : mcmc] Progress @ 2026-06-22 01:24:14 : 69643 steps taken, and 9190 accepted.
[2 : mcmc] Progress @ 2026-06-22 01:24:30 : 69253 steps taken, and 9206 accepted.
[1 : mcmc] Progress @ 2026-06-22 01:24:53 : 69600 steps taken, and 9270 accepted.
[3 : mcmc] Progress @ 2026-06-22 01:25:06 : 70556 steps taken, and 9469 accepted.
[0 : mcmc] Progress @ 2026-06-22 01:25:22 : 69731 steps taken, and 9206 accepted.
[2 : mcmc] Progress @ 2026-06-22 01:25:30 : 69363 steps taken, and 9228 accepted.
[1 : mcmc] Progress @ 2026-06-22 01:25:53 : 69684 steps taken, and 9274 accepted.
[3 : mcmc] Progress @ 2026-06-22 01:26:07 : 70644 steps taken, and 9480 accepted.
[0 : mcmc] Progress @ 2026-06-22 01:26:22 : 69836 steps taken, and 9222 accepted.
[2 : mcmc] Progress @ 2026-06-22 01:26:30 : 69455 steps taken, and 9242 accepted.
[1 : mcmc] Progress @ 2026-06-22 01:26:56 : 69778 steps taken, and 9289 accepted.
[3 : mcmc] Progress @ 2026-06-22 01:27:07 : 70733 steps taken, and 9493 accepted.
[0 : mcmc] Progress @ 2026-06-22 01:27:22 : 69918 steps taken, and 9239 accepted.
[2 : mcmc] Progress @ 2026-06-22 01:27:32 : 69547 steps taken, and 9256 accepted.
[1 : mcmc] Progress @ 2026-06-22 01:27:56 : 69875 steps taken, and 9300 accepted.
[3 : mcmc] Progress @ 2026-06-22 01:28:11 : 70830 steps taken, and 9509 accepted.
[0 : mcmc] Progress @ 2026-06-22 01:28:25 : 70012 steps taken, and 9252 accepted.
[2 : mcmc] Progress @ 2026-06-22 01:28:36 : 69619 steps taken, and 9264 accepted.
[1 : mcmc] Progress @ 2026-06-22 01:28:59 : 69966 steps taken, and 9318 accepted.
[3 : mcmc] Progress @ 2026-06-22 01:29:12 : 70917 steps taken, and 9524 accepted.
[0 : mcmc] Progress @ 2026-06-22 01:29:28 : 70107 steps taken, and 9270 accepted.
[2 : mcmc] Progress @ 2026-06-22 01:29:43 : 69747 steps taken, and 9290 accepted.
[1 : mcmc] Progress @ 2026-06-22 01:30:03 : 70075 steps taken, and 9333 accepted.
[3 : mcmc] Progress @ 2026-06-22 01:30:13 : 71002 steps taken, and 9532 accepted.
[0 : mcmc] Progress @ 2026-06-22 01:30:30 : 70194 steps taken, and 9284 accepted.
[2 : mcmc] Progress @ 2026-06-22 01:30:45 : 69830 steps taken, and 9302 accepted.
[1 : mcmc] Progress @ 2026-06-22 01:31:06 : 70185 steps taken, and 9347 accepted.
[3 : mcmc] Progress @ 2026-06-22 01:31:13 : 71133 steps taken, and 9558 accepted.
[0 : mcmc] Progress @ 2026-06-22 01:31:32 : 70284 steps taken, and 9298 accepted.
[2 : mcmc] Progress @ 2026-06-22 01:31:46 : 69912 steps taken, and 9315 accepted.
[3 : mcmc] Progress @ 2026-06-22 01:32:13 : 71216 steps taken, and 9567 accepted.
[1 : mcmc] Progress @ 2026-06-22 01:32:14 : 70265 steps taken, and 9362 accepted.
[0 : mcmc] Progress @ 2026-06-22 01:32:33 : 70373 steps taken, and 9314 accepted.
[2 : mcmc] Progress @ 2026-06-22 01:32:48 : 70011 steps taken, and 9331 accepted.
[1 : mcmc] Progress @ 2026-06-22 01:33:16 : 70377 steps taken, and 9383 accepted.
[3 : mcmc] Progress @ 2026-06-22 01:33:18 : 71281 steps taken, and 9578 accepted.
[0 : mcmc] Progress @ 2026-06-22 01:33:33 : 70458 steps taken, and 9328 accepted.
[2 : mcmc] Progress @ 2026-06-22 01:33:49 : 70100 steps taken, and 9341 accepted.
[1 : mcmc] Progress @ 2026-06-22 01:34:16 : 70464 steps taken, and 9396 accepted.
[3 : mcmc] Progress @ 2026-06-22 01:34:19 : 71381 steps taken, and 9592 accepted.
[0 : mcmc] Progress @ 2026-06-22 01:34:34 : 70537 steps taken, and 9335 accepted.
[2 : mcmc] Progress @ 2026-06-22 01:34:49 : 70198 steps taken, and 9355 accepted.
[3 : mcmc] Learn + convergence test @ 9600 samples accepted.
[3 : mcmc] Ready to check convergence and learn a new proposal covmat (waiting for the rest...)
[1 : mcmc] Progress @ 2026-06-22 01:35:16 : 70558 steps taken, and 9413 accepted.
[3 : mcmc] Progress @ 2026-06-22 01:35:23 : 71467 steps taken, and 9603 accepted.
[0 : mcmc] Progress @ 2026-06-22 01:35:39 : 70637 steps taken, and 9348 accepted.
[2 : mcmc] Progress @ 2026-06-22 01:35:56 : 70291 steps taken, and 9370 accepted.
[1 : mcmc] Progress @ 2026-06-22 01:36:16 : 70642 steps taken, and 9422 accepted.
[3 : mcmc] Progress @ 2026-06-22 01:36:32 : 71564 steps taken, and 9623 accepted.
[0 : mcmc] Progress @ 2026-06-22 01:36:39 : 70717 steps taken, and 9357 accepted.
[2 : mcmc] Progress @ 2026-06-22 01:36:58 : 70389 steps taken, and 9384 accepted.
[1 : mcmc] Progress @ 2026-06-22 01:37:16 : 70729 steps taken, and 9432 accepted.
[3 : mcmc] Progress @ 2026-06-22 01:37:34 : 71655 steps taken, and 9639 accepted.
[0 : mcmc] Progress @ 2026-06-22 01:37:43 : 70826 steps taken, and 9375 accepted.
[2 : mcmc] Progress @ 2026-06-22 01:37:58 : 70500 steps taken, and 9396 accepted.
[1 : mcmc] Progress @ 2026-06-22 01:38:16 : 70813 steps taken, and 9446 accepted.
[3 : mcmc] Progress @ 2026-06-22 01:38:42 : 71767 steps taken, and 9658 accepted.
[0 : mcmc] Progress @ 2026-06-22 01:38:43 : 70920 steps taken, and 9391 accepted.
[2 : mcmc] Progress @ 2026-06-22 01:38:58 : 70582 steps taken, and 9410 accepted.
[1 : mcmc] Progress @ 2026-06-22 01:39:16 : 70903 steps taken, and 9461 accepted.
[0 : mcmc] Progress @ 2026-06-22 01:39:43 : 71017 steps taken, and 9408 accepted.
[3 : mcmc] Progress @ 2026-06-22 01:39:47 : 71863 steps taken, and 9668 accepted.
[2 : mcmc] Progress @ 2026-06-22 01:40:01 : 70662 steps taken, and 9418 accepted.
[1 : mcmc] Progress @ 2026-06-22 01:40:16 : 70997 steps taken, and 9476 accepted.
[0 : mcmc] Progress @ 2026-06-22 01:40:48 : 71112 steps taken, and 9422 accepted.
[3 : mcmc] Progress @ 2026-06-22 01:40:51 : 71988 steps taken, and 9684 accepted.
[2 : mcmc] Progress @ 2026-06-22 01:41:06 : 70766 steps taken, and 9434 accepted.
[1 : mcmc] Progress @ 2026-06-22 01:41:18 : 71098 steps taken, and 9494 accepted.
[0 : mcmc] Progress @ 2026-06-22 01:41:51 : 71206 steps taken, and 9434 accepted.
[3 : mcmc] Progress @ 2026-06-22 01:41:55 : 72043 steps taken, and 9695 accepted.
[2 : mcmc] Progress @ 2026-06-22 01:42:09 : 70835 steps taken, and 9445 accepted.
[1 : mcmc] Progress @ 2026-06-22 01:42:18 : 71201 steps taken, and 9505 accepted.
[3 : mcmc] Progress @ 2026-06-22 01:42:58 : 72136 steps taken, and 9712 accepted.
[0 : mcmc] Progress @ 2026-06-22 01:42:59 : 71290 steps taken, and 9445 accepted.
[2 : mcmc] Progress @ 2026-06-22 01:43:12 : 70954 steps taken, and 9465 accepted.
[1 : mcmc] Progress @ 2026-06-22 01:43:25 : 71281 steps taken, and 9515 accepted.
[0 : mcmc] Progress @ 2026-06-22 01:43:59 : 71384 steps taken, and 9463 accepted.
[3 : mcmc] Progress @ 2026-06-22 01:44:06 : 72237 steps taken, and 9724 accepted.
[2 : mcmc] Progress @ 2026-06-22 01:44:16 : 71017 steps taken, and 9476 accepted.
[1 : mcmc] Progress @ 2026-06-22 01:44:30 : 71376 steps taken, and 9531 accepted.
[0 : mcmc] Progress @ 2026-06-22 01:45:01 : 71496 steps taken, and 9477 accepted.
[3 : mcmc] Progress @ 2026-06-22 01:45:11 : 72347 steps taken, and 9744 accepted.
[2 : mcmc] Progress @ 2026-06-22 01:45:22 : 71126 steps taken, and 9492 accepted.
[1 : mcmc] Progress @ 2026-06-22 01:45:30 : 71492 steps taken, and 9542 accepted.
[0 : mcmc] Progress @ 2026-06-22 01:46:01 : 71561 steps taken, and 9483 accepted.
[3 : mcmc] Progress @ 2026-06-22 01:46:15 : 72432 steps taken, and 9756 accepted.
[2 : mcmc] Progress @ 2026-06-22 01:46:29 : 71210 steps taken, and 9503 accepted.
[1 : mcmc] Progress @ 2026-06-22 01:46:30 : 71566 steps taken, and 9555 accepted.
[0 : mcmc] Progress @ 2026-06-22 01:47:08 : 71666 steps taken, and 9501 accepted.
[3 : mcmc] Progress @ 2026-06-22 01:47:22 : 72527 steps taken, and 9768 accepted.
[2 : mcmc] Progress @ 2026-06-22 01:47:35 : 71303 steps taken, and 9517 accepted.
[1 : mcmc] Progress @ 2026-06-22 01:47:38 : 71676 steps taken, and 9564 accepted.
[0 : mcmc] Progress @ 2026-06-22 01:48:13 : 71772 steps taken, and 9521 accepted.
[3 : mcmc] Progress @ 2026-06-22 01:48:27 : 72630 steps taken, and 9783 accepted.
[2 : mcmc] Progress @ 2026-06-22 01:48:37 : 71416 steps taken, and 9528 accepted.
[1 : mcmc] Progress @ 2026-06-22 01:48:41 : 71789 steps taken, and 9582 accepted.
[0 : mcmc] Progress @ 2026-06-22 01:49:13 : 71866 steps taken, and 9540 accepted.
[3 : mcmc] Progress @ 2026-06-22 01:49:27 : 72688 steps taken, and 9793 accepted.
[2 : mcmc] Progress @ 2026-06-22 01:49:37 : 71488 steps taken, and 9538 accepted.
[1 : mcmc] Progress @ 2026-06-22 01:49:49 : 71871 steps taken, and 9596 accepted.
[1 : mcmc] Learn + convergence test @ 9600 samples accepted.
[1 : mcmc] Ready to check convergence and learn a new proposal covmat (waiting for the rest...)
[0 : mcmc] Progress @ 2026-06-22 01:50:17 : 71938 steps taken, and 9551 accepted.
[3 : mcmc] Progress @ 2026-06-22 01:50:28 : 72773 steps taken, and 9808 accepted.
[2 : mcmc] Progress @ 2026-06-22 01:50:38 : 71573 steps taken, and 9555 accepted.
[1 : mcmc] Progress @ 2026-06-22 01:50:50 : 71950 steps taken, and 9608 accepted.
[0 : mcmc] Progress @ 2026-06-22 01:51:20 : 72035 steps taken, and 9568 accepted.
[3 : mcmc] Progress @ 2026-06-22 01:51:33 : 72891 steps taken, and 9825 accepted.
[2 : mcmc] Progress @ 2026-06-22 01:51:39 : 71658 steps taken, and 9567 accepted.
[1 : mcmc] Progress @ 2026-06-22 01:51:52 : 72037 steps taken, and 9620 accepted.
[0 : mcmc] Progress @ 2026-06-22 01:52:20 : 72121 steps taken, and 9582 accepted.
[3 : mcmc] Progress @ 2026-06-22 01:52:33 : 72973 steps taken, and 9835 accepted.
[2 : mcmc] Progress @ 2026-06-22 01:52:40 : 71771 steps taken, and 9581 accepted.
[1 : mcmc] Progress @ 2026-06-22 01:52:52 : 72120 steps taken, and 9635 accepted.
[0 : mcmc] Progress @ 2026-06-22 01:53:26 : 72206 steps taken, and 9592 accepted.
[3 : mcmc] Progress @ 2026-06-22 01:53:33 : 73056 steps taken, and 9847 accepted.
[2 : mcmc] Progress @ 2026-06-22 01:53:43 : 71854 steps taken, and 9592 accepted.
[1 : mcmc] Progress @ 2026-06-22 01:53:55 : 72234 steps taken, and 9652 accepted.
[0 : mcmc] Learn + convergence test @ 9600 samples accepted.
[0 : mcmc] Ready to check convergence and learn a new proposal covmat (waiting for the rest...)
[2 : mcmc] Learn + convergence test @ 9600 samples accepted.
[2 : mcmc] Ready to check convergence and learn a new proposal covmat (waiting for the rest...)
[0 : mcmc] Progress @ 2026-06-22 01:54:33 : 72309 steps taken, and 9609 accepted.
[0 : mcmc] All chains are ready to check convergence and learn a new proposal covmat
[0 : mcmc]  - Acceptance rate: 0.450 = avg([0.4474, 0.4487, 0.4483, 0.4548])
[0 : mcmc]  - Convergence of means: R-1 = 67.601060 after 38731 accepted steps = sum([9610, 9660, 9600, 9861])
[0 : mcmc] Convergence less than requested for updates: waiting until the next convergence check.
[3 : mcmc] Progress @ 2026-06-22 01:54:34 : 73155 steps taken, and 9861 accepted.
[2 : mcmc] Progress @ 2026-06-22 01:54:43 : 71919 steps taken, and 9600 accepted.
[1 : mcmc] Progress @ 2026-06-22 01:54:59 : 72326 steps taken, and 9665 accepted.
[0 : mcmc] Progress @ 2026-06-22 01:55:34 : 72398 steps taken, and 9621 accepted.
[3 : mcmc] Progress @ 2026-06-22 01:55:36 : 73252 steps taken, and 9875 accepted.
[2 : mcmc] Progress @ 2026-06-22 01:55:47 : 72036 steps taken, and 9620 accepted.
[1 : mcmc] Progress @ 2026-06-22 01:56:04 : 72407 steps taken, and 9675 accepted.
[3 : mcmc] Progress @ 2026-06-22 01:56:36 : 73341 steps taken, and 9885 accepted.
[0 : mcmc] Progress @ 2026-06-22 01:56:38 : 72506 steps taken, and 9632 accepted.
[2 : mcmc] Progress @ 2026-06-22 01:56:51 : 72105 steps taken, and 9630 accepted.
[1 : mcmc] Progress @ 2026-06-22 01:57:09 : 72540 steps taken, and 9691 accepted.
[3 : mcmc] Progress @ 2026-06-22 01:57:42 : 73438 steps taken, and 9899 accepted.
[0 : mcmc] Progress @ 2026-06-22 01:57:42 : 72599 steps taken, and 9650 accepted.
[2 : mcmc] Progress @ 2026-06-22 01:57:52 : 72188 steps taken, and 9638 accepted.
[1 : mcmc] Progress @ 2026-06-22 01:58:09 : 72639 steps taken, and 9702 accepted.
[3 : mcmc] Progress @ 2026-06-22 01:58:42 : 73542 steps taken, and 9915 accepted.
[0 : mcmc] Progress @ 2026-06-22 01:58:42 : 72704 steps taken, and 9663 accepted.
[2 : mcmc] Progress @ 2026-06-22 01:58:56 : 72275 steps taken, and 9650 accepted.
[1 : mcmc] Progress @ 2026-06-22 01:59:14 : 72724 steps taken, and 9716 accepted.
[0 : mcmc] Progress @ 2026-06-22 01:59:48 : 72783 steps taken, and 9670 accepted.
[3 : mcmc] Progress @ 2026-06-22 01:59:50 : 73623 steps taken, and 9934 accepted.
[2 : mcmc] Progress @ 2026-06-22 01:59:56 : 72366 steps taken, and 9663 accepted.
[1 : mcmc] Progress @ 2026-06-22 02:00:21 : 72825 steps taken, and 9735 accepted.
[0 : mcmc] Progress @ 2026-06-22 02:00:48 : 72884 steps taken, and 9682 accepted.
[3 : mcmc] Progress @ 2026-06-22 02:00:52 : 73722 steps taken, and 9956 accepted.
[2 : mcmc] Progress @ 2026-06-22 02:01:00 : 72471 steps taken, and 9680 accepted.
[1 : mcmc] Progress @ 2026-06-22 02:01:26 : 72951 steps taken, and 9750 accepted.
[0 : mcmc] Progress @ 2026-06-22 02:01:51 : 72981 steps taken, and 9693 accepted.
[3 : mcmc] Progress @ 2026-06-22 02:01:52 : 73815 steps taken, and 9967 accepted.
[2 : mcmc] Progress @ 2026-06-22 02:02:00 : 72554 steps taken, and 9693 accepted.
[1 : mcmc] Progress @ 2026-06-22 02:02:34 : 73010 steps taken, and 9762 accepted.
[0 : mcmc] Progress @ 2026-06-22 02:02:52 : 73063 steps taken, and 9709 accepted.
[3 : mcmc] Progress @ 2026-06-22 02:02:53 : 73908 steps taken, and 9981 accepted.
[2 : mcmc] Progress @ 2026-06-22 02:03:03 : 72632 steps taken, and 9706 accepted.
[1 : mcmc] Progress @ 2026-06-22 02:03:39 : 73149 steps taken, and 9785 accepted.
[3 : mcmc] Progress @ 2026-06-22 02:03:54 : 73990 steps taken, and 9993 accepted.
[0 : mcmc] Progress @ 2026-06-22 02:03:54 : 73162 steps taken, and 9727 accepted.
[2 : mcmc] Progress @ 2026-06-22 02:04:03 : 72731 steps taken, and 9716 accepted.
[1 : mcmc] Progress @ 2026-06-22 02:04:46 : 73203 steps taken, and 9795 accepted.
[3 : mcmc] Progress @ 2026-06-22 02:04:54 : 74105 steps taken, and 10013 accepted.
[0 : mcmc] Progress @ 2026-06-22 02:04:56 : 73258 steps taken, and 9744 accepted.
[2 : mcmc] Progress @ 2026-06-22 02:05:06 : 72820 steps taken, and 9726 accepted.
[1 : mcmc] Progress @ 2026-06-22 02:05:47 : 73323 steps taken, and 9813 accepted.
[3 : mcmc] Progress @ 2026-06-22 02:05:54 : 74185 steps taken, and 10024 accepted.
[0 : mcmc] Progress @ 2026-06-22 02:05:56 : 73338 steps taken, and 9756 accepted.
[2 : mcmc] Progress @ 2026-06-22 02:06:06 : 72910 steps taken, and 9739 accepted.
[1 : mcmc] Progress @ 2026-06-22 02:06:48 : 73420 steps taken, and 9825 accepted.
[0 : mcmc] Progress @ 2026-06-22 02:06:57 : 73423 steps taken, and 9767 accepted.
[3 : mcmc] Progress @ 2026-06-22 02:06:59 : 74299 steps taken, and 10038 accepted.
[2 : mcmc] Progress @ 2026-06-22 02:07:10 : 72997 steps taken, and 9753 accepted.
[1 : mcmc] Progress @ 2026-06-22 02:07:52 : 73520 steps taken, and 9830 accepted.
[0 : mcmc] Progress @ 2026-06-22 02:08:02 : 73528 steps taken, and 9780 accepted.
[3 : mcmc] Progress @ 2026-06-22 02:08:04 : 74366 steps taken, and 10048 accepted.
[2 : mcmc] Progress @ 2026-06-22 02:08:14 : 73094 steps taken, and 9770 accepted.
[1 : mcmc] Progress @ 2026-06-22 02:08:52 : 73607 steps taken, and 9842 accepted.
[0 : mcmc] Progress @ 2026-06-22 02:09:03 : 73608 steps taken, and 9792 accepted.
[3 : mcmc] Progress @ 2026-06-22 02:09:06 : 74462 steps taken, and 10063 accepted.
[2 : mcmc] Progress @ 2026-06-22 02:09:16 : 73216 steps taken, and 9787 accepted.
[1 : mcmc] Progress @ 2026-06-22 02:09:52 : 73711 steps taken, and 9853 accepted.
[0 : mcmc] Progress @ 2026-06-22 02:10:06 : 73708 steps taken, and 9807 accepted.
[3 : mcmc] Progress @ 2026-06-22 02:10:07 : 74562 steps taken, and 10078 accepted.
[2 : mcmc] Progress @ 2026-06-22 02:10:19 : 73277 steps taken, and 9799 accepted.
[1 : mcmc] Progress @ 2026-06-22 02:11:00 : 73823 steps taken, and 9861 accepted.
[0 : mcmc] Progress @ 2026-06-22 02:11:06 : 73793 steps taken, and 9814 accepted.
[3 : mcmc] Progress @ 2026-06-22 02:11:12 : 74668 steps taken, and 10098 accepted.
[2 : mcmc] Progress @ 2026-06-22 02:11:20 : 73376 steps taken, and 9812 accepted.
[1 : mcmc] Progress @ 2026-06-22 02:12:01 : 73894 steps taken, and 9869 accepted.
[0 : mcmc] Progress @ 2026-06-22 02:12:07 : 73875 steps taken, and 9828 accepted.
[3 : mcmc] Progress @ 2026-06-22 02:12:15 : 74768 steps taken, and 10109 accepted.
[2 : mcmc] Progress @ 2026-06-22 02:12:29 : 73493 steps taken, and 9827 accepted.
[1 : mcmc] Progress @ 2026-06-22 02:13:02 : 74030 steps taken, and 9888 accepted.
[0 : mcmc] Progress @ 2026-06-22 02:13:09 : 73970 steps taken, and 9843 accepted.
[3 : mcmc] Progress @ 2026-06-22 02:13:15 : 74848 steps taken, and 10119 accepted.
[2 : mcmc] Progress @ 2026-06-22 02:13:34 : 73565 steps taken, and 9839 accepted.
[1 : mcmc] Progress @ 2026-06-22 02:14:02 : 74101 steps taken, and 9897 accepted.
[0 : mcmc] Progress @ 2026-06-22 02:14:12 : 74069 steps taken, and 9860 accepted.
[3 : mcmc] Progress @ 2026-06-22 02:14:15 : 74944 steps taken, and 10132 accepted.
[2 : mcmc] Progress @ 2026-06-22 02:14:39 : 73670 steps taken, and 9851 accepted.
[1 : mcmc] Progress @ 2026-06-22 02:15:04 : 74182 steps taken, and 9909 accepted.
[0 : mcmc] Progress @ 2026-06-22 02:15:14 : 74159 steps taken, and 9870 accepted.
[3 : mcmc] Progress @ 2026-06-22 02:15:15 : 75052 steps taken, and 10151 accepted.
[2 : mcmc] Progress @ 2026-06-22 02:15:39 : 73753 steps taken, and 9868 accepted.
[1 : mcmc] Progress @ 2026-06-22 02:16:12 : 74288 steps taken, and 9924 accepted.
[0 : mcmc] Progress @ 2026-06-22 02:16:14 : 74244 steps taken, and 9882 accepted.
[3 : mcmc] Progress @ 2026-06-22 02:16:15 : 75108 steps taken, and 10162 accepted.
[2 : mcmc] Progress @ 2026-06-22 02:16:46 : 73847 steps taken, and 9876 accepted.
[1 : mcmc] Progress @ 2026-06-22 02:17:13 : 74378 steps taken, and 9940 accepted.
[0 : mcmc] Progress @ 2026-06-22 02:17:16 : 74335 steps taken, and 9894 accepted.
[3 : mcmc] Progress @ 2026-06-22 02:17:23 : 75219 steps taken, and 10179 accepted.
[2 : mcmc] Progress @ 2026-06-22 02:17:46 : 73929 steps taken, and 9893 accepted.
[1 : mcmc] Progress @ 2026-06-22 02:18:13 : 74487 steps taken, and 9960 accepted.
[0 : mcmc] Progress @ 2026-06-22 02:18:20 : 74428 steps taken, and 9904 accepted.
[3 : mcmc] Progress @ 2026-06-22 02:18:28 : 75316 steps taken, and 10198 accepted.
[2 : mcmc] Progress @ 2026-06-22 02:18:46 : 74051 steps taken, and 9909 accepted.
[1 : mcmc] Progress @ 2026-06-22 02:19:19 : 74579 steps taken, and 9978 accepted.
[0 : mcmc] Progress @ 2026-06-22 02:19:20 : 74525 steps taken, and 9921 accepted.
[3 : mcmc] Progress @ 2026-06-22 02:19:32 : 75403 steps taken, and 10209 accepted.
[2 : mcmc] Progress @ 2026-06-22 02:19:50 : 74134 steps taken, and 9921 accepted.
[1 : mcmc] Progress @ 2026-06-22 02:20:20 : 74649 steps taken, and 9986 accepted.
[0 : mcmc] Progress @ 2026-06-22 02:20:20 : 74610 steps taken, and 9934 accepted.
[3 : mcmc] Progress @ 2026-06-22 02:20:33 : 75507 steps taken, and 10224 accepted.
[2 : mcmc] Progress @ 2026-06-22 02:20:57 : 74229 steps taken, and 9935 accepted.
[1 : mcmc] Progress @ 2026-06-22 02:21:22 : 74730 steps taken, and 9997 accepted.
[0 : mcmc] Progress @ 2026-06-22 02:21:22 : 74700 steps taken, and 9949 accepted.
[3 : mcmc] Progress @ 2026-06-22 02:21:33 : 75584 steps taken, and 10232 accepted.
[2 : mcmc] Progress @ 2026-06-22 02:22:01 : 74332 steps taken, and 9946 accepted.
[0 : mcmc] Progress @ 2026-06-22 02:22:23 : 74788 steps taken, and 9961 accepted.
[1 : mcmc] Progress @ 2026-06-22 02:22:27 : 74853 steps taken, and 10010 accepted.
[3 : mcmc] Progress @ 2026-06-22 02:22:34 : 75672 steps taken, and 10245 accepted.
[2 : mcmc] Progress @ 2026-06-22 02:23:01 : 74422 steps taken, and 9963 accepted.
[0 : mcmc] Progress @ 2026-06-22 02:23:23 : 74871 steps taken, and 9977 accepted.
[1 : mcmc] Progress @ 2026-06-22 02:23:31 : 74935 steps taken, and 10019 accepted.
[3 : mcmc] Progress @ 2026-06-22 02:23:36 : 75761 steps taken, and 10263 accepted.
[2 : mcmc] Progress @ 2026-06-22 02:24:01 : 74518 steps taken, and 9978 accepted.
[0 : mcmc] Progress @ 2026-06-22 02:24:23 : 74965 steps taken, and 9998 accepted.
[1 : mcmc] Progress @ 2026-06-22 02:24:31 : 75043 steps taken, and 10035 accepted.
[3 : mcmc] Progress @ 2026-06-22 02:24:42 : 75858 steps taken, and 10281 accepted.
[2 : mcmc] Progress @ 2026-06-22 02:25:05 : 74611 steps taken, and 9990 accepted.
[0 : mcmc] Progress @ 2026-06-22 02:25:30 : 75063 steps taken, and 10012 accepted.
[1 : mcmc] Progress @ 2026-06-22 02:25:33 : 75136 steps taken, and 10048 accepted.
[3 : mcmc] Progress @ 2026-06-22 02:25:50 : 75954 steps taken, and 10297 accepted.
[2 : mcmc] Progress @ 2026-06-22 02:26:05 : 74707 steps taken, and 9999 accepted.
[0 : mcmc] Progress @ 2026-06-22 02:26:34 : 75165 steps taken, and 10024 accepted.
[1 : mcmc] Progress @ 2026-06-22 02:26:38 : 75232 steps taken, and 10059 accepted.
[3 : mcmc] Progress @ 2026-06-22 02:26:50 : 76037 steps taken, and 10309 accepted.
[2 : mcmc] Progress @ 2026-06-22 02:27:07 : 74794 steps taken, and 10009 accepted.
[1 : mcmc] Progress @ 2026-06-22 02:27:38 : 75334 steps taken, and 10078 accepted.
[0 : mcmc] Progress @ 2026-06-22 02:27:39 : 75243 steps taken, and 10033 accepted.
[3 : mcmc] Progress @ 2026-06-22 02:27:52 : 76124 steps taken, and 10324 accepted.
[2 : mcmc] Progress @ 2026-06-22 02:28:12 : 74906 steps taken, and 10027 accepted.
[1 : mcmc] Progress @ 2026-06-22 02:28:38 : 75421 steps taken, and 10094 accepted.
[0 : mcmc] Progress @ 2026-06-22 02:28:39 : 75359 steps taken, and 10048 accepted.
[3 : mcmc] Progress @ 2026-06-22 02:28:54 : 76217 steps taken, and 10345 accepted.
[2 : mcmc] Progress @ 2026-06-22 02:29:12 : 74988 steps taken, and 10040 accepted.
[1 : mcmc] Progress @ 2026-06-22 02:29:38 : 75502 steps taken, and 10108 accepted.
[0 : mcmc] Progress @ 2026-06-22 02:29:44 : 75423 steps taken, and 10059 accepted.
[3 : mcmc] Progress @ 2026-06-22 02:29:58 : 76320 steps taken, and 10362 accepted.
[2 : mcmc] Progress @ 2026-06-22 02:30:12 : 75065 steps taken, and 10048 accepted.
[1 : mcmc] Progress @ 2026-06-22 02:30:40 : 75596 steps taken, and 10123 accepted.
[0 : mcmc] Progress @ 2026-06-22 02:30:46 : 75547 steps taken, and 10078 accepted.
[3 : mcmc] Progress @ 2026-06-22 02:30:59 : 76409 steps taken, and 10373 accepted.
[2 : mcmc] Progress @ 2026-06-22 02:31:13 : 75160 steps taken, and 10062 accepted.
[1 : mcmc] Progress @ 2026-06-22 02:31:41 : 75683 steps taken, and 10133 accepted.
[0 : mcmc] Progress @ 2026-06-22 02:31:54 : 75644 steps taken, and 10095 accepted.
[3 : mcmc] Progress @ 2026-06-22 02:31:59 : 76497 steps taken, and 10386 accepted.
[2 : mcmc] Progress @ 2026-06-22 02:32:17 : 75244 steps taken, and 10068 accepted.
[1 : mcmc] Progress @ 2026-06-22 02:32:41 : 75774 steps taken, and 10143 accepted.
[0 : mcmc] Progress @ 2026-06-22 02:32:59 : 75741 steps taken, and 10106 accepted.
[3 : mcmc] Progress @ 2026-06-22 02:33:00 : 76588 steps taken, and 10397 accepted.
[2 : mcmc] Progress @ 2026-06-22 02:33:24 : 75364 steps taken, and 10086 accepted.
[1 : mcmc] Progress @ 2026-06-22 02:33:44 : 75869 steps taken, and 10158 accepted.
[3 : mcmc] Progress @ 2026-06-22 02:34:01 : 76674 steps taken, and 10412 accepted.
[0 : mcmc] Progress @ 2026-06-22 02:34:07 : 75824 steps taken, and 10115 accepted.
[2 : mcmc] Progress @ 2026-06-22 02:34:24 : 75445 steps taken, and 10098 accepted.
[1 : mcmc] Progress @ 2026-06-22 02:34:45 : 75931 steps taken, and 10167 accepted.
[3 : mcmc] Progress @ 2026-06-22 02:35:01 : 76765 steps taken, and 10423 accepted.
[0 : mcmc] Progress @ 2026-06-22 02:35:08 : 75937 steps taken, and 10128 accepted.
[2 : mcmc] Progress @ 2026-06-22 02:35:24 : 75527 steps taken, and 10107 accepted.
[1 : mcmc] Progress @ 2026-06-22 02:35:45 : 76035 steps taken, and 10184 accepted.
[3 : mcmc] Progress @ 2026-06-22 02:36:02 : 76872 steps taken, and 10442 accepted.
[0 : mcmc] Progress @ 2026-06-22 02:36:09 : 76023 steps taken, and 10141 accepted.
[2 : mcmc] Progress @ 2026-06-22 02:36:24 : 75609 steps taken, and 10119 accepted.
[1 : mcmc] Progress @ 2026-06-22 02:36:49 : 76135 steps taken, and 10198 accepted.
[3 : mcmc] Progress @ 2026-06-22 02:37:02 : 76999 steps taken, and 10461 accepted.
[0 : mcmc] Progress @ 2026-06-22 02:37:11 : 76118 steps taken, and 10159 accepted.
[2 : mcmc] Progress @ 2026-06-22 02:37:27 : 75703 steps taken, and 10127 accepted.
[1 : mcmc] Progress @ 2026-06-22 02:37:49 : 76204 steps taken, and 10209 accepted.
[3 : mcmc] Progress @ 2026-06-22 02:38:02 : 77066 steps taken, and 10470 accepted.
[0 : mcmc] Progress @ 2026-06-22 02:38:15 : 76226 steps taken, and 10176 accepted.
[2 : mcmc] Progress @ 2026-06-22 02:38:27 : 75799 steps taken, and 10140 accepted.
[1 : mcmc] Progress @ 2026-06-22 02:38:51 : 76304 steps taken, and 10220 accepted.
[3 : mcmc] Progress @ 2026-06-22 02:39:05 : 77156 steps taken, and 10482 accepted.
[0 : mcmc] Progress @ 2026-06-22 02:39:15 : 76318 steps taken, and 10193 accepted.
[2 : mcmc] Progress @ 2026-06-22 02:39:30 : 75872 steps taken, and 10146 accepted.
[1 : mcmc] Progress @ 2026-06-22 02:40:00 : 76411 steps taken, and 10229 accepted.
[3 : mcmc] Progress @ 2026-06-22 02:40:05 : 77272 steps taken, and 10499 accepted.
[0 : mcmc] Progress @ 2026-06-22 02:40:15 : 76401 steps taken, and 10206 accepted.
[2 : mcmc] Progress @ 2026-06-22 02:40:31 : 75961 steps taken, and 10156 accepted.
[1 : mcmc] Progress @ 2026-06-22 02:41:00 : 76512 steps taken, and 10239 accepted.
[3 : mcmc] Progress @ 2026-06-22 02:41:11 : 77351 steps taken, and 10510 accepted.
[0 : mcmc] Progress @ 2026-06-22 02:41:15 : 76490 steps taken, and 10220 accepted.
[2 : mcmc] Progress @ 2026-06-22 02:41:33 : 76056 steps taken, and 10167 accepted.
[1 : mcmc] Progress @ 2026-06-22 02:42:07 : 76605 steps taken, and 10250 accepted.
[3 : mcmc] Progress @ 2026-06-22 02:42:15 : 77410 steps taken, and 10518 accepted.
[0 : mcmc] Progress @ 2026-06-22 02:42:16 : 76584 steps taken, and 10235 accepted.
[2 : mcmc] Progress @ 2026-06-22 02:42:33 : 76164 steps taken, and 10186 accepted.
[1 : mcmc] Progress @ 2026-06-22 02:43:07 : 76709 steps taken, and 10267 accepted.
[0 : mcmc] Progress @ 2026-06-22 02:43:19 : 76692 steps taken, and 10253 accepted.
[3 : mcmc] Progress @ 2026-06-22 02:43:22 : 77503 steps taken, and 10527 accepted.
[2 : mcmc] Progress @ 2026-06-22 02:43:33 : 76239 steps taken, and 10198 accepted.
[1 : mcmc] Progress @ 2026-06-22 02:44:16 : 76832 steps taken, and 10279 accepted.
[0 : mcmc] Progress @ 2026-06-22 02:44:19 : 76804 steps taken, and 10269 accepted.
[3 : mcmc] Progress @ 2026-06-22 02:44:30 : 77600 steps taken, and 10538 accepted.
[2 : mcmc] Progress @ 2026-06-22 02:44:33 : 76346 steps taken, and 10216 accepted.
[1 : mcmc] Progress @ 2026-06-22 02:45:19 : 76908 steps taken, and 10291 accepted.
[0 : mcmc] Progress @ 2026-06-22 02:45:23 : 76897 steps taken, and 10278 accepted.
[3 : mcmc] Progress @ 2026-06-22 02:45:31 : 77700 steps taken, and 10556 accepted.
[2 : mcmc] Progress @ 2026-06-22 02:45:41 : 76433 steps taken, and 10232 accepted.
[1 : mcmc] Progress @ 2026-06-22 02:46:23 : 77014 steps taken, and 10302 accepted.
[0 : mcmc] Progress @ 2026-06-22 02:46:27 : 76959 steps taken, and 10288 accepted.
[3 : mcmc] Progress @ 2026-06-22 02:46:36 : 77788 steps taken, and 10567 accepted.
[2 : mcmc] Progress @ 2026-06-22 02:46:41 : 76533 steps taken, and 10247 accepted.
[1 : mcmc] Progress @ 2026-06-22 02:47:25 : 77112 steps taken, and 10318 accepted.
[0 : mcmc] Progress @ 2026-06-22 02:47:27 : 77062 steps taken, and 10306 accepted.
[3 : mcmc] Progress @ 2026-06-22 02:47:38 : 77881 steps taken, and 10582 accepted.
[2 : mcmc] Progress @ 2026-06-22 02:47:42 : 76625 steps taken, and 10259 accepted.
[0 : mcmc] Progress @ 2026-06-22 02:48:27 : 77176 steps taken, and 10321 accepted.
[1 : mcmc] Progress @ 2026-06-22 02:48:31 : 77196 steps taken, and 10332 accepted.
[3 : mcmc] Progress @ 2026-06-22 02:48:38 : 77988 steps taken, and 10604 accepted.
[2 : mcmc] Progress @ 2026-06-22 02:48:42 : 76693 steps taken, and 10267 accepted.
[0 : mcmc] Progress @ 2026-06-22 02:49:29 : 77273 steps taken, and 10335 accepted.
[1 : mcmc] Progress @ 2026-06-22 02:49:31 : 77293 steps taken, and 10342 accepted.
[3 : mcmc] Progress @ 2026-06-22 02:49:41 : 78060 steps taken, and 10614 accepted.
[2 : mcmc] Progress @ 2026-06-22 02:49:46 : 76800 steps taken, and 10282 accepted.
[0 : mcmc] Progress @ 2026-06-22 02:50:29 : 77348 steps taken, and 10347 accepted.
[1 : mcmc] Progress @ 2026-06-22 02:50:31 : 77386 steps taken, and 10354 accepted.
[3 : mcmc] Progress @ 2026-06-22 02:50:41 : 78158 steps taken, and 10626 accepted.
[2 : mcmc] Progress @ 2026-06-22 02:50:54 : 76897 steps taken, and 10296 accepted.
[1 : mcmc] Progress @ 2026-06-22 02:51:31 : 77478 steps taken, and 10365 accepted.
[0 : mcmc] Progress @ 2026-06-22 02:51:33 : 77411 steps taken, and 10357 accepted.
[3 : mcmc] Progress @ 2026-06-22 02:51:49 : 78282 steps taken, and 10647 accepted.
[2 : mcmc] Progress @ 2026-06-22 02:52:00 : 77012 steps taken, and 10313 accepted.
[1 : mcmc] Progress @ 2026-06-22 02:52:31 : 77592 steps taken, and 10382 accepted.
[0 : mcmc] Progress @ 2026-06-22 02:52:34 : 77529 steps taken, and 10373 accepted.
[3 : mcmc] Progress @ 2026-06-22 02:52:57 : 78357 steps taken, and 10654 accepted.
[2 : mcmc] Progress @ 2026-06-22 02:53:05 : 77102 steps taken, and 10327 accepted.
[0 : mcmc] Progress @ 2026-06-22 02:53:36 : 77622 steps taken, and 10387 accepted.
[1 : mcmc] Progress @ 2026-06-22 02:53:38 : 77673 steps taken, and 10396 accepted.
[3 : mcmc] Progress @ 2026-06-22 02:54:00 : 78451 steps taken, and 10666 accepted.
[2 : mcmc] Progress @ 2026-06-22 02:54:11 : 77209 steps taken, and 10338 accepted.
[0 : mcmc] Progress @ 2026-06-22 02:54:37 : 77695 steps taken, and 10399 accepted.
[1 : mcmc] Progress @ 2026-06-22 02:54:41 : 77769 steps taken, and 10409 accepted.
[3 : mcmc] Progress @ 2026-06-22 02:55:07 : 78568 steps taken, and 10683 accepted.
[2 : mcmc] Progress @ 2026-06-22 02:55:13 : 77293 steps taken, and 10352 accepted.
[0 : mcmc] Progress @ 2026-06-22 02:55:41 : 77787 steps taken, and 10413 accepted.
[1 : mcmc] Progress @ 2026-06-22 02:55:42 : 77873 steps taken, and 10424 accepted.
[3 : mcmc] Progress @ 2026-06-22 02:56:16 : 78650 steps taken, and 10695 accepted.
[2 : mcmc] Progress @ 2026-06-22 02:56:18 : 77407 steps taken, and 10370 accepted.
[1 : mcmc] Progress @ 2026-06-22 02:56:42 : 77952 steps taken, and 10440 accepted.
[0 : mcmc] Progress @ 2026-06-22 02:56:45 : 77918 steps taken, and 10427 accepted.
[3 : mcmc] Progress @ 2026-06-22 02:57:18 : 78737 steps taken, and 10706 accepted.
[2 : mcmc] Progress @ 2026-06-22 02:57:22 : 77505 steps taken, and 10387 accepted.
[1 : mcmc] Progress @ 2026-06-22 02:57:42 : 78034 steps taken, and 10452 accepted.
[0 : mcmc] Progress @ 2026-06-22 02:57:45 : 78014 steps taken, and 10443 accepted.
[3 : mcmc] Progress @ 2026-06-22 02:58:18 : 78818 steps taken, and 10716 accepted.
[2 : mcmc] Progress @ 2026-06-22 02:58:24 : 77597 steps taken, and 10401 accepted.
[1 : mcmc] Progress @ 2026-06-22 02:58:47 : 78124 steps taken, and 10468 accepted.
[0 : mcmc] Progress @ 2026-06-22 02:58:48 : 78072 steps taken, and 10448 accepted.
[3 : mcmc] Progress @ 2026-06-22 02:59:21 : 78916 steps taken, and 10734 accepted.
[2 : mcmc] Progress @ 2026-06-22 02:59:24 : 77677 steps taken, and 10416 accepted.
[1 : mcmc] Progress @ 2026-06-22 02:59:50 : 78230 steps taken, and 10487 accepted.
[0 : mcmc] Progress @ 2026-06-22 02:59:51 : 78168 steps taken, and 10456 accepted.
[3 : mcmc] Progress @ 2026-06-22 03:00:26 : 79020 steps taken, and 10748 accepted.
[2 : mcmc] Progress @ 2026-06-22 03:00:33 : 77773 steps taken, and 10430 accepted.
[1 : mcmc] Progress @ 2026-06-22 03:00:52 : 78310 steps taken, and 10502 accepted.
[0 : mcmc] Progress @ 2026-06-22 03:00:59 : 78281 steps taken, and 10473 accepted.
[3 : mcmc] Progress @ 2026-06-22 03:01:27 : 79107 steps taken, and 10756 accepted.
[2 : mcmc] Progress @ 2026-06-22 03:01:33 : 77876 steps taken, and 10448 accepted.
[1 : mcmc] Progress @ 2026-06-22 03:01:52 : 78394 steps taken, and 10517 accepted.
[0 : mcmc] Progress @ 2026-06-22 03:02:02 : 78364 steps taken, and 10487 accepted.
[3 : mcmc] Progress @ 2026-06-22 03:02:28 : 79186 steps taken, and 10764 accepted.
[2 : mcmc] Progress @ 2026-06-22 03:02:39 : 77956 steps taken, and 10460 accepted.
[1 : mcmc] Progress @ 2026-06-22 03:02:54 : 78485 steps taken, and 10531 accepted.
[0 : mcmc] Progress @ 2026-06-22 03:03:10 : 78441 steps taken, and 10496 accepted.
[3 : mcmc] Progress @ 2026-06-22 03:03:30 : 79290 steps taken, and 10779 accepted.
[2 : mcmc] Progress @ 2026-06-22 03:03:39 : 78062 steps taken, and 10478 accepted.
[1 : mcmc] Progress @ 2026-06-22 03:03:56 : 78611 steps taken, and 10544 accepted.
[0 : mcmc] Progress @ 2026-06-22 03:04:14 : 78550 steps taken, and 10513 accepted.
[3 : mcmc] Progress @ 2026-06-22 03:04:30 : 79375 steps taken, and 10793 accepted.
[2 : mcmc] Progress @ 2026-06-22 03:04:46 : 78156 steps taken, and 10491 accepted.
[1 : mcmc] Progress @ 2026-06-22 03:04:57 : 78684 steps taken, and 10556 accepted.
[3 : mcmc] Learn + convergence test @ 10800 samples accepted.
[3 : mcmc] Ready to check convergence and learn a new proposal covmat (waiting for the rest...)
[0 : mcmc] Progress @ 2026-06-22 03:05:15 : 78633 steps taken, and 10526 accepted.
[3 : mcmc] Progress @ 2026-06-22 03:05:31 : 79480 steps taken, and 10807 accepted.
[2 : mcmc] Progress @ 2026-06-22 03:05:47 : 78245 steps taken, and 10503 accepted.
[1 : mcmc] Progress @ 2026-06-22 03:05:58 : 78755 steps taken, and 10568 accepted.
[0 : mcmc] Progress @ 2026-06-22 03:06:22 : 78731 steps taken, and 10541 accepted.
[3 : mcmc] Progress @ 2026-06-22 03:06:34 : 79575 steps taken, and 10823 accepted.
[2 : mcmc] Progress @ 2026-06-22 03:06:50 : 78324 steps taken, and 10517 accepted.
[1 : mcmc] Progress @ 2026-06-22 03:07:04 : 78868 steps taken, and 10586 accepted.
[0 : mcmc] Progress @ 2026-06-22 03:07:26 : 78834 steps taken, and 10553 accepted.
[3 : mcmc] Progress @ 2026-06-22 03:07:40 : 79674 steps taken, and 10845 accepted.
[2 : mcmc] Progress @ 2026-06-22 03:07:51 : 78410 steps taken, and 10530 accepted.
[1 : mcmc] Progress @ 2026-06-22 03:08:08 : 78949 steps taken, and 10599 accepted.
[0 : mcmc] Progress @ 2026-06-22 03:08:26 : 78919 steps taken, and 10573 accepted.
[3 : mcmc] Progress @ 2026-06-22 03:08:40 : 79773 steps taken, and 10853 accepted.
[2 : mcmc] Progress @ 2026-06-22 03:08:55 : 78508 steps taken, and 10542 accepted.
[1 : mcmc] Progress @ 2026-06-22 03:09:09 : 79040 steps taken, and 10613 accepted.
[0 : mcmc] Progress @ 2026-06-22 03:09:28 : 79012 steps taken, and 10588 accepted.
[3 : mcmc] Progress @ 2026-06-22 03:09:45 : 79852 steps taken, and 10862 accepted.
[2 : mcmc] Progress @ 2026-06-22 03:10:02 : 78597 steps taken, and 10554 accepted.
[1 : mcmc] Progress @ 2026-06-22 03:10:14 : 79143 steps taken, and 10631 accepted.
[0 : mcmc] Progress @ 2026-06-22 03:10:28 : 79093 steps taken, and 10602 accepted.
[3 : mcmc] Progress @ 2026-06-22 03:10:51 : 79978 steps taken, and 10879 accepted.
[2 : mcmc] Progress @ 2026-06-22 03:11:10 : 78691 steps taken, and 10574 accepted.
[1 : mcmc] Progress @ 2026-06-22 03:11:15 : 79243 steps taken, and 10646 accepted.
[0 : mcmc] Progress @ 2026-06-22 03:11:31 : 79200 steps taken, and 10616 accepted.
[3 : mcmc] Progress @ 2026-06-22 03:11:56 : 80071 steps taken, and 10889 accepted.
[2 : mcmc] Progress @ 2026-06-22 03:12:10 : 78789 steps taken, and 10592 accepted.
[1 : mcmc] Progress @ 2026-06-22 03:12:15 : 79332 steps taken, and 10662 accepted.
[0 : mcmc] Progress @ 2026-06-22 03:12:32 : 79289 steps taken, and 10627 accepted.
[3 : mcmc] Progress @ 2026-06-22 03:12:59 : 80174 steps taken, and 10899 accepted.
[2 : mcmc] Progress @ 2026-06-22 03:13:13 : 78872 steps taken, and 10603 accepted.
[1 : mcmc] Progress @ 2026-06-22 03:13:16 : 79416 steps taken, and 10676 accepted.
[0 : mcmc] Progress @ 2026-06-22 03:13:32 : 79396 steps taken, and 10645 accepted.
[3 : mcmc] Progress @ 2026-06-22 03:13:59 : 80237 steps taken, and 10906 accepted.
[2 : mcmc] Progress @ 2026-06-22 03:14:16 : 78978 steps taken, and 10618 accepted.
[1 : mcmc] Progress @ 2026-06-22 03:14:22 : 79497 steps taken, and 10684 accepted.
[0 : mcmc] Progress @ 2026-06-22 03:14:37 : 79483 steps taken, and 10657 accepted.
[3 : mcmc] Progress @ 2026-06-22 03:15:01 : 80323 steps taken, and 10917 accepted.
[2 : mcmc] Progress @ 2026-06-22 03:15:16 : 79079 steps taken, and 10636 accepted.
[1 : mcmc] Progress @ 2026-06-22 03:15:23 : 79587 steps taken, and 10702 accepted.
[0 : mcmc] Progress @ 2026-06-22 03:15:39 : 79567 steps taken, and 10672 accepted.
[3 : mcmc] Progress @ 2026-06-22 03:16:05 : 80442 steps taken, and 10934 accepted.
[2 : mcmc] Progress @ 2026-06-22 03:16:21 : 79163 steps taken, and 10650 accepted.
[1 : mcmc] Progress @ 2026-06-22 03:16:25 : 79717 steps taken, and 10720 accepted.
[0 : mcmc] Progress @ 2026-06-22 03:16:40 : 79654 steps taken, and 10684 accepted.
[3 : mcmc] Progress @ 2026-06-22 03:17:07 : 80533 steps taken, and 10951 accepted.
[2 : mcmc] Progress @ 2026-06-22 03:17:21 : 79238 steps taken, and 10664 accepted.
[1 : mcmc] Progress @ 2026-06-22 03:17:25 : 79795 steps taken, and 10724 accepted.
[0 : mcmc] Progress @ 2026-06-22 03:17:40 : 79743 steps taken, and 10695 accepted.
[3 : mcmc] Progress @ 2026-06-22 03:18:15 : 80634 steps taken, and 10972 accepted.
[2 : mcmc] Progress @ 2026-06-22 03:18:25 : 79326 steps taken, and 10680 accepted.
[1 : mcmc] Progress @ 2026-06-22 03:18:30 : 79870 steps taken, and 10735 accepted.
[0 : mcmc] Progress @ 2026-06-22 03:18:44 : 79838 steps taken, and 10704 accepted.
[3 : mcmc] Progress @ 2026-06-22 03:19:23 : 80726 steps taken, and 10988 accepted.
[2 : mcmc] Progress @ 2026-06-22 03:19:30 : 79404 steps taken, and 10694 accepted.
[1 : mcmc] Progress @ 2026-06-22 03:19:33 : 79964 steps taken, and 10749 accepted.
[0 : mcmc] Progress @ 2026-06-22 03:19:48 : 79949 steps taken, and 10726 accepted.
[3 : mcmc] Progress @ 2026-06-22 03:20:23 : 80804 steps taken, and 10996 accepted.
[2 : mcmc] Progress @ 2026-06-22 03:20:37 : 79513 steps taken, and 10715 accepted.
[1 : mcmc] Progress @ 2026-06-22 03:20:38 : 80056 steps taken, and 10757 accepted.
[0 : mcmc] Progress @ 2026-06-22 03:20:48 : 80032 steps taken, and 10731 accepted.
[3 : mcmc] Progress @ 2026-06-22 03:21:25 : 80900 steps taken, and 11010 accepted.
[1 : mcmc] Progress @ 2026-06-22 03:21:39 : 80140 steps taken, and 10776 accepted.
[2 : mcmc] Progress @ 2026-06-22 03:21:41 : 79607 steps taken, and 10730 accepted.
[0 : mcmc] Progress @ 2026-06-22 03:21:48 : 80112 steps taken, and 10743 accepted.
[3 : mcmc] Progress @ 2026-06-22 03:22:29 : 80996 steps taken, and 11025 accepted.
[1 : mcmc] Progress @ 2026-06-22 03:22:40 : 80239 steps taken, and 10794 accepted.
[2 : mcmc] Progress @ 2026-06-22 03:22:41 : 79701 steps taken, and 10745 accepted.
[0 : mcmc] Progress @ 2026-06-22 03:22:56 : 80203 steps taken, and 10756 accepted.
[1 : mcmc] Learn + convergence test @ 10800 samples accepted.
[1 : mcmc] Ready to check convergence and learn a new proposal covmat (waiting for the rest...)
[3 : mcmc] Progress @ 2026-06-22 03:23:31 : 81084 steps taken, and 11037 accepted.
[1 : mcmc] Progress @ 2026-06-22 03:23:42 : 80328 steps taken, and 10811 accepted.
[2 : mcmc] Progress @ 2026-06-22 03:23:42 : 79787 steps taken, and 10759 accepted.
[0 : mcmc] Progress @ 2026-06-22 03:23:57 : 80301 steps taken, and 10775 accepted.
[3 : mcmc] Progress @ 2026-06-22 03:24:33 : 81175 steps taken, and 11053 accepted.
[1 : mcmc] Progress @ 2026-06-22 03:24:44 : 80426 steps taken, and 10833 accepted.
[2 : mcmc] Progress @ 2026-06-22 03:24:45 : 79881 steps taken, and 10781 accepted.
[0 : mcmc] Progress @ 2026-06-22 03:25:01 : 80382 steps taken, and 10787 accepted.
[0 : mcmc] Learn + convergence test @ 10800 samples accepted.
[0 : mcmc] Ready to check convergence and learn a new proposal covmat (waiting for the rest...)
[3 : mcmc] Progress @ 2026-06-22 03:25:35 : 81263 steps taken, and 11067 accepted.
[2 : mcmc] Progress @ 2026-06-22 03:25:48 : 79981 steps taken, and 10795 accepted.
[1 : mcmc] Progress @ 2026-06-22 03:25:50 : 80542 steps taken, and 10847 accepted.
[0 : mcmc] Progress @ 2026-06-22 03:26:07 : 80487 steps taken, and 10809 accepted.
[2 : mcmc] Learn + convergence test @ 10800 samples accepted.
[2 : mcmc] Ready to check convergence and learn a new proposal covmat (waiting for the rest...)
[0 : mcmc] All chains are ready to check convergence and learn a new proposal covmat
[0 : mcmc]  - Acceptance rate: 0.448 = avg([0.4446, 0.4447, 0.4491, 0.4550])
[0 : mcmc]  - Convergence of means: R-1 = 53.973715 after 43542 accepted steps = sum([10814, 10854, 10800, 11074])
[0 : mcmc] Convergence less than requested for updates: waiting until the next convergence check.
[3 : mcmc] Progress @ 2026-06-22 03:26:38 : 81345 steps taken, and 11079 accepted.
[2 : mcmc] Progress @ 2026-06-22 03:26:50 : 80041 steps taken, and 10805 accepted.
[1 : mcmc] Progress @ 2026-06-22 03:26:50 : 80643 steps taken, and 10862 accepted.
[0 : mcmc] Progress @ 2026-06-22 03:27:10 : 80589 steps taken, and 10822 accepted.
[3 : mcmc] Progress @ 2026-06-22 03:27:39 : 81428 steps taken, and 11090 accepted.
[2 : mcmc] Progress @ 2026-06-22 03:27:50 : 80135 steps taken, and 10823 accepted.
[1 : mcmc] Progress @ 2026-06-22 03:27:58 : 80735 steps taken, and 10876 accepted.
[0 : mcmc] Progress @ 2026-06-22 03:28:10 : 80669 steps taken, and 10831 accepted.
[3 : mcmc] Progress @ 2026-06-22 03:28:42 : 81543 steps taken, and 11105 accepted.
[2 : mcmc] Progress @ 2026-06-22 03:28:57 : 80225 steps taken, and 10840 accepted.
[1 : mcmc] Progress @ 2026-06-22 03:29:04 : 80827 steps taken, and 10891 accepted.
[0 : mcmc] Progress @ 2026-06-22 03:29:12 : 80748 steps taken, and 10841 accepted.
[3 : mcmc] Progress @ 2026-06-22 03:29:42 : 81654 steps taken, and 11123 accepted.
[2 : mcmc] Progress @ 2026-06-22 03:30:03 : 80324 steps taken, and 10858 accepted.
[1 : mcmc] Progress @ 2026-06-22 03:30:11 : 80923 steps taken, and 10903 accepted.
[0 : mcmc] Progress @ 2026-06-22 03:30:17 : 80868 steps taken, and 10858 accepted.
[3 : mcmc] Progress @ 2026-06-22 03:30:47 : 81723 steps taken, and 11135 accepted.
[2 : mcmc] Progress @ 2026-06-22 03:31:03 : 80426 steps taken, and 10873 accepted.
[1 : mcmc] Progress @ 2026-06-22 03:31:11 : 81041 steps taken, and 10918 accepted.
[0 : mcmc] Progress @ 2026-06-22 03:31:25 : 80947 steps taken, and 10869 accepted.
[3 : mcmc] Progress @ 2026-06-22 03:31:50 : 81825 steps taken, and 11152 accepted.
[2 : mcmc] Progress @ 2026-06-22 03:32:03 : 80508 steps taken, and 10888 accepted.
[1 : mcmc] Progress @ 2026-06-22 03:32:19 : 81143 steps taken, and 10932 accepted.
[0 : mcmc] Progress @ 2026-06-22 03:32:27 : 81025 steps taken, and 10878 accepted.
[3 : mcmc] Progress @ 2026-06-22 03:32:53 : 81912 steps taken, and 11163 accepted.
[2 : mcmc] Progress @ 2026-06-22 03:33:05 : 80619 steps taken, and 10896 accepted.
[1 : mcmc] Progress @ 2026-06-22 03:33:20 : 81256 steps taken, and 10949 accepted.
[0 : mcmc] Progress @ 2026-06-22 03:33:28 : 81127 steps taken, and 10898 accepted.
[3 : mcmc] Progress @ 2026-06-22 03:33:57 : 82022 steps taken, and 11178 accepted.
[2 : mcmc] Progress @ 2026-06-22 03:34:05 : 80664 steps taken, and 10898 accepted.
[1 : mcmc] Progress @ 2026-06-22 03:34:23 : 81337 steps taken, and 10963 accepted.
[0 : mcmc] Progress @ 2026-06-22 03:34:29 : 81239 steps taken, and 10913 accepted.
[3 : mcmc] Progress @ 2026-06-22 03:34:58 : 82121 steps taken, and 11188 accepted.
[2 : mcmc] Progress @ 2026-06-22 03:35:14 : 80765 steps taken, and 10909 accepted.
[1 : mcmc] Progress @ 2026-06-22 03:35:27 : 81426 steps taken, and 10979 accepted.
[0 : mcmc] Progress @ 2026-06-22 03:35:33 : 81305 steps taken, and 10926 accepted.
[3 : mcmc] Progress @ 2026-06-22 03:36:03 : 82205 steps taken, and 11204 accepted.
[2 : mcmc] Progress @ 2026-06-22 03:36:14 : 80875 steps taken, and 10927 accepted.
[1 : mcmc] Progress @ 2026-06-22 03:36:31 : 81539 steps taken, and 10992 accepted.
[0 : mcmc] Progress @ 2026-06-22 03:36:35 : 81397 steps taken, and 10938 accepted.
[3 : mcmc] Progress @ 2026-06-22 03:37:09 : 82327 steps taken, and 11221 accepted.
[2 : mcmc] Progress @ 2026-06-22 03:37:14 : 80964 steps taken, and 10937 accepted.
[1 : mcmc] Progress @ 2026-06-22 03:37:32 : 81624 steps taken, and 11001 accepted.
[0 : mcmc] Progress @ 2026-06-22 03:37:35 : 81491 steps taken, and 10953 accepted.
[3 : mcmc] Progress @ 2026-06-22 03:38:15 : 82407 steps taken, and 11230 accepted.
[2 : mcmc] Progress @ 2026-06-22 03:38:20 : 81059 steps taken, and 10952 accepted.
[1 : mcmc] Progress @ 2026-06-22 03:38:32 : 81708 steps taken, and 11012 accepted.
[0 : mcmc] Progress @ 2026-06-22 03:38:35 : 81610 steps taken, and 10966 accepted.
[3 : mcmc] Progress @ 2026-06-22 03:39:17 : 82504 steps taken, and 11247 accepted.
[2 : mcmc] Progress @ 2026-06-22 03:39:26 : 81169 steps taken, and 10965 accepted.
[1 : mcmc] Progress @ 2026-06-22 03:39:35 : 81808 steps taken, and 11026 accepted.
[0 : mcmc] Progress @ 2026-06-22 03:39:42 : 81702 steps taken, and 10975 accepted.
[3 : mcmc] Progress @ 2026-06-22 03:40:25 : 82603 steps taken, and 11262 accepted.
[2 : mcmc] Progress @ 2026-06-22 03:40:26 : 81242 steps taken, and 10981 accepted.
[1 : mcmc] Progress @ 2026-06-22 03:40:35 : 81897 steps taken, and 11041 accepted.
[0 : mcmc] Progress @ 2026-06-22 03:40:42 : 81808 steps taken, and 10992 accepted.
[3 : mcmc] Progress @ 2026-06-22 03:41:26 : 82701 steps taken, and 11274 accepted.
[2 : mcmc] Progress @ 2026-06-22 03:41:31 : 81326 steps taken, and 10993 accepted.
[1 : mcmc] Progress @ 2026-06-22 03:41:35 : 81997 steps taken, and 11056 accepted.
[0 : mcmc] Progress @ 2026-06-22 03:41:42 : 81895 steps taken, and 11003 accepted.
[3 : mcmc] Progress @ 2026-06-22 03:42:26 : 82776 steps taken, and 11287 accepted.
[2 : mcmc] Progress @ 2026-06-22 03:42:32 : 81432 steps taken, and 11010 accepted.
[1 : mcmc] Progress @ 2026-06-22 03:42:35 : 82080 steps taken, and 11072 accepted.
[0 : mcmc] Progress @ 2026-06-22 03:42:44 : 81981 steps taken, and 11019 accepted.
[3 : mcmc] Progress @ 2026-06-22 03:43:31 : 82888 steps taken, and 11305 accepted.
[2 : mcmc] Progress @ 2026-06-22 03:43:33 : 81506 steps taken, and 11022 accepted.
[1 : mcmc] Progress @ 2026-06-22 03:43:36 : 82162 steps taken, and 11082 accepted.
[0 : mcmc] Progress @ 2026-06-22 03:43:46 : 82080 steps taken, and 11032 accepted.
[3 : mcmc] Progress @ 2026-06-22 03:44:32 : 82993 steps taken, and 11319 accepted.
[1 : mcmc] Progress @ 2026-06-22 03:44:36 : 82245 steps taken, and 11098 accepted.
[2 : mcmc] Progress @ 2026-06-22 03:44:41 : 81613 steps taken, and 11038 accepted.
[0 : mcmc] Progress @ 2026-06-22 03:44:47 : 82170 steps taken, and 11043 accepted.
[3 : mcmc] Progress @ 2026-06-22 03:45:38 : 83075 steps taken, and 11335 accepted.
[1 : mcmc] Progress @ 2026-06-22 03:45:39 : 82333 steps taken, and 11113 accepted.
[0 : mcmc] Progress @ 2026-06-22 03:45:47 : 82265 steps taken, and 11056 accepted.
[2 : mcmc] Progress @ 2026-06-22 03:45:48 : 81719 steps taken, and 11056 accepted.
[3 : mcmc] Progress @ 2026-06-22 03:46:39 : 83183 steps taken, and 11347 accepted.
[1 : mcmc] Progress @ 2026-06-22 03:46:41 : 82430 steps taken, and 11126 accepted.
[0 : mcmc] Progress @ 2026-06-22 03:46:47 : 82350 steps taken, and 11070 accepted.
[2 : mcmc] Progress @ 2026-06-22 03:46:48 : 81803 steps taken, and 11068 accepted.
[1 : mcmc] Progress @ 2026-06-22 03:47:43 : 82522 steps taken, and 11137 accepted.
[3 : mcmc] Progress @ 2026-06-22 03:47:44 : 83267 steps taken, and 11361 accepted.
[0 : mcmc] Progress @ 2026-06-22 03:47:47 : 82442 steps taken, and 11088 accepted.
[2 : mcmc] Progress @ 2026-06-22 03:47:57 : 81917 steps taken, and 11083 accepted.
[1 : mcmc] Progress @ 2026-06-22 03:48:47 : 82606 steps taken, and 11153 accepted.
[0 : mcmc] Progress @ 2026-06-22 03:48:49 : 82509 steps taken, and 11098 accepted.
[3 : mcmc] Progress @ 2026-06-22 03:48:51 : 83384 steps taken, and 11374 accepted.
[2 : mcmc] Progress @ 2026-06-22 03:48:58 : 81998 steps taken, and 11093 accepted.
[0 : mcmc] Progress @ 2026-06-22 03:49:49 : 82596 steps taken, and 11113 accepted.
[1 : mcmc] Progress @ 2026-06-22 03:49:55 : 82709 steps taken, and 11166 accepted.
[3 : mcmc] Progress @ 2026-06-22 03:49:56 : 83445 steps taken, and 11387 accepted.
[2 : mcmc] Progress @ 2026-06-22 03:49:58 : 82110 steps taken, and 11109 accepted.
[0 : mcmc] Progress @ 2026-06-22 03:50:52 : 82696 steps taken, and 11133 accepted.
[1 : mcmc] Progress @ 2026-06-22 03:50:56 : 82792 steps taken, and 11181 accepted.
[2 : mcmc] Progress @ 2026-06-22 03:50:58 : 82188 steps taken, and 11120 accepted.
[3 : mcmc] Progress @ 2026-06-22 03:51:00 : 83568 steps taken, and 11413 accepted.
[0 : mcmc] Progress @ 2026-06-22 03:51:58 : 82792 steps taken, and 11145 accepted.
[1 : mcmc] Progress @ 2026-06-22 03:52:01 : 82896 steps taken, and 11195 accepted.
[2 : mcmc] Progress @ 2026-06-22 03:52:05 : 82263 steps taken, and 11132 accepted.
[3 : mcmc] Progress @ 2026-06-22 03:52:05 : 83639 steps taken, and 11423 accepted.
[0 : mcmc] Progress @ 2026-06-22 03:52:58 : 82891 steps taken, and 11162 accepted.
[1 : mcmc] Progress @ 2026-06-22 03:53:03 : 83014 steps taken, and 11205 accepted.
[2 : mcmc] Progress @ 2026-06-22 03:53:06 : 82354 steps taken, and 11142 accepted.
[3 : mcmc] Progress @ 2026-06-22 03:53:11 : 83769 steps taken, and 11441 accepted.
[0 : mcmc] Progress @ 2026-06-22 03:53:59 : 82980 steps taken, and 11178 accepted.
[1 : mcmc] Progress @ 2026-06-22 03:54:07 : 83100 steps taken, and 11223 accepted.
[2 : mcmc] Progress @ 2026-06-22 03:54:08 : 82469 steps taken, and 11158 accepted.
[3 : mcmc] Progress @ 2026-06-22 03:54:19 : 83848 steps taken, and 11459 accepted.
[0 : mcmc] Progress @ 2026-06-22 03:54:59 : 83066 steps taken, and 11190 accepted.
[1 : mcmc] Progress @ 2026-06-22 03:55:12 : 83188 steps taken, and 11233 accepted.
[2 : mcmc] Progress @ 2026-06-22 03:55:12 : 82571 steps taken, and 11170 accepted.
[3 : mcmc] Progress @ 2026-06-22 03:55:19 : 83951 steps taken, and 11472 accepted.
[0 : mcmc] Progress @ 2026-06-22 03:55:59 : 83161 steps taken, and 11204 accepted.
[2 : mcmc] Progress @ 2026-06-22 03:56:17 : 82632 steps taken, and 11178 accepted.
[1 : mcmc] Progress @ 2026-06-22 03:56:17 : 83300 steps taken, and 11250 accepted.
[3 : mcmc] Progress @ 2026-06-22 03:56:22 : 84047 steps taken, and 11481 accepted.
[0 : mcmc] Progress @ 2026-06-22 03:56:59 : 83260 steps taken, and 11216 accepted.
[2 : mcmc] Progress @ 2026-06-22 03:57:24 : 82745 steps taken, and 11193 accepted.
[1 : mcmc] Progress @ 2026-06-22 03:57:24 : 83394 steps taken, and 11266 accepted.
[3 : mcmc] Progress @ 2026-06-22 03:57:29 : 84136 steps taken, and 11488 accepted.
[0 : mcmc] Progress @ 2026-06-22 03:57:59 : 83355 steps taken, and 11233 accepted.
[1 : mcmc] Progress @ 2026-06-22 03:58:27 : 83475 steps taken, and 11276 accepted.
[2 : mcmc] Progress @ 2026-06-22 03:58:32 : 82858 steps taken, and 11214 accepted.
[3 : mcmc] Progress @ 2026-06-22 03:58:33 : 84238 steps taken, and 11502 accepted.
[0 : mcmc] Progress @ 2026-06-22 03:58:59 : 83439 steps taken, and 11250 accepted.
[1 : mcmc] Progress @ 2026-06-22 03:59:27 : 83602 steps taken, and 11302 accepted.
[3 : mcmc] Progress @ 2026-06-22 03:59:35 : 84325 steps taken, and 11518 accepted.
[2 : mcmc] Progress @ 2026-06-22 03:59:36 : 82965 steps taken, and 11230 accepted.
[0 : mcmc] Progress @ 2026-06-22 04:00:08 : 83524 steps taken, and 11257 accepted.
[1 : mcmc] Progress @ 2026-06-22 04:00:27 : 83677 steps taken, and 11317 accepted.
[3 : mcmc] Progress @ 2026-06-22 04:00:38 : 84415 steps taken, and 11532 accepted.
[2 : mcmc] Progress @ 2026-06-22 04:00:42 : 83039 steps taken, and 11241 accepted.
[0 : mcmc] Progress @ 2026-06-22 04:01:09 : 83632 steps taken, and 11274 accepted.
[1 : mcmc] Progress @ 2026-06-22 04:01:33 : 83741 steps taken, and 11331 accepted.
[3 : mcmc] Progress @ 2026-06-22 04:01:40 : 84505 steps taken, and 11548 accepted.
[2 : mcmc] Progress @ 2026-06-22 04:01:42 : 83147 steps taken, and 11258 accepted.
[0 : mcmc] Progress @ 2026-06-22 04:02:12 : 83707 steps taken, and 11282 accepted.
[1 : mcmc] Progress @ 2026-06-22 04:02:33 : 83848 steps taken, and 11341 accepted.
[2 : mcmc] Progress @ 2026-06-22 04:02:42 : 83243 steps taken, and 11268 accepted.
[3 : mcmc] Progress @ 2026-06-22 04:02:44 : 84623 steps taken, and 11563 accepted.
[0 : mcmc] Progress @ 2026-06-22 04:03:18 : 83804 steps taken, and 11294 accepted.
[1 : mcmc] Progress @ 2026-06-22 04:03:35 : 83920 steps taken, and 11351 accepted.
[3 : mcmc] Progress @ 2026-06-22 04:03:44 : 84705 steps taken, and 11571 accepted.
[2 : mcmc] Progress @ 2026-06-22 04:03:49 : 83328 steps taken, and 11281 accepted.
[0 : mcmc] Progress @ 2026-06-22 04:04:26 : 83920 steps taken, and 11310 accepted.
[1 : mcmc] Progress @ 2026-06-22 04:04:35 : 84037 steps taken, and 11368 accepted.
[3 : mcmc] Progress @ 2026-06-22 04:04:45 : 84815 steps taken, and 11587 accepted.
[2 : mcmc] Progress @ 2026-06-22 04:04:49 : 83427 steps taken, and 11296 accepted.
[0 : mcmc] Progress @ 2026-06-22 04:05:33 : 84019 steps taken, and 11325 accepted.
[1 : mcmc] Progress @ 2026-06-22 04:05:36 : 84118 steps taken, and 11380 accepted.
[2 : mcmc] Progress @ 2026-06-22 04:05:49 : 83517 steps taken, and 11308 accepted.
[3 : mcmc] Progress @ 2026-06-22 04:05:51 : 84880 steps taken, and 11597 accepted.
[0 : mcmc] Progress @ 2026-06-22 04:06:33 : 84100 steps taken, and 11334 accepted.
[1 : mcmc] Progress @ 2026-06-22 04:06:37 : 84184 steps taken, and 11387 accepted.
[2 : mcmc] Progress @ 2026-06-22 04:06:50 : 83605 steps taken, and 11326 accepted.
[3 : mcmc] Progress @ 2026-06-22 04:06:55 : 84981 steps taken, and 11610 accepted.
[0 : mcmc] Progress @ 2026-06-22 04:07:35 : 84203 steps taken, and 11343 accepted.
[1 : mcmc] Progress @ 2026-06-22 04:07:39 : 84274 steps taken, and 11400 accepted.
[2 : mcmc] Progress @ 2026-06-22 04:07:54 : 83699 steps taken, and 11342 accepted.
[3 : mcmc] Progress @ 2026-06-22 04:07:57 : 85065 steps taken, and 11622 accepted.
[0 : mcmc] Progress @ 2026-06-22 04:08:35 : 84318 steps taken, and 11360 accepted.
[1 : mcmc] Progress @ 2026-06-22 04:08:42 : 84379 steps taken, and 11418 accepted.
[2 : mcmc] Progress @ 2026-06-22 04:08:54 : 83787 steps taken, and 11358 accepted.
[3 : mcmc] Progress @ 2026-06-22 04:09:00 : 85160 steps taken, and 11637 accepted.
[0 : mcmc] Progress @ 2026-06-22 04:09:35 : 84411 steps taken, and 11377 accepted.
[1 : mcmc] Progress @ 2026-06-22 04:09:48 : 84473 steps taken, and 11431 accepted.
[2 : mcmc] Progress @ 2026-06-22 04:09:54 : 83877 steps taken, and 11368 accepted.
[3 : mcmc] Progress @ 2026-06-22 04:10:00 : 85241 steps taken, and 11652 accepted.
[0 : mcmc] Progress @ 2026-06-22 04:10:44 : 84492 steps taken, and 11397 accepted.
[1 : mcmc] Progress @ 2026-06-22 04:10:51 : 84571 steps taken, and 11441 accepted.
[2 : mcmc] Progress @ 2026-06-22 04:10:54 : 83961 steps taken, and 11382 accepted.
[3 : mcmc] Progress @ 2026-06-22 04:11:02 : 85329 steps taken, and 11667 accepted.
[0 : mcmc] Progress @ 2026-06-22 04:11:44 : 84582 steps taken, and 11415 accepted.
[1 : mcmc] Progress @ 2026-06-22 04:11:53 : 84662 steps taken, and 11451 accepted.
[2 : mcmc] Progress @ 2026-06-22 04:11:57 : 84060 steps taken, and 11401 accepted.
[3 : mcmc] Progress @ 2026-06-22 04:12:02 : 85432 steps taken, and 11685 accepted.
[0 : mcmc] Progress @ 2026-06-22 04:12:44 : 84684 steps taken, and 11430 accepted.
[2 : mcmc] Progress @ 2026-06-22 04:12:57 : 84145 steps taken, and 11411 accepted.
[1 : mcmc] Progress @ 2026-06-22 04:13:01 : 84752 steps taken, and 11466 accepted.
[3 : mcmc] Progress @ 2026-06-22 04:13:03 : 85506 steps taken, and 11697 accepted.
[0 : mcmc] Progress @ 2026-06-22 04:13:44 : 84777 steps taken, and 11440 accepted.
[2 : mcmc] Progress @ 2026-06-22 04:13:57 : 84232 steps taken, and 11427 accepted.
[3 : mcmc] Progress @ 2026-06-22 04:14:03 : 85606 steps taken, and 11713 accepted.
[1 : mcmc] Progress @ 2026-06-22 04:14:07 : 84863 steps taken, and 11483 accepted.
[0 : mcmc] Progress @ 2026-06-22 04:14:45 : 84867 steps taken, and 11456 accepted.
[2 : mcmc] Progress @ 2026-06-22 04:14:57 : 84314 steps taken, and 11444 accepted.
[1 : mcmc] Progress @ 2026-06-22 04:15:07 : 84946 steps taken, and 11497 accepted.
[3 : mcmc] Progress @ 2026-06-22 04:15:08 : 85695 steps taken, and 11722 accepted.
[0 : mcmc] Progress @ 2026-06-22 04:15:50 : 84965 steps taken, and 11464 accepted.
[2 : mcmc] Progress @ 2026-06-22 04:15:57 : 84402 steps taken, and 11455 accepted.
[1 : mcmc] Progress @ 2026-06-22 04:16:10 : 85026 steps taken, and 11505 accepted.
[3 : mcmc] Progress @ 2026-06-22 04:16:14 : 85775 steps taken, and 11734 accepted.
[0 : mcmc] Progress @ 2026-06-22 04:16:53 : 85078 steps taken, and 11480 accepted.
[2 : mcmc] Progress @ 2026-06-22 04:17:00 : 84496 steps taken, and 11470 accepted.
[3 : mcmc] Progress @ 2026-06-22 04:17:14 : 85883 steps taken, and 11753 accepted.
[1 : mcmc] Progress @ 2026-06-22 04:17:15 : 85117 steps taken, and 11521 accepted.
[0 : mcmc] Progress @ 2026-06-22 04:17:56 : 85156 steps taken, and 11491 accepted.
[2 : mcmc] Progress @ 2026-06-22 04:18:04 : 84592 steps taken, and 11485 accepted.
[3 : mcmc] Progress @ 2026-06-22 04:18:14 : 85985 steps taken, and 11766 accepted.
[1 : mcmc] Progress @ 2026-06-22 04:18:19 : 85230 steps taken, and 11536 accepted.
[0 : mcmc] Progress @ 2026-06-22 04:19:02 : 85257 steps taken, and 11510 accepted.
[2 : mcmc] Progress @ 2026-06-22 04:19:06 : 84677 steps taken, and 11500 accepted.
[3 : mcmc] Progress @ 2026-06-22 04:19:14 : 86064 steps taken, and 11777 accepted.
[1 : mcmc] Progress @ 2026-06-22 04:19:24 : 85324 steps taken, and 11552 accepted.
[2 : mcmc] Progress @ 2026-06-22 04:20:06 : 84759 steps taken, and 11514 accepted.
[0 : mcmc] Progress @ 2026-06-22 04:20:10 : 85393 steps taken, and 11536 accepted.
[3 : mcmc] Progress @ 2026-06-22 04:20:19 : 86145 steps taken, and 11787 accepted.
[1 : mcmc] Progress @ 2026-06-22 04:20:25 : 85429 steps taken, and 11566 accepted.
[2 : mcmc] Progress @ 2026-06-22 04:21:12 : 84870 steps taken, and 11534 accepted.
[0 : mcmc] Progress @ 2026-06-22 04:21:13 : 85450 steps taken, and 11542 accepted.
[3 : mcmc] Progress @ 2026-06-22 04:21:27 : 86261 steps taken, and 11804 accepted.
[1 : mcmc] Progress @ 2026-06-22 04:21:30 : 85513 steps taken, and 11580 accepted.
[2 : mcmc] Progress @ 2026-06-22 04:22:12 : 84950 steps taken, and 11548 accepted.
[0 : mcmc] Progress @ 2026-06-22 04:22:14 : 85574 steps taken, and 11558 accepted.
[3 : mcmc] Progress @ 2026-06-22 04:22:35 : 86373 steps taken, and 11831 accepted.
[1 : mcmc] Progress @ 2026-06-22 04:22:38 : 85634 steps taken, and 11599 accepted.
[2 : mcmc] Progress @ 2026-06-22 04:23:13 : 85039 steps taken, and 11558 accepted.
[0 : mcmc] Progress @ 2026-06-22 04:23:20 : 85656 steps taken, and 11570 accepted.
[3 : mcmc] Progress @ 2026-06-22 04:23:35 : 86454 steps taken, and 11845 accepted.
[1 : mcmc] Progress @ 2026-06-22 04:23:40 : 85732 steps taken, and 11609 accepted.
[2 : mcmc] Progress @ 2026-06-22 04:24:17 : 85140 steps taken, and 11572 accepted.
[0 : mcmc] Progress @ 2026-06-22 04:24:20 : 85741 steps taken, and 11582 accepted.
[3 : mcmc] Progress @ 2026-06-22 04:24:44 : 86536 steps taken, and 11858 accepted.
[1 : mcmc] Progress @ 2026-06-22 04:24:44 : 85830 steps taken, and 11621 accepted.
[2 : mcmc] Progress @ 2026-06-22 04:25:17 : 85220 steps taken, and 11585 accepted.
[0 : mcmc] Progress @ 2026-06-22 04:25:20 : 85844 steps taken, and 11597 accepted.
[3 : mcmc] Progress @ 2026-06-22 04:25:47 : 86639 steps taken, and 11874 accepted.
[1 : mcmc] Progress @ 2026-06-22 04:25:52 : 85903 steps taken, and 11632 accepted.
[2 : mcmc] Progress @ 2026-06-22 04:26:21 : 85319 steps taken, and 11598 accepted.
[0 : mcmc] Progress @ 2026-06-22 04:26:25 : 85935 steps taken, and 11615 accepted.
[3 : mcmc] Progress @ 2026-06-22 04:26:51 : 86710 steps taken, and 11885 accepted.
[1 : mcmc] Progress @ 2026-06-22 04:26:54 : 86018 steps taken, and 11648 accepted.
[2 : mcmc] Progress @ 2026-06-22 04:27:23 : 85410 steps taken, and 11613 accepted.
[0 : mcmc] Progress @ 2026-06-22 04:27:26 : 86018 steps taken, and 11624 accepted.
[3 : mcmc] Progress @ 2026-06-22 04:27:51 : 86835 steps taken, and 11910 accepted.
[1 : mcmc] Progress @ 2026-06-22 04:28:01 : 86117 steps taken, and 11667 accepted.
[2 : mcmc] Progress @ 2026-06-22 04:28:25 : 85497 steps taken, and 11631 accepted.
[0 : mcmc] Progress @ 2026-06-22 04:28:34 : 86128 steps taken, and 11645 accepted.
[3 : mcmc] Progress @ 2026-06-22 04:28:56 : 86893 steps taken, and 11919 accepted.
[1 : mcmc] Progress @ 2026-06-22 04:29:08 : 86222 steps taken, and 11681 accepted.
[2 : mcmc] Progress @ 2026-06-22 04:29:25 : 85582 steps taken, and 11648 accepted.
[0 : mcmc] Progress @ 2026-06-22 04:29:43 : 86227 steps taken, and 11663 accepted.
[3 : mcmc] Progress @ 2026-06-22 04:30:03 : 87023 steps taken, and 11941 accepted.
[1 : mcmc] Progress @ 2026-06-22 04:30:08 : 86328 steps taken, and 11698 accepted.
[2 : mcmc] Progress @ 2026-06-22 04:30:26 : 85671 steps taken, and 11668 accepted.
[0 : mcmc] Progress @ 2026-06-22 04:30:48 : 86336 steps taken, and 11669 accepted.
[3 : mcmc] Progress @ 2026-06-22 04:31:06 : 87107 steps taken, and 11955 accepted.
[1 : mcmc] Progress @ 2026-06-22 04:31:09 : 86423 steps taken, and 11705 accepted.
[2 : mcmc] Progress @ 2026-06-22 04:31:30 : 85764 steps taken, and 11685 accepted.
[0 : mcmc] Progress @ 2026-06-22 04:31:53 : 86440 steps taken, and 11682 accepted.
[3 : mcmc] Progress @ 2026-06-22 04:32:06 : 87204 steps taken, and 11969 accepted.
[1 : mcmc] Progress @ 2026-06-22 04:32:09 : 86539 steps taken, and 11725 accepted.
[2 : mcmc] Progress @ 2026-06-22 04:32:33 : 85835 steps taken, and 11695 accepted.
[0 : mcmc] Progress @ 2026-06-22 04:32:59 : 86548 steps taken, and 11694 accepted.
[3 : mcmc] Progress @ 2026-06-22 04:33:06 : 87294 steps taken, and 11983 accepted.
[1 : mcmc] Progress @ 2026-06-22 04:33:10 : 86622 steps taken, and 11741 accepted.
[2 : mcmc] Progress @ 2026-06-22 04:33:38 : 85944 steps taken, and 11716 accepted.
[0 : mcmc] Progress @ 2026-06-22 04:33:59 : 86641 steps taken, and 11708 accepted.
[3 : mcmc] Progress @ 2026-06-22 04:34:07 : 87376 steps taken, and 11994 accepted.
[3 : mcmc] Learn + convergence test @ 12000 samples accepted.
[3 : mcmc] Ready to check convergence and learn a new proposal covmat (waiting for the rest...)
[1 : mcmc] Progress @ 2026-06-22 04:34:12 : 86699 steps taken, and 11754 accepted.
[2 : mcmc] Progress @ 2026-06-22 04:34:38 : 86040 steps taken, and 11728 accepted.
[0 : mcmc] Progress @ 2026-06-22 04:35:03 : 86724 steps taken, and 11716 accepted.
[3 : mcmc] Progress @ 2026-06-22 04:35:10 : 87479 steps taken, and 12006 accepted.
[1 : mcmc] Progress @ 2026-06-22 04:35:18 : 86807 steps taken, and 11768 accepted.
[2 : mcmc] Progress @ 2026-06-22 04:35:38 : 86120 steps taken, and 11745 accepted.
[0 : mcmc] Progress @ 2026-06-22 04:36:10 : 86823 steps taken, and 11728 accepted.
[3 : mcmc] Progress @ 2026-06-22 04:36:10 : 87561 steps taken, and 12014 accepted.
[1 : mcmc] Progress @ 2026-06-22 04:36:25 : 86904 steps taken, and 11780 accepted.
[2 : mcmc] Progress @ 2026-06-22 04:36:39 : 86208 steps taken, and 11761 accepted.
[0 : mcmc] Progress @ 2026-06-22 04:37:10 : 86930 steps taken, and 11745 accepted.
[3 : mcmc] Progress @ 2026-06-22 04:37:10 : 87642 steps taken, and 12024 accepted.
[1 : mcmc] Progress @ 2026-06-22 04:37:27 : 87008 steps taken, and 11793 accepted.
[2 : mcmc] Progress @ 2026-06-22 04:37:40 : 86300 steps taken, and 11776 accepted.
[3 : mcmc] Progress @ 2026-06-22 04:38:11 : 87741 steps taken, and 12037 accepted.
[0 : mcmc] Progress @ 2026-06-22 04:38:13 : 87008 steps taken, and 11758 accepted.
[1 : mcmc] Progress @ 2026-06-22 04:38:27 : 87089 steps taken, and 11803 accepted.
[2 : mcmc] Progress @ 2026-06-22 04:38:40 : 86397 steps taken, and 11788 accepted.
[3 : mcmc] Progress @ 2026-06-22 04:39:11 : 87865 steps taken, and 12055 accepted.
[0 : mcmc] Progress @ 2026-06-22 04:39:20 : 87113 steps taken, and 11775 accepted.
[1 : mcmc] Progress @ 2026-06-22 04:39:32 : 87171 steps taken, and 11815 accepted.
[2 : mcmc] Progress @ 2026-06-22 04:39:46 : 86492 steps taken, and 11800 accepted.
[3 : mcmc] Progress @ 2026-06-22 04:40:18 : 87947 steps taken, and 12064 accepted.
[0 : mcmc] Progress @ 2026-06-22 04:40:28 : 87212 steps taken, and 11787 accepted.
[1 : mcmc] Progress @ 2026-06-22 04:40:32 : 87276 steps taken, and 11831 accepted.
[2 : mcmc] Progress @ 2026-06-22 04:40:54 : 86602 steps taken, and 11818 accepted.
[3 : mcmc] Progress @ 2026-06-22 04:41:21 : 88042 steps taken, and 12076 accepted.
[0 : mcmc] Progress @ 2026-06-22 04:41:32 : 87334 steps taken, and 11807 accepted.
[1 : mcmc] Progress @ 2026-06-22 04:41:34 : 87322 steps taken, and 11838 accepted.
[2 : mcmc] Progress @ 2026-06-22 04:41:59 : 86689 steps taken, and 11832 accepted.
[3 : mcmc] Progress @ 2026-06-22 04:42:22 : 88136 steps taken, and 12090 accepted.
[0 : mcmc] Progress @ 2026-06-22 04:42:37 : 87425 steps taken, and 11826 accepted.
[1 : mcmc] Progress @ 2026-06-22 04:42:39 : 87451 steps taken, and 11859 accepted.
[2 : mcmc] Progress @ 2026-06-22 04:43:07 : 86813 steps taken, and 11847 accepted.
[3 : mcmc] Progress @ 2026-06-22 04:43:22 : 88265 steps taken, and 12113 accepted.
[0 : mcmc] Progress @ 2026-06-22 04:43:40 : 87519 steps taken, and 11835 accepted.
[1 : mcmc] Progress @ 2026-06-22 04:43:46 : 87553 steps taken, and 11874 accepted.
[2 : mcmc] Progress @ 2026-06-22 04:44:12 : 86919 steps taken, and 11862 accepted.
[3 : mcmc] Progress @ 2026-06-22 04:44:27 : 88350 steps taken, and 12128 accepted.
[0 : mcmc] Progress @ 2026-06-22 04:44:46 : 87606 steps taken, and 11845 accepted.
[1 : mcmc] Progress @ 2026-06-22 04:44:50 : 87630 steps taken, and 11890 accepted.
[2 : mcmc] Progress @ 2026-06-22 04:45:17 : 86985 steps taken, and 11873 accepted.
[3 : mcmc] Progress @ 2026-06-22 04:45:27 : 88440 steps taken, and 12141 accepted.
[0 : mcmc] Progress @ 2026-06-22 04:45:46 : 87686 steps taken, and 11860 accepted.
[1 : mcmc] Progress @ 2026-06-22 04:45:54 : 87735 steps taken, and 11907 accepted.
[2 : mcmc] Progress @ 2026-06-22 04:46:26 : 87111 steps taken, and 11890 accepted.
[3 : mcmc] Progress @ 2026-06-22 04:46:27 : 88516 steps taken, and 12152 accepted.
[0 : mcmc] Progress @ 2026-06-22 04:46:46 : 87791 steps taken, and 11877 accepted.
[1 : mcmc] Progress @ 2026-06-22 04:46:54 : 87823 steps taken, and 11919 accepted.
[3 : mcmc] Progress @ 2026-06-22 04:47:27 : 88631 steps taken, and 12170 accepted.
[2 : mcmc] Progress @ 2026-06-22 04:47:34 : 87188 steps taken, and 11903 accepted.
[0 : mcmc] Progress @ 2026-06-22 04:47:47 : 87894 steps taken, and 11896 accepted.
[1 : mcmc] Progress @ 2026-06-22 04:47:54 : 87900 steps taken, and 11926 accepted.
[3 : mcmc] Progress @ 2026-06-22 04:48:31 : 88697 steps taken, and 12179 accepted.
[2 : mcmc] Progress @ 2026-06-22 04:48:37 : 87282 steps taken, and 11915 accepted.
[0 : mcmc] Progress @ 2026-06-22 04:48:53 : 87968 steps taken, and 11906 accepted.
[1 : mcmc] Progress @ 2026-06-22 04:49:00 : 88019 steps taken, and 11949 accepted.
[3 : mcmc] Progress @ 2026-06-22 04:49:31 : 88790 steps taken, and 12194 accepted.
[2 : mcmc] Progress @ 2026-06-22 04:49:41 : 87390 steps taken, and 11929 accepted.
[0 : mcmc] Progress @ 2026-06-22 04:49:56 : 88080 steps taken, and 11923 accepted.
[1 : mcmc] Progress @ 2026-06-22 04:50:01 : 88108 steps taken, and 11965 accepted.
[3 : mcmc] Progress @ 2026-06-22 04:50:31 : 88877 steps taken, and 12204 accepted.
[2 : mcmc] Progress @ 2026-06-22 04:50:46 : 87485 steps taken, and 11944 accepted.
[0 : mcmc] Progress @ 2026-06-22 04:51:00 : 88134 steps taken, and 11931 accepted.
[1 : mcmc] Progress @ 2026-06-22 04:51:03 : 88197 steps taken, and 11978 accepted.
[3 : mcmc] Progress @ 2026-06-22 04:51:31 : 88968 steps taken, and 12214 accepted.
[2 : mcmc] Progress @ 2026-06-22 04:51:46 : 87584 steps taken, and 11959 accepted.
[0 : mcmc] Progress @ 2026-06-22 04:52:04 : 88246 steps taken, and 11945 accepted.
[1 : mcmc] Progress @ 2026-06-22 04:52:04 : 88288 steps taken, and 11990 accepted.
[3 : mcmc] Progress @ 2026-06-22 04:52:32 : 89062 steps taken, and 12226 accepted.
[1 : mcmc] Learn + convergence test @ 12000 samples accepted.
[1 : mcmc] Ready to check convergence and learn a new proposal covmat (waiting for the rest...)
[2 : mcmc] Progress @ 2026-06-22 04:52:46 : 87692 steps taken, and 11976 accepted.
[0 : mcmc] Progress @ 2026-06-22 04:53:04 : 88348 steps taken, and 11962 accepted.
[1 : mcmc] Progress @ 2026-06-22 04:53:04 : 88385 steps taken, and 12005 accepted.
[3 : mcmc] Progress @ 2026-06-22 04:53:35 : 89164 steps taken, and 12240 accepted.
[2 : mcmc] Progress @ 2026-06-22 04:53:49 : 87780 steps taken, and 11990 accepted.
[1 : mcmc] Progress @ 2026-06-22 04:54:04 : 88462 steps taken, and 12017 accepted.
[0 : mcmc] Progress @ 2026-06-22 04:54:09 : 88447 steps taken, and 11976 accepted.
[2 : mcmc] Learn + convergence test @ 12000 samples accepted.
[2 : mcmc] Ready to check convergence and learn a new proposal covmat (waiting for the rest...)
[3 : mcmc] Progress @ 2026-06-22 04:54:38 : 89242 steps taken, and 12253 accepted.
[2 : mcmc] Progress @ 2026-06-22 04:54:49 : 87871 steps taken, and 12006 accepted.
[1 : mcmc] Progress @ 2026-06-22 04:55:07 : 88555 steps taken, and 12030 accepted.
[0 : mcmc] Progress @ 2026-06-22 04:55:09 : 88532 steps taken, and 11989 accepted.
[3 : mcmc] Progress @ 2026-06-22 04:55:39 : 89359 steps taken, and 12272 accepted.
[2 : mcmc] Progress @ 2026-06-22 04:55:57 : 87966 steps taken, and 12022 accepted.
[1 : mcmc] Progress @ 2026-06-22 04:56:07 : 88637 steps taken, and 12038 accepted.
[0 : mcmc] Progress @ 2026-06-22 04:56:11 : 88602 steps taken, and 11998 accepted.
[0 : mcmc] Learn + convergence test @ 12000 samples accepted.
[0 : mcmc] Ready to check convergence and learn a new proposal covmat (waiting for the rest...)
[0 : mcmc] All chains are ready to check convergence and learn a new proposal covmat
[0 : mcmc]  - Acceptance rate: 0.448 = avg([0.4440, 0.4427, 0.4523, 0.4527])
[0 : mcmc]  - Convergence of means: R-1 = 44.663707 after 48353 accepted steps = sum([12000, 12041, 12027, 12285])
[0 : mcmc] Convergence less than requested for updates: waiting until the next convergence check.
[3 : mcmc] Progress @ 2026-06-22 04:56:44 : 89444 steps taken, and 12287 accepted.
[2 : mcmc] Progress @ 2026-06-22 04:57:02 : 88058 steps taken, and 12037 accepted.
[1 : mcmc] Progress @ 2026-06-22 04:57:09 : 88737 steps taken, and 12052 accepted.
[0 : mcmc] Progress @ 2026-06-22 04:57:16 : 88710 steps taken, and 12013 accepted.
[3 : mcmc] Progress @ 2026-06-22 04:57:46 : 89543 steps taken, and 12300 accepted.
[2 : mcmc] Progress @ 2026-06-22 04:58:08 : 88151 steps taken, and 12053 accepted.
[1 : mcmc] Progress @ 2026-06-22 04:58:09 : 88818 steps taken, and 12063 accepted.
[0 : mcmc] Progress @ 2026-06-22 04:58:19 : 88816 steps taken, and 12032 accepted.
[3 : mcmc] Progress @ 2026-06-22 04:58:46 : 89655 steps taken, and 12313 accepted.
[2 : mcmc] Progress @ 2026-06-22 04:59:08 : 88269 steps taken, and 12075 accepted.
[1 : mcmc] Progress @ 2026-06-22 04:59:13 : 88916 steps taken, and 12082 accepted.
[0 : mcmc] Progress @ 2026-06-22 04:59:19 : 88897 steps taken, and 12046 accepted.
[3 : mcmc] Progress @ 2026-06-22 04:59:51 : 89733 steps taken, and 12328 accepted.
[2 : mcmc] Progress @ 2026-06-22 05:00:08 : 88342 steps taken, and 12091 accepted.
[1 : mcmc] Progress @ 2026-06-22 05:00:13 : 89002 steps taken, and 12093 accepted.
[0 : mcmc] Progress @ 2026-06-22 05:00:19 : 88978 steps taken, and 12059 accepted.
[3 : mcmc] Progress @ 2026-06-22 05:00:54 : 89857 steps taken, and 12344 accepted.
[2 : mcmc] Progress @ 2026-06-22 05:01:08 : 88414 steps taken, and 12107 accepted.
[1 : mcmc] Progress @ 2026-06-22 05:01:13 : 89081 steps taken, and 12110 accepted.
[0 : mcmc] Progress @ 2026-06-22 05:01:23 : 89078 steps taken, and 12072 accepted.
[3 : mcmc] Progress @ 2026-06-22 05:01:54 : 89956 steps taken, and 12361 accepted.
[2 : mcmc] Progress @ 2026-06-22 05:02:08 : 88506 steps taken, and 12120 accepted.
[1 : mcmc] Progress @ 2026-06-22 05:02:16 : 89174 steps taken, and 12128 accepted.
[0 : mcmc] Progress @ 2026-06-22 05:02:28 : 89163 steps taken, and 12083 accepted.
[3 : mcmc] Progress @ 2026-06-22 05:02:56 : 90054 steps taken, and 12381 accepted.
[2 : mcmc] Progress @ 2026-06-22 05:03:12 : 88599 steps taken, and 12134 accepted.
[1 : mcmc] Progress @ 2026-06-22 05:03:19 : 89276 steps taken, and 12143 accepted.
[0 : mcmc] Progress @ 2026-06-22 05:03:28 : 89247 steps taken, and 12097 accepted.
[3 : mcmc] Progress @ 2026-06-22 05:03:57 : 90138 steps taken, and 12394 accepted.
[2 : mcmc] Progress @ 2026-06-22 05:04:16 : 88717 steps taken, and 12153 accepted.
[1 : mcmc] Progress @ 2026-06-22 05:04:20 : 89366 steps taken, and 12156 accepted.
[0 : mcmc] Progress @ 2026-06-22 05:04:36 : 89325 steps taken, and 12111 accepted.
[3 : mcmc] Progress @ 2026-06-22 05:05:04 : 90241 steps taken, and 12415 accepted.
[2 : mcmc] Progress @ 2026-06-22 05:05:16 : 88806 steps taken, and 12166 accepted.
[1 : mcmc] Progress @ 2026-06-22 05:05:25 : 89461 steps taken, and 12166 accepted.
[0 : mcmc] Progress @ 2026-06-22 05:05:39 : 89454 steps taken, and 12127 accepted.
[3 : mcmc] Progress @ 2026-06-22 05:06:06 : 90305 steps taken, and 12423 accepted.
[2 : mcmc] Progress @ 2026-06-22 05:06:19 : 88911 steps taken, and 12183 accepted.
[1 : mcmc] Progress @ 2026-06-22 05:06:29 : 89574 steps taken, and 12177 accepted.
[0 : mcmc] Progress @ 2026-06-22 05:06:42 : 89533 steps taken, and 12135 accepted.
[3 : mcmc] Progress @ 2026-06-22 05:07:06 : 90411 steps taken, and 12442 accepted.
[2 : mcmc] Progress @ 2026-06-22 05:07:19 : 89002 steps taken, and 12198 accepted.
[1 : mcmc] Progress @ 2026-06-22 05:07:30 : 89671 steps taken, and 12192 accepted.
[0 : mcmc] Progress @ 2026-06-22 05:07:44 : 89627 steps taken, and 12151 accepted.
[3 : mcmc] Progress @ 2026-06-22 05:08:09 : 90488 steps taken, and 12456 accepted.
[2 : mcmc] Progress @ 2026-06-22 05:08:22 : 89073 steps taken, and 12209 accepted.
[1 : mcmc] Progress @ 2026-06-22 05:08:32 : 89766 steps taken, and 12207 accepted.
[0 : mcmc] Progress @ 2026-06-22 05:08:45 : 89708 steps taken, and 12163 accepted.
[3 : mcmc] Progress @ 2026-06-22 05:09:13 : 90600 steps taken, and 12476 accepted.
[2 : mcmc] Progress @ 2026-06-22 05:09:30 : 89189 steps taken, and 12230 accepted.
[1 : mcmc] Progress @ 2026-06-22 05:09:37 : 89863 steps taken, and 12220 accepted.
[0 : mcmc] Progress @ 2026-06-22 05:09:45 : 89804 steps taken, and 12172 accepted.
[3 : mcmc] Progress @ 2026-06-22 05:10:13 : 90690 steps taken, and 12494 accepted.
[2 : mcmc] Progress @ 2026-06-22 05:10:30 : 89284 steps taken, and 12246 accepted.
[1 : mcmc] Progress @ 2026-06-22 05:10:38 : 89975 steps taken, and 12240 accepted.
[0 : mcmc] Progress @ 2026-06-22 05:10:47 : 89898 steps taken, and 12188 accepted.
[3 : mcmc] Progress @ 2026-06-22 05:11:16 : 90774 steps taken, and 12512 accepted.
[2 : mcmc] Progress @ 2026-06-22 05:11:39 : 89371 steps taken, and 12256 accepted.
[0 : mcmc] Progress @ 2026-06-22 05:11:47 : 89980 steps taken, and 12199 accepted.
[1 : mcmc] Progress @ 2026-06-22 05:11:47 : 90075 steps taken, and 12255 accepted.
[3 : mcmc] Progress @ 2026-06-22 05:12:23 : 90879 steps taken, and 12530 accepted.
[2 : mcmc] Progress @ 2026-06-22 05:12:45 : 89486 steps taken, and 12271 accepted.
[1 : mcmc] Progress @ 2026-06-22 05:12:47 : 90165 steps taken, and 12272 accepted.
[0 : mcmc] Progress @ 2026-06-22 05:12:54 : 90093 steps taken, and 12210 accepted.
[3 : mcmc] Progress @ 2026-06-22 05:13:31 : 90965 steps taken, and 12543 accepted.
[2 : mcmc] Progress @ 2026-06-22 05:13:45 : 89578 steps taken, and 12284 accepted.
[1 : mcmc] Progress @ 2026-06-22 05:13:47 : 90245 steps taken, and 12289 accepted.
[0 : mcmc] Progress @ 2026-06-22 05:14:01 : 90205 steps taken, and 12225 accepted.
[3 : mcmc] Progress @ 2026-06-22 05:14:35 : 91070 steps taken, and 12559 accepted.
[2 : mcmc] Progress @ 2026-06-22 05:14:50 : 89668 steps taken, and 12296 accepted.
[1 : mcmc] Progress @ 2026-06-22 05:14:52 : 90346 steps taken, and 12307 accepted.
[0 : mcmc] Progress @ 2026-06-22 05:15:06 : 90320 steps taken, and 12243 accepted.
[3 : mcmc] Progress @ 2026-06-22 05:15:35 : 91164 steps taken, and 12577 accepted.
[2 : mcmc] Progress @ 2026-06-22 05:15:53 : 89755 steps taken, and 12307 accepted.
[1 : mcmc] Progress @ 2026-06-22 05:15:54 : 90444 steps taken, and 12318 accepted.
[0 : mcmc] Progress @ 2026-06-22 05:16:07 : 90377 steps taken, and 12250 accepted.
[3 : mcmc] Progress @ 2026-06-22 05:16:35 : 91250 steps taken, and 12593 accepted.
[1 : mcmc] Progress @ 2026-06-22 05:16:55 : 90530 steps taken, and 12333 accepted.
[2 : mcmc] Progress @ 2026-06-22 05:17:01 : 89854 steps taken, and 12323 accepted.
[0 : mcmc] Progress @ 2026-06-22 05:17:12 : 90487 steps taken, and 12267 accepted.
[3 : mcmc] Progress @ 2026-06-22 05:17:36 : 91348 steps taken, and 12610 accepted.
[1 : mcmc] Progress @ 2026-06-22 05:17:57 : 90626 steps taken, and 12351 accepted.
[2 : mcmc] Progress @ 2026-06-22 05:18:06 : 89947 steps taken, and 12341 accepted.
[0 : mcmc] Progress @ 2026-06-22 05:18:18 : 90599 steps taken, and 12284 accepted.
[3 : mcmc] Progress @ 2026-06-22 05:18:39 : 91440 steps taken, and 12620 accepted.
[1 : mcmc] Progress @ 2026-06-22 05:18:57 : 90725 steps taken, and 12371 accepted.
[2 : mcmc] Progress @ 2026-06-22 05:19:15 : 90063 steps taken, and 12360 accepted.
[0 : mcmc] Progress @ 2026-06-22 05:19:25 : 90704 steps taken, and 12298 accepted.
[3 : mcmc] Progress @ 2026-06-22 05:19:39 : 91519 steps taken, and 12631 accepted.
[1 : mcmc] Progress @ 2026-06-22 05:20:00 : 90815 steps taken, and 12388 accepted.
[2 : mcmc] Progress @ 2026-06-22 05:20:18 : 90146 steps taken, and 12373 accepted.
[0 : mcmc] Progress @ 2026-06-22 05:20:25 : 90797 steps taken, and 12306 accepted.
[3 : mcmc] Progress @ 2026-06-22 05:20:42 : 91620 steps taken, and 12645 accepted.
[1 : mcmc] Progress @ 2026-06-22 05:21:00 : 90909 steps taken, and 12401 accepted.
[2 : mcmc] Progress @ 2026-06-22 05:21:18 : 90227 steps taken, and 12387 accepted.
[0 : mcmc] Progress @ 2026-06-22 05:21:29 : 90894 steps taken, and 12317 accepted.
[3 : mcmc] Progress @ 2026-06-22 05:21:43 : 91705 steps taken, and 12657 accepted.
[1 : mcmc] Progress @ 2026-06-22 05:22:05 : 91002 steps taken, and 12420 accepted.
[2 : mcmc] Progress @ 2026-06-22 05:22:20 : 90320 steps taken, and 12399 accepted.
[0 : mcmc] Progress @ 2026-06-22 05:22:38 : 90987 steps taken, and 12333 accepted.
[3 : mcmc] Progress @ 2026-06-22 05:22:43 : 91791 steps taken, and 12672 accepted.
[1 : mcmc] Progress @ 2026-06-22 05:23:12 : 91122 steps taken, and 12434 accepted.
[2 : mcmc] Progress @ 2026-06-22 05:23:21 : 90421 steps taken, and 12416 accepted.
[0 : mcmc] Progress @ 2026-06-22 05:23:38 : 91078 steps taken, and 12346 accepted.
[3 : mcmc] Progress @ 2026-06-22 05:23:43 : 91875 steps taken, and 12678 accepted.
[1 : mcmc] Progress @ 2026-06-22 05:24:13 : 91190 steps taken, and 12443 accepted.
[2 : mcmc] Progress @ 2026-06-22 05:24:23 : 90518 steps taken, and 12433 accepted.
[0 : mcmc] Progress @ 2026-06-22 05:24:38 : 91159 steps taken, and 12361 accepted.
[3 : mcmc] Progress @ 2026-06-22 05:24:45 : 91969 steps taken, and 12688 accepted.
[1 : mcmc] Progress @ 2026-06-22 05:25:17 : 91311 steps taken, and 12458 accepted.
[2 : mcmc] Progress @ 2026-06-22 05:25:23 : 90589 steps taken, and 12441 accepted.
[0 : mcmc] Progress @ 2026-06-22 05:25:40 : 91254 steps taken, and 12379 accepted.
[3 : mcmc] Progress @ 2026-06-22 05:25:50 : 92075 steps taken, and 12703 accepted.
[1 : mcmc] Progress @ 2026-06-22 05:26:21 : 91423 steps taken, and 12471 accepted.
[2 : mcmc] Progress @ 2026-06-22 05:26:23 : 90671 steps taken, and 12452 accepted.
[0 : mcmc] Progress @ 2026-06-22 05:26:40 : 91343 steps taken, and 12392 accepted.
[3 : mcmc] Progress @ 2026-06-22 05:26:51 : 92163 steps taken, and 12721 accepted.
[1 : mcmc] Progress @ 2026-06-22 05:27:21 : 91535 steps taken, and 12487 accepted.
[2 : mcmc] Progress @ 2026-06-22 05:27:23 : 90754 steps taken, and 12465 accepted.
[0 : mcmc] Progress @ 2026-06-22 05:27:42 : 91433 steps taken, and 12401 accepted.
[3 : mcmc] Progress @ 2026-06-22 05:27:54 : 92264 steps taken, and 12738 accepted.
[1 : mcmc] Progress @ 2026-06-22 05:28:24 : 91632 steps taken, and 12495 accepted.
[2 : mcmc] Progress @ 2026-06-22 05:28:28 : 90844 steps taken, and 12484 accepted.
[0 : mcmc] Progress @ 2026-06-22 05:28:42 : 91539 steps taken, and 12417 accepted.
[3 : mcmc] Progress @ 2026-06-22 05:28:54 : 92366 steps taken, and 12753 accepted.
[2 : mcmc] Progress @ 2026-06-22 05:29:28 : 90938 steps taken, and 12499 accepted.
[1 : mcmc] Progress @ 2026-06-22 05:29:31 : 91731 steps taken, and 12511 accepted.
[0 : mcmc] Progress @ 2026-06-22 05:29:49 : 91638 steps taken, and 12433 accepted.
[3 : mcmc] Progress @ 2026-06-22 05:30:00 : 92452 steps taken, and 12766 accepted.
[2 : mcmc] Progress @ 2026-06-22 05:30:29 : 91049 steps taken, and 12514 accepted.
[1 : mcmc] Progress @ 2026-06-22 05:30:33 : 91834 steps taken, and 12524 accepted.
[0 : mcmc] Progress @ 2026-06-22 05:30:49 : 91728 steps taken, and 12448 accepted.
[3 : mcmc] Progress @ 2026-06-22 05:31:04 : 92535 steps taken, and 12777 accepted.
[2 : mcmc] Progress @ 2026-06-22 05:31:29 : 91128 steps taken, and 12529 accepted.
[1 : mcmc] Progress @ 2026-06-22 05:31:34 : 91926 steps taken, and 12536 accepted.
[0 : mcmc] Progress @ 2026-06-22 05:31:52 : 91829 steps taken, and 12463 accepted.
[3 : mcmc] Progress @ 2026-06-22 05:32:08 : 92638 steps taken, and 12794 accepted.
[2 : mcmc] Progress @ 2026-06-22 05:32:30 : 91232 steps taken, and 12544 accepted.
[1 : mcmc] Progress @ 2026-06-22 05:32:38 : 92018 steps taken, and 12548 accepted.
[0 : mcmc] Progress @ 2026-06-22 05:32:56 : 91922 steps taken, and 12477 accepted.
[3 : mcmc] Progress @ 2026-06-22 05:33:08 : 92735 steps taken, and 12806 accepted.
[2 : mcmc] Progress @ 2026-06-22 05:33:32 : 91307 steps taken, and 12553 accepted.
[1 : mcmc] Progress @ 2026-06-22 05:33:39 : 92123 steps taken, and 12564 accepted.
[0 : mcmc] Progress @ 2026-06-22 05:33:56 : 92012 steps taken, and 12491 accepted.
[3 : mcmc] Progress @ 2026-06-22 05:34:12 : 92813 steps taken, and 12814 accepted.
[2 : mcmc] Progress @ 2026-06-22 05:34:35 : 91417 steps taken, and 12570 accepted.
[1 : mcmc] Progress @ 2026-06-22 05:34:46 : 92214 steps taken, and 12582 accepted.
[0 : mcmc] Progress @ 2026-06-22 05:35:04 : 92088 steps taken, and 12503 accepted.
[3 : mcmc] Progress @ 2026-06-22 05:35:14 : 92904 steps taken, and 12825 accepted.
[2 : mcmc] Progress @ 2026-06-22 05:35:35 : 91496 steps taken, and 12581 accepted.
[1 : mcmc] Progress @ 2026-06-22 05:35:54 : 92345 steps taken, and 12600 accepted.
[0 : mcmc] Progress @ 2026-06-22 05:36:09 : 92192 steps taken, and 12525 accepted.
[3 : mcmc] Progress @ 2026-06-22 05:36:18 : 93028 steps taken, and 12848 accepted.
[2 : mcmc] Progress @ 2026-06-22 05:36:35 : 91586 steps taken, and 12594 accepted.
[1 : mcmc] Progress @ 2026-06-22 05:36:59 : 92452 steps taken, and 12611 accepted.
[0 : mcmc] Progress @ 2026-06-22 05:37:09 : 92298 steps taken, and 12543 accepted.
[3 : mcmc] Progress @ 2026-06-22 05:37:22 : 93141 steps taken, and 12867 accepted.
[2 : mcmc] Progress @ 2026-06-22 05:37:40 : 91669 steps taken, and 12611 accepted.
[1 : mcmc] Progress @ 2026-06-22 05:38:01 : 92547 steps taken, and 12626 accepted.
[0 : mcmc] Progress @ 2026-06-22 05:38:14 : 92382 steps taken, and 12556 accepted.
[3 : mcmc] Progress @ 2026-06-22 05:38:30 : 93225 steps taken, and 12876 accepted.
[2 : mcmc] Progress @ 2026-06-22 05:38:42 : 91784 steps taken, and 12624 accepted.
[1 : mcmc] Progress @ 2026-06-22 05:39:02 : 92642 steps taken, and 12643 accepted.
[0 : mcmc] Progress @ 2026-06-22 05:39:15 : 92464 steps taken, and 12566 accepted.
[3 : mcmc] Progress @ 2026-06-22 05:39:30 : 93330 steps taken, and 12889 accepted.
[2 : mcmc] Progress @ 2026-06-22 05:39:42 : 91829 steps taken, and 12631 accepted.
[1 : mcmc] Progress @ 2026-06-22 05:40:07 : 92740 steps taken, and 12658 accepted.
[0 : mcmc] Progress @ 2026-06-22 05:40:15 : 92562 steps taken, and 12582 accepted.
[3 : mcmc] Progress @ 2026-06-22 05:40:38 : 93422 steps taken, and 12899 accepted.
[2 : mcmc] Progress @ 2026-06-22 05:40:44 : 91950 steps taken, and 12647 accepted.
[1 : mcmc] Progress @ 2026-06-22 05:41:07 : 92846 steps taken, and 12674 accepted.
[0 : mcmc] Progress @ 2026-06-22 05:41:18 : 92648 steps taken, and 12596 accepted.
[3 : mcmc] Progress @ 2026-06-22 05:41:42 : 93527 steps taken, and 12914 accepted.
[2 : mcmc] Progress @ 2026-06-22 05:41:51 : 92043 steps taken, and 12658 accepted.
[1 : mcmc] Progress @ 2026-06-22 05:42:15 : 92946 steps taken, and 12688 accepted.
[0 : mcmc] Progress @ 2026-06-22 05:42:18 : 92763 steps taken, and 12615 accepted.
[3 : mcmc] Progress @ 2026-06-22 05:42:42 : 93625 steps taken, and 12933 accepted.
[2 : mcmc] Progress @ 2026-06-22 05:42:55 : 92144 steps taken, and 12672 accepted.
[1 : mcmc] Progress @ 2026-06-22 05:43:15 : 93027 steps taken, and 12696 accepted.
[0 : mcmc] Progress @ 2026-06-22 05:43:20 : 92830 steps taken, and 12629 accepted.
[3 : mcmc] Progress @ 2026-06-22 05:43:49 : 93694 steps taken, and 12950 accepted.
[2 : mcmc] Progress @ 2026-06-22 05:43:56 : 92232 steps taken, and 12686 accepted.
[0 : mcmc] Progress @ 2026-06-22 05:44:20 : 92921 steps taken, and 12645 accepted.
[1 : mcmc] Progress @ 2026-06-22 05:44:23 : 93126 steps taken, and 12711 accepted.
[3 : mcmc] Progress @ 2026-06-22 05:44:53 : 93815 steps taken, and 12967 accepted.
[2 : mcmc] Progress @ 2026-06-22 05:45:00 : 92311 steps taken, and 12698 accepted.
[0 : mcmc] Progress @ 2026-06-22 05:45:21 : 93020 steps taken, and 12664 accepted.
[1 : mcmc] Progress @ 2026-06-22 05:45:28 : 93239 steps taken, and 12725 accepted.
[3 : mcmc] Progress @ 2026-06-22 05:45:57 : 93893 steps taken, and 12979 accepted.
[2 : mcmc] Progress @ 2026-06-22 05:46:04 : 92415 steps taken, and 12714 accepted.
[0 : mcmc] Progress @ 2026-06-22 05:46:25 : 93110 steps taken, and 12677 accepted.
[1 : mcmc] Progress @ 2026-06-22 05:46:28 : 93328 steps taken, and 12737 accepted.
[3 : mcmc] Progress @ 2026-06-22 05:47:02 : 93982 steps taken, and 12990 accepted.
[2 : mcmc] Progress @ 2026-06-22 05:47:11 : 92506 steps taken, and 12728 accepted.
[0 : mcmc] Progress @ 2026-06-22 05:47:25 : 93202 steps taken, and 12693 accepted.
[1 : mcmc] Progress @ 2026-06-22 05:47:28 : 93412 steps taken, and 12752 accepted.
[3 : mcmc] Progress @ 2026-06-22 05:48:07 : 94091 steps taken, and 13008 accepted.
[2 : mcmc] Progress @ 2026-06-22 05:48:15 : 92608 steps taken, and 12748 accepted.
[0 : mcmc] Progress @ 2026-06-22 05:48:28 : 93280 steps taken, and 12704 accepted.
[1 : mcmc] Progress @ 2026-06-22 05:48:36 : 93510 steps taken, and 12776 accepted.
[3 : mcmc] Progress @ 2026-06-22 05:49:07 : 94174 steps taken, and 13020 accepted.
[2 : mcmc] Progress @ 2026-06-22 05:49:24 : 92691 steps taken, and 12764 accepted.
[0 : mcmc] Progress @ 2026-06-22 05:49:28 : 93401 steps taken, and 12725 accepted.
[1 : mcmc] Progress @ 2026-06-22 05:49:42 : 93597 steps taken, and 12788 accepted.
[3 : mcmc] Progress @ 2026-06-22 05:50:08 : 94240 steps taken, and 13027 accepted.
[2 : mcmc] Progress @ 2026-06-22 05:50:27 : 92778 steps taken, and 12777 accepted.
[0 : mcmc] Progress @ 2026-06-22 05:50:30 : 93451 steps taken, and 12728 accepted.
[1 : mcmc] Progress @ 2026-06-22 05:50:42 : 93687 steps taken, and 12802 accepted.
[3 : mcmc] Progress @ 2026-06-22 05:51:12 : 94348 steps taken, and 13043 accepted.
[2 : mcmc] Progress @ 2026-06-22 05:51:28 : 92872 steps taken, and 12791 accepted.
[0 : mcmc] Progress @ 2026-06-22 05:51:38 : 93584 steps taken, and 12748 accepted.
[1 : mcmc] Progress @ 2026-06-22 05:51:43 : 93767 steps taken, and 12818 accepted.
[3 : mcmc] Progress @ 2026-06-22 05:52:16 : 94451 steps taken, and 13057 accepted.
[2 : mcmc] Progress @ 2026-06-22 05:52:29 : 92955 steps taken, and 12801 accepted.
[1 : mcmc] Progress @ 2026-06-22 05:52:45 : 93869 steps taken, and 12832 accepted.
[0 : mcmc] Progress @ 2026-06-22 05:52:46 : 93660 steps taken, and 12756 accepted.
[3 : mcmc] Progress @ 2026-06-22 05:53:22 : 94550 steps taken, and 13077 accepted.
[2 : mcmc] Progress @ 2026-06-22 05:53:31 : 93055 steps taken, and 12815 accepted.
[1 : mcmc] Progress @ 2026-06-22 05:53:46 : 93954 steps taken, and 12845 accepted.
[0 : mcmc] Progress @ 2026-06-22 05:53:49 : 93770 steps taken, and 12775 accepted.
[3 : mcmc] Progress @ 2026-06-22 05:54:24 : 94611 steps taken, and 13088 accepted.
[2 : mcmc] Progress @ 2026-06-22 05:54:38 : 93153 steps taken, and 12826 accepted.
[1 : mcmc] Progress @ 2026-06-22 05:54:46 : 94037 steps taken, and 12862 accepted.
[0 : mcmc] Progress @ 2026-06-22 05:54:50 : 93857 steps taken, and 12787 accepted.
[3 : mcmc] Progress @ 2026-06-22 05:55:27 : 94729 steps taken, and 13107 accepted.
[2 : mcmc] Progress @ 2026-06-22 05:55:38 : 93243 steps taken, and 12843 accepted.
[1 : mcmc] Progress @ 2026-06-22 05:55:47 : 94124 steps taken, and 12874 accepted.
[0 : mcmc] Progress @ 2026-06-22 05:55:50 : 93939 steps taken, and 12803 accepted.
[3 : mcmc] Progress @ 2026-06-22 05:56:34 : 94822 steps taken, and 13122 accepted.
[2 : mcmc] Progress @ 2026-06-22 05:56:38 : 93346 steps taken, and 12861 accepted.
[1 : mcmc] Progress @ 2026-06-22 05:56:52 : 94228 steps taken, and 12887 accepted.
[0 : mcmc] Progress @ 2026-06-22 05:56:53 : 94033 steps taken, and 12816 accepted.
[3 : mcmc] Progress @ 2026-06-22 05:57:34 : 94929 steps taken, and 13141 accepted.
[2 : mcmc] Progress @ 2026-06-22 05:57:39 : 93455 steps taken, and 12876 accepted.
[0 : mcmc] Progress @ 2026-06-22 05:57:53 : 94120 steps taken, and 12831 accepted.
[1 : mcmc] Progress @ 2026-06-22 05:57:53 : 94319 steps taken, and 12902 accepted.
[3 : mcmc] Progress @ 2026-06-22 05:58:37 : 95027 steps taken, and 13153 accepted.
[2 : mcmc] Progress @ 2026-06-22 05:58:44 : 93516 steps taken, and 12886 accepted.
[0 : mcmc] Progress @ 2026-06-22 05:58:53 : 94217 steps taken, and 12848 accepted.
[1 : mcmc] Progress @ 2026-06-22 05:58:54 : 94398 steps taken, and 12910 accepted.
[3 : mcmc] Progress @ 2026-06-22 05:59:39 : 95099 steps taken, and 13168 accepted.
[2 : mcmc] Progress @ 2026-06-22 05:59:53 : 93619 steps taken, and 12899 accepted.
[0 : mcmc] Progress @ 2026-06-22 05:59:56 : 94296 steps taken, and 12859 accepted.
[1 : mcmc] Progress @ 2026-06-22 05:59:58 : 94498 steps taken, and 12931 accepted.
[3 : mcmc] Progress @ 2026-06-22 06:00:47 : 95191 steps taken, and 13180 accepted.
[2 : mcmc] Progress @ 2026-06-22 06:00:55 : 93695 steps taken, and 12913 accepted.
[0 : mcmc] Progress @ 2026-06-22 06:00:58 : 94397 steps taken, and 12872 accepted.
[1 : mcmc] Progress @ 2026-06-22 06:00:59 : 94584 steps taken, and 12944 accepted.
[3 : mcmc] Progress @ 2026-06-22 06:01:48 : 95285 steps taken, and 13196 accepted.
[2 : mcmc] Progress @ 2026-06-22 06:01:55 : 93802 steps taken, and 12924 accepted.
[0 : mcmc] Progress @ 2026-06-22 06:01:59 : 94488 steps taken, and 12886 accepted.
[1 : mcmc] Progress @ 2026-06-22 06:02:02 : 94680 steps taken, and 12957 accepted.
[3 : mcmc] Learn + convergence test @ 13200 samples accepted.
[3 : mcmc] Ready to check convergence and learn a new proposal covmat (waiting for the rest...)
[3 : mcmc] Progress @ 2026-06-22 06:02:51 : 95380 steps taken, and 13213 accepted.
[2 : mcmc] Progress @ 2026-06-22 06:02:56 : 93899 steps taken, and 12939 accepted.
[0 : mcmc] Progress @ 2026-06-22 06:02:59 : 94592 steps taken, and 12899 accepted.
[1 : mcmc] Progress @ 2026-06-22 06:03:02 : 94765 steps taken, and 12970 accepted.
[3 : mcmc] Progress @ 2026-06-22 06:03:51 : 95477 steps taken, and 13224 accepted.
[2 : mcmc] Progress @ 2026-06-22 06:03:57 : 93982 steps taken, and 12953 accepted.
[1 : mcmc] Progress @ 2026-06-22 06:04:02 : 94844 steps taken, and 12984 accepted.
[0 : mcmc] Progress @ 2026-06-22 06:04:04 : 94686 steps taken, and 12912 accepted.
[3 : mcmc] Progress @ 2026-06-22 06:04:58 : 95565 steps taken, and 13237 accepted.
[2 : mcmc] Progress @ 2026-06-22 06:04:59 : 94068 steps taken, and 12966 accepted.
[1 : mcmc] Progress @ 2026-06-22 06:05:05 : 94939 steps taken, and 12996 accepted.
[0 : mcmc] Progress @ 2026-06-22 06:05:06 : 94793 steps taken, and 12924 accepted.
[3 : mcmc] Progress @ 2026-06-22 06:06:02 : 95647 steps taken, and 13249 accepted.
[2 : mcmc] Progress @ 2026-06-22 06:06:03 : 94165 steps taken, and 12981 accepted.
[1 : mcmc] Progress @ 2026-06-22 06:06:05 : 95023 steps taken, and 13010 accepted.
[0 : mcmc] Progress @ 2026-06-22 06:06:06 : 94892 steps taken, and 12937 accepted.
[2 : mcmc] Progress @ 2026-06-22 06:07:03 : 94273 steps taken, and 12992 accepted.
[3 : mcmc] Progress @ 2026-06-22 06:07:07 : 95753 steps taken, and 13270 accepted.
[0 : mcmc] Progress @ 2026-06-22 06:07:10 : 94988 steps taken, and 12955 accepted.
[1 : mcmc] Progress @ 2026-06-22 06:07:10 : 95130 steps taken, and 13032 accepted.
[2 : mcmc] Progress @ 2026-06-22 06:08:04 : 94358 steps taken, and 13003 accepted.
[0 : mcmc] Progress @ 2026-06-22 06:08:10 : 95088 steps taken, and 12971 accepted.
[1 : mcmc] Progress @ 2026-06-22 06:08:11 : 95210 steps taken, and 13039 accepted.
[3 : mcmc] Progress @ 2026-06-22 06:08:13 : 95839 steps taken, and 13281 accepted.
[2 : mcmc] Progress @ 2026-06-22 06:09:11 : 94432 steps taken, and 13016 accepted.
[3 : mcmc] Progress @ 2026-06-22 06:09:13 : 95924 steps taken, and 13294 accepted.
[0 : mcmc] Progress @ 2026-06-22 06:09:14 : 95187 steps taken, and 12983 accepted.
[1 : mcmc] Progress @ 2026-06-22 06:09:14 : 95304 steps taken, and 13049 accepted.
[3 : mcmc] Progress @ 2026-06-22 06:10:14 : 96030 steps taken, and 13306 accepted.
[0 : mcmc] Progress @ 2026-06-22 06:10:14 : 95254 steps taken, and 12991 accepted.
[1 : mcmc] Progress @ 2026-06-22 06:10:14 : 95384 steps taken, and 13065 accepted.
[2 : mcmc] Progress @ 2026-06-22 06:10:14 : 94554 steps taken, and 13030 accepted.
[3 : mcmc] Progress @ 2026-06-22 06:11:14 : 96114 steps taken, and 13324 accepted.
[1 : mcmc] Progress @ 2026-06-22 06:11:14 : 95462 steps taken, and 13079 accepted.
[2 : mcmc] Progress @ 2026-06-22 06:11:14 : 94623 steps taken, and 13040 accepted.
[0 : mcmc] Progress @ 2026-06-22 06:11:19 : 95337 steps taken, and 13004 accepted.
[3 : mcmc] Progress @ 2026-06-22 06:12:14 : 96201 steps taken, and 13337 accepted.
[2 : mcmc] Progress @ 2026-06-22 06:12:15 : 94711 steps taken, and 13055 accepted.
[1 : mcmc] Progress @ 2026-06-22 06:12:18 : 95572 steps taken, and 13096 accepted.
[0 : mcmc] Progress @ 2026-06-22 06:12:24 : 95482 steps taken, and 13026 accepted.
[3 : mcmc] Progress @ 2026-06-22 06:13:14 : 96303 steps taken, and 13351 accepted.
[2 : mcmc] Progress @ 2026-06-22 06:13:15 : 94816 steps taken, and 13073 accepted.
[1 : mcmc] Progress @ 2026-06-22 06:13:19 : 95655 steps taken, and 13111 accepted.
[0 : mcmc] Progress @ 2026-06-22 06:13:27 : 95555 steps taken, and 13032 accepted.
[2 : mcmc] Progress @ 2026-06-22 06:14:16 : 94902 steps taken, and 13090 accepted.
[1 : mcmc] Progress @ 2026-06-22 06:14:20 : 95743 steps taken, and 13122 accepted.
[3 : mcmc] Progress @ 2026-06-22 06:14:21 : 96396 steps taken, and 13361 accepted.
[0 : mcmc] Progress @ 2026-06-22 06:14:33 : 95641 steps taken, and 13047 accepted.
[2 : mcmc] Progress @ 2026-06-22 06:15:17 : 94968 steps taken, and 13105 accepted.
[1 : mcmc] Progress @ 2026-06-22 06:15:21 : 95830 steps taken, and 13140 accepted.
[3 : mcmc] Progress @ 2026-06-22 06:15:29 : 96528 steps taken, and 13379 accepted.
[0 : mcmc] Progress @ 2026-06-22 06:15:34 : 95749 steps taken, and 13064 accepted.
[2 : mcmc] Progress @ 2026-06-22 06:16:20 : 95061 steps taken, and 13118 accepted.
[1 : mcmc] Progress @ 2026-06-22 06:16:24 : 95923 steps taken, and 13153 accepted.
[3 : mcmc] Progress @ 2026-06-22 06:16:34 : 96577 steps taken, and 13388 accepted.
[0 : mcmc] Progress @ 2026-06-22 06:16:34 : 95848 steps taken, and 13077 accepted.
[2 : mcmc] Progress @ 2026-06-22 06:17:20 : 95162 steps taken, and 13135 accepted.
[1 : mcmc] Progress @ 2026-06-22 06:17:29 : 96030 steps taken, and 13173 accepted.
[0 : mcmc] Progress @ 2026-06-22 06:17:34 : 95934 steps taken, and 13093 accepted.
[3 : mcmc] Progress @ 2026-06-22 06:17:39 : 96713 steps taken, and 13409 accepted.
[2 : mcmc] Progress @ 2026-06-22 06:18:22 : 95259 steps taken, and 13150 accepted.
[1 : mcmc] Progress @ 2026-06-22 06:18:29 : 96110 steps taken, and 13183 accepted.
[0 : mcmc] Progress @ 2026-06-22 06:18:34 : 96019 steps taken, and 13104 accepted.
[3 : mcmc] Progress @ 2026-06-22 06:18:44 : 96830 steps taken, and 13426 accepted.
[2 : mcmc] Progress @ 2026-06-22 06:19:24 : 95333 steps taken, and 13163 accepted.
[1 : mcmc] Progress @ 2026-06-22 06:19:30 : 96208 steps taken, and 13191 accepted.
[0 : mcmc] Progress @ 2026-06-22 06:19:36 : 96112 steps taken, and 13120 accepted.
[3 : mcmc] Progress @ 2026-06-22 06:19:46 : 96912 steps taken, and 13440 accepted.
[2 : mcmc] Progress @ 2026-06-22 06:20:24 : 95437 steps taken, and 13179 accepted.
[1 : mcmc] Learn + convergence test @ 13200 samples accepted.
[1 : mcmc] Ready to check convergence and learn a new proposal covmat (waiting for the rest...)
[1 : mcmc] Progress @ 2026-06-22 06:20:30 : 96308 steps taken, and 13205 accepted.
[0 : mcmc] Progress @ 2026-06-22 06:20:37 : 96196 steps taken, and 13131 accepted.
[3 : mcmc] Progress @ 2026-06-22 06:20:51 : 97007 steps taken, and 13455 accepted.
[2 : mcmc] Progress @ 2026-06-22 06:21:27 : 95534 steps taken, and 13195 accepted.
[1 : mcmc] Progress @ 2026-06-22 06:21:30 : 96391 steps taken, and 13218 accepted.
[0 : mcmc] Progress @ 2026-06-22 06:21:40 : 96295 steps taken, and 13146 accepted.
[3 : mcmc] Progress @ 2026-06-22 06:21:53 : 97092 steps taken, and 13465 accepted.
[2 : mcmc] Learn + convergence test @ 13200 samples accepted.
[2 : mcmc] Ready to check convergence and learn a new proposal covmat (waiting for the rest...)
[2 : mcmc] Progress @ 2026-06-22 06:22:28 : 95613 steps taken, and 13208 accepted.
[1 : mcmc] Progress @ 2026-06-22 06:22:33 : 96474 steps taken, and 13231 accepted.
[0 : mcmc] Progress @ 2026-06-22 06:22:41 : 96380 steps taken, and 13156 accepted.
[3 : mcmc] Progress @ 2026-06-22 06:22:54 : 97175 steps taken, and 13479 accepted.
[2 : mcmc] Progress @ 2026-06-22 06:23:29 : 95690 steps taken, and 13220 accepted.
[1 : mcmc] Progress @ 2026-06-22 06:23:34 : 96574 steps taken, and 13247 accepted.
[0 : mcmc] Progress @ 2026-06-22 06:23:49 : 96480 steps taken, and 13171 accepted.
[3 : mcmc] Progress @ 2026-06-22 06:24:01 : 97278 steps taken, and 13493 accepted.
[2 : mcmc] Progress @ 2026-06-22 06:24:30 : 95787 steps taken, and 13237 accepted.
[1 : mcmc] Progress @ 2026-06-22 06:24:34 : 96659 steps taken, and 13260 accepted.
[0 : mcmc] Progress @ 2026-06-22 06:24:49 : 96564 steps taken, and 13186 accepted.
[3 : mcmc] Progress @ 2026-06-22 06:25:09 : 97379 steps taken, and 13509 accepted.
[2 : mcmc] Progress @ 2026-06-22 06:25:31 : 95881 steps taken, and 13252 accepted.
[1 : mcmc] Progress @ 2026-06-22 06:25:34 : 96740 steps taken, and 13271 accepted.
[0 : mcmc] Progress @ 2026-06-22 06:25:50 : 96649 steps taken, and 13198 accepted.
[0 : mcmc] Learn + convergence test @ 13200 samples accepted.
[0 : mcmc] Ready to check convergence and learn a new proposal covmat (waiting for the rest...)
[0 : mcmc] All chains are ready to check convergence and learn a new proposal covmat
[0 : mcmc]  - Acceptance rate: 0.448 = avg([0.4426, 0.4419, 0.4542, 0.4534])
[0 : mcmc]  - Convergence of means: R-1 = 31.469749 after 53259 accepted steps = sum([13200, 13280, 13258, 13521])
[0 : mcmc] Convergence less than requested for updates: waiting until the next convergence check.
[3 : mcmc] Progress @ 2026-06-22 06:26:18 : 97482 steps taken, and 13526 accepted.
[2 : mcmc] Progress @ 2026-06-22 06:26:32 : 95961 steps taken, and 13266 accepted.
[1 : mcmc] Progress @ 2026-06-22 06:26:38 : 96861 steps taken, and 13291 accepted.
[0 : mcmc] Progress @ 2026-06-22 06:26:57 : 96739 steps taken, and 13213 accepted.
[3 : mcmc] Progress @ 2026-06-22 06:27:23 : 97570 steps taken, and 13542 accepted.
[2 : mcmc] Progress @ 2026-06-22 06:27:36 : 96040 steps taken, and 13276 accepted.
[1 : mcmc] Progress @ 2026-06-22 06:27:38 : 96955 steps taken, and 13303 accepted.
[0 : mcmc] Progress @ 2026-06-22 06:27:58 : 96829 steps taken, and 13229 accepted.
[3 : mcmc] Progress @ 2026-06-22 06:28:29 : 97662 steps taken, and 13559 accepted.
[2 : mcmc] Progress @ 2026-06-22 06:28:37 : 96148 steps taken, and 13292 accepted.
[1 : mcmc] Progress @ 2026-06-22 06:28:39 : 97063 steps taken, and 13322 accepted.
[0 : mcmc] Progress @ 2026-06-22 06:29:02 : 96930 steps taken, and 13245 accepted.
[3 : mcmc] Progress @ 2026-06-22 06:29:29 : 97761 steps taken, and 13570 accepted.
[2 : mcmc] Progress @ 2026-06-22 06:29:37 : 96254 steps taken, and 13308 accepted.
[1 : mcmc] Progress @ 2026-06-22 06:29:47 : 97152 steps taken, and 13334 accepted.
[0 : mcmc] Progress @ 2026-06-22 06:30:03 : 97015 steps taken, and 13260 accepted.
[3 : mcmc] Progress @ 2026-06-22 06:30:33 : 97853 steps taken, and 13581 accepted.
[2 : mcmc] Progress @ 2026-06-22 06:30:41 : 96341 steps taken, and 13320 accepted.
[1 : mcmc] Progress @ 2026-06-22 06:30:50 : 97251 steps taken, and 13353 accepted.
[0 : mcmc] Progress @ 2026-06-22 06:31:03 : 97095 steps taken, and 13274 accepted.
[3 : mcmc] Progress @ 2026-06-22 06:31:33 : 97949 steps taken, and 13594 accepted.
[2 : mcmc] Progress @ 2026-06-22 06:31:50 : 96436 steps taken, and 13336 accepted.
[1 : mcmc] Progress @ 2026-06-22 06:31:52 : 97340 steps taken, and 13368 accepted.
[0 : mcmc] Progress @ 2026-06-22 06:32:08 : 97198 steps taken, and 13287 accepted.
[3 : mcmc] Progress @ 2026-06-22 06:32:34 : 98032 steps taken, and 13608 accepted.
[2 : mcmc] Progress @ 2026-06-22 06:32:51 : 96517 steps taken, and 13346 accepted.
[1 : mcmc] Progress @ 2026-06-22 06:32:56 : 97448 steps taken, and 13384 accepted.
[0 : mcmc] Progress @ 2026-06-22 06:33:09 : 97282 steps taken, and 13299 accepted.
[3 : mcmc] Progress @ 2026-06-22 06:33:34 : 98133 steps taken, and 13625 accepted.
[2 : mcmc] Progress @ 2026-06-22 06:33:55 : 96631 steps taken, and 13361 accepted.
[1 : mcmc] Progress @ 2026-06-22 06:33:56 : 97521 steps taken, and 13397 accepted.
[0 : mcmc] Progress @ 2026-06-22 06:34:10 : 97368 steps taken, and 13313 accepted.
[3 : mcmc] Progress @ 2026-06-22 06:34:34 : 98252 steps taken, and 13645 accepted.
[1 : mcmc] Progress @ 2026-06-22 06:35:01 : 97609 steps taken, and 13408 accepted.
[2 : mcmc] Progress @ 2026-06-22 06:35:03 : 96733 steps taken, and 13379 accepted.
[0 : mcmc] Progress @ 2026-06-22 06:35:12 : 97461 steps taken, and 13327 accepted.
[3 : mcmc] Progress @ 2026-06-22 06:35:34 : 98335 steps taken, and 13657 accepted.
[1 : mcmc] Progress @ 2026-06-22 06:36:03 : 97702 steps taken, and 13419 accepted.
[2 : mcmc] Progress @ 2026-06-22 06:36:11 : 96828 steps taken, and 13394 accepted.
[0 : mcmc] Progress @ 2026-06-22 06:36:12 : 97567 steps taken, and 13345 accepted.
[3 : mcmc] Progress @ 2026-06-22 06:36:41 : 98435 steps taken, and 13667 accepted.
[1 : mcmc] Progress @ 2026-06-22 06:37:06 : 97779 steps taken, and 13431 accepted.
[2 : mcmc] Progress @ 2026-06-22 06:37:11 : 96909 steps taken, and 13405 accepted.
[0 : mcmc] Progress @ 2026-06-22 06:37:13 : 97654 steps taken, and 13361 accepted.
[3 : mcmc] Progress @ 2026-06-22 06:37:46 : 98516 steps taken, and 13680 accepted.
[1 : mcmc] Progress @ 2026-06-22 06:38:09 : 97874 steps taken, and 13441 accepted.
[2 : mcmc] Progress @ 2026-06-22 06:38:13 : 97000 steps taken, and 13421 accepted.
[0 : mcmc] Progress @ 2026-06-22 06:38:14 : 97740 steps taken, and 13373 accepted.
[3 : mcmc] Progress @ 2026-06-22 06:38:48 : 98612 steps taken, and 13693 accepted.
[2 : mcmc] Progress @ 2026-06-22 06:39:17 : 97105 steps taken, and 13437 accepted.
[1 : mcmc] Progress @ 2026-06-22 06:39:17 : 97998 steps taken, and 13463 accepted.
[0 : mcmc] Progress @ 2026-06-22 06:39:23 : 97832 steps taken, and 13389 accepted.
[3 : mcmc] Progress @ 2026-06-22 06:39:56 : 98722 steps taken, and 13709 accepted.
[2 : mcmc] Progress @ 2026-06-22 06:40:17 : 97166 steps taken, and 13445 accepted.
[1 : mcmc] Progress @ 2026-06-22 06:40:18 : 98097 steps taken, and 13481 accepted.
[0 : mcmc] Progress @ 2026-06-22 06:40:27 : 97931 steps taken, and 13399 accepted.
[3 : mcmc] Progress @ 2026-06-22 06:40:56 : 98814 steps taken, and 13725 accepted.
[1 : mcmc] Progress @ 2026-06-22 06:41:18 : 98189 steps taken, and 13491 accepted.
[2 : mcmc] Progress @ 2026-06-22 06:41:19 : 97259 steps taken, and 13453 accepted.
[0 : mcmc] Progress @ 2026-06-22 06:41:28 : 98020 steps taken, and 13409 accepted.
[3 : mcmc] Progress @ 2026-06-22 06:41:57 : 98908 steps taken, and 13739 accepted.
[1 : mcmc] Progress @ 2026-06-22 06:42:18 : 98279 steps taken, and 13503 accepted.
[2 : mcmc] Progress @ 2026-06-22 06:42:25 : 97366 steps taken, and 13471 accepted.
[0 : mcmc] Progress @ 2026-06-22 06:42:31 : 98125 steps taken, and 13426 accepted.
[3 : mcmc] Progress @ 2026-06-22 06:42:58 : 98996 steps taken, and 13752 accepted.
[1 : mcmc] Progress @ 2026-06-22 06:43:26 : 98371 steps taken, and 13519 accepted.
[0 : mcmc] Progress @ 2026-06-22 06:43:31 : 98213 steps taken, and 13439 accepted.
[2 : mcmc] Progress @ 2026-06-22 06:43:34 : 97461 steps taken, and 13490 accepted.
[3 : mcmc] Progress @ 2026-06-22 06:44:00 : 99114 steps taken, and 13773 accepted.
[1 : mcmc] Progress @ 2026-06-22 06:44:33 : 98490 steps taken, and 13536 accepted.
[2 : mcmc] Progress @ 2026-06-22 06:44:34 : 97539 steps taken, and 13502 accepted.
[0 : mcmc] Progress @ 2026-06-22 06:44:38 : 98285 steps taken, and 13451 accepted.
[3 : mcmc] Progress @ 2026-06-22 06:45:00 : 99192 steps taken, and 13782 accepted.
[2 : mcmc] Progress @ 2026-06-22 06:45:34 : 97621 steps taken, and 13511 accepted.
[0 : mcmc] Progress @ 2026-06-22 06:45:38 : 98391 steps taken, and 13466 accepted.
[1 : mcmc] Progress @ 2026-06-22 06:45:39 : 98578 steps taken, and 13550 accepted.
[3 : mcmc] Progress @ 2026-06-22 06:46:03 : 99302 steps taken, and 13793 accepted.
[2 : mcmc] Progress @ 2026-06-22 06:46:41 : 97727 steps taken, and 13533 accepted.
[0 : mcmc] Progress @ 2026-06-22 06:46:43 : 98506 steps taken, and 13486 accepted.
[1 : mcmc] Progress @ 2026-06-22 06:46:47 : 98657 steps taken, and 13560 accepted.
[3 : mcmc] Progress @ 2026-06-22 06:47:03 : 99397 steps taken, and 13808 accepted.
[2 : mcmc] Progress @ 2026-06-22 06:47:41 : 97813 steps taken, and 13542 accepted.
[0 : mcmc] Progress @ 2026-06-22 06:47:46 : 98575 steps taken, and 13495 accepted.
[1 : mcmc] Progress @ 2026-06-22 06:47:51 : 98759 steps taken, and 13580 accepted.
[3 : mcmc] Progress @ 2026-06-22 06:48:10 : 99475 steps taken, and 13817 accepted.
[2 : mcmc] Progress @ 2026-06-22 06:48:44 : 97879 steps taken, and 13557 accepted.
[0 : mcmc] Progress @ 2026-06-22 06:48:47 : 98661 steps taken, and 13510 accepted.
[1 : mcmc] Progress @ 2026-06-22 06:48:55 : 98849 steps taken, and 13594 accepted.
[3 : mcmc] Progress @ 2026-06-22 06:49:13 : 99583 steps taken, and 13831 accepted.
[0 : mcmc] Progress @ 2026-06-22 06:49:50 : 98780 steps taken, and 13529 accepted.
[2 : mcmc] Progress @ 2026-06-22 06:49:52 : 98005 steps taken, and 13577 accepted.
[1 : mcmc] Progress @ 2026-06-22 06:50:03 : 98957 steps taken, and 13610 accepted.
[3 : mcmc] Progress @ 2026-06-22 06:50:13 : 99691 steps taken, and 13853 accepted.
[2 : mcmc] Progress @ 2026-06-22 06:50:53 : 98094 steps taken, and 13590 accepted.
[0 : mcmc] Progress @ 2026-06-22 06:50:56 : 98860 steps taken, and 13536 accepted.
[1 : mcmc] Progress @ 2026-06-22 06:51:10 : 99031 steps taken, and 13620 accepted.
[3 : mcmc] Progress @ 2026-06-22 06:51:13 : 99775 steps taken, and 13867 accepted.
[2 : mcmc] Progress @ 2026-06-22 06:51:53 : 98175 steps taken, and 13600 accepted.
[0 : mcmc] Progress @ 2026-06-22 06:52:02 : 98970 steps taken, and 13554 accepted.
[3 : mcmc] Progress @ 2026-06-22 06:52:13 : 99858 steps taken, and 13883 accepted.
[1 : mcmc] Progress @ 2026-06-22 06:52:18 : 99170 steps taken, and 13643 accepted.
[2 : mcmc] Progress @ 2026-06-22 06:52:56 : 98270 steps taken, and 13610 accepted.
[0 : mcmc] Progress @ 2026-06-22 06:53:03 : 99058 steps taken, and 13569 accepted.
[3 : mcmc] Progress @ 2026-06-22 06:53:22 : 99960 steps taken, and 13894 accepted.
[1 : mcmc] Progress @ 2026-06-22 06:53:24 : 99224 steps taken, and 13653 accepted.
[2 : mcmc] Progress @ 2026-06-22 06:53:57 : 98359 steps taken, and 13620 accepted.
[0 : mcmc] Progress @ 2026-06-22 06:54:03 : 99137 steps taken, and 13579 accepted.
[3 : mcmc] Progress @ 2026-06-22 06:54:26 : 100059 steps taken, and 13909 accepted.
[1 : mcmc] Progress @ 2026-06-22 06:54:30 : 99346 steps taken, and 13671 accepted.
[2 : mcmc] Progress @ 2026-06-22 06:55:00 : 98458 steps taken, and 13634 accepted.
[0 : mcmc] Progress @ 2026-06-22 06:55:03 : 99235 steps taken, and 13593 accepted.
[3 : mcmc] Progress @ 2026-06-22 06:55:26 : 100142 steps taken, and 13918 accepted.
[1 : mcmc] Progress @ 2026-06-22 06:55:33 : 99441 steps taken, and 13682 accepted.
[2 : mcmc] Progress @ 2026-06-22 06:56:00 : 98557 steps taken, and 13652 accepted.
[0 : mcmc] Progress @ 2026-06-22 06:56:09 : 99330 steps taken, and 13611 accepted.
[3 : mcmc] Progress @ 2026-06-22 06:56:26 : 100252 steps taken, and 13934 accepted.
[1 : mcmc] Progress @ 2026-06-22 06:56:37 : 99531 steps taken, and 13699 accepted.
[2 : mcmc] Progress @ 2026-06-22 06:57:04 : 98671 steps taken, and 13662 accepted.
[0 : mcmc] Progress @ 2026-06-22 06:57:09 : 99429 steps taken, and 13623 accepted.
[3 : mcmc] Progress @ 2026-06-22 06:57:32 : 100333 steps taken, and 13949 accepted.
[1 : mcmc] Progress @ 2026-06-22 06:57:41 : 99604 steps taken, and 13714 accepted.
[2 : mcmc] Progress @ 2026-06-22 06:58:04 : 98758 steps taken, and 13672 accepted.
[0 : mcmc] Progress @ 2026-06-22 06:58:12 : 99512 steps taken, and 13635 accepted.
[3 : mcmc] Progress @ 2026-06-22 06:58:32 : 100424 steps taken, and 13962 accepted.
[1 : mcmc] Progress @ 2026-06-22 06:58:44 : 99705 steps taken, and 13727 accepted.
[2 : mcmc] Progress @ 2026-06-22 06:59:10 : 98878 steps taken, and 13698 accepted.
[0 : mcmc] Progress @ 2026-06-22 06:59:21 : 99614 steps taken, and 13647 accepted.
[3 : mcmc] Progress @ 2026-06-22 06:59:33 : 100526 steps taken, and 13977 accepted.
[1 : mcmc] Progress @ 2026-06-22 06:59:44 : 99790 steps taken, and 13742 accepted.
[2 : mcmc] Progress @ 2026-06-22 07:00:10 : 98956 steps taken, and 13706 accepted.
[0 : mcmc] Progress @ 2026-06-22 07:00:28 : 99702 steps taken, and 13659 accepted.
[3 : mcmc] Progress @ 2026-06-22 07:00:35 : 100618 steps taken, and 13995 accepted.
[1 : mcmc] Progress @ 2026-06-22 07:00:46 : 99882 steps taken, and 13756 accepted.
[2 : mcmc] Progress @ 2026-06-22 07:01:13 : 99053 steps taken, and 13719 accepted.
[0 : mcmc] Progress @ 2026-06-22 07:01:32 : 99804 steps taken, and 13674 accepted.
[3 : mcmc] Progress @ 2026-06-22 07:01:35 : 100712 steps taken, and 14006 accepted.
[1 : mcmc] Progress @ 2026-06-22 07:01:52 : 99988 steps taken, and 13767 accepted.
[2 : mcmc] Progress @ 2026-06-22 07:02:14 : 99115 steps taken, and 13723 accepted.
[0 : mcmc] Progress @ 2026-06-22 07:02:33 : 99899 steps taken, and 13690 accepted.
[3 : mcmc] Progress @ 2026-06-22 07:02:35 : 100795 steps taken, and 14018 accepted.
[1 : mcmc] Progress @ 2026-06-22 07:02:52 : 100066 steps taken, and 13775 accepted.
[2 : mcmc] Progress @ 2026-06-22 07:03:16 : 99287 steps taken, and 13742 accepted.
[0 : mcmc] Progress @ 2026-06-22 07:03:34 : 99984 steps taken, and 13703 accepted.
[3 : mcmc] Progress @ 2026-06-22 07:03:35 : 100876 steps taken, and 14031 accepted.
[1 : mcmc] Progress @ 2026-06-22 07:03:53 : 100151 steps taken, and 13789 accepted.
[2 : mcmc] Progress @ 2026-06-22 07:04:20 : 99364 steps taken, and 13754 accepted.
[0 : mcmc] Progress @ 2026-06-22 07:04:34 : 100062 steps taken, and 13714 accepted.
[3 : mcmc] Progress @ 2026-06-22 07:04:40 : 100979 steps taken, and 14045 accepted.
[1 : mcmc] Progress @ 2026-06-22 07:04:57 : 100256 steps taken, and 13803 accepted.
[2 : mcmc] Progress @ 2026-06-22 07:05:28 : 99468 steps taken, and 13771 accepted.
[0 : mcmc] Progress @ 2026-06-22 07:05:37 : 100157 steps taken, and 13731 accepted.
[3 : mcmc] Progress @ 2026-06-22 07:05:40 : 101067 steps taken, and 14057 accepted.
[1 : mcmc] Progress @ 2026-06-22 07:05:57 : 100349 steps taken, and 13819 accepted.
[2 : mcmc] Progress @ 2026-06-22 07:06:28 : 99560 steps taken, and 13783 accepted.
[0 : mcmc] Progress @ 2026-06-22 07:06:40 : 100255 steps taken, and 13741 accepted.
[3 : mcmc] Progress @ 2026-06-22 07:06:40 : 101146 steps taken, and 14067 accepted.
[1 : mcmc] Progress @ 2026-06-22 07:06:58 : 100440 steps taken, and 13832 accepted.
[2 : mcmc] Progress @ 2026-06-22 07:07:34 : 99652 steps taken, and 13796 accepted.
[0 : mcmc] Progress @ 2026-06-22 07:07:42 : 100341 steps taken, and 13756 accepted.
[3 : mcmc] Progress @ 2026-06-22 07:07:45 : 101248 steps taken, and 14080 accepted.
[1 : mcmc] Progress @ 2026-06-22 07:07:59 : 100528 steps taken, and 13848 accepted.
[2 : mcmc] Progress @ 2026-06-22 07:08:41 : 99779 steps taken, and 13812 accepted.
[0 : mcmc] Progress @ 2026-06-22 07:08:44 : 100437 steps taken, and 13774 accepted.
[3 : mcmc] Progress @ 2026-06-22 07:08:46 : 101334 steps taken, and 14089 accepted.
[1 : mcmc] Progress @ 2026-06-22 07:09:02 : 100620 steps taken, and 13861 accepted.
[0 : mcmc] Progress @ 2026-06-22 07:09:44 : 100515 steps taken, and 13784 accepted.
[3 : mcmc] Progress @ 2026-06-22 07:09:46 : 101468 steps taken, and 14107 accepted.
[2 : mcmc] Progress @ 2026-06-22 07:09:49 : 99887 steps taken, and 13828 accepted.
[1 : mcmc] Progress @ 2026-06-22 07:10:02 : 100703 steps taken, and 13872 accepted.
[0 : mcmc] Progress @ 2026-06-22 07:10:47 : 100609 steps taken, and 13792 accepted.
[2 : mcmc] Progress @ 2026-06-22 07:10:49 : 99986 steps taken, and 13841 accepted.
[3 : mcmc] Progress @ 2026-06-22 07:10:52 : 101530 steps taken, and 14119 accepted.
[1 : mcmc] Progress @ 2026-06-22 07:11:04 : 100799 steps taken, and 13886 accepted.
[0 : mcmc] Progress @ 2026-06-22 07:11:50 : 100706 steps taken, and 13804 accepted.
[3 : mcmc] Progress @ 2026-06-22 07:11:56 : 101637 steps taken, and 14132 accepted.
[2 : mcmc] Progress @ 2026-06-22 07:11:57 : 100078 steps taken, and 13853 accepted.
[1 : mcmc] Progress @ 2026-06-22 07:12:08 : 100891 steps taken, and 13897 accepted.
[0 : mcmc] Progress @ 2026-06-22 07:12:50 : 100789 steps taken, and 13818 accepted.
[3 : mcmc] Progress @ 2026-06-22 07:12:58 : 101723 steps taken, and 14143 accepted.
[2 : mcmc] Progress @ 2026-06-22 07:12:59 : 100175 steps taken, and 13863 accepted.
[1 : mcmc] Progress @ 2026-06-22 07:13:12 : 100994 steps taken, and 13914 accepted.
[0 : mcmc] Progress @ 2026-06-22 07:13:52 : 100882 steps taken, and 13831 accepted.
[2 : mcmc] Progress @ 2026-06-22 07:14:00 : 100269 steps taken, and 13877 accepted.
[3 : mcmc] Progress @ 2026-06-22 07:14:01 : 101838 steps taken, and 14162 accepted.
[1 : mcmc] Progress @ 2026-06-22 07:14:12 : 101073 steps taken, and 13924 accepted.
[0 : mcmc] Progress @ 2026-06-22 07:14:52 : 100965 steps taken, and 13844 accepted.
[3 : mcmc] Progress @ 2026-06-22 07:15:02 : 101934 steps taken, and 14176 accepted.
[2 : mcmc] Progress @ 2026-06-22 07:15:08 : 100378 steps taken, and 13889 accepted.
[1 : mcmc] Progress @ 2026-06-22 07:15:12 : 101194 steps taken, and 13946 accepted.
[0 : mcmc] Progress @ 2026-06-22 07:15:57 : 101060 steps taken, and 13857 accepted.
[3 : mcmc] Progress @ 2026-06-22 07:16:02 : 102043 steps taken, and 14195 accepted.
[2 : mcmc] Progress @ 2026-06-22 07:16:15 : 100476 steps taken, and 13904 accepted.
[1 : mcmc] Progress @ 2026-06-22 07:16:18 : 101259 steps taken, and 13953 accepted.
[0 : mcmc] Progress @ 2026-06-22 07:16:57 : 101144 steps taken, and 13869 accepted.
[3 : mcmc] Progress @ 2026-06-22 07:17:03 : 102122 steps taken, and 14209 accepted.
[2 : mcmc] Progress @ 2026-06-22 07:17:16 : 100575 steps taken, and 13916 accepted.
[1 : mcmc] Progress @ 2026-06-22 07:17:26 : 101385 steps taken, and 13975 accepted.
[0 : mcmc] Progress @ 2026-06-22 07:17:57 : 101212 steps taken, and 13876 accepted.
[3 : mcmc] Progress @ 2026-06-22 07:18:08 : 102220 steps taken, and 14223 accepted.
[2 : mcmc] Progress @ 2026-06-22 07:18:25 : 100684 steps taken, and 13935 accepted.
[1 : mcmc] Progress @ 2026-06-22 07:18:28 : 101477 steps taken, and 13983 accepted.
[0 : mcmc] Progress @ 2026-06-22 07:19:00 : 101319 steps taken, and 13892 accepted.
[3 : mcmc] Progress @ 2026-06-22 07:19:10 : 102337 steps taken, and 14236 accepted.
[2 : mcmc] Progress @ 2026-06-22 07:19:27 : 100784 steps taken, and 13952 accepted.
[1 : mcmc] Progress @ 2026-06-22 07:19:32 : 101580 steps taken, and 13999 accepted.
[0 : mcmc] Progress @ 2026-06-22 07:20:00 : 101379 steps taken, and 13901 accepted.
[3 : mcmc] Progress @ 2026-06-22 07:20:16 : 102453 steps taken, and 14251 accepted.
[2 : mcmc] Progress @ 2026-06-22 07:20:32 : 100849 steps taken, and 13958 accepted.
[1 : mcmc] Progress @ 2026-06-22 07:20:32 : 101667 steps taken, and 14011 accepted.
[0 : mcmc] Progress @ 2026-06-22 07:21:06 : 101490 steps taken, and 13921 accepted.
[3 : mcmc] Progress @ 2026-06-22 07:21:16 : 102547 steps taken, and 14264 accepted.
[1 : mcmc] Progress @ 2026-06-22 07:21:34 : 101756 steps taken, and 14020 accepted.
[2 : mcmc] Progress @ 2026-06-22 07:21:41 : 100957 steps taken, and 13975 accepted.
[0 : mcmc] Progress @ 2026-06-22 07:22:08 : 101598 steps taken, and 13933 accepted.
[3 : mcmc] Progress @ 2026-06-22 07:22:18 : 102649 steps taken, and 14283 accepted.
[1 : mcmc] Progress @ 2026-06-22 07:22:34 : 101841 steps taken, and 14031 accepted.
[2 : mcmc] Progress @ 2026-06-22 07:22:41 : 101049 steps taken, and 13990 accepted.
[0 : mcmc] Progress @ 2026-06-22 07:23:09 : 101691 steps taken, and 13950 accepted.
[3 : mcmc] Progress @ 2026-06-22 07:23:25 : 102721 steps taken, and 14295 accepted.
[1 : mcmc] Progress @ 2026-06-22 07:23:40 : 101951 steps taken, and 14050 accepted.
[2 : mcmc] Progress @ 2026-06-22 07:23:41 : 101157 steps taken, and 14009 accepted.
[0 : mcmc] Progress @ 2026-06-22 07:24:13 : 101773 steps taken, and 13962 accepted.
[3 : mcmc] Progress @ 2026-06-22 07:24:25 : 102830 steps taken, and 14319 accepted.
[2 : mcmc] Progress @ 2026-06-22 07:24:41 : 101252 steps taken, and 14023 accepted.
[1 : mcmc] Progress @ 2026-06-22 07:24:47 : 102049 steps taken, and 14067 accepted.
[0 : mcmc] Progress @ 2026-06-22 07:25:21 : 101872 steps taken, and 13977 accepted.
[3 : mcmc] Progress @ 2026-06-22 07:25:26 : 102917 steps taken, and 14331 accepted.
[2 : mcmc] Progress @ 2026-06-22 07:25:41 : 101346 steps taken, and 14039 accepted.
[1 : mcmc] Progress @ 2026-06-22 07:25:50 : 102133 steps taken, and 14083 accepted.
[0 : mcmc] Progress @ 2026-06-22 07:26:22 : 101962 steps taken, and 13991 accepted.
[3 : mcmc] Progress @ 2026-06-22 07:26:34 : 103028 steps taken, and 14342 accepted.
[2 : mcmc] Progress @ 2026-06-22 07:26:48 : 101432 steps taken, and 14052 accepted.
[1 : mcmc] Progress @ 2026-06-22 07:26:57 : 102206 steps taken, and 14094 accepted.
[0 : mcmc] Progress @ 2026-06-22 07:27:22 : 102047 steps taken, and 14001 accepted.
[3 : mcmc] Progress @ 2026-06-22 07:27:34 : 103109 steps taken, and 14354 accepted.
[2 : mcmc] Progress @ 2026-06-22 07:27:50 : 101534 steps taken, and 14066 accepted.
[1 : mcmc] Progress @ 2026-06-22 07:28:05 : 102327 steps taken, and 14113 accepted.
[0 : mcmc] Progress @ 2026-06-22 07:28:26 : 102148 steps taken, and 14022 accepted.
[3 : mcmc] Progress @ 2026-06-22 07:28:38 : 103196 steps taken, and 14366 accepted.
[2 : mcmc] Progress @ 2026-06-22 07:28:50 : 101625 steps taken, and 14079 accepted.
[1 : mcmc] Progress @ 2026-06-22 07:29:05 : 102425 steps taken, and 14128 accepted.
[0 : mcmc] Progress @ 2026-06-22 07:29:26 : 102234 steps taken, and 14033 accepted.
[3 : mcmc] Progress @ 2026-06-22 07:29:38 : 103302 steps taken, and 14385 accepted.
[2 : mcmc] Progress @ 2026-06-22 07:29:57 : 101733 steps taken, and 14094 accepted.
[1 : mcmc] Progress @ 2026-06-22 07:30:05 : 102517 steps taken, and 14137 accepted.
[0 : mcmc] Progress @ 2026-06-22 07:30:26 : 102315 steps taken, and 14049 accepted.
[3 : mcmc] Progress @ 2026-06-22 07:30:47 : 103369 steps taken, and 14397 accepted.
[3 : mcmc] Learn + convergence test @ 14400 samples accepted.
[3 : mcmc] Ready to check convergence and learn a new proposal covmat (waiting for the rest...)
[2 : mcmc] Progress @ 2026-06-22 07:31:03 : 101834 steps taken, and 14107 accepted.
[1 : mcmc] Progress @ 2026-06-22 07:31:05 : 102611 steps taken, and 14148 accepted.
[0 : mcmc] Progress @ 2026-06-22 07:31:31 : 102418 steps taken, and 14064 accepted.
[3 : mcmc] Progress @ 2026-06-22 07:31:48 : 103448 steps taken, and 14409 accepted.
[2 : mcmc] Progress @ 2026-06-22 07:32:04 : 101923 steps taken, and 14128 accepted.
[1 : mcmc] Progress @ 2026-06-22 07:32:09 : 102703 steps taken, and 14164 accepted.
[0 : mcmc] Progress @ 2026-06-22 07:32:33 : 102505 steps taken, and 14075 accepted.
[3 : mcmc] Progress @ 2026-06-22 07:32:55 : 103546 steps taken, and 14424 accepted.
[2 : mcmc] Progress @ 2026-06-22 07:33:05 : 102029 steps taken, and 14140 accepted.
[1 : mcmc] Progress @ 2026-06-22 07:33:11 : 102785 steps taken, and 14173 accepted.
[0 : mcmc] Progress @ 2026-06-22 07:33:35 : 102599 steps taken, and 14086 accepted.
[3 : mcmc] Progress @ 2026-06-22 07:33:59 : 103650 steps taken, and 14442 accepted.
[2 : mcmc] Progress @ 2026-06-22 07:34:05 : 102106 steps taken, and 14157 accepted.
[1 : mcmc] Progress @ 2026-06-22 07:34:11 : 102887 steps taken, and 14190 accepted.
[0 : mcmc] Progress @ 2026-06-22 07:34:36 : 102683 steps taken, and 14094 accepted.
[3 : mcmc] Progress @ 2026-06-22 07:35:02 : 103748 steps taken, and 14457 accepted.
[1 : mcmc] Progress @ 2026-06-22 07:35:11 : 102980 steps taken, and 14205 accepted.
[2 : mcmc] Progress @ 2026-06-22 07:35:11 : 102208 steps taken, and 14168 accepted.
[0 : mcmc] Progress @ 2026-06-22 07:35:36 : 102775 steps taken, and 14106 accepted.
[3 : mcmc] Progress @ 2026-06-22 07:36:02 : 103853 steps taken, and 14470 accepted.
[1 : mcmc] Progress @ 2026-06-22 07:36:11 : 103088 steps taken, and 14219 accepted.
[2 : mcmc] Progress @ 2026-06-22 07:36:16 : 102327 steps taken, and 14185 accepted.
[0 : mcmc] Progress @ 2026-06-22 07:36:37 : 102866 steps taken, and 14123 accepted.
[3 : mcmc] Progress @ 2026-06-22 07:37:02 : 103935 steps taken, and 14482 accepted.
[1 : mcmc] Progress @ 2026-06-22 07:37:11 : 103150 steps taken, and 14224 accepted.
[2 : mcmc] Progress @ 2026-06-22 07:37:24 : 102429 steps taken, and 14201 accepted.
[0 : mcmc] Progress @ 2026-06-22 07:37:44 : 102965 steps taken, and 14136 accepted.
[3 : mcmc] Progress @ 2026-06-22 07:38:02 : 104021 steps taken, and 14493 accepted.
[1 : mcmc] Progress @ 2026-06-22 07:38:14 : 103232 steps taken, and 14236 accepted.
[2 : mcmc] Progress @ 2026-06-22 07:38:24 : 102520 steps taken, and 14215 accepted.
[0 : mcmc] Progress @ 2026-06-22 07:38:47 : 103092 steps taken, and 14151 accepted.
[3 : mcmc] Progress @ 2026-06-22 07:39:04 : 104126 steps taken, and 14508 accepted.
[1 : mcmc] Progress @ 2026-06-22 07:39:22 : 103356 steps taken, and 14254 accepted.
[2 : mcmc] Progress @ 2026-06-22 07:39:24 : 102624 steps taken, and 14231 accepted.
[0 : mcmc] Progress @ 2026-06-22 07:39:50 : 103162 steps taken, and 14160 accepted.
[3 : mcmc] Progress @ 2026-06-22 07:40:06 : 104219 steps taken, and 14527 accepted.
[1 : mcmc] Progress @ 2026-06-22 07:40:22 : 103469 steps taken, and 14275 accepted.
[2 : mcmc] Progress @ 2026-06-22 07:40:25 : 102707 steps taken, and 14242 accepted.
[0 : mcmc] Progress @ 2026-06-22 07:40:50 : 103290 steps taken, and 14179 accepted.
[3 : mcmc] Progress @ 2026-06-22 07:41:06 : 104309 steps taken, and 14541 accepted.
[1 : mcmc] Progress @ 2026-06-22 07:41:26 : 103548 steps taken, and 14281 accepted.
[2 : mcmc] Progress @ 2026-06-22 07:41:32 : 102803 steps taken, and 14255 accepted.
[0 : mcmc] Progress @ 2026-06-22 07:41:50 : 103350 steps taken, and 14187 accepted.
[3 : mcmc] Progress @ 2026-06-22 07:42:06 : 104394 steps taken, and 14553 accepted.
[2 : mcmc] Progress @ 2026-06-22 07:42:32 : 102885 steps taken, and 14265 accepted.
[1 : mcmc] Progress @ 2026-06-22 07:42:33 : 103642 steps taken, and 14294 accepted.
[0 : mcmc] Progress @ 2026-06-22 07:42:50 : 103440 steps taken, and 14198 accepted.
[3 : mcmc] Progress @ 2026-06-22 07:43:09 : 104487 steps taken, and 14565 accepted.
[1 : mcmc] Progress @ 2026-06-22 07:43:37 : 103754 steps taken, and 14308 accepted.
[2 : mcmc] Progress @ 2026-06-22 07:43:39 : 103004 steps taken, and 14284 accepted.
[0 : mcmc] Progress @ 2026-06-22 07:43:56 : 103525 steps taken, and 14205 accepted.
[3 : mcmc] Progress @ 2026-06-22 07:44:11 : 104579 steps taken, and 14580 accepted.
[2 : mcmc] Progress @ 2026-06-22 07:44:39 : 103071 steps taken, and 14292 accepted.
[1 : mcmc] Progress @ 2026-06-22 07:44:42 : 103866 steps taken, and 14320 accepted.
[0 : mcmc] Progress @ 2026-06-22 07:45:02 : 103645 steps taken, and 14221 accepted.
[3 : mcmc] Progress @ 2026-06-22 07:45:11 : 104663 steps taken, and 14593 accepted.
[2 : mcmc] Progress @ 2026-06-22 07:45:41 : 103174 steps taken, and 14307 accepted.
[1 : mcmc] Progress @ 2026-06-22 07:45:45 : 103966 steps taken, and 14334 accepted.
[0 : mcmc] Progress @ 2026-06-22 07:46:03 : 103709 steps taken, and 14234 accepted.
[3 : mcmc] Progress @ 2026-06-22 07:46:19 : 104760 steps taken, and 14613 accepted.
[2 : mcmc] Progress @ 2026-06-22 07:46:43 : 103277 steps taken, and 14324 accepted.
[1 : mcmc] Progress @ 2026-06-22 07:46:52 : 104046 steps taken, and 14348 accepted.
[0 : mcmc] Progress @ 2026-06-22 07:47:11 : 103841 steps taken, and 14248 accepted.
[3 : mcmc] Progress @ 2026-06-22 07:47:20 : 104824 steps taken, and 14623 accepted.
[2 : mcmc] Progress @ 2026-06-22 07:47:43 : 103362 steps taken, and 14336 accepted.
[1 : mcmc] Progress @ 2026-06-22 07:47:52 : 104152 steps taken, and 14360 accepted.
[0 : mcmc] Progress @ 2026-06-22 07:48:17 : 103929 steps taken, and 14262 accepted.
[3 : mcmc] Progress @ 2026-06-22 07:48:25 : 104930 steps taken, and 14645 accepted.
[2 : mcmc] Progress @ 2026-06-22 07:48:44 : 103466 steps taken, and 14353 accepted.
[1 : mcmc] Progress @ 2026-06-22 07:48:53 : 104225 steps taken, and 14374 accepted.
[0 : mcmc] Progress @ 2026-06-22 07:49:22 : 104012 steps taken, and 14275 accepted.
[3 : mcmc] Progress @ 2026-06-22 07:49:26 : 105013 steps taken, and 14658 accepted.
[2 : mcmc] Progress @ 2026-06-22 07:49:45 : 103544 steps taken, and 14360 accepted.
[1 : mcmc] Progress @ 2026-06-22 07:49:59 : 104315 steps taken, and 14392 accepted.
[3 : mcmc] Progress @ 2026-06-22 07:50:27 : 105097 steps taken, and 14670 accepted.
[0 : mcmc] Progress @ 2026-06-22 07:50:28 : 104127 steps taken, and 14291 accepted.
[1 : mcmc] Learn + convergence test @ 14400 samples accepted.
[1 : mcmc] Ready to check convergence and learn a new proposal covmat (waiting for the rest...)
[2 : mcmc] Progress @ 2026-06-22 07:50:46 : 103631 steps taken, and 14370 accepted.
[1 : mcmc] Progress @ 2026-06-22 07:51:02 : 104406 steps taken, and 14408 accepted.
[3 : mcmc] Progress @ 2026-06-22 07:51:27 : 105175 steps taken, and 14685 accepted.
[0 : mcmc] Progress @ 2026-06-22 07:51:28 : 104218 steps taken, and 14306 accepted.
[2 : mcmc] Progress @ 2026-06-22 07:51:49 : 103715 steps taken, and 14386 accepted.
[1 : mcmc] Progress @ 2026-06-22 07:52:07 : 104509 steps taken, and 14425 accepted.
[3 : mcmc] Progress @ 2026-06-22 07:52:27 : 105299 steps taken, and 14713 accepted.
[0 : mcmc] Progress @ 2026-06-22 07:52:28 : 104310 steps taken, and 14326 accepted.
[2 : mcmc] Learn + convergence test @ 14400 samples accepted.
[2 : mcmc] Ready to check convergence and learn a new proposal covmat (waiting for the rest...)
[2 : mcmc] Progress @ 2026-06-22 07:52:55 : 103809 steps taken, and 14400 accepted.
[1 : mcmc] Progress @ 2026-06-22 07:53:07 : 104592 steps taken, and 14436 accepted.
[3 : mcmc] Progress @ 2026-06-22 07:53:27 : 105384 steps taken, and 14727 accepted.
[0 : mcmc] Progress @ 2026-06-22 07:53:29 : 104396 steps taken, and 14340 accepted.
[2 : mcmc] Progress @ 2026-06-22 07:53:55 : 103888 steps taken, and 14413 accepted.
[1 : mcmc] Progress @ 2026-06-22 07:54:15 : 104689 steps taken, and 14452 accepted.
[3 : mcmc] Progress @ 2026-06-22 07:54:27 : 105471 steps taken, and 14743 accepted.
[0 : mcmc] Progress @ 2026-06-22 07:54:30 : 104485 steps taken, and 14352 accepted.
[2 : mcmc] Progress @ 2026-06-22 07:54:57 : 103981 steps taken, and 14427 accepted.
[1 : mcmc] Progress @ 2026-06-22 07:55:22 : 104791 steps taken, and 14465 accepted.
[3 : mcmc] Progress @ 2026-06-22 07:55:27 : 105559 steps taken, and 14757 accepted.
[0 : mcmc] Progress @ 2026-06-22 07:55:30 : 104571 steps taken, and 14361 accepted.
[2 : mcmc] Progress @ 2026-06-22 07:56:00 : 104092 steps taken, and 14444 accepted.
[3 : mcmc] Progress @ 2026-06-22 07:56:27 : 105625 steps taken, and 14769 accepted.
[1 : mcmc] Progress @ 2026-06-22 07:56:29 : 104887 steps taken, and 14473 accepted.
[0 : mcmc] Progress @ 2026-06-22 07:56:31 : 104659 steps taken, and 14373 accepted.
[2 : mcmc] Progress @ 2026-06-22 07:57:08 : 104180 steps taken, and 14452 accepted.
[3 : mcmc] Progress @ 2026-06-22 07:57:28 : 105733 steps taken, and 14787 accepted.
[1 : mcmc] Progress @ 2026-06-22 07:57:29 : 104996 steps taken, and 14492 accepted.
[0 : mcmc] Progress @ 2026-06-22 07:57:35 : 104760 steps taken, and 14387 accepted.
[2 : mcmc] Progress @ 2026-06-22 07:58:12 : 104290 steps taken, and 14462 accepted.
[3 : mcmc] Progress @ 2026-06-22 07:58:31 : 105833 steps taken, and 14808 accepted.
[1 : mcmc] Progress @ 2026-06-22 07:58:34 : 105073 steps taken, and 14507 accepted.
[0 : mcmc] Learn + convergence test @ 14400 samples accepted.
[0 : mcmc] Ready to check convergence and learn a new proposal covmat (waiting for the rest...)
[0 : mcmc] All chains are ready to check convergence and learn a new proposal covmat
[0 : mcmc]  - Acceptance rate: 0.447 = avg([0.4423, 0.4421, 0.4504, 0.4534])
[0 : mcmc]  - Convergence of means: R-1 = 23.470411 after 58187 accepted steps = sum([14400, 14509, 14469, 14809])
[0 : mcmc]  - Updated covariance matrix of proposal pdf.
[0 : mcmc] Progress @ 2026-06-22 07:58:44 : 104837 steps taken, and 14400 accepted.
[2 : mcmc] Progress @ 2026-06-22 07:59:12 : 104407 steps taken, and 14484 accepted.
[3 : mcmc] Progress @ 2026-06-22 07:59:33 : 105921 steps taken, and 14828 accepted.
[1 : mcmc] Progress @ 2026-06-22 07:59:38 : 105159 steps taken, and 14526 accepted.
[0 : mcmc] Progress @ 2026-06-22 07:59:47 : 104941 steps taken, and 14420 accepted.
[2 : mcmc] Progress @ 2026-06-22 08:00:12 : 104516 steps taken, and 14503 accepted.
[3 : mcmc] Progress @ 2026-06-22 08:00:37 : 106064 steps taken, and 14861 accepted.
[1 : mcmc] Progress @ 2026-06-22 08:00:38 : 105293 steps taken, and 14550 accepted.
[0 : mcmc] Progress @ 2026-06-22 08:00:52 : 105034 steps taken, and 14445 accepted.
[2 : mcmc] Progress @ 2026-06-22 08:01:12 : 104579 steps taken, and 14517 accepted.
[1 : mcmc] Progress @ 2026-06-22 08:01:41 : 105383 steps taken, and 14571 accepted.
[3 : mcmc] Progress @ 2026-06-22 08:01:43 : 106144 steps taken, and 14883 accepted.
[0 : mcmc] Progress @ 2026-06-22 08:01:54 : 105160 steps taken, and 14475 accepted.
[2 : mcmc] Progress @ 2026-06-22 08:02:15 : 104692 steps taken, and 14540 accepted.
[1 : mcmc] Progress @ 2026-06-22 08:02:41 : 105471 steps taken, and 14588 accepted.
[3 : mcmc] Progress @ 2026-06-22 08:02:48 : 106239 steps taken, and 14905 accepted.
[0 : mcmc] Progress @ 2026-06-22 08:02:59 : 105294 steps taken, and 14505 accepted.
[2 : mcmc] Progress @ 2026-06-22 08:03:23 : 104782 steps taken, and 14555 accepted.
[1 : mcmc] Progress @ 2026-06-22 08:03:42 : 105622 steps taken, and 14615 accepted.
[3 : mcmc] Progress @ 2026-06-22 08:03:48 : 106369 steps taken, and 14929 accepted.
[0 : mcmc] Progress @ 2026-06-22 08:04:00 : 105399 steps taken, and 14529 accepted.
[2 : mcmc] Progress @ 2026-06-22 08:04:28 : 104923 steps taken, and 14587 accepted.
[1 : mcmc] Progress @ 2026-06-22 08:04:42 : 105680 steps taken, and 14626 accepted.
[3 : mcmc] Progress @ 2026-06-22 08:04:50 : 106469 steps taken, and 14949 accepted.
[0 : mcmc] Progress @ 2026-06-22 08:05:00 : 105495 steps taken, and 14552 accepted.
[2 : mcmc] Progress @ 2026-06-22 08:05:28 : 105032 steps taken, and 14609 accepted.
[1 : mcmc] Progress @ 2026-06-22 08:05:50 : 105882 steps taken, and 14660 accepted.
[3 : mcmc] Progress @ 2026-06-22 08:05:50 : 106565 steps taken, and 14969 accepted.
[0 : mcmc] Progress @ 2026-06-22 08:06:05 : 105605 steps taken, and 14573 accepted.
[2 : mcmc] Progress @ 2026-06-22 08:06:28 : 105122 steps taken, and 14631 accepted.
[3 : mcmc] Progress @ 2026-06-22 08:06:54 : 106679 steps taken, and 14990 accepted.
[1 : mcmc] Progress @ 2026-06-22 08:06:55 : 106003 steps taken, and 14687 accepted.
[0 : mcmc] Progress @ 2026-06-22 08:07:06 : 105688 steps taken, and 14592 accepted.
[2 : mcmc] Progress @ 2026-06-22 08:07:28 : 105210 steps taken, and 14652 accepted.
[3 : mcmc] Progress @ 2026-06-22 08:07:54 : 106802 steps taken, and 15021 accepted.
[1 : mcmc] Progress @ 2026-06-22 08:08:00 : 106114 steps taken, and 14715 accepted.
[0 : mcmc] Progress @ 2026-06-22 08:08:06 : 105829 steps taken, and 14628 accepted.
[2 : mcmc] Progress @ 2026-06-22 08:08:34 : 105312 steps taken, and 14674 accepted.
[3 : mcmc] Progress @ 2026-06-22 08:08:58 : 106919 steps taken, and 15042 accepted.
[1 : mcmc] Progress @ 2026-06-22 08:09:03 : 106224 steps taken, and 14739 accepted.
[0 : mcmc] Progress @ 2026-06-22 08:09:14 : 105937 steps taken, and 14646 accepted.
[2 : mcmc] Progress @ 2026-06-22 08:09:41 : 105419 steps taken, and 14696 accepted.
[3 : mcmc] Progress @ 2026-06-22 08:10:02 : 107033 steps taken, and 15066 accepted.
[1 : mcmc] Progress @ 2026-06-22 08:10:05 : 106354 steps taken, and 14774 accepted.
[0 : mcmc] Progress @ 2026-06-22 08:10:21 : 106078 steps taken, and 14677 accepted.
[2 : mcmc] Progress @ 2026-06-22 08:10:41 : 105500 steps taken, and 14714 accepted.
[1 : mcmc] Progress @ 2026-06-22 08:11:05 : 106437 steps taken, and 14795 accepted.
[3 : mcmc] Progress @ 2026-06-22 08:11:06 : 107148 steps taken, and 15090 accepted.
[0 : mcmc] Progress @ 2026-06-22 08:11:27 : 106170 steps taken, and 14697 accepted.
[2 : mcmc] Progress @ 2026-06-22 08:11:46 : 105656 steps taken, and 14746 accepted.
[3 : mcmc] Progress @ 2026-06-22 08:12:06 : 107278 steps taken, and 15120 accepted.
[1 : mcmc] Progress @ 2026-06-22 08:12:14 : 106524 steps taken, and 14819 accepted.
[0 : mcmc] Progress @ 2026-06-22 08:12:30 : 106272 steps taken, and 14722 accepted.
[2 : mcmc] Progress @ 2026-06-22 08:12:49 : 105746 steps taken, and 14762 accepted.
[3 : mcmc] Progress @ 2026-06-22 08:13:06 : 107375 steps taken, and 15140 accepted.
[1 : mcmc] Progress @ 2026-06-22 08:13:14 : 106622 steps taken, and 14845 accepted.
[0 : mcmc] Progress @ 2026-06-22 08:13:33 : 106355 steps taken, and 14739 accepted.
[2 : mcmc] Progress @ 2026-06-22 08:13:49 : 105852 steps taken, and 14785 accepted.
[3 : mcmc] Progress @ 2026-06-22 08:14:10 : 107494 steps taken, and 15162 accepted.
[1 : mcmc] Progress @ 2026-06-22 08:14:20 : 106756 steps taken, and 14872 accepted.
[0 : mcmc] Progress @ 2026-06-22 08:14:36 : 106477 steps taken, and 14768 accepted.
[2 : mcmc] Progress @ 2026-06-22 08:14:51 : 105954 steps taken, and 14808 accepted.
[3 : mcmc] Progress @ 2026-06-22 08:15:15 : 107594 steps taken, and 15185 accepted.
[1 : mcmc] Progress @ 2026-06-22 08:15:25 : 106860 steps taken, and 14892 accepted.
[0 : mcmc] Progress @ 2026-06-22 08:15:36 : 106593 steps taken, and 14795 accepted.
[2 : mcmc] Progress @ 2026-06-22 08:15:52 : 106026 steps taken, and 14822 accepted.
[3 : mcmc] Progress @ 2026-06-22 08:16:17 : 107772 steps taken, and 15218 accepted.
[1 : mcmc] Progress @ 2026-06-22 08:16:25 : 106960 steps taken, and 14908 accepted.
[0 : mcmc] Progress @ 2026-06-22 08:16:38 : 106717 steps taken, and 14821 accepted.
[2 : mcmc] Progress @ 2026-06-22 08:16:52 : 106170 steps taken, and 14853 accepted.
[3 : mcmc] Progress @ 2026-06-22 08:17:18 : 107899 steps taken, and 15236 accepted.
[1 : mcmc] Progress @ 2026-06-22 08:17:26 : 107115 steps taken, and 14940 accepted.
[0 : mcmc] Progress @ 2026-06-22 08:17:38 : 106825 steps taken, and 14842 accepted.
[2 : mcmc] Progress @ 2026-06-22 08:17:58 : 106224 steps taken, and 14868 accepted.
[3 : mcmc] Progress @ 2026-06-22 08:18:26 : 108070 steps taken, and 15272 accepted.
[1 : mcmc] Progress @ 2026-06-22 08:18:29 : 107221 steps taken, and 14968 accepted.
[0 : mcmc] Progress @ 2026-06-22 08:18:38 : 107016 steps taken, and 14881 accepted.
[2 : mcmc] Progress @ 2026-06-22 08:19:02 : 106338 steps taken, and 14896 accepted.
[3 : mcmc] Progress @ 2026-06-22 08:19:31 : 108136 steps taken, and 15285 accepted.
[1 : mcmc] Progress @ 2026-06-22 08:19:31 : 107345 steps taken, and 14993 accepted.
[0 : mcmc] Progress @ 2026-06-22 08:19:39 : 107113 steps taken, and 14901 accepted.
[2 : mcmc] Progress @ 2026-06-22 08:20:08 : 106489 steps taken, and 14928 accepted.
[3 : mcmc] Progress @ 2026-06-22 08:20:31 : 108339 steps taken, and 15314 accepted.
[1 : mcmc] Progress @ 2026-06-22 08:20:35 : 107450 steps taken, and 15014 accepted.
[0 : mcmc] Progress @ 2026-06-22 08:20:43 : 107195 steps taken, and 14915 accepted.
[2 : mcmc] Progress @ 2026-06-22 08:21:09 : 106617 steps taken, and 14946 accepted.
[3 : mcmc] Progress @ 2026-06-22 08:21:33 : 108447 steps taken, and 15338 accepted.
[1 : mcmc] Progress @ 2026-06-22 08:21:36 : 107552 steps taken, and 15036 accepted.
[0 : mcmc] Progress @ 2026-06-22 08:21:48 : 107313 steps taken, and 14939 accepted.
[2 : mcmc] Progress @ 2026-06-22 08:22:09 : 106724 steps taken, and 14969 accepted.
[3 : mcmc] Progress @ 2026-06-22 08:22:33 : 108537 steps taken, and 15358 accepted.
[1 : mcmc] Progress @ 2026-06-22 08:22:39 : 107650 steps taken, and 15053 accepted.
[0 : mcmc] Progress @ 2026-06-22 08:22:49 : 107414 steps taken, and 14963 accepted.
[2 : mcmc] Progress @ 2026-06-22 08:23:09 : 106830 steps taken, and 14994 accepted.
[1 : mcmc] Progress @ 2026-06-22 08:23:39 : 107787 steps taken, and 15082 accepted.
[3 : mcmc] Progress @ 2026-06-22 08:23:40 : 108690 steps taken, and 15382 accepted.
[0 : mcmc] Progress @ 2026-06-22 08:23:51 : 107529 steps taken, and 14984 accepted.
[2 : mcmc] Progress @ 2026-06-22 08:24:16 : 106938 steps taken, and 15011 accepted.
[1 : mcmc] Progress @ 2026-06-22 08:24:42 : 107865 steps taken, and 15099 accepted.
[3 : mcmc] Progress @ 2026-06-22 08:24:44 : 108782 steps taken, and 15402 accepted.
[0 : mcmc] Progress @ 2026-06-22 08:24:55 : 107648 steps taken, and 15011 accepted.
[2 : mcmc] Progress @ 2026-06-22 08:25:16 : 107080 steps taken, and 15037 accepted.
[1 : mcmc] Progress @ 2026-06-22 08:25:42 : 108025 steps taken, and 15128 accepted.
[3 : mcmc] Progress @ 2026-06-22 08:25:44 : 108887 steps taken, and 15427 accepted.
[0 : mcmc] Progress @ 2026-06-22 08:25:55 : 107749 steps taken, and 15034 accepted.
[2 : mcmc] Progress @ 2026-06-22 08:26:17 : 107185 steps taken, and 15055 accepted.
[1 : mcmc] Progress @ 2026-06-22 08:26:50 : 108197 steps taken, and 15158 accepted.
[3 : mcmc] Progress @ 2026-06-22 08:26:52 : 109009 steps taken, and 15459 accepted.
[0 : mcmc] Progress @ 2026-06-22 08:26:59 : 107872 steps taken, and 15064 accepted.
[2 : mcmc] Progress @ 2026-06-22 08:27:23 : 107305 steps taken, and 15080 accepted.
[1 : mcmc] Progress @ 2026-06-22 08:27:52 : 108291 steps taken, and 15178 accepted.
[3 : mcmc] Progress @ 2026-06-22 08:27:52 : 109123 steps taken, and 15481 accepted.
[0 : mcmc] Progress @ 2026-06-22 08:28:07 : 107987 steps taken, and 15093 accepted.
[2 : mcmc] Progress @ 2026-06-22 08:28:29 : 107400 steps taken, and 15103 accepted.
[1 : mcmc] Progress @ 2026-06-22 08:28:52 : 108431 steps taken, and 15206 accepted.
[3 : mcmc] Progress @ 2026-06-22 08:28:57 : 109224 steps taken, and 15505 accepted.
[0 : mcmc] Progress @ 2026-06-22 08:29:09 : 108107 steps taken, and 15115 accepted.
[2 : mcmc] Progress @ 2026-06-22 08:29:32 : 107493 steps taken, and 15119 accepted.
[1 : mcmc] Progress @ 2026-06-22 08:29:57 : 108541 steps taken, and 15230 accepted.
[3 : mcmc] Progress @ 2026-06-22 08:29:57 : 109314 steps taken, and 15527 accepted.
[0 : mcmc] Progress @ 2026-06-22 08:30:15 : 108190 steps taken, and 15135 accepted.
[2 : mcmc] Progress @ 2026-06-22 08:30:38 : 107646 steps taken, and 15154 accepted.
[3 : mcmc] Progress @ 2026-06-22 08:30:58 : 109393 steps taken, and 15540 accepted.
[1 : mcmc] Progress @ 2026-06-22 08:30:59 : 108639 steps taken, and 15254 accepted.
[0 : mcmc] Progress @ 2026-06-22 08:31:16 : 108291 steps taken, and 15160 accepted.
[2 : mcmc] Progress @ 2026-06-22 08:31:39 : 107745 steps taken, and 15175 accepted.
[1 : mcmc] Progress @ 2026-06-22 08:32:04 : 108753 steps taken, and 15280 accepted.
[3 : mcmc] Progress @ 2026-06-22 08:32:06 : 109493 steps taken, and 15565 accepted.
[0 : mcmc] Progress @ 2026-06-22 08:32:24 : 108389 steps taken, and 15183 accepted.
[2 : mcmc] Progress @ 2026-06-22 08:32:39 : 107849 steps taken, and 15196 accepted.
[1 : mcmc] Progress @ 2026-06-22 08:33:09 : 108847 steps taken, and 15300 accepted.
[3 : mcmc] Progress @ 2026-06-22 08:33:13 : 109618 steps taken, and 15590 accepted.
[0 : mcmc] Progress @ 2026-06-22 08:33:24 : 108516 steps taken, and 15211 accepted.
[2 : mcmc] Progress @ 2026-06-22 08:33:39 : 107965 steps taken, and 15217 accepted.
[3 : mcmc] Learn + convergence test @ 15600 samples accepted.
[3 : mcmc] Ready to check convergence and learn a new proposal covmat (waiting for the rest...)
[1 : mcmc] Progress @ 2026-06-22 08:34:09 : 108974 steps taken, and 15324 accepted.
[3 : mcmc] Progress @ 2026-06-22 08:34:14 : 109702 steps taken, and 15609 accepted.
[0 : mcmc] Progress @ 2026-06-22 08:34:30 : 108671 steps taken, and 15242 accepted.
[2 : mcmc] Progress @ 2026-06-22 08:34:41 : 108063 steps taken, and 15239 accepted.
[1 : mcmc] Progress @ 2026-06-22 08:35:11 : 109077 steps taken, and 15345 accepted.
[3 : mcmc] Progress @ 2026-06-22 08:35:14 : 109806 steps taken, and 15632 accepted.
[0 : mcmc] Progress @ 2026-06-22 08:35:33 : 108774 steps taken, and 15266 accepted.
[2 : mcmc] Progress @ 2026-06-22 08:35:41 : 108151 steps taken, and 15262 accepted.
[3 : mcmc] Progress @ 2026-06-22 08:36:14 : 109892 steps taken, and 15651 accepted.
[1 : mcmc] Progress @ 2026-06-22 08:36:18 : 109170 steps taken, and 15366 accepted.
[0 : mcmc] Progress @ 2026-06-22 08:36:35 : 108906 steps taken, and 15293 accepted.
[2 : mcmc] Progress @ 2026-06-22 08:36:43 : 108255 steps taken, and 15283 accepted.
[3 : mcmc] Progress @ 2026-06-22 08:37:17 : 110069 steps taken, and 15680 accepted.
[1 : mcmc] Progress @ 2026-06-22 08:37:22 : 109273 steps taken, and 15381 accepted.
[2 : mcmc] Progress @ 2026-06-22 08:37:43 : 108347 steps taken, and 15304 accepted.
[0 : mcmc] Progress @ 2026-06-22 08:37:43 : 108999 steps taken, and 15317 accepted.
[3 : mcmc] Progress @ 2026-06-22 08:38:19 : 110150 steps taken, and 15700 accepted.
[1 : mcmc] Progress @ 2026-06-22 08:38:30 : 109396 steps taken, and 15399 accepted.
[2 : mcmc] Progress @ 2026-06-22 08:38:43 : 108434 steps taken, and 15322 accepted.
[0 : mcmc] Progress @ 2026-06-22 08:38:50 : 109117 steps taken, and 15345 accepted.
[3 : mcmc] Progress @ 2026-06-22 08:39:21 : 110247 steps taken, and 15722 accepted.
[1 : mcmc] Progress @ 2026-06-22 08:39:38 : 109587 steps taken, and 15436 accepted.
[2 : mcmc] Progress @ 2026-06-22 08:39:49 : 108552 steps taken, and 15344 accepted.
[0 : mcmc] Progress @ 2026-06-22 08:39:52 : 109238 steps taken, and 15370 accepted.
[3 : mcmc] Progress @ 2026-06-22 08:40:26 : 110358 steps taken, and 15750 accepted.
[1 : mcmc] Progress @ 2026-06-22 08:40:38 : 109684 steps taken, and 15451 accepted.
[0 : mcmc] Progress @ 2026-06-22 08:40:57 : 109406 steps taken, and 15406 accepted.
[2 : mcmc] Progress @ 2026-06-22 08:40:57 : 108711 steps taken, and 15375 accepted.
[3 : mcmc] Progress @ 2026-06-22 08:41:27 : 110485 steps taken, and 15779 accepted.
[1 : mcmc] Progress @ 2026-06-22 08:41:41 : 109800 steps taken, and 15480 accepted.
[0 : mcmc] Progress @ 2026-06-22 08:41:57 : 109569 steps taken, and 15433 accepted.
[2 : mcmc] Progress @ 2026-06-22 08:42:01 : 108823 steps taken, and 15398 accepted.
[3 : mcmc] Progress @ 2026-06-22 08:42:27 : 110608 steps taken, and 15798 accepted.
[1 : mcmc] Progress @ 2026-06-22 08:42:42 : 109912 steps taken, and 15505 accepted.
[0 : mcmc] Progress @ 2026-06-22 08:43:05 : 109668 steps taken, and 15455 accepted.
[2 : mcmc] Progress @ 2026-06-22 08:43:06 : 108954 steps taken, and 15432 accepted.
[3 : mcmc] Progress @ 2026-06-22 08:43:27 : 110698 steps taken, and 15818 accepted.
[1 : mcmc] Progress @ 2026-06-22 08:43:43 : 109985 steps taken, and 15521 accepted.
[0 : mcmc] Progress @ 2026-06-22 08:44:08 : 109772 steps taken, and 15483 accepted.
[2 : mcmc] Progress @ 2026-06-22 08:44:10 : 109016 steps taken, and 15446 accepted.
[3 : mcmc] Progress @ 2026-06-22 08:44:28 : 110804 steps taken, and 15833 accepted.
[1 : mcmc] Progress @ 2026-06-22 08:44:51 : 110116 steps taken, and 15550 accepted.
[2 : mcmc] Progress @ 2026-06-22 08:45:11 : 109201 steps taken, and 15493 accepted.
[0 : mcmc] Progress @ 2026-06-22 08:45:13 : 109885 steps taken, and 15509 accepted.
[3 : mcmc] Progress @ 2026-06-22 08:45:31 : 110919 steps taken, and 15856 accepted.
[1 : mcmc] Progress @ 2026-06-22 08:45:51 : 110253 steps taken, and 15576 accepted.
[2 : mcmc] Progress @ 2026-06-22 08:46:17 : 109279 steps taken, and 15510 accepted.
[0 : mcmc] Progress @ 2026-06-22 08:46:21 : 109995 steps taken, and 15538 accepted.
[3 : mcmc] Progress @ 2026-06-22 08:46:33 : 111025 steps taken, and 15877 accepted.
[1 : mcmc] Progress @ 2026-06-22 08:46:51 : 110348 steps taken, and 15598 accepted.
[1 : mcmc] Learn + convergence test @ 15600 samples accepted.
[1 : mcmc] Ready to check convergence and learn a new proposal covmat (waiting for the rest...)
[0 : mcmc] Progress @ 2026-06-22 08:47:24 : 110103 steps taken, and 15562 accepted.
[2 : mcmc] Progress @ 2026-06-22 08:47:24 : 109364 steps taken, and 15534 accepted.
[3 : mcmc] Progress @ 2026-06-22 08:47:34 : 111129 steps taken, and 15896 accepted.
[1 : mcmc] Progress @ 2026-06-22 08:47:55 : 110480 steps taken, and 15632 accepted.
[0 : mcmc] Progress @ 2026-06-22 08:48:24 : 110236 steps taken, and 15587 accepted.
[2 : mcmc] Progress @ 2026-06-22 08:48:25 : 109508 steps taken, and 15561 accepted.
[3 : mcmc] Progress @ 2026-06-22 08:48:34 : 111254 steps taken, and 15923 accepted.
[0 : mcmc] Learn + convergence test @ 15600 samples accepted.
[0 : mcmc] Ready to check convergence and learn a new proposal covmat (waiting for the rest...)
[1 : mcmc] Progress @ 2026-06-22 08:49:00 : 110598 steps taken, and 15658 accepted.
[0 : mcmc] Progress @ 2026-06-22 08:49:24 : 110386 steps taken, and 15617 accepted.
[2 : mcmc] Progress @ 2026-06-22 08:49:27 : 109570 steps taken, and 15573 accepted.
[3 : mcmc] Progress @ 2026-06-22 08:49:36 : 111360 steps taken, and 15947 accepted.
[1 : mcmc] Progress @ 2026-06-22 08:50:01 : 110700 steps taken, and 15680 accepted.
[2 : mcmc] Progress @ 2026-06-22 08:50:29 : 109703 steps taken, and 15599 accepted.
[2 : mcmc] Learn + convergence test @ 15600 samples accepted.
[2 : mcmc] Ready to check convergence and learn a new proposal covmat (waiting for the rest...)
[0 : mcmc] Progress @ 2026-06-22 08:50:30 : 110497 steps taken, and 15645 accepted.
[0 : mcmc] All chains are ready to check convergence and learn a new proposal covmat
[0 : mcmc]  - Acceptance rate: 0.468 = avg([0.4668, 0.4632, 0.4712, 0.4708])
[0 : mcmc]  - Convergence of means: R-1 = 9.968772 after 62903 accepted steps = sum([15646, 15688, 15600, 15969])
[0 : mcmc]  - Updated covariance matrix of proposal pdf.
[3 : mcmc] Progress @ 2026-06-22 08:50:44 : 111460 steps taken, and 15970 accepted.
[1 : mcmc] Progress @ 2026-06-22 08:51:01 : 110832 steps taken, and 15705 accepted.
[0 : mcmc] Progress @ 2026-06-22 08:51:33 : 110594 steps taken, and 15662 accepted.
[2 : mcmc] Progress @ 2026-06-22 08:51:34 : 109797 steps taken, and 15621 accepted.
[3 : mcmc] Progress @ 2026-06-22 08:51:51 : 111576 steps taken, and 15997 accepted.
[1 : mcmc] Progress @ 2026-06-22 08:52:01 : 110890 steps taken, and 15716 accepted.
[0 : mcmc] Progress @ 2026-06-22 08:52:36 : 110732 steps taken, and 15693 accepted.
[2 : mcmc] Progress @ 2026-06-22 08:52:38 : 109899 steps taken, and 15637 accepted.
[3 : mcmc] Progress @ 2026-06-22 08:52:59 : 111721 steps taken, and 16025 accepted.
[1 : mcmc] Progress @ 2026-06-22 08:53:04 : 111002 steps taken, and 15738 accepted.
[0 : mcmc] Progress @ 2026-06-22 08:53:37 : 110809 steps taken, and 15704 accepted.
[2 : mcmc] Progress @ 2026-06-22 08:53:39 : 110000 steps taken, and 15656 accepted.
[3 : mcmc] Progress @ 2026-06-22 08:54:02 : 111822 steps taken, and 16045 accepted.
[1 : mcmc] Progress @ 2026-06-22 08:54:07 : 111120 steps taken, and 15763 accepted.
[0 : mcmc] Progress @ 2026-06-22 08:54:44 : 110946 steps taken, and 15734 accepted.
[2 : mcmc] Progress @ 2026-06-22 08:54:45 : 110074 steps taken, and 15674 accepted.
[1 : mcmc] Progress @ 2026-06-22 08:55:07 : 111232 steps taken, and 15789 accepted.
[3 : mcmc] Progress @ 2026-06-22 08:55:11 : 111938 steps taken, and 16071 accepted.
[2 : mcmc] Progress @ 2026-06-22 08:55:46 : 110169 steps taken, and 15694 accepted.
[0 : mcmc] Progress @ 2026-06-22 08:55:49 : 111046 steps taken, and 15758 accepted.
[1 : mcmc] Progress @ 2026-06-22 08:56:07 : 111319 steps taken, and 15806 accepted.
[3 : mcmc] Progress @ 2026-06-22 08:56:11 : 112011 steps taken, and 16087 accepted.
[2 : mcmc] Progress @ 2026-06-22 08:56:47 : 110305 steps taken, and 15719 accepted.
[0 : mcmc] Progress @ 2026-06-22 08:56:54 : 111146 steps taken, and 15779 accepted.
[1 : mcmc] Progress @ 2026-06-22 08:57:10 : 111405 steps taken, and 15823 accepted.
[3 : mcmc] Progress @ 2026-06-22 08:57:11 : 112116 steps taken, and 16106 accepted.
[2 : mcmc] Progress @ 2026-06-22 08:57:54 : 110411 steps taken, and 15743 accepted.
[0 : mcmc] Progress @ 2026-06-22 08:57:56 : 111258 steps taken, and 15804 accepted.
[1 : mcmc] Progress @ 2026-06-22 08:58:10 : 111547 steps taken, and 15849 accepted.
[3 : mcmc] Progress @ 2026-06-22 08:58:13 : 112217 steps taken, and 16127 accepted.
[2 : mcmc] Progress @ 2026-06-22 08:58:56 : 110489 steps taken, and 15754 accepted.
[0 : mcmc] Progress @ 2026-06-22 08:59:05 : 111355 steps taken, and 15823 accepted.
[1 : mcmc] Progress @ 2026-06-22 08:59:10 : 111622 steps taken, and 15867 accepted.
[3 : mcmc] Progress @ 2026-06-22 08:59:14 : 112387 steps taken, and 16159 accepted.
[2 : mcmc] Progress @ 2026-06-22 08:59:56 : 110585 steps taken, and 15775 accepted.
[1 : mcmc] Progress @ 2026-06-22 09:00:10 : 111746 steps taken, and 15893 accepted.
[0 : mcmc] Progress @ 2026-06-22 09:00:14 : 111508 steps taken, and 15855 accepted.
[3 : mcmc] Progress @ 2026-06-22 09:00:19 : 112514 steps taken, and 16182 accepted.
[2 : mcmc] Progress @ 2026-06-22 09:00:56 : 110704 steps taken, and 15804 accepted.
[1 : mcmc] Progress @ 2026-06-22 09:01:12 : 111849 steps taken, and 15912 accepted.
[0 : mcmc] Progress @ 2026-06-22 09:01:15 : 111587 steps taken, and 15871 accepted.
[3 : mcmc] Progress @ 2026-06-22 09:01:26 : 112627 steps taken, and 16204 accepted.
[2 : mcmc] Progress @ 2026-06-22 09:01:57 : 110821 steps taken, and 15830 accepted.
[0 : mcmc] Progress @ 2026-06-22 09:02:16 : 111724 steps taken, and 15902 accepted.
[1 : mcmc] Progress @ 2026-06-22 09:02:17 : 111940 steps taken, and 15927 accepted.
[3 : mcmc] Progress @ 2026-06-22 09:02:33 : 112805 steps taken, and 16241 accepted.
[2 : mcmc] Progress @ 2026-06-22 09:02:58 : 110976 steps taken, and 15862 accepted.
[0 : mcmc] Progress @ 2026-06-22 09:03:16 : 111833 steps taken, and 15925 accepted.
[1 : mcmc] Progress @ 2026-06-22 09:03:19 : 112067 steps taken, and 15955 accepted.
[3 : mcmc] Progress @ 2026-06-22 09:03:38 : 112894 steps taken, and 16263 accepted.
[2 : mcmc] Progress @ 2026-06-22 09:04:00 : 111103 steps taken, and 15884 accepted.
[1 : mcmc] Progress @ 2026-06-22 09:04:19 : 112167 steps taken, and 15974 accepted.
[0 : mcmc] Progress @ 2026-06-22 09:04:24 : 111962 steps taken, and 15943 accepted.
[3 : mcmc] Progress @ 2026-06-22 09:04:46 : 112975 steps taken, and 16281 accepted.
[2 : mcmc] Progress @ 2026-06-22 09:05:07 : 111210 steps taken, and 15907 accepted.
[1 : mcmc] Progress @ 2026-06-22 09:05:21 : 112262 steps taken, and 15998 accepted.
[0 : mcmc] Progress @ 2026-06-22 09:05:30 : 112090 steps taken, and 15961 accepted.
[3 : mcmc] Progress @ 2026-06-22 09:05:46 : 113100 steps taken, and 16309 accepted.
[2 : mcmc] Progress @ 2026-06-22 09:06:13 : 111291 steps taken, and 15926 accepted.
[1 : mcmc] Progress @ 2026-06-22 09:06:21 : 112389 steps taken, and 16026 accepted.
[0 : mcmc] Progress @ 2026-06-22 09:06:30 : 112173 steps taken, and 15979 accepted.
[3 : mcmc] Progress @ 2026-06-22 09:06:46 : 113156 steps taken, and 16320 accepted.
[2 : mcmc] Progress @ 2026-06-22 09:07:16 : 111388 steps taken, and 15947 accepted.
[1 : mcmc] Progress @ 2026-06-22 09:07:24 : 112481 steps taken, and 16043 accepted.
[0 : mcmc] Progress @ 2026-06-22 09:07:30 : 112313 steps taken, and 16007 accepted.
[3 : mcmc] Progress @ 2026-06-22 09:07:50 : 113237 steps taken, and 16341 accepted.
[2 : mcmc] Progress @ 2026-06-22 09:08:18 : 111472 steps taken, and 15964 accepted.
[1 : mcmc] Progress @ 2026-06-22 09:08:27 : 112580 steps taken, and 16062 accepted.
[0 : mcmc] Progress @ 2026-06-22 09:08:33 : 112385 steps taken, and 16027 accepted.
[3 : mcmc] Progress @ 2026-06-22 09:08:53 : 113402 steps taken, and 16377 accepted.
[2 : mcmc] Progress @ 2026-06-22 09:09:19 : 111563 steps taken, and 15984 accepted.
[1 : mcmc] Progress @ 2026-06-22 09:09:36 : 112758 steps taken, and 16096 accepted.
[0 : mcmc] Progress @ 2026-06-22 09:09:41 : 112518 steps taken, and 16049 accepted.
[3 : mcmc] Progress @ 2026-06-22 09:09:57 : 113498 steps taken, and 16396 accepted.
[2 : mcmc] Progress @ 2026-06-22 09:10:19 : 111707 steps taken, and 16014 accepted.
[1 : mcmc] Progress @ 2026-06-22 09:10:44 : 112915 steps taken, and 16124 accepted.
[0 : mcmc] Progress @ 2026-06-22 09:10:46 : 112664 steps taken, and 16083 accepted.
[3 : mcmc] Progress @ 2026-06-22 09:11:01 : 113629 steps taken, and 16423 accepted.
[2 : mcmc] Progress @ 2026-06-22 09:11:19 : 111788 steps taken, and 16033 accepted.
[1 : mcmc] Progress @ 2026-06-22 09:11:50 : 113042 steps taken, and 16147 accepted.
[0 : mcmc] Progress @ 2026-06-22 09:11:55 : 112800 steps taken, and 16113 accepted.
[3 : mcmc] Progress @ 2026-06-22 09:12:02 : 113741 steps taken, and 16444 accepted.
[2 : mcmc] Progress @ 2026-06-22 09:12:19 : 111871 steps taken, and 16051 accepted.
[1 : mcmc] Progress @ 2026-06-22 09:12:51 : 113154 steps taken, and 16174 accepted.
[0 : mcmc] Progress @ 2026-06-22 09:13:02 : 112914 steps taken, and 16138 accepted.
[3 : mcmc] Progress @ 2026-06-22 09:13:08 : 113870 steps taken, and 16473 accepted.
[2 : mcmc] Progress @ 2026-06-22 09:13:19 : 111985 steps taken, and 16074 accepted.
[1 : mcmc] Progress @ 2026-06-22 09:13:53 : 113239 steps taken, and 16194 accepted.
[0 : mcmc] Progress @ 2026-06-22 09:14:03 : 112978 steps taken, and 16154 accepted.
[3 : mcmc] Progress @ 2026-06-22 09:14:08 : 113977 steps taken, and 16498 accepted.
[2 : mcmc] Progress @ 2026-06-22 09:14:27 : 112094 steps taken, and 16099 accepted.
[1 : mcmc] Progress @ 2026-06-22 09:14:53 : 113389 steps taken, and 16231 accepted.
[0 : mcmc] Progress @ 2026-06-22 09:15:04 : 113100 steps taken, and 16180 accepted.
[3 : mcmc] Progress @ 2026-06-22 09:15:08 : 114053 steps taken, and 16515 accepted.
[2 : mcmc] Progress @ 2026-06-22 09:15:28 : 112218 steps taken, and 16120 accepted.
[1 : mcmc] Progress @ 2026-06-22 09:15:56 : 113528 steps taken, and 16260 accepted.
[0 : mcmc] Progress @ 2026-06-22 09:16:04 : 113248 steps taken, and 16213 accepted.
[3 : mcmc] Progress @ 2026-06-22 09:16:08 : 114146 steps taken, and 16538 accepted.
[2 : mcmc] Progress @ 2026-06-22 09:16:32 : 112319 steps taken, and 16141 accepted.
[1 : mcmc] Progress @ 2026-06-22 09:16:58 : 113644 steps taken, and 16282 accepted.
[0 : mcmc] Progress @ 2026-06-22 09:17:10 : 113398 steps taken, and 16247 accepted.
[3 : mcmc] Progress @ 2026-06-22 09:17:12 : 114333 steps taken, and 16576 accepted.
[2 : mcmc] Progress @ 2026-06-22 09:17:37 : 112431 steps taken, and 16165 accepted.
[1 : mcmc] Progress @ 2026-06-22 09:18:06 : 113744 steps taken, and 16306 accepted.
[0 : mcmc] Progress @ 2026-06-22 09:18:11 : 113492 steps taken, and 16271 accepted.
[3 : mcmc] Progress @ 2026-06-22 09:18:12 : 114481 steps taken, and 16602 accepted.
[2 : mcmc] Progress @ 2026-06-22 09:18:40 : 112581 steps taken, and 16185 accepted.
[1 : mcmc] Progress @ 2026-06-22 09:19:10 : 113907 steps taken, and 16336 accepted.
[3 : mcmc] Progress @ 2026-06-22 09:19:12 : 114572 steps taken, and 16626 accepted.
[0 : mcmc] Progress @ 2026-06-22 09:19:16 : 113583 steps taken, and 16289 accepted.
[2 : mcmc] Progress @ 2026-06-22 09:19:45 : 112694 steps taken, and 16209 accepted.
[1 : mcmc] Progress @ 2026-06-22 09:20:12 : 114018 steps taken, and 16360 accepted.
[3 : mcmc] Progress @ 2026-06-22 09:20:12 : 114694 steps taken, and 16653 accepted.
[0 : mcmc] Progress @ 2026-06-22 09:20:20 : 113707 steps taken, and 16321 accepted.
[2 : mcmc] Progress @ 2026-06-22 09:20:48 : 112840 steps taken, and 16239 accepted.
[3 : mcmc] Progress @ 2026-06-22 09:21:15 : 114778 steps taken, and 16671 accepted.
[1 : mcmc] Progress @ 2026-06-22 09:21:19 : 114118 steps taken, and 16385 accepted.
[0 : mcmc] Progress @ 2026-06-22 09:21:25 : 113790 steps taken, and 16337 accepted.
[2 : mcmc] Progress @ 2026-06-22 09:21:50 : 112947 steps taken, and 16267 accepted.
[1 : mcmc] Progress @ 2026-06-22 09:22:20 : 114213 steps taken, and 16408 accepted.
[3 : mcmc] Progress @ 2026-06-22 09:22:20 : 114845 steps taken, and 16687 accepted.
[0 : mcmc] Progress @ 2026-06-22 09:22:25 : 113877 steps taken, and 16352 accepted.
[2 : mcmc] Progress @ 2026-06-22 09:22:57 : 113085 steps taken, and 16296 accepted.
[1 : mcmc] Progress @ 2026-06-22 09:23:24 : 114329 steps taken, and 16431 accepted.
[3 : mcmc] Progress @ 2026-06-22 09:23:25 : 114972 steps taken, and 16718 accepted.
[0 : mcmc] Progress @ 2026-06-22 09:23:33 : 113983 steps taken, and 16371 accepted.
[2 : mcmc] Progress @ 2026-06-22 09:24:06 : 113181 steps taken, and 16317 accepted.
[1 : mcmc] Progress @ 2026-06-22 09:24:31 : 114481 steps taken, and 16458 accepted.
[3 : mcmc] Progress @ 2026-06-22 09:24:31 : 115088 steps taken, and 16747 accepted.
[0 : mcmc] Progress @ 2026-06-22 09:24:40 : 114114 steps taken, and 16405 accepted.
[2 : mcmc] Progress @ 2026-06-22 09:25:06 : 113276 steps taken, and 16336 accepted.
[3 : mcmc] Progress @ 2026-06-22 09:25:31 : 115185 steps taken, and 16772 accepted.
[1 : mcmc] Progress @ 2026-06-22 09:25:32 : 114586 steps taken, and 16480 accepted.
[0 : mcmc] Progress @ 2026-06-22 09:25:45 : 114235 steps taken, and 16431 accepted.
[2 : mcmc] Progress @ 2026-06-22 09:26:06 : 113417 steps taken, and 16361 accepted.
[3 : mcmc] Progress @ 2026-06-22 09:26:31 : 115274 steps taken, and 16796 accepted.
[1 : mcmc] Progress @ 2026-06-22 09:26:32 : 114724 steps taken, and 16508 accepted.
[3 : mcmc] Learn + convergence test @ 16800 samples accepted.
[3 : mcmc] Ready to check convergence and learn a new proposal covmat (waiting for the rest...)
[0 : mcmc] Progress @ 2026-06-22 09:26:49 : 114344 steps taken, and 16454 accepted.
[2 : mcmc] Progress @ 2026-06-22 09:27:07 : 113506 steps taken, and 16376 accepted.
[3 : mcmc] Progress @ 2026-06-22 09:27:31 : 115370 steps taken, and 16813 accepted.
[1 : mcmc] Progress @ 2026-06-22 09:27:34 : 114824 steps taken, and 16525 accepted.
[0 : mcmc] Progress @ 2026-06-22 09:27:51 : 114441 steps taken, and 16472 accepted.
[2 : mcmc] Progress @ 2026-06-22 09:28:07 : 113684 steps taken, and 16402 accepted.
[1 : mcmc] Progress @ 2026-06-22 09:28:35 : 114925 steps taken, and 16549 accepted.
[3 : mcmc] Progress @ 2026-06-22 09:28:36 : 115501 steps taken, and 16841 accepted.
[0 : mcmc] Progress @ 2026-06-22 09:28:56 : 114595 steps taken, and 16501 accepted.
[2 : mcmc] Progress @ 2026-06-22 09:29:16 : 113804 steps taken, and 16428 accepted.
[1 : mcmc] Progress @ 2026-06-22 09:29:36 : 115036 steps taken, and 16579 accepted.
[3 : mcmc] Progress @ 2026-06-22 09:29:39 : 115577 steps taken, and 16859 accepted.
[0 : mcmc] Progress @ 2026-06-22 09:29:56 : 114789 steps taken, and 16536 accepted.
[2 : mcmc] Progress @ 2026-06-22 09:30:20 : 113921 steps taken, and 16451 accepted.
[1 : mcmc] Progress @ 2026-06-22 09:30:38 : 115134 steps taken, and 16602 accepted.
[3 : mcmc] Progress @ 2026-06-22 09:30:39 : 115675 steps taken, and 16883 accepted.
[0 : mcmc] Progress @ 2026-06-22 09:30:56 : 114881 steps taken, and 16555 accepted.
[2 : mcmc] Progress @ 2026-06-22 09:31:23 : 113989 steps taken, and 16466 accepted.
[1 : mcmc] Progress @ 2026-06-22 09:31:38 : 115219 steps taken, and 16620 accepted.
[3 : mcmc] Progress @ 2026-06-22 09:31:40 : 115788 steps taken, and 16907 accepted.
[0 : mcmc] Progress @ 2026-06-22 09:32:03 : 114988 steps taken, and 16576 accepted.
[2 : mcmc] Progress @ 2026-06-22 09:32:31 : 114110 steps taken, and 16491 accepted.
[1 : mcmc] Progress @ 2026-06-22 09:32:38 : 115383 steps taken, and 16649 accepted.
[3 : mcmc] Progress @ 2026-06-22 09:32:41 : 115879 steps taken, and 16918 accepted.
[0 : mcmc] Progress @ 2026-06-22 09:33:05 : 115094 steps taken, and 16595 accepted.
[2 : mcmc] Progress @ 2026-06-22 09:33:33 : 114196 steps taken, and 16509 accepted.
[1 : mcmc] Progress @ 2026-06-22 09:33:38 : 115479 steps taken, and 16674 accepted.
[3 : mcmc] Progress @ 2026-06-22 09:33:46 : 115959 steps taken, and 16936 accepted.
[0 : mcmc] Progress @ 2026-06-22 09:34:08 : 115190 steps taken, and 16616 accepted.
[2 : mcmc] Progress @ 2026-06-22 09:34:34 : 114310 steps taken, and 16538 accepted.
[1 : mcmc] Progress @ 2026-06-22 09:34:39 : 115589 steps taken, and 16694 accepted.
[3 : mcmc] Progress @ 2026-06-22 09:34:49 : 116091 steps taken, and 16967 accepted.
[0 : mcmc] Progress @ 2026-06-22 09:35:14 : 115345 steps taken, and 16644 accepted.
[2 : mcmc] Progress @ 2026-06-22 09:35:36 : 114399 steps taken, and 16562 accepted.
[1 : mcmc] Progress @ 2026-06-22 09:35:43 : 115680 steps taken, and 16715 accepted.
[3 : mcmc] Progress @ 2026-06-22 09:35:49 : 116229 steps taken, and 16990 accepted.
[0 : mcmc] Progress @ 2026-06-22 09:36:18 : 115440 steps taken, and 16659 accepted.
[2 : mcmc] Progress @ 2026-06-22 09:36:44 : 114599 steps taken, and 16598 accepted.
[1 : mcmc] Progress @ 2026-06-22 09:36:45 : 115752 steps taken, and 16727 accepted.
[3 : mcmc] Progress @ 2026-06-22 09:36:54 : 116358 steps taken, and 17016 accepted.
[0 : mcmc] Progress @ 2026-06-22 09:37:18 : 115598 steps taken, and 16691 accepted.
[1 : mcmc] Progress @ 2026-06-22 09:37:45 : 115903 steps taken, and 16757 accepted.
[2 : mcmc] Progress @ 2026-06-22 09:37:50 : 114753 steps taken, and 16623 accepted.
[3 : mcmc] Progress @ 2026-06-22 09:37:56 : 116410 steps taken, and 17027 accepted.
[0 : mcmc] Progress @ 2026-06-22 09:38:24 : 115679 steps taken, and 16709 accepted.
[1 : mcmc] Progress @ 2026-06-22 09:38:45 : 116013 steps taken, and 16776 accepted.
[2 : mcmc] Progress @ 2026-06-22 09:38:56 : 114893 steps taken, and 16646 accepted.
[3 : mcmc] Progress @ 2026-06-22 09:39:04 : 116559 steps taken, and 17056 accepted.
[0 : mcmc] Progress @ 2026-06-22 09:39:26 : 115832 steps taken, and 16738 accepted.
[1 : mcmc] Learn + convergence test @ 16800 samples accepted.
[1 : mcmc] Ready to check convergence and learn a new proposal covmat (waiting for the rest...)
[1 : mcmc] Progress @ 2026-06-22 09:39:48 : 116114 steps taken, and 16802 accepted.
[2 : mcmc] Progress @ 2026-06-22 09:40:01 : 115018 steps taken, and 16674 accepted.
[3 : mcmc] Progress @ 2026-06-22 09:40:12 : 116665 steps taken, and 17084 accepted.
[0 : mcmc] Progress @ 2026-06-22 09:40:26 : 115934 steps taken, and 16762 accepted.
[1 : mcmc] Progress @ 2026-06-22 09:40:55 : 116243 steps taken, and 16830 accepted.
[2 : mcmc] Progress @ 2026-06-22 09:41:03 : 115094 steps taken, and 16696 accepted.
[3 : mcmc] Progress @ 2026-06-22 09:41:12 : 116772 steps taken, and 17102 accepted.
[0 : mcmc] Progress @ 2026-06-22 09:41:31 : 116049 steps taken, and 16788 accepted.
[0 : mcmc] Learn + convergence test @ 16800 samples accepted.
[0 : mcmc] Ready to check convergence and learn a new proposal covmat (waiting for the rest...)
[1 : mcmc] Progress @ 2026-06-22 09:41:55 : 116343 steps taken, and 16849 accepted.
[2 : mcmc] Progress @ 2026-06-22 09:42:08 : 115220 steps taken, and 16730 accepted.
[3 : mcmc] Progress @ 2026-06-22 09:42:15 : 116852 steps taken, and 17119 accepted.
[0 : mcmc] Progress @ 2026-06-22 09:42:31 : 116172 steps taken, and 16811 accepted.
[1 : mcmc] Progress @ 2026-06-22 09:42:55 : 116444 steps taken, and 16872 accepted.
[2 : mcmc] Progress @ 2026-06-22 09:43:11 : 115302 steps taken, and 16751 accepted.
[3 : mcmc] Progress @ 2026-06-22 09:43:16 : 116957 steps taken, and 17138 accepted.
[0 : mcmc] Progress @ 2026-06-22 09:43:38 : 116328 steps taken, and 16843 accepted.
[1 : mcmc] Progress @ 2026-06-22 09:44:03 : 116536 steps taken, and 16886 accepted.
[2 : mcmc] Progress @ 2026-06-22 09:44:20 : 115440 steps taken, and 16780 accepted.
[3 : mcmc] Progress @ 2026-06-22 09:44:25 : 117109 steps taken, and 17169 accepted.
[0 : mcmc] Progress @ 2026-06-22 09:44:44 : 116437 steps taken, and 16867 accepted.
[2 : mcmc] Learn + convergence test @ 16800 samples accepted.
[2 : mcmc] Ready to check convergence and learn a new proposal covmat (waiting for the rest...)
[0 : mcmc] All chains are ready to check convergence and learn a new proposal covmat
[0 : mcmc]  - Acceptance rate: 0.488 = avg([0.4873, 0.4825, 0.4898, 0.4906])
[0 : mcmc]  - Convergence of means: R-1 = 3.106054 after 67756 accepted steps = sum([16870, 16904, 16800, 17182])
[0 : mcmc]  - Updated covariance matrix of proposal pdf.
[1 : mcmc] Progress @ 2026-06-22 09:45:05 : 116621 steps taken, and 16907 accepted.
[2 : mcmc] Progress @ 2026-06-22 09:45:20 : 115594 steps taken, and 16814 accepted.
[3 : mcmc] Progress @ 2026-06-22 09:45:25 : 117248 steps taken, and 17195 accepted.
[0 : mcmc] Progress @ 2026-06-22 09:45:44 : 116565 steps taken, and 16895 accepted.
[1 : mcmc] Progress @ 2026-06-22 09:46:05 : 116753 steps taken, and 16929 accepted.
[3 : mcmc] Progress @ 2026-06-22 09:46:25 : 117353 steps taken, and 17215 accepted.
[2 : mcmc] Progress @ 2026-06-22 09:46:27 : 115679 steps taken, and 16837 accepted.
[0 : mcmc] Progress @ 2026-06-22 09:46:51 : 116702 steps taken, and 16922 accepted.
[1 : mcmc] Progress @ 2026-06-22 09:47:05 : 116842 steps taken, and 16946 accepted.
[3 : mcmc] Progress @ 2026-06-22 09:47:29 : 117456 steps taken, and 17235 accepted.
[2 : mcmc] Progress @ 2026-06-22 09:47:33 : 115821 steps taken, and 16872 accepted.
[0 : mcmc] Progress @ 2026-06-22 09:47:54 : 116818 steps taken, and 16941 accepted.
[1 : mcmc] Progress @ 2026-06-22 09:48:09 : 116960 steps taken, and 16971 accepted.
[3 : mcmc] Progress @ 2026-06-22 09:48:30 : 117550 steps taken, and 17260 accepted.
[2 : mcmc] Progress @ 2026-06-22 09:48:38 : 115896 steps taken, and 16887 accepted.
[0 : mcmc] Progress @ 2026-06-22 09:48:56 : 116904 steps taken, and 16956 accepted.
[1 : mcmc] Progress @ 2026-06-22 09:49:17 : 117107 steps taken, and 16996 accepted.
[3 : mcmc] Progress @ 2026-06-22 09:49:32 : 117660 steps taken, and 17280 accepted.
[2 : mcmc] Progress @ 2026-06-22 09:49:43 : 115993 steps taken, and 16912 accepted.
[0 : mcmc] Progress @ 2026-06-22 09:50:00 : 117000 steps taken, and 16976 accepted.
[1 : mcmc] Progress @ 2026-06-22 09:50:22 : 117240 steps taken, and 17027 accepted.
[3 : mcmc] Progress @ 2026-06-22 09:50:32 : 117712 steps taken, and 17292 accepted.
[2 : mcmc] Progress @ 2026-06-22 09:50:45 : 116081 steps taken, and 16929 accepted.
[0 : mcmc] Progress @ 2026-06-22 09:51:04 : 117103 steps taken, and 16997 accepted.
[1 : mcmc] Progress @ 2026-06-22 09:51:22 : 117313 steps taken, and 17046 accepted.
[3 : mcmc] Progress @ 2026-06-22 09:51:38 : 117855 steps taken, and 17321 accepted.
[2 : mcmc] Progress @ 2026-06-22 09:51:46 : 116180 steps taken, and 16953 accepted.
[0 : mcmc] Progress @ 2026-06-22 09:52:12 : 117235 steps taken, and 17021 accepted.
[1 : mcmc] Progress @ 2026-06-22 09:52:23 : 117435 steps taken, and 17073 accepted.
[3 : mcmc] Progress @ 2026-06-22 09:52:38 : 117969 steps taken, and 17345 accepted.
[2 : mcmc] Progress @ 2026-06-22 09:52:46 : 116263 steps taken, and 16975 accepted.
[0 : mcmc] Progress @ 2026-06-22 09:53:20 : 117336 steps taken, and 17041 accepted.
[1 : mcmc] Progress @ 2026-06-22 09:53:23 : 117534 steps taken, and 17099 accepted.
[3 : mcmc] Progress @ 2026-06-22 09:53:40 : 118075 steps taken, and 17372 accepted.
[2 : mcmc] Progress @ 2026-06-22 09:53:46 : 116362 steps taken, and 17001 accepted.
[0 : mcmc] Progress @ 2026-06-22 09:54:21 : 117456 steps taken, and 17065 accepted.
[1 : mcmc] Progress @ 2026-06-22 09:54:23 : 117637 steps taken, and 17121 accepted.
[3 : mcmc] Progress @ 2026-06-22 09:54:44 : 118189 steps taken, and 17394 accepted.
[2 : mcmc] Progress @ 2026-06-22 09:54:50 : 116505 steps taken, and 17030 accepted.
[1 : mcmc] Progress @ 2026-06-22 09:55:23 : 117783 steps taken, and 17150 accepted.
[0 : mcmc] Progress @ 2026-06-22 09:55:26 : 117559 steps taken, and 17087 accepted.
[3 : mcmc] Progress @ 2026-06-22 09:55:46 : 118292 steps taken, and 17412 accepted.
[2 : mcmc] Progress @ 2026-06-22 09:55:57 : 116609 steps taken, and 17058 accepted.
[0 : mcmc] Progress @ 2026-06-22 09:56:30 : 117646 steps taken, and 17101 accepted.
[1 : mcmc] Progress @ 2026-06-22 09:56:31 : 117902 steps taken, and 17177 accepted.
[3 : mcmc] Progress @ 2026-06-22 09:56:54 : 118416 steps taken, and 17439 accepted.
[2 : mcmc] Progress @ 2026-06-22 09:56:57 : 116818 steps taken, and 17094 accepted.
[0 : mcmc] Progress @ 2026-06-22 09:57:33 : 117750 steps taken, and 17121 accepted.
[1 : mcmc] Progress @ 2026-06-22 09:57:40 : 118025 steps taken, and 17208 accepted.
[3 : mcmc] Progress @ 2026-06-22 09:57:56 : 118525 steps taken, and 17459 accepted.
[2 : mcmc] Progress @ 2026-06-22 09:58:00 : 116956 steps taken, and 17127 accepted.
[0 : mcmc] Progress @ 2026-06-22 09:58:40 : 117880 steps taken, and 17151 accepted.
[1 : mcmc] Progress @ 2026-06-22 09:58:41 : 118130 steps taken, and 17225 accepted.
[3 : mcmc] Progress @ 2026-06-22 09:59:02 : 118607 steps taken, and 17477 accepted.
[2 : mcmc] Progress @ 2026-06-22 09:59:09 : 117061 steps taken, and 17148 accepted.
[1 : mcmc] Progress @ 2026-06-22 09:59:45 : 118232 steps taken, and 17251 accepted.
[0 : mcmc] Progress @ 2026-06-22 09:59:47 : 117993 steps taken, and 17171 accepted.
[3 : mcmc] Progress @ 2026-06-22 10:00:10 : 118760 steps taken, and 17507 accepted.
[2 : mcmc] Progress @ 2026-06-22 10:00:14 : 117193 steps taken, and 17175 accepted.
[1 : mcmc] Progress @ 2026-06-22 10:00:48 : 118352 steps taken, and 17274 accepted.
[0 : mcmc] Progress @ 2026-06-22 10:00:50 : 118124 steps taken, and 17200 accepted.
[2 : mcmc] Progress @ 2026-06-22 10:01:14 : 117329 steps taken, and 17202 accepted.
[3 : mcmc] Progress @ 2026-06-22 10:01:18 : 118848 steps taken, and 17527 accepted.
[1 : mcmc] Progress @ 2026-06-22 10:01:49 : 118480 steps taken, and 17300 accepted.
[0 : mcmc] Progress @ 2026-06-22 10:01:51 : 118261 steps taken, and 17222 accepted.
[2 : mcmc] Progress @ 2026-06-22 10:02:14 : 117462 steps taken, and 17222 accepted.
[3 : mcmc] Progress @ 2026-06-22 10:02:22 : 118970 steps taken, and 17554 accepted.
[1 : mcmc] Progress @ 2026-06-22 10:02:50 : 118594 steps taken, and 17325 accepted.
[0 : mcmc] Progress @ 2026-06-22 10:02:57 : 118406 steps taken, and 17253 accepted.
[2 : mcmc] Progress @ 2026-06-22 10:03:22 : 117565 steps taken, and 17247 accepted.
[3 : mcmc] Progress @ 2026-06-22 10:03:22 : 119072 steps taken, and 17576 accepted.
[1 : mcmc] Progress @ 2026-06-22 10:03:54 : 118680 steps taken, and 17346 accepted.
[0 : mcmc] Progress @ 2026-06-22 10:03:57 : 118480 steps taken, and 17272 accepted.
[3 : mcmc] Progress @ 2026-06-22 10:04:23 : 119167 steps taken, and 17595 accepted.
[2 : mcmc] Progress @ 2026-06-22 10:04:27 : 117679 steps taken, and 17272 accepted.
[1 : mcmc] Progress @ 2026-06-22 10:04:55 : 118786 steps taken, and 17370 accepted.
[0 : mcmc] Progress @ 2026-06-22 10:05:02 : 118622 steps taken, and 17302 accepted.
[3 : mcmc] Progress @ 2026-06-22 10:05:24 : 119297 steps taken, and 17616 accepted.
[2 : mcmc] Progress @ 2026-06-22 10:05:31 : 117765 steps taken, and 17291 accepted.
[1 : mcmc] Progress @ 2026-06-22 10:05:56 : 118922 steps taken, and 17405 accepted.
[0 : mcmc] Progress @ 2026-06-22 10:06:02 : 118742 steps taken, and 17327 accepted.
[3 : mcmc] Progress @ 2026-06-22 10:06:24 : 119403 steps taken, and 17640 accepted.
[2 : mcmc] Progress @ 2026-06-22 10:06:36 : 117877 steps taken, and 17315 accepted.
[1 : mcmc] Progress @ 2026-06-22 10:07:01 : 119043 steps taken, and 17429 accepted.
[0 : mcmc] Progress @ 2026-06-22 10:07:02 : 118861 steps taken, and 17349 accepted.
[3 : mcmc] Progress @ 2026-06-22 10:07:24 : 119479 steps taken, and 17660 accepted.
[2 : mcmc] Progress @ 2026-06-22 10:07:40 : 117938 steps taken, and 17330 accepted.
[0 : mcmc] Progress @ 2026-06-22 10:08:02 : 118938 steps taken, and 17366 accepted.
[1 : mcmc] Progress @ 2026-06-22 10:08:02 : 119188 steps taken, and 17452 accepted.
[3 : mcmc] Progress @ 2026-06-22 10:08:28 : 119606 steps taken, and 17686 accepted.
[2 : mcmc] Progress @ 2026-06-22 10:08:43 : 118064 steps taken, and 17355 accepted.
[0 : mcmc] Progress @ 2026-06-22 10:09:08 : 119049 steps taken, and 17387 accepted.
[1 : mcmc] Progress @ 2026-06-22 10:09:11 : 119321 steps taken, and 17481 accepted.
[3 : mcmc] Progress @ 2026-06-22 10:09:29 : 119740 steps taken, and 17713 accepted.
[2 : mcmc] Progress @ 2026-06-22 10:09:47 : 118181 steps taken, and 17377 accepted.
[0 : mcmc] Progress @ 2026-06-22 10:10:08 : 119116 steps taken, and 17400 accepted.
[1 : mcmc] Progress @ 2026-06-22 10:10:12 : 119422 steps taken, and 17501 accepted.
[3 : mcmc] Progress @ 2026-06-22 10:10:32 : 119857 steps taken, and 17733 accepted.
[2 : mcmc] Progress @ 2026-06-22 10:10:47 : 118281 steps taken, and 17398 accepted.
[0 : mcmc] Progress @ 2026-06-22 10:11:13 : 119257 steps taken, and 17427 accepted.
[1 : mcmc] Progress @ 2026-06-22 10:11:16 : 119561 steps taken, and 17531 accepted.
[3 : mcmc] Progress @ 2026-06-22 10:11:33 : 119941 steps taken, and 17752 accepted.
[2 : mcmc] Progress @ 2026-06-22 10:11:50 : 118388 steps taken, and 17423 accepted.
[0 : mcmc] Progress @ 2026-06-22 10:12:14 : 119357 steps taken, and 17454 accepted.
[1 : mcmc] Progress @ 2026-06-22 10:12:20 : 119700 steps taken, and 17565 accepted.
[3 : mcmc] Progress @ 2026-06-22 10:12:33 : 120045 steps taken, and 17772 accepted.
[2 : mcmc] Progress @ 2026-06-22 10:12:56 : 118482 steps taken, and 17439 accepted.
[0 : mcmc] Progress @ 2026-06-22 10:13:16 : 119501 steps taken, and 17485 accepted.
[1 : mcmc] Progress @ 2026-06-22 10:13:28 : 119819 steps taken, and 17597 accepted.
[3 : mcmc] Progress @ 2026-06-22 10:13:35 : 120119 steps taken, and 17792 accepted.
[2 : mcmc] Progress @ 2026-06-22 10:14:02 : 118604 steps taken, and 17468 accepted.
[0 : mcmc] Progress @ 2026-06-22 10:14:18 : 119602 steps taken, and 17513 accepted.
[1 : mcmc] Progress @ 2026-06-22 10:14:33 : 119946 steps taken, and 17621 accepted.
[3 : mcmc] Progress @ 2026-06-22 10:14:43 : 120250 steps taken, and 17815 accepted.
[2 : mcmc] Progress @ 2026-06-22 10:15:07 : 118707 steps taken, and 17494 accepted.
[0 : mcmc] Progress @ 2026-06-22 10:15:21 : 119707 steps taken, and 17537 accepted.
[1 : mcmc] Progress @ 2026-06-22 10:15:39 : 120016 steps taken, and 17636 accepted.
[3 : mcmc] Progress @ 2026-06-22 10:15:48 : 120392 steps taken, and 17843 accepted.
[2 : mcmc] Progress @ 2026-06-22 10:16:11 : 118862 steps taken, and 17526 accepted.
[0 : mcmc] Progress @ 2026-06-22 10:16:25 : 119801 steps taken, and 17561 accepted.
[1 : mcmc] Progress @ 2026-06-22 10:16:40 : 120198 steps taken, and 17671 accepted.
[3 : mcmc] Progress @ 2026-06-22 10:16:49 : 120463 steps taken, and 17857 accepted.
[2 : mcmc] Progress @ 2026-06-22 10:17:17 : 118956 steps taken, and 17549 accepted.
[0 : mcmc] Progress @ 2026-06-22 10:17:34 : 119976 steps taken, and 17586 accepted.
[1 : mcmc] Progress @ 2026-06-22 10:17:40 : 120298 steps taken, and 17691 accepted.
[3 : mcmc] Progress @ 2026-06-22 10:17:55 : 120584 steps taken, and 17879 accepted.
[2 : mcmc] Progress @ 2026-06-22 10:18:17 : 119050 steps taken, and 17567 accepted.
[0 : mcmc] Progress @ 2026-06-22 10:18:38 : 120080 steps taken, and 17604 accepted.
[1 : mcmc] Progress @ 2026-06-22 10:18:42 : 120411 steps taken, and 17716 accepted.
[3 : mcmc] Progress @ 2026-06-22 10:18:56 : 120733 steps taken, and 17909 accepted.
[2 : mcmc] Progress @ 2026-06-22 10:19:19 : 119150 steps taken, and 17586 accepted.
[1 : mcmc] Progress @ 2026-06-22 10:19:42 : 120585 steps taken, and 17748 accepted.
[0 : mcmc] Progress @ 2026-06-22 10:19:42 : 120214 steps taken, and 17629 accepted.
[3 : mcmc] Progress @ 2026-06-22 10:19:56 : 120836 steps taken, and 17927 accepted.
[2 : mcmc] Progress @ 2026-06-22 10:20:21 : 119255 steps taken, and 17610 accepted.
[1 : mcmc] Progress @ 2026-06-22 10:20:42 : 120682 steps taken, and 17768 accepted.
[0 : mcmc] Progress @ 2026-06-22 10:20:49 : 120316 steps taken, and 17650 accepted.
[3 : mcmc] Progress @ 2026-06-22 10:20:56 : 120913 steps taken, and 17943 accepted.
[2 : mcmc] Progress @ 2026-06-22 10:21:21 : 119369 steps taken, and 17635 accepted.
[1 : mcmc] Progress @ 2026-06-22 10:21:42 : 120789 steps taken, and 17791 accepted.
[0 : mcmc] Progress @ 2026-06-22 10:21:52 : 120401 steps taken, and 17663 accepted.
[3 : mcmc] Progress @ 2026-06-22 10:21:58 : 121043 steps taken, and 17971 accepted.
[2 : mcmc] Progress @ 2026-06-22 10:22:24 : 119468 steps taken, and 17650 accepted.
[1 : mcmc] Progress @ 2026-06-22 10:22:50 : 120908 steps taken, and 17817 accepted.
[0 : mcmc] Progress @ 2026-06-22 10:22:52 : 120570 steps taken, and 17701 accepted.
[3 : mcmc] Progress @ 2026-06-22 10:23:01 : 121170 steps taken, and 17997 accepted.
[3 : mcmc] Learn + convergence test @ 18000 samples accepted.
[3 : mcmc] Ready to check convergence and learn a new proposal covmat (waiting for the rest...)
[2 : mcmc] Progress @ 2026-06-22 10:23:29 : 119617 steps taken, and 17679 accepted.
[1 : mcmc] Progress @ 2026-06-22 10:23:53 : 121013 steps taken, and 17841 accepted.
[0 : mcmc] Progress @ 2026-06-22 10:24:00 : 120695 steps taken, and 17730 accepted.
[3 : mcmc] Progress @ 2026-06-22 10:24:06 : 121298 steps taken, and 18021 accepted.
[2 : mcmc] Progress @ 2026-06-22 10:24:34 : 119745 steps taken, and 17704 accepted.
[1 : mcmc] Progress @ 2026-06-22 10:24:53 : 121122 steps taken, and 17862 accepted.
[0 : mcmc] Progress @ 2026-06-22 10:25:03 : 120833 steps taken, and 17760 accepted.
[3 : mcmc] Progress @ 2026-06-22 10:25:06 : 121455 steps taken, and 18041 accepted.
[2 : mcmc] Progress @ 2026-06-22 10:25:39 : 119805 steps taken, and 17717 accepted.
[1 : mcmc] Progress @ 2026-06-22 10:25:54 : 121223 steps taken, and 17889 accepted.
[3 : mcmc] Progress @ 2026-06-22 10:26:07 : 121533 steps taken, and 18058 accepted.
[0 : mcmc] Progress @ 2026-06-22 10:26:10 : 120921 steps taken, and 17775 accepted.
[2 : mcmc] Progress @ 2026-06-22 10:26:39 : 119906 steps taken, and 17735 accepted.
[1 : mcmc] Progress @ 2026-06-22 10:27:00 : 121327 steps taken, and 17912 accepted.
[3 : mcmc] Progress @ 2026-06-22 10:27:08 : 121620 steps taken, and 18078 accepted.
[0 : mcmc] Progress @ 2026-06-22 10:27:14 : 121052 steps taken, and 17803 accepted.
[2 : mcmc] Progress @ 2026-06-22 10:27:43 : 120040 steps taken, and 17761 accepted.
[1 : mcmc] Progress @ 2026-06-22 10:28:00 : 121487 steps taken, and 17946 accepted.
[3 : mcmc] Progress @ 2026-06-22 10:28:15 : 121745 steps taken, and 18100 accepted.
[0 : mcmc] Progress @ 2026-06-22 10:28:19 : 121171 steps taken, and 17827 accepted.
[2 : mcmc] Progress @ 2026-06-22 10:28:47 : 120153 steps taken, and 17787 accepted.
[1 : mcmc] Progress @ 2026-06-22 10:29:02 : 121607 steps taken, and 17964 accepted.
[3 : mcmc] Progress @ 2026-06-22 10:29:19 : 121846 steps taken, and 18123 accepted.
[0 : mcmc] Progress @ 2026-06-22 10:29:21 : 121292 steps taken, and 17855 accepted.
[2 : mcmc] Progress @ 2026-06-22 10:29:53 : 120307 steps taken, and 17814 accepted.
[1 : mcmc] Progress @ 2026-06-22 10:30:05 : 121729 steps taken, and 17986 accepted.
[0 : mcmc] Progress @ 2026-06-22 10:30:21 : 121388 steps taken, and 17873 accepted.
[3 : mcmc] Progress @ 2026-06-22 10:30:22 : 121959 steps taken, and 18145 accepted.
[1 : mcmc] Learn + convergence test @ 18000 samples accepted.
[1 : mcmc] Ready to check convergence and learn a new proposal covmat (waiting for the rest...)
[2 : mcmc] Progress @ 2026-06-22 10:31:01 : 120407 steps taken, and 17836 accepted.
[1 : mcmc] Progress @ 2026-06-22 10:31:09 : 121853 steps taken, and 18020 accepted.
[0 : mcmc] Progress @ 2026-06-22 10:31:22 : 121501 steps taken, and 17894 accepted.
[3 : mcmc] Progress @ 2026-06-22 10:31:30 : 122080 steps taken, and 18162 accepted.
[2 : mcmc] Progress @ 2026-06-22 10:32:06 : 120529 steps taken, and 17868 accepted.
[1 : mcmc] Progress @ 2026-06-22 10:32:18 : 121948 steps taken, and 18042 accepted.
[0 : mcmc] Progress @ 2026-06-22 10:32:22 : 121620 steps taken, and 17916 accepted.
[3 : mcmc] Progress @ 2026-06-22 10:32:36 : 122172 steps taken, and 18186 accepted.
[2 : mcmc] Progress @ 2026-06-22 10:33:10 : 120622 steps taken, and 17888 accepted.
[1 : mcmc] Progress @ 2026-06-22 10:33:18 : 122050 steps taken, and 18065 accepted.
[0 : mcmc] Progress @ 2026-06-22 10:33:23 : 121746 steps taken, and 17938 accepted.
[3 : mcmc] Progress @ 2026-06-22 10:33:38 : 122355 steps taken, and 18221 accepted.
[2 : mcmc] Progress @ 2026-06-22 10:34:19 : 120717 steps taken, and 17909 accepted.
[1 : mcmc] Progress @ 2026-06-22 10:34:25 : 122168 steps taken, and 18087 accepted.
[0 : mcmc] Progress @ 2026-06-22 10:34:28 : 121843 steps taken, and 17959 accepted.
[3 : mcmc] Progress @ 2026-06-22 10:34:43 : 122444 steps taken, and 18241 accepted.
[2 : mcmc] Progress @ 2026-06-22 10:35:26 : 120834 steps taken, and 17935 accepted.
[1 : mcmc] Progress @ 2026-06-22 10:35:27 : 122273 steps taken, and 18109 accepted.
[0 : mcmc] Progress @ 2026-06-22 10:35:29 : 121918 steps taken, and 17974 accepted.
[3 : mcmc] Progress @ 2026-06-22 10:35:49 : 122561 steps taken, and 18265 accepted.
[2 : mcmc] Progress @ 2026-06-22 10:36:26 : 120932 steps taken, and 17952 accepted.
[0 : mcmc] Progress @ 2026-06-22 10:36:30 : 122023 steps taken, and 17996 accepted.
[1 : mcmc] Progress @ 2026-06-22 10:36:32 : 122422 steps taken, and 18139 accepted.
[0 : mcmc] Learn + convergence test @ 18000 samples accepted.
[0 : mcmc] Ready to check convergence and learn a new proposal covmat (waiting for the rest...)
[3 : mcmc] Progress @ 2026-06-22 10:36:55 : 122683 steps taken, and 18287 accepted.
[2 : mcmc] Progress @ 2026-06-22 10:37:26 : 121040 steps taken, and 17979 accepted.
[1 : mcmc] Progress @ 2026-06-22 10:37:36 : 122541 steps taken, and 18166 accepted.
[0 : mcmc] Progress @ 2026-06-22 10:37:39 : 122126 steps taken, and 18018 accepted.
[3 : mcmc] Progress @ 2026-06-22 10:38:02 : 122781 steps taken, and 18310 accepted.
[2 : mcmc] Progress @ 2026-06-22 10:38:26 : 121126 steps taken, and 17994 accepted.
[1 : mcmc] Progress @ 2026-06-22 10:38:37 : 122603 steps taken, and 18179 accepted.
[2 : mcmc] Learn + convergence test @ 18000 samples accepted.
[2 : mcmc] Ready to check convergence and learn a new proposal covmat (waiting for the rest...)
[0 : mcmc] Progress @ 2026-06-22 10:38:42 : 122237 steps taken, and 18043 accepted.
[0 : mcmc] All chains are ready to check convergence and learn a new proposal covmat
[0 : mcmc]  - Acceptance rate: 0.505 = avg([0.5036, 0.5027, 0.5073, 0.5062])
[0 : mcmc]  - Convergence of means: R-1 = 1.223982 after 72557 accepted steps = sum([18043, 18183, 18000, 18331])
[0 : mcmc]  - Updated covariance matrix of proposal pdf.
[3 : mcmc] Progress @ 2026-06-22 10:39:04 : 122896 steps taken, and 18334 accepted.
[2 : mcmc] Progress @ 2026-06-22 10:39:34 : 121228 steps taken, and 18012 accepted.
[1 : mcmc] Progress @ 2026-06-22 10:39:39 : 122756 steps taken, and 18202 accepted.
[0 : mcmc] Progress @ 2026-06-22 10:39:48 : 122340 steps taken, and 18061 accepted.
[3 : mcmc] Progress @ 2026-06-22 10:40:06 : 122983 steps taken, and 18355 accepted.
[2 : mcmc] Progress @ 2026-06-22 10:40:34 : 121320 steps taken, and 18034 accepted.
[1 : mcmc] Progress @ 2026-06-22 10:40:42 : 122853 steps taken, and 18222 accepted.
[0 : mcmc] Progress @ 2026-06-22 10:40:48 : 122442 steps taken, and 18083 accepted.
[3 : mcmc] Progress @ 2026-06-22 10:41:06 : 123085 steps taken, and 18376 accepted.
[2 : mcmc] Progress @ 2026-06-22 10:41:34 : 121413 steps taken, and 18055 accepted.
[1 : mcmc] Progress @ 2026-06-22 10:41:47 : 122995 steps taken, and 18250 accepted.
[0 : mcmc] Progress @ 2026-06-22 10:41:51 : 122620 steps taken, and 18124 accepted.
[3 : mcmc] Progress @ 2026-06-22 10:42:14 : 123194 steps taken, and 18401 accepted.
[2 : mcmc] Progress @ 2026-06-22 10:42:37 : 121509 steps taken, and 18077 accepted.
[1 : mcmc] Progress @ 2026-06-22 10:42:51 : 123081 steps taken, and 18272 accepted.
[0 : mcmc] Progress @ 2026-06-22 10:42:52 : 122718 steps taken, and 18141 accepted.
[3 : mcmc] Progress @ 2026-06-22 10:43:14 : 123311 steps taken, and 18424 accepted.
[2 : mcmc] Progress @ 2026-06-22 10:43:41 : 121604 steps taken, and 18097 accepted.
[0 : mcmc] Progress @ 2026-06-22 10:43:54 : 122803 steps taken, and 18159 accepted.
[1 : mcmc] Progress @ 2026-06-22 10:43:58 : 123231 steps taken, and 18303 accepted.
[3 : mcmc] Progress @ 2026-06-22 10:44:14 : 123399 steps taken, and 18444 accepted.
[2 : mcmc] Progress @ 2026-06-22 10:44:41 : 121720 steps taken, and 18120 accepted.
[0 : mcmc] Progress @ 2026-06-22 10:44:58 : 122978 steps taken, and 18192 accepted.
[1 : mcmc] Progress @ 2026-06-22 10:44:59 : 123328 steps taken, and 18327 accepted.
[3 : mcmc] Progress @ 2026-06-22 10:45:14 : 123478 steps taken, and 18465 accepted.
[2 : mcmc] Progress @ 2026-06-22 10:45:42 : 121802 steps taken, and 18140 accepted.
[0 : mcmc] Progress @ 2026-06-22 10:46:02 : 123091 steps taken, and 18214 accepted.
[1 : mcmc] Progress @ 2026-06-22 10:46:04 : 123465 steps taken, and 18360 accepted.
[3 : mcmc] Progress @ 2026-06-22 10:46:22 : 123586 steps taken, and 18487 accepted.
[2 : mcmc] Progress @ 2026-06-22 10:46:42 : 121942 steps taken, and 18168 accepted.
[0 : mcmc] Progress @ 2026-06-22 10:47:02 : 123223 steps taken, and 18247 accepted.
[1 : mcmc] Progress @ 2026-06-22 10:47:04 : 123564 steps taken, and 18383 accepted.
[3 : mcmc] Progress @ 2026-06-22 10:47:27 : 123691 steps taken, and 18511 accepted.
[2 : mcmc] Progress @ 2026-06-22 10:47:43 : 122122 steps taken, and 18200 accepted.
[0 : mcmc] Progress @ 2026-06-22 10:48:05 : 123320 steps taken, and 18271 accepted.
[1 : mcmc] Progress @ 2026-06-22 10:48:09 : 123667 steps taken, and 18405 accepted.
[3 : mcmc] Progress @ 2026-06-22 10:48:33 : 123811 steps taken, and 18538 accepted.
[2 : mcmc] Progress @ 2026-06-22 10:48:45 : 122219 steps taken, and 18223 accepted.
[0 : mcmc] Progress @ 2026-06-22 10:49:07 : 123424 steps taken, and 18294 accepted.
[1 : mcmc] Progress @ 2026-06-22 10:49:17 : 123786 steps taken, and 18433 accepted.
[3 : mcmc] Progress @ 2026-06-22 10:49:40 : 123907 steps taken, and 18559 accepted.
[2 : mcmc] Progress @ 2026-06-22 10:49:45 : 122320 steps taken, and 18246 accepted.
[0 : mcmc] Progress @ 2026-06-22 10:50:11 : 123539 steps taken, and 18313 accepted.
[1 : mcmc] Progress @ 2026-06-22 10:50:19 : 123879 steps taken, and 18450 accepted.
[3 : mcmc] Progress @ 2026-06-22 10:50:40 : 123992 steps taken, and 18576 accepted.
[2 : mcmc] Progress @ 2026-06-22 10:50:49 : 122448 steps taken, and 18271 accepted.
[0 : mcmc] Progress @ 2026-06-22 10:51:18 : 123697 steps taken, and 18347 accepted.
[1 : mcmc] Progress @ 2026-06-22 10:51:20 : 124010 steps taken, and 18480 accepted.
[3 : mcmc] Progress @ 2026-06-22 10:51:45 : 124105 steps taken, and 18595 accepted.
[2 : mcmc] Progress @ 2026-06-22 10:51:53 : 122538 steps taken, and 18291 accepted.
[0 : mcmc] Progress @ 2026-06-22 10:52:20 : 123807 steps taken, and 18372 accepted.
[1 : mcmc] Progress @ 2026-06-22 10:52:24 : 124138 steps taken, and 18503 accepted.
[3 : mcmc] Progress @ 2026-06-22 10:52:45 : 124191 steps taken, and 18611 accepted.
[2 : mcmc] Progress @ 2026-06-22 10:53:01 : 122632 steps taken, and 18312 accepted.
[0 : mcmc] Progress @ 2026-06-22 10:53:26 : 123916 steps taken, and 18394 accepted.
[1 : mcmc] Progress @ 2026-06-22 10:53:29 : 124263 steps taken, and 18529 accepted.
[3 : mcmc] Progress @ 2026-06-22 10:53:48 : 124313 steps taken, and 18635 accepted.
[2 : mcmc] Progress @ 2026-06-22 10:54:02 : 122752 steps taken, and 18337 accepted.
[0 : mcmc] Progress @ 2026-06-22 10:54:32 : 124044 steps taken, and 18421 accepted.
[1 : mcmc] Progress @ 2026-06-22 10:54:37 : 124361 steps taken, and 18553 accepted.
[3 : mcmc] Progress @ 2026-06-22 10:54:51 : 124391 steps taken, and 18647 accepted.
[2 : mcmc] Progress @ 2026-06-22 10:55:04 : 122856 steps taken, and 18358 accepted.
[0 : mcmc] Progress @ 2026-06-22 10:55:32 : 124163 steps taken, and 18447 accepted.
[1 : mcmc] Progress @ 2026-06-22 10:55:46 : 124458 steps taken, and 18579 accepted.
[3 : mcmc] Progress @ 2026-06-22 10:55:52 : 124547 steps taken, and 18677 accepted.
[2 : mcmc] Progress @ 2026-06-22 10:56:09 : 123011 steps taken, and 18394 accepted.
[0 : mcmc] Progress @ 2026-06-22 10:56:33 : 124286 steps taken, and 18472 accepted.
[1 : mcmc] Progress @ 2026-06-22 10:56:46 : 124598 steps taken, and 18608 accepted.
[3 : mcmc] Progress @ 2026-06-22 10:56:59 : 124739 steps taken, and 18704 accepted.
[2 : mcmc] Progress @ 2026-06-22 10:57:09 : 123084 steps taken, and 18404 accepted.
[0 : mcmc] Progress @ 2026-06-22 10:57:37 : 124385 steps taken, and 18487 accepted.
[1 : mcmc] Progress @ 2026-06-22 10:57:46 : 124704 steps taken, and 18626 accepted.
[3 : mcmc] Progress @ 2026-06-22 10:57:59 : 124840 steps taken, and 18728 accepted.
[2 : mcmc] Progress @ 2026-06-22 10:58:17 : 123205 steps taken, and 18425 accepted.
[0 : mcmc] Progress @ 2026-06-22 10:58:37 : 124515 steps taken, and 18512 accepted.
[1 : mcmc] Progress @ 2026-06-22 10:58:47 : 124833 steps taken, and 18654 accepted.
[3 : mcmc] Progress @ 2026-06-22 10:59:04 : 124981 steps taken, and 18759 accepted.
[2 : mcmc] Progress @ 2026-06-22 10:59:25 : 123321 steps taken, and 18448 accepted.
[0 : mcmc] Progress @ 2026-06-22 10:59:37 : 124606 steps taken, and 18528 accepted.
[1 : mcmc] Progress @ 2026-06-22 10:59:55 : 124958 steps taken, and 18678 accepted.
[3 : mcmc] Progress @ 2026-06-22 11:00:12 : 125054 steps taken, and 18776 accepted.
[2 : mcmc] Progress @ 2026-06-22 11:00:25 : 123457 steps taken, and 18476 accepted.
[0 : mcmc] Progress @ 2026-06-22 11:00:45 : 124721 steps taken, and 18552 accepted.
[1 : mcmc] Progress @ 2026-06-22 11:00:55 : 125090 steps taken, and 18702 accepted.
[3 : mcmc] Progress @ 2026-06-22 11:01:13 : 125165 steps taken, and 18803 accepted.
[2 : mcmc] Progress @ 2026-06-22 11:01:32 : 123598 steps taken, and 18498 accepted.
[0 : mcmc] Progress @ 2026-06-22 11:01:46 : 124828 steps taken, and 18578 accepted.
[1 : mcmc] Progress @ 2026-06-22 11:02:03 : 125202 steps taken, and 18720 accepted.
[3 : mcmc] Progress @ 2026-06-22 11:02:13 : 125256 steps taken, and 18823 accepted.
[2 : mcmc] Progress @ 2026-06-22 11:02:36 : 123682 steps taken, and 18521 accepted.
[0 : mcmc] Progress @ 2026-06-22 11:02:47 : 124939 steps taken, and 18602 accepted.
[1 : mcmc] Progress @ 2026-06-22 11:03:03 : 125334 steps taken, and 18743 accepted.
[3 : mcmc] Progress @ 2026-06-22 11:03:16 : 125340 steps taken, and 18837 accepted.
[2 : mcmc] Progress @ 2026-06-22 11:03:38 : 123787 steps taken, and 18547 accepted.
[0 : mcmc] Progress @ 2026-06-22 11:03:54 : 125039 steps taken, and 18625 accepted.
[1 : mcmc] Progress @ 2026-06-22 11:04:08 : 125436 steps taken, and 18767 accepted.
[3 : mcmc] Progress @ 2026-06-22 11:04:21 : 125484 steps taken, and 18867 accepted.
[2 : mcmc] Progress @ 2026-06-22 11:04:46 : 123901 steps taken, and 18566 accepted.
[0 : mcmc] Progress @ 2026-06-22 11:04:57 : 125145 steps taken, and 18644 accepted.
[1 : mcmc] Progress @ 2026-06-22 11:05:10 : 125555 steps taken, and 18787 accepted.
[3 : mcmc] Progress @ 2026-06-22 11:05:24 : 125644 steps taken, and 18902 accepted.
[2 : mcmc] Progress @ 2026-06-22 11:05:50 : 124038 steps taken, and 18597 accepted.
[0 : mcmc] Progress @ 2026-06-22 11:06:01 : 125257 steps taken, and 18667 accepted.
[1 : mcmc] Progress @ 2026-06-22 11:06:14 : 125700 steps taken, and 18824 accepted.
[3 : mcmc] Progress @ 2026-06-22 11:06:27 : 125760 steps taken, and 18933 accepted.
[2 : mcmc] Progress @ 2026-06-22 11:06:58 : 124117 steps taken, and 18614 accepted.
[0 : mcmc] Progress @ 2026-06-22 11:07:09 : 125397 steps taken, and 18696 accepted.
[1 : mcmc] Progress @ 2026-06-22 11:07:23 : 125783 steps taken, and 18840 accepted.
[3 : mcmc] Progress @ 2026-06-22 11:07:28 : 125905 steps taken, and 18962 accepted.
[2 : mcmc] Progress @ 2026-06-22 11:07:59 : 124220 steps taken, and 18637 accepted.
[0 : mcmc] Progress @ 2026-06-22 11:08:09 : 125486 steps taken, and 18714 accepted.
[1 : mcmc] Progress @ 2026-06-22 11:08:23 : 125903 steps taken, and 18866 accepted.
[3 : mcmc] Progress @ 2026-06-22 11:08:29 : 126028 steps taken, and 18986 accepted.
[2 : mcmc] Progress @ 2026-06-22 11:09:04 : 124349 steps taken, and 18664 accepted.
[0 : mcmc] Progress @ 2026-06-22 11:09:10 : 125609 steps taken, and 18738 accepted.
[1 : mcmc] Progress @ 2026-06-22 11:09:24 : 125993 steps taken, and 18890 accepted.
[3 : mcmc] Progress @ 2026-06-22 11:09:31 : 126151 steps taken, and 19015 accepted.
[2 : mcmc] Progress @ 2026-06-22 11:10:04 : 124438 steps taken, and 18681 accepted.
[0 : mcmc] Progress @ 2026-06-22 11:10:11 : 125708 steps taken, and 18760 accepted.
[1 : mcmc] Progress @ 2026-06-22 11:10:25 : 126076 steps taken, and 18910 accepted.
[3 : mcmc] Progress @ 2026-06-22 11:10:31 : 126254 steps taken, and 19039 accepted.
[2 : mcmc] Progress @ 2026-06-22 11:11:11 : 124546 steps taken, and 18705 accepted.
[0 : mcmc] Progress @ 2026-06-22 11:11:14 : 125876 steps taken, and 18798 accepted.
[3 : mcmc] Progress @ 2026-06-22 11:11:31 : 126353 steps taken, and 19058 accepted.
[1 : mcmc] Progress @ 2026-06-22 11:11:34 : 126181 steps taken, and 18931 accepted.
[2 : mcmc] Progress @ 2026-06-22 11:12:11 : 124624 steps taken, and 18720 accepted.
[0 : mcmc] Progress @ 2026-06-22 11:12:21 : 125968 steps taken, and 18817 accepted.
[1 : mcmc] Progress @ 2026-06-22 11:12:34 : 126277 steps taken, and 18949 accepted.
[3 : mcmc] Progress @ 2026-06-22 11:12:36 : 126494 steps taken, and 19092 accepted.
[2 : mcmc] Progress @ 2026-06-22 11:13:12 : 124735 steps taken, and 18747 accepted.
[0 : mcmc] Progress @ 2026-06-22 11:13:24 : 126115 steps taken, and 18848 accepted.
[1 : mcmc] Progress @ 2026-06-22 11:13:35 : 126375 steps taken, and 18974 accepted.
[3 : mcmc] Progress @ 2026-06-22 11:13:40 : 126602 steps taken, and 19111 accepted.
[2 : mcmc] Progress @ 2026-06-22 11:14:19 : 124837 steps taken, and 18763 accepted.
[0 : mcmc] Progress @ 2026-06-22 11:14:29 : 126256 steps taken, and 18879 accepted.
[3 : mcmc] Progress @ 2026-06-22 11:14:40 : 126696 steps taken, and 19132 accepted.
[1 : mcmc] Progress @ 2026-06-22 11:14:43 : 126470 steps taken, and 18993 accepted.
[2 : mcmc] Progress @ 2026-06-22 11:15:27 : 124965 steps taken, and 18787 accepted.
[0 : mcmc] Progress @ 2026-06-22 11:15:31 : 126376 steps taken, and 18899 accepted.
[3 : mcmc] Progress @ 2026-06-22 11:15:40 : 126811 steps taken, and 19153 accepted.
[1 : mcmc] Progress @ 2026-06-22 11:15:43 : 126638 steps taken, and 19028 accepted.
[2 : mcmc] Progress @ 2026-06-22 11:16:27 : 125036 steps taken, and 18805 accepted.
[0 : mcmc] Progress @ 2026-06-22 11:16:38 : 126497 steps taken, and 18924 accepted.
[1 : mcmc] Progress @ 2026-06-22 11:16:43 : 126727 steps taken, and 19050 accepted.
[3 : mcmc] Progress @ 2026-06-22 11:16:44 : 126972 steps taken, and 19177 accepted.
[2 : mcmc] Progress @ 2026-06-22 11:17:30 : 125169 steps taken, and 18832 accepted.
[0 : mcmc] Progress @ 2026-06-22 11:17:38 : 126621 steps taken, and 18949 accepted.
[1 : mcmc] Progress @ 2026-06-22 11:17:43 : 126818 steps taken, and 19071 accepted.
[3 : mcmc] Progress @ 2026-06-22 11:17:44 : 127071 steps taken, and 19193 accepted.
[3 : mcmc] Learn + convergence test @ 19200 samples accepted.
[3 : mcmc] Ready to check convergence and learn a new proposal covmat (waiting for the rest...)
[2 : mcmc] Progress @ 2026-06-22 11:18:32 : 125286 steps taken, and 18861 accepted.
[0 : mcmc] Progress @ 2026-06-22 11:18:38 : 126719 steps taken, and 18972 accepted.
[3 : mcmc] Progress @ 2026-06-22 11:18:44 : 127152 steps taken, and 19210 accepted.
[1 : mcmc] Progress @ 2026-06-22 11:18:51 : 126904 steps taken, and 19090 accepted.
[2 : mcmc] Progress @ 2026-06-22 11:19:32 : 125381 steps taken, and 18885 accepted.
[0 : mcmc] Progress @ 2026-06-22 11:19:44 : 126812 steps taken, and 18993 accepted.
[3 : mcmc] Progress @ 2026-06-22 11:19:52 : 127292 steps taken, and 19240 accepted.
[1 : mcmc] Progress @ 2026-06-22 11:19:57 : 127025 steps taken, and 19113 accepted.
[2 : mcmc] Progress @ 2026-06-22 11:20:41 : 125516 steps taken, and 18919 accepted.
[0 : mcmc] Progress @ 2026-06-22 11:20:48 : 126971 steps taken, and 19018 accepted.
[3 : mcmc] Progress @ 2026-06-22 11:20:52 : 127385 steps taken, and 19261 accepted.
[1 : mcmc] Progress @ 2026-06-22 11:21:02 : 127163 steps taken, and 19139 accepted.
[0 : mcmc] Progress @ 2026-06-22 11:21:48 : 127064 steps taken, and 19038 accepted.
[2 : mcmc] Progress @ 2026-06-22 11:21:48 : 125651 steps taken, and 18943 accepted.
[3 : mcmc] Progress @ 2026-06-22 11:21:55 : 127499 steps taken, and 19282 accepted.
[1 : mcmc] Progress @ 2026-06-22 11:22:03 : 127246 steps taken, and 19157 accepted.
[0 : mcmc] Progress @ 2026-06-22 11:22:48 : 127151 steps taken, and 19058 accepted.
[2 : mcmc] Progress @ 2026-06-22 11:22:49 : 125744 steps taken, and 18959 accepted.
[3 : mcmc] Progress @ 2026-06-22 11:22:56 : 127576 steps taken, and 19301 accepted.
[1 : mcmc] Progress @ 2026-06-22 11:23:03 : 127335 steps taken, and 19178 accepted.
[0 : mcmc] Progress @ 2026-06-22 11:23:50 : 127257 steps taken, and 19081 accepted.
[2 : mcmc] Progress @ 2026-06-22 11:23:55 : 125845 steps taken, and 18980 accepted.
[1 : mcmc] Learn + convergence test @ 19200 samples accepted.
[1 : mcmc] Ready to check convergence and learn a new proposal covmat (waiting for the rest...)
[3 : mcmc] Progress @ 2026-06-22 11:24:01 : 127750 steps taken, and 19337 accepted.
[1 : mcmc] Progress @ 2026-06-22 11:24:06 : 127440 steps taken, and 19201 accepted.
[0 : mcmc] Progress @ 2026-06-22 11:24:53 : 127357 steps taken, and 19102 accepted.
[2 : mcmc] Progress @ 2026-06-22 11:24:55 : 125953 steps taken, and 19005 accepted.
[3 : mcmc] Progress @ 2026-06-22 11:25:05 : 127819 steps taken, and 19349 accepted.
[1 : mcmc] Progress @ 2026-06-22 11:25:06 : 127529 steps taken, and 19225 accepted.
[0 : mcmc] Progress @ 2026-06-22 11:25:54 : 127496 steps taken, and 19121 accepted.
[2 : mcmc] Progress @ 2026-06-22 11:25:55 : 126057 steps taken, and 19026 accepted.
[3 : mcmc] Progress @ 2026-06-22 11:26:05 : 127925 steps taken, and 19370 accepted.
[1 : mcmc] Progress @ 2026-06-22 11:26:10 : 127655 steps taken, and 19244 accepted.
[2 : mcmc] Progress @ 2026-06-22 11:26:55 : 126159 steps taken, and 19050 accepted.
[0 : mcmc] Progress @ 2026-06-22 11:27:02 : 127614 steps taken, and 19141 accepted.
[3 : mcmc] Progress @ 2026-06-22 11:27:08 : 128027 steps taken, and 19392 accepted.
[1 : mcmc] Progress @ 2026-06-22 11:27:13 : 127744 steps taken, and 19268 accepted.
[2 : mcmc] Progress @ 2026-06-22 11:28:01 : 126266 steps taken, and 19071 accepted.
[3 : mcmc] Progress @ 2026-06-22 11:28:08 : 128137 steps taken, and 19419 accepted.
[0 : mcmc] Progress @ 2026-06-22 11:28:09 : 127778 steps taken, and 19176 accepted.
[1 : mcmc] Progress @ 2026-06-22 11:28:20 : 127839 steps taken, and 19288 accepted.
[2 : mcmc] Progress @ 2026-06-22 11:29:01 : 126351 steps taken, and 19090 accepted.
[0 : mcmc] Progress @ 2026-06-22 11:29:09 : 127905 steps taken, and 19197 accepted.
[0 : mcmc] Learn + convergence test @ 19200 samples accepted.
[0 : mcmc] Ready to check convergence and learn a new proposal covmat (waiting for the rest...)
[3 : mcmc] Progress @ 2026-06-22 11:29:14 : 128210 steps taken, and 19434 accepted.
[1 : mcmc] Progress @ 2026-06-22 11:29:23 : 127961 steps taken, and 19312 accepted.
[2 : mcmc] Progress @ 2026-06-22 11:30:05 : 126460 steps taken, and 19105 accepted.
[0 : mcmc] Progress @ 2026-06-22 11:30:09 : 128020 steps taken, and 19224 accepted.
[3 : mcmc] Progress @ 2026-06-22 11:30:14 : 128326 steps taken, and 19460 accepted.
[1 : mcmc] Progress @ 2026-06-22 11:30:25 : 128053 steps taken, and 19334 accepted.
[0 : mcmc] Progress @ 2026-06-22 11:31:09 : 128100 steps taken, and 19241 accepted.
[2 : mcmc] Progress @ 2026-06-22 11:31:09 : 126590 steps taken, and 19137 accepted.
[3 : mcmc] Progress @ 2026-06-22 11:31:17 : 128455 steps taken, and 19486 accepted.
[1 : mcmc] Progress @ 2026-06-22 11:31:28 : 128161 steps taken, and 19354 accepted.
[2 : mcmc] Progress @ 2026-06-22 11:32:11 : 126661 steps taken, and 19151 accepted.
[0 : mcmc] Progress @ 2026-06-22 11:32:16 : 128225 steps taken, and 19264 accepted.
[3 : mcmc] Progress @ 2026-06-22 11:32:17 : 128550 steps taken, and 19509 accepted.
[1 : mcmc] Progress @ 2026-06-22 11:32:31 : 128262 steps taken, and 19377 accepted.
[2 : mcmc] Progress @ 2026-06-22 11:33:14 : 126747 steps taken, and 19169 accepted.
[3 : mcmc] Progress @ 2026-06-22 11:33:17 : 128628 steps taken, and 19524 accepted.
[0 : mcmc] Progress @ 2026-06-22 11:33:24 : 128260 steps taken, and 19271 accepted.
[1 : mcmc] Progress @ 2026-06-22 11:33:36 : 128391 steps taken, and 19408 accepted.
[2 : mcmc] Progress @ 2026-06-22 11:34:14 : 126867 steps taken, and 19192 accepted.
[3 : mcmc] Progress @ 2026-06-22 11:34:18 : 128716 steps taken, and 19545 accepted.
[0 : mcmc] Progress @ 2026-06-22 11:34:24 : 128404 steps taken, and 19301 accepted.
[1 : mcmc] Progress @ 2026-06-22 11:34:36 : 128463 steps taken, and 19424 accepted.
[2 : mcmc] Learn + convergence test @ 19200 samples accepted.
[2 : mcmc] Ready to check convergence and learn a new proposal covmat (waiting for the rest...)
[0 : mcmc] All chains are ready to check convergence and learn a new proposal covmat
[0 : mcmc]  - Acceptance rate: 0.522 = avg([0.5188, 0.5225, 0.5237, 0.5218])
[0 : mcmc]  - Convergence of means: R-1 = 0.588630 after 77485 accepted steps = sum([19304, 19426, 19200, 19555])
[0 : mcmc]  - Updated covariance matrix of proposal pdf.
[2 : mcmc] Progress @ 2026-06-22 11:35:15 : 126948 steps taken, and 19206 accepted.
[3 : mcmc] Progress @ 2026-06-22 11:35:18 : 128845 steps taken, and 19564 accepted.
[0 : mcmc] Progress @ 2026-06-22 11:35:27 : 128506 steps taken, and 19322 accepted.
[1 : mcmc] Progress @ 2026-06-22 11:35:45 : 128590 steps taken, and 19455 accepted.
[2 : mcmc] Progress @ 2026-06-22 11:36:15 : 127040 steps taken, and 19226 accepted.
[3 : mcmc] Progress @ 2026-06-22 11:36:20 : 128915 steps taken, and 19578 accepted.
[0 : mcmc] Progress @ 2026-06-22 11:36:27 : 128591 steps taken, and 19338 accepted.
[1 : mcmc] Progress @ 2026-06-22 11:36:49 : 128707 steps taken, and 19484 accepted.
[2 : mcmc] Progress @ 2026-06-22 11:37:20 : 127159 steps taken, and 19252 accepted.
[3 : mcmc] Progress @ 2026-06-22 11:37:26 : 129026 steps taken, and 19606 accepted.
[0 : mcmc] Progress @ 2026-06-22 11:37:31 : 128670 steps taken, and 19359 accepted.
[1 : mcmc] Progress @ 2026-06-22 11:37:54 : 128867 steps taken, and 19509 accepted.
[2 : mcmc] Progress @ 2026-06-22 11:38:25 : 127240 steps taken, and 19268 accepted.
[3 : mcmc] Progress @ 2026-06-22 11:38:26 : 129117 steps taken, and 19626 accepted.
[0 : mcmc] Progress @ 2026-06-22 11:38:32 : 128766 steps taken, and 19378 accepted.
[1 : mcmc] Progress @ 2026-06-22 11:38:58 : 128981 steps taken, and 19530 accepted.
[2 : mcmc] Progress @ 2026-06-22 11:39:27 : 127357 steps taken, and 19295 accepted.
[0 : mcmc] Progress @ 2026-06-22 11:39:32 : 128896 steps taken, and 19408 accepted.
[3 : mcmc] Progress @ 2026-06-22 11:39:33 : 129209 steps taken, and 19644 accepted.
[1 : mcmc] Progress @ 2026-06-22 11:39:59 : 129084 steps taken, and 19553 accepted.
[2 : mcmc] Progress @ 2026-06-22 11:40:27 : 127489 steps taken, and 19319 accepted.
[0 : mcmc] Progress @ 2026-06-22 11:40:32 : 128988 steps taken, and 19428 accepted.
[3 : mcmc] Progress @ 2026-06-22 11:40:33 : 129304 steps taken, and 19660 accepted.
[1 : mcmc] Progress @ 2026-06-22 11:41:03 : 129190 steps taken, and 19571 accepted.
[2 : mcmc] Progress @ 2026-06-22 11:41:32 : 127583 steps taken, and 19341 accepted.
[0 : mcmc] Progress @ 2026-06-22 11:41:37 : 129117 steps taken, and 19452 accepted.
[3 : mcmc] Progress @ 2026-06-22 11:41:38 : 129400 steps taken, and 19685 accepted.
[1 : mcmc] Progress @ 2026-06-22 11:42:10 : 129274 steps taken, and 19589 accepted.
[0 : mcmc] Progress @ 2026-06-22 11:42:37 : 129196 steps taken, and 19467 accepted.
[2 : mcmc] Progress @ 2026-06-22 11:42:38 : 127724 steps taken, and 19372 accepted.
[3 : mcmc] Progress @ 2026-06-22 11:42:40 : 129501 steps taken, and 19709 accepted.
[1 : mcmc] Progress @ 2026-06-22 11:43:13 : 129416 steps taken, and 19617 accepted.
[0 : mcmc] Progress @ 2026-06-22 11:43:37 : 129320 steps taken, and 19490 accepted.
[3 : mcmc] Progress @ 2026-06-22 11:43:41 : 129599 steps taken, and 19730 accepted.
[2 : mcmc] Progress @ 2026-06-22 11:43:42 : 127838 steps taken, and 19401 accepted.
[1 : mcmc] Progress @ 2026-06-22 11:44:14 : 129485 steps taken, and 19629 accepted.
[3 : mcmc] Progress @ 2026-06-22 11:44:41 : 129708 steps taken, and 19751 accepted.
[2 : mcmc] Progress @ 2026-06-22 11:44:43 : 127924 steps taken, and 19421 accepted.
[0 : mcmc] Progress @ 2026-06-22 11:44:45 : 129416 steps taken, and 19506 accepted.
[1 : mcmc] Progress @ 2026-06-22 11:45:20 : 129594 steps taken, and 19652 accepted.
[3 : mcmc] Progress @ 2026-06-22 11:45:43 : 129790 steps taken, and 19773 accepted.
[0 : mcmc] Progress @ 2026-06-22 11:45:46 : 129518 steps taken, and 19526 accepted.
[2 : mcmc] Progress @ 2026-06-22 11:45:48 : 128032 steps taken, and 19439 accepted.
[1 : mcmc] Progress @ 2026-06-22 11:46:20 : 129687 steps taken, and 19674 accepted.
[0 : mcmc] Progress @ 2026-06-22 11:46:48 : 129620 steps taken, and 19545 accepted.
[2 : mcmc] Progress @ 2026-06-22 11:46:51 : 128118 steps taken, and 19453 accepted.
[3 : mcmc] Progress @ 2026-06-22 11:46:51 : 129902 steps taken, and 19796 accepted.
[1 : mcmc] Progress @ 2026-06-22 11:47:20 : 129785 steps taken, and 19694 accepted.
[0 : mcmc] Progress @ 2026-06-22 11:47:48 : 129700 steps taken, and 19559 accepted.
[3 : mcmc] Progress @ 2026-06-22 11:47:51 : 130012 steps taken, and 19824 accepted.
[2 : mcmc] Progress @ 2026-06-22 11:47:57 : 128221 steps taken, and 19474 accepted.
[1 : mcmc] Progress @ 2026-06-22 11:48:24 : 129896 steps taken, and 19718 accepted.
[3 : mcmc] Progress @ 2026-06-22 11:48:53 : 130150 steps taken, and 19848 accepted.
[0 : mcmc] Progress @ 2026-06-22 11:48:55 : 129834 steps taken, and 19587 accepted.
[2 : mcmc] Progress @ 2026-06-22 11:48:57 : 128306 steps taken, and 19488 accepted.
[1 : mcmc] Progress @ 2026-06-22 11:49:25 : 129974 steps taken, and 19737 accepted.
[3 : mcmc] Progress @ 2026-06-22 11:49:54 : 130279 steps taken, and 19871 accepted.
[0 : mcmc] Progress @ 2026-06-22 11:49:55 : 129932 steps taken, and 19605 accepted.
[2 : mcmc] Progress @ 2026-06-22 11:50:06 : 128402 steps taken, and 19511 accepted.
[1 : mcmc] Progress @ 2026-06-22 11:50:25 : 130081 steps taken, and 19757 accepted.
[3 : mcmc] Progress @ 2026-06-22 11:50:54 : 130392 steps taken, and 19897 accepted.
[0 : mcmc] Progress @ 2026-06-22 11:50:56 : 130085 steps taken, and 19632 accepted.
[2 : mcmc] Progress @ 2026-06-22 11:51:14 : 128520 steps taken, and 19537 accepted.
[1 : mcmc] Progress @ 2026-06-22 11:51:30 : 130174 steps taken, and 19780 accepted.
[0 : mcmc] Progress @ 2026-06-22 11:51:56 : 130173 steps taken, and 19647 accepted.
[3 : mcmc] Progress @ 2026-06-22 11:51:57 : 130502 steps taken, and 19917 accepted.
[2 : mcmc] Progress @ 2026-06-22 11:52:21 : 128631 steps taken, and 19562 accepted.
[1 : mcmc] Progress @ 2026-06-22 11:52:30 : 130280 steps taken, and 19794 accepted.
[0 : mcmc] Progress @ 2026-06-22 11:52:58 : 130287 steps taken, and 19672 accepted.
[3 : mcmc] Progress @ 2026-06-22 11:53:01 : 130651 steps taken, and 19947 accepted.
[2 : mcmc] Progress @ 2026-06-22 11:53:28 : 128741 steps taken, and 19581 accepted.
[1 : mcmc] Progress @ 2026-06-22 11:53:34 : 130357 steps taken, and 19812 accepted.
[0 : mcmc] Progress @ 2026-06-22 11:53:58 : 130370 steps taken, and 19690 accepted.
[3 : mcmc] Progress @ 2026-06-22 11:54:04 : 130739 steps taken, and 19965 accepted.
[2 : mcmc] Progress @ 2026-06-22 11:54:30 : 128881 steps taken, and 19606 accepted.
[1 : mcmc] Progress @ 2026-06-22 11:54:39 : 130499 steps taken, and 19838 accepted.
[0 : mcmc] Progress @ 2026-06-22 11:55:06 : 130497 steps taken, and 19716 accepted.
[3 : mcmc] Progress @ 2026-06-22 11:55:12 : 130826 steps taken, and 19981 accepted.
[2 : mcmc] Progress @ 2026-06-22 11:55:34 : 129059 steps taken, and 19632 accepted.
[1 : mcmc] Progress @ 2026-06-22 11:55:39 : 130595 steps taken, and 19864 accepted.
[0 : mcmc] Progress @ 2026-06-22 11:56:06 : 130595 steps taken, and 19739 accepted.
[3 : mcmc] Progress @ 2026-06-22 11:56:12 : 130973 steps taken, and 20006 accepted.
[2 : mcmc] Progress @ 2026-06-22 11:56:34 : 129151 steps taken, and 19650 accepted.
[1 : mcmc] Progress @ 2026-06-22 11:56:45 : 130718 steps taken, and 19891 accepted.
[0 : mcmc] Progress @ 2026-06-22 11:57:11 : 130711 steps taken, and 19766 accepted.
[3 : mcmc] Progress @ 2026-06-22 11:57:12 : 131076 steps taken, and 20028 accepted.
[2 : mcmc] Progress @ 2026-06-22 11:57:34 : 129252 steps taken, and 19673 accepted.
[1 : mcmc] Progress @ 2026-06-22 11:57:52 : 130838 steps taken, and 19917 accepted.
[0 : mcmc] Progress @ 2026-06-22 11:58:12 : 130792 steps taken, and 19783 accepted.
[3 : mcmc] Progress @ 2026-06-22 11:58:19 : 131184 steps taken, and 20047 accepted.
[2 : mcmc] Progress @ 2026-06-22 11:58:36 : 129349 steps taken, and 19692 accepted.
[1 : mcmc] Progress @ 2026-06-22 11:59:00 : 130946 steps taken, and 19943 accepted.
[0 : mcmc] Progress @ 2026-06-22 11:59:20 : 130894 steps taken, and 19806 accepted.
[3 : mcmc] Progress @ 2026-06-22 11:59:27 : 131303 steps taken, and 20072 accepted.
[2 : mcmc] Progress @ 2026-06-22 11:59:40 : 129437 steps taken, and 19712 accepted.
[1 : mcmc] Progress @ 2026-06-22 12:00:03 : 131043 steps taken, and 19960 accepted.
[0 : mcmc] Progress @ 2026-06-22 12:00:20 : 131009 steps taken, and 19833 accepted.
[3 : mcmc] Progress @ 2026-06-22 12:00:31 : 131375 steps taken, and 20090 accepted.
[2 : mcmc] Progress @ 2026-06-22 12:00:40 : 129559 steps taken, and 19738 accepted.
[1 : mcmc] Progress @ 2026-06-22 12:01:07 : 131138 steps taken, and 19982 accepted.
[0 : mcmc] Progress @ 2026-06-22 12:01:20 : 131135 steps taken, and 19858 accepted.
[3 : mcmc] Progress @ 2026-06-22 12:01:37 : 131493 steps taken, and 20114 accepted.
[2 : mcmc] Progress @ 2026-06-22 12:01:48 : 129657 steps taken, and 19759 accepted.
[1 : mcmc] Progress @ 2026-06-22 12:02:11 : 131249 steps taken, and 20006 accepted.
[0 : mcmc] Progress @ 2026-06-22 12:02:26 : 131273 steps taken, and 19880 accepted.
[3 : mcmc] Progress @ 2026-06-22 12:02:45 : 131614 steps taken, and 20143 accepted.
[2 : mcmc] Progress @ 2026-06-22 12:02:49 : 129755 steps taken, and 19779 accepted.
[1 : mcmc] Progress @ 2026-06-22 12:03:19 : 131394 steps taken, and 20037 accepted.
[0 : mcmc] Progress @ 2026-06-22 12:03:26 : 131369 steps taken, and 19899 accepted.
[2 : mcmc] Progress @ 2026-06-22 12:03:50 : 129828 steps taken, and 19795 accepted.
[3 : mcmc] Progress @ 2026-06-22 12:03:53 : 131737 steps taken, and 20168 accepted.
[1 : mcmc] Progress @ 2026-06-22 12:04:26 : 131540 steps taken, and 20066 accepted.
[0 : mcmc] Progress @ 2026-06-22 12:04:26 : 131488 steps taken, and 19925 accepted.
[2 : mcmc] Progress @ 2026-06-22 12:04:52 : 129943 steps taken, and 19818 accepted.
[3 : mcmc] Progress @ 2026-06-22 12:05:00 : 131854 steps taken, and 20194 accepted.
[0 : mcmc] Progress @ 2026-06-22 12:05:28 : 131580 steps taken, and 19940 accepted.
[1 : mcmc] Progress @ 2026-06-22 12:05:29 : 131620 steps taken, and 20088 accepted.
[2 : mcmc] Progress @ 2026-06-22 12:05:52 : 130043 steps taken, and 19837 accepted.
[3 : mcmc] Progress @ 2026-06-22 12:06:05 : 131955 steps taken, and 20219 accepted.
[0 : mcmc] Progress @ 2026-06-22 12:06:29 : 131668 steps taken, and 19959 accepted.
[1 : mcmc] Progress @ 2026-06-22 12:06:33 : 131731 steps taken, and 20108 accepted.
[2 : mcmc] Progress @ 2026-06-22 12:06:52 : 130156 steps taken, and 19859 accepted.
[3 : mcmc] Progress @ 2026-06-22 12:07:10 : 132067 steps taken, and 20243 accepted.
[0 : mcmc] Progress @ 2026-06-22 12:07:33 : 131784 steps taken, and 19981 accepted.
[1 : mcmc] Progress @ 2026-06-22 12:07:33 : 131836 steps taken, and 20130 accepted.
[2 : mcmc] Progress @ 2026-06-22 12:07:52 : 130270 steps taken, and 19885 accepted.
[3 : mcmc] Progress @ 2026-06-22 12:08:11 : 132194 steps taken, and 20271 accepted.
[0 : mcmc] Progress @ 2026-06-22 12:08:36 : 131896 steps taken, and 19999 accepted.
[1 : mcmc] Progress @ 2026-06-22 12:08:43 : 131944 steps taken, and 20149 accepted.
[2 : mcmc] Progress @ 2026-06-22 12:08:56 : 130357 steps taken, and 19906 accepted.
[3 : mcmc] Progress @ 2026-06-22 12:09:14 : 132284 steps taken, and 20293 accepted.
[0 : mcmc] Progress @ 2026-06-22 12:09:39 : 132024 steps taken, and 20017 accepted.
[1 : mcmc] Progress @ 2026-06-22 12:09:53 : 132086 steps taken, and 20176 accepted.
[2 : mcmc] Progress @ 2026-06-22 12:09:58 : 130427 steps taken, and 19921 accepted.
[3 : mcmc] Progress @ 2026-06-22 12:10:21 : 132404 steps taken, and 20312 accepted.
[0 : mcmc] Progress @ 2026-06-22 12:10:43 : 132113 steps taken, and 20036 accepted.
[1 : mcmc] Progress @ 2026-06-22 12:10:58 : 132198 steps taken, and 20193 accepted.
[2 : mcmc] Progress @ 2026-06-22 12:11:05 : 130557 steps taken, and 19949 accepted.
[3 : mcmc] Progress @ 2026-06-22 12:11:24 : 132487 steps taken, and 20331 accepted.
[0 : mcmc] Progress @ 2026-06-22 12:11:43 : 132233 steps taken, and 20068 accepted.
[1 : mcmc] Progress @ 2026-06-22 12:11:59 : 132304 steps taken, and 20214 accepted.
[2 : mcmc] Progress @ 2026-06-22 12:12:06 : 130640 steps taken, and 19963 accepted.
[3 : mcmc] Progress @ 2026-06-22 12:12:27 : 132578 steps taken, and 20352 accepted.
[0 : mcmc] Progress @ 2026-06-22 12:12:43 : 132339 steps taken, and 20093 accepted.
[1 : mcmc] Progress @ 2026-06-22 12:13:04 : 132444 steps taken, and 20248 accepted.
[2 : mcmc] Progress @ 2026-06-22 12:13:11 : 130718 steps taken, and 19979 accepted.
[3 : mcmc] Progress @ 2026-06-22 12:13:27 : 132693 steps taken, and 20371 accepted.
[0 : mcmc] Progress @ 2026-06-22 12:13:43 : 132486 steps taken, and 20121 accepted.
[1 : mcmc] Progress @ 2026-06-22 12:14:04 : 132563 steps taken, and 20281 accepted.
[2 : mcmc] Progress @ 2026-06-22 12:14:17 : 130836 steps taken, and 20003 accepted.
[3 : mcmc] Progress @ 2026-06-22 12:14:33 : 132814 steps taken, and 20398 accepted.
[0 : mcmc] Progress @ 2026-06-22 12:14:46 : 132587 steps taken, and 20143 accepted.
[3 : mcmc] Learn + convergence test @ 20400 samples accepted.
[3 : mcmc] Ready to check convergence and learn a new proposal covmat (waiting for the rest...)
[1 : mcmc] Progress @ 2026-06-22 12:15:09 : 132646 steps taken, and 20300 accepted.
[2 : mcmc] Progress @ 2026-06-22 12:15:25 : 130992 steps taken, and 20032 accepted.
[3 : mcmc] Progress @ 2026-06-22 12:15:33 : 132914 steps taken, and 20408 accepted.
[0 : mcmc] Progress @ 2026-06-22 12:15:46 : 132680 steps taken, and 20160 accepted.
[1 : mcmc] Progress @ 2026-06-22 12:16:10 : 132757 steps taken, and 20322 accepted.
[3 : mcmc] Progress @ 2026-06-22 12:16:34 : 133017 steps taken, and 20427 accepted.
[2 : mcmc] Progress @ 2026-06-22 12:16:34 : 131130 steps taken, and 20063 accepted.
[0 : mcmc] Progress @ 2026-06-22 12:16:49 : 132774 steps taken, and 20181 accepted.
[1 : mcmc] Progress @ 2026-06-22 12:17:18 : 132861 steps taken, and 20344 accepted.
[3 : mcmc] Progress @ 2026-06-22 12:17:34 : 133119 steps taken, and 20452 accepted.
[2 : mcmc] Progress @ 2026-06-22 12:17:39 : 131239 steps taken, and 20081 accepted.
[0 : mcmc] Progress @ 2026-06-22 12:17:52 : 132881 steps taken, and 20205 accepted.
[1 : mcmc] Progress @ 2026-06-22 12:18:18 : 133009 steps taken, and 20378 accepted.
[3 : mcmc] Progress @ 2026-06-22 12:18:38 : 133215 steps taken, and 20473 accepted.
[2 : mcmc] Progress @ 2026-06-22 12:18:40 : 131393 steps taken, and 20107 accepted.
[0 : mcmc] Progress @ 2026-06-22 12:18:53 : 132975 steps taken, and 20228 accepted.
[1 : mcmc] Learn + convergence test @ 20400 samples accepted.
[1 : mcmc] Ready to check convergence and learn a new proposal covmat (waiting for the rest...)
[1 : mcmc] Progress @ 2026-06-22 12:19:25 : 133138 steps taken, and 20408 accepted.
[3 : mcmc] Progress @ 2026-06-22 12:19:38 : 133317 steps taken, and 20492 accepted.
[2 : mcmc] Progress @ 2026-06-22 12:19:45 : 131530 steps taken, and 20137 accepted.
[0 : mcmc] Progress @ 2026-06-22 12:19:56 : 133153 steps taken, and 20265 accepted.
[1 : mcmc] Progress @ 2026-06-22 12:20:33 : 133239 steps taken, and 20424 accepted.
[3 : mcmc] Progress @ 2026-06-22 12:20:39 : 133429 steps taken, and 20512 accepted.
[2 : mcmc] Progress @ 2026-06-22 12:20:45 : 131637 steps taken, and 20158 accepted.
[0 : mcmc] Progress @ 2026-06-22 12:20:57 : 133261 steps taken, and 20287 accepted.
[1 : mcmc] Progress @ 2026-06-22 12:21:40 : 133349 steps taken, and 20444 accepted.
[2 : mcmc] Progress @ 2026-06-22 12:21:47 : 131720 steps taken, and 20175 accepted.
[3 : mcmc] Progress @ 2026-06-22 12:21:48 : 133540 steps taken, and 20536 accepted.
[0 : mcmc] Progress @ 2026-06-22 12:22:02 : 133368 steps taken, and 20309 accepted.
[1 : mcmc] Progress @ 2026-06-22 12:22:40 : 133444 steps taken, and 20467 accepted.
[3 : mcmc] Progress @ 2026-06-22 12:22:50 : 133623 steps taken, and 20556 accepted.
[2 : mcmc] Progress @ 2026-06-22 12:22:53 : 131838 steps taken, and 20203 accepted.
[0 : mcmc] Progress @ 2026-06-22 12:23:03 : 133486 steps taken, and 20331 accepted.
[1 : mcmc] Progress @ 2026-06-22 12:23:40 : 133542 steps taken, and 20483 accepted.
[3 : mcmc] Progress @ 2026-06-22 12:23:54 : 133748 steps taken, and 20584 accepted.
[2 : mcmc] Progress @ 2026-06-22 12:24:00 : 131942 steps taken, and 20228 accepted.
[0 : mcmc] Progress @ 2026-06-22 12:24:03 : 133575 steps taken, and 20352 accepted.
[1 : mcmc] Progress @ 2026-06-22 12:24:41 : 133641 steps taken, and 20505 accepted.
[2 : mcmc] Progress @ 2026-06-22 12:25:01 : 132079 steps taken, and 20249 accepted.
[3 : mcmc] Progress @ 2026-06-22 12:25:02 : 133868 steps taken, and 20609 accepted.
[0 : mcmc] Progress @ 2026-06-22 12:25:04 : 133665 steps taken, and 20373 accepted.
[1 : mcmc] Progress @ 2026-06-22 12:25:42 : 133735 steps taken, and 20521 accepted.
[2 : mcmc] Progress @ 2026-06-22 12:26:01 : 132171 steps taken, and 20268 accepted.
[0 : mcmc] Learn + convergence test @ 20400 samples accepted.
[0 : mcmc] Ready to check convergence and learn a new proposal covmat (waiting for the rest...)
[3 : mcmc] Progress @ 2026-06-22 12:26:09 : 134026 steps taken, and 20638 accepted.
[0 : mcmc] Progress @ 2026-06-22 12:26:11 : 133785 steps taken, and 20400 accepted.
[1 : mcmc] Progress @ 2026-06-22 12:26:47 : 133842 steps taken, and 20538 accepted.
[2 : mcmc] Progress @ 2026-06-22 12:27:03 : 132263 steps taken, and 20287 accepted.
[3 : mcmc] Progress @ 2026-06-22 12:27:09 : 134116 steps taken, and 20656 accepted.
[0 : mcmc] Progress @ 2026-06-22 12:27:15 : 133868 steps taken, and 20421 accepted.
[1 : mcmc] Progress @ 2026-06-22 12:27:53 : 133944 steps taken, and 20556 accepted.
[3 : mcmc] Progress @ 2026-06-22 12:28:09 : 134225 steps taken, and 20682 accepted.
[2 : mcmc] Progress @ 2026-06-22 12:28:11 : 132343 steps taken, and 20303 accepted.
[0 : mcmc] Progress @ 2026-06-22 12:28:15 : 133968 steps taken, and 20438 accepted.
[1 : mcmc] Progress @ 2026-06-22 12:28:59 : 134104 steps taken, and 20588 accepted.
[3 : mcmc] Progress @ 2026-06-22 12:29:17 : 134300 steps taken, and 20696 accepted.
[2 : mcmc] Progress @ 2026-06-22 12:29:19 : 132479 steps taken, and 20333 accepted.
[0 : mcmc] Progress @ 2026-06-22 12:29:20 : 134081 steps taken, and 20457 accepted.
[1 : mcmc] Progress @ 2026-06-22 12:30:05 : 134219 steps taken, and 20605 accepted.
[3 : mcmc] Progress @ 2026-06-22 12:30:20 : 134417 steps taken, and 20714 accepted.
[2 : mcmc] Progress @ 2026-06-22 12:30:23 : 132554 steps taken, and 20350 accepted.
[0 : mcmc] Progress @ 2026-06-22 12:30:23 : 134208 steps taken, and 20479 accepted.
[1 : mcmc] Progress @ 2026-06-22 12:31:10 : 134394 steps taken, and 20635 accepted.
[3 : mcmc] Progress @ 2026-06-22 12:31:20 : 134543 steps taken, and 20746 accepted.
[2 : mcmc] Progress @ 2026-06-22 12:31:23 : 132646 steps taken, and 20372 accepted.
[0 : mcmc] Progress @ 2026-06-22 12:31:25 : 134293 steps taken, and 20497 accepted.
[1 : mcmc] Progress @ 2026-06-22 12:32:13 : 134467 steps taken, and 20647 accepted.
[3 : mcmc] Progress @ 2026-06-22 12:32:21 : 134646 steps taken, and 20770 accepted.
[2 : mcmc] Progress @ 2026-06-22 12:32:23 : 132755 steps taken, and 20393 accepted.
[0 : mcmc] Progress @ 2026-06-22 12:32:33 : 134428 steps taken, and 20521 accepted.
[2 : mcmc] Learn + convergence test @ 20400 samples accepted.
[2 : mcmc] Ready to check convergence and learn a new proposal covmat (waiting for the rest...)
[0 : mcmc] All chains are ready to check convergence and learn a new proposal covmat
[0 : mcmc]  - Acceptance rate: 0.538 = avg([0.5338, 0.5405, 0.5413, 0.5357])
[0 : mcmc]  - Convergence of means: R-1 = 0.405350 after 82361 accepted steps = sum([20526, 20661, 20400, 20774])
[0 : mcmc]  - Updated covariance matrix of proposal pdf.
[1 : mcmc] Progress @ 2026-06-22 12:33:20 : 134595 steps taken, and 20676 accepted.
[3 : mcmc] Progress @ 2026-06-22 12:33:24 : 134761 steps taken, and 20794 accepted.
[2 : mcmc] Progress @ 2026-06-22 12:33:28 : 132835 steps taken, and 20412 accepted.
[0 : mcmc] Progress @ 2026-06-22 12:33:33 : 134557 steps taken, and 20548 accepted.
[1 : mcmc] Progress @ 2026-06-22 12:34:24 : 134708 steps taken, and 20702 accepted.
[3 : mcmc] Progress @ 2026-06-22 12:34:31 : 134875 steps taken, and 20818 accepted.
[2 : mcmc] Progress @ 2026-06-22 12:34:34 : 132973 steps taken, and 20436 accepted.
[0 : mcmc] Progress @ 2026-06-22 12:34:38 : 134685 steps taken, and 20571 accepted.
[1 : mcmc] Progress @ 2026-06-22 12:35:24 : 134786 steps taken, and 20721 accepted.
[2 : mcmc] Progress @ 2026-06-22 12:35:34 : 133078 steps taken, and 20452 accepted.
[3 : mcmc] Progress @ 2026-06-22 12:35:37 : 134962 steps taken, and 20832 accepted.
[0 : mcmc] Progress @ 2026-06-22 12:35:43 : 134790 steps taken, and 20593 accepted.
[1 : mcmc] Progress @ 2026-06-22 12:36:26 : 134864 steps taken, and 20739 accepted.
[2 : mcmc] Progress @ 2026-06-22 12:36:35 : 133263 steps taken, and 20487 accepted.
[3 : mcmc] Progress @ 2026-06-22 12:36:40 : 135079 steps taken, and 20853 accepted.
[0 : mcmc] Progress @ 2026-06-22 12:36:51 : 134889 steps taken, and 20615 accepted.
[1 : mcmc] Progress @ 2026-06-22 12:37:26 : 135010 steps taken, and 20768 accepted.
[2 : mcmc] Progress @ 2026-06-22 12:37:40 : 133418 steps taken, and 20504 accepted.
[3 : mcmc] Progress @ 2026-06-22 12:37:46 : 135239 steps taken, and 20886 accepted.
[0 : mcmc] Progress @ 2026-06-22 12:37:52 : 135004 steps taken, and 20643 accepted.
[1 : mcmc] Progress @ 2026-06-22 12:38:26 : 135153 steps taken, and 20797 accepted.
[2 : mcmc] Progress @ 2026-06-22 12:38:46 : 133508 steps taken, and 20521 accepted.
[3 : mcmc] Progress @ 2026-06-22 12:38:46 : 135325 steps taken, and 20905 accepted.
[0 : mcmc] Progress @ 2026-06-22 12:38:53 : 135107 steps taken, and 20661 accepted.
[1 : mcmc] Progress @ 2026-06-22 12:39:27 : 135264 steps taken, and 20820 accepted.
[3 : mcmc] Progress @ 2026-06-22 12:39:46 : 135448 steps taken, and 20937 accepted.
[2 : mcmc] Progress @ 2026-06-22 12:39:52 : 133606 steps taken, and 20536 accepted.
[0 : mcmc] Progress @ 2026-06-22 12:39:54 : 135191 steps taken, and 20676 accepted.
[1 : mcmc] Progress @ 2026-06-22 12:40:28 : 135351 steps taken, and 20837 accepted.
[3 : mcmc] Progress @ 2026-06-22 12:40:46 : 135534 steps taken, and 20953 accepted.
[2 : mcmc] Progress @ 2026-06-22 12:40:52 : 133775 steps taken, and 20574 accepted.
[0 : mcmc] Progress @ 2026-06-22 12:40:58 : 135301 steps taken, and 20700 accepted.
[1 : mcmc] Progress @ 2026-06-22 12:41:28 : 135439 steps taken, and 20857 accepted.
[3 : mcmc] Progress @ 2026-06-22 12:41:49 : 135673 steps taken, and 20981 accepted.
[2 : mcmc] Progress @ 2026-06-22 12:41:56 : 133862 steps taken, and 20589 accepted.
[0 : mcmc] Progress @ 2026-06-22 12:42:06 : 135447 steps taken, and 20730 accepted.
[1 : mcmc] Progress @ 2026-06-22 12:42:37 : 135544 steps taken, and 20880 accepted.
[3 : mcmc] Progress @ 2026-06-22 12:42:50 : 135751 steps taken, and 21001 accepted.
[2 : mcmc] Progress @ 2026-06-22 12:42:56 : 134006 steps taken, and 20618 accepted.
[0 : mcmc] Progress @ 2026-06-22 12:43:06 : 135533 steps taken, and 20750 accepted.
[1 : mcmc] Progress @ 2026-06-22 12:43:41 : 135673 steps taken, and 20908 accepted.
[3 : mcmc] Progress @ 2026-06-22 12:43:51 : 135871 steps taken, and 21023 accepted.
[2 : mcmc] Progress @ 2026-06-22 12:44:03 : 134101 steps taken, and 20635 accepted.
[0 : mcmc] Progress @ 2026-06-22 12:44:07 : 135627 steps taken, and 20766 accepted.
[1 : mcmc] Progress @ 2026-06-22 12:44:41 : 135795 steps taken, and 20935 accepted.
[3 : mcmc] Progress @ 2026-06-22 12:44:52 : 135957 steps taken, and 21042 accepted.
[2 : mcmc] Progress @ 2026-06-22 12:45:03 : 134201 steps taken, and 20650 accepted.
[0 : mcmc] Progress @ 2026-06-22 12:45:08 : 135716 steps taken, and 20789 accepted.
[1 : mcmc] Progress @ 2026-06-22 12:45:44 : 135882 steps taken, and 20953 accepted.
[3 : mcmc] Progress @ 2026-06-22 12:45:52 : 136056 steps taken, and 21066 accepted.
[2 : mcmc] Progress @ 2026-06-22 12:46:04 : 134319 steps taken, and 20674 accepted.
[0 : mcmc] Progress @ 2026-06-22 12:46:13 : 135818 steps taken, and 20813 accepted.
[1 : mcmc] Progress @ 2026-06-22 12:46:44 : 135990 steps taken, and 20976 accepted.
[3 : mcmc] Progress @ 2026-06-22 12:46:52 : 136240 steps taken, and 21102 accepted.
[2 : mcmc] Progress @ 2026-06-22 12:47:04 : 134410 steps taken, and 20690 accepted.
[0 : mcmc] Progress @ 2026-06-22 12:47:13 : 135933 steps taken, and 20835 accepted.
[1 : mcmc] Progress @ 2026-06-22 12:47:46 : 136083 steps taken, and 20994 accepted.
[3 : mcmc] Progress @ 2026-06-22 12:47:56 : 136297 steps taken, and 21116 accepted.
[2 : mcmc] Progress @ 2026-06-22 12:48:05 : 134505 steps taken, and 20711 accepted.
[0 : mcmc] Progress @ 2026-06-22 12:48:14 : 136029 steps taken, and 20857 accepted.
[1 : mcmc] Progress @ 2026-06-22 12:48:49 : 136178 steps taken, and 21016 accepted.
[3 : mcmc] Progress @ 2026-06-22 12:48:56 : 136393 steps taken, and 21138 accepted.
[2 : mcmc] Progress @ 2026-06-22 12:49:13 : 134604 steps taken, and 20731 accepted.
[0 : mcmc] Progress @ 2026-06-22 12:49:23 : 136105 steps taken, and 20871 accepted.
[1 : mcmc] Progress @ 2026-06-22 12:49:49 : 136280 steps taken, and 21036 accepted.
[3 : mcmc] Progress @ 2026-06-22 12:50:04 : 136498 steps taken, and 21165 accepted.
[2 : mcmc] Progress @ 2026-06-22 12:50:13 : 134735 steps taken, and 20754 accepted.
[0 : mcmc] Progress @ 2026-06-22 12:50:23 : 136238 steps taken, and 20898 accepted.
[1 : mcmc] Progress @ 2026-06-22 12:50:51 : 136384 steps taken, and 21055 accepted.
[3 : mcmc] Progress @ 2026-06-22 12:51:08 : 136615 steps taken, and 21192 accepted.
[2 : mcmc] Progress @ 2026-06-22 12:51:14 : 134852 steps taken, and 20781 accepted.
[0 : mcmc] Progress @ 2026-06-22 12:51:25 : 136341 steps taken, and 20920 accepted.
[1 : mcmc] Progress @ 2026-06-22 12:51:54 : 136501 steps taken, and 21077 accepted.
[3 : mcmc] Progress @ 2026-06-22 12:52:13 : 136730 steps taken, and 21215 accepted.
[2 : mcmc] Progress @ 2026-06-22 12:52:14 : 134947 steps taken, and 20799 accepted.
[0 : mcmc] Progress @ 2026-06-22 12:52:27 : 136422 steps taken, and 20939 accepted.
[1 : mcmc] Progress @ 2026-06-22 12:53:01 : 136620 steps taken, and 21109 accepted.
[2 : mcmc] Progress @ 2026-06-22 12:53:14 : 135055 steps taken, and 20819 accepted.
[3 : mcmc] Progress @ 2026-06-22 12:53:21 : 136819 steps taken, and 21234 accepted.
[0 : mcmc] Progress @ 2026-06-22 12:53:34 : 136562 steps taken, and 20967 accepted.
[1 : mcmc] Progress @ 2026-06-22 12:54:01 : 136708 steps taken, and 21128 accepted.
[2 : mcmc] Progress @ 2026-06-22 12:54:19 : 135180 steps taken, and 20842 accepted.
[3 : mcmc] Progress @ 2026-06-22 12:54:29 : 136980 steps taken, and 21267 accepted.
[0 : mcmc] Progress @ 2026-06-22 12:54:39 : 136654 steps taken, and 20983 accepted.
[1 : mcmc] Progress @ 2026-06-22 12:55:09 : 136807 steps taken, and 21150 accepted.
[2 : mcmc] Progress @ 2026-06-22 12:55:23 : 135283 steps taken, and 20862 accepted.
[3 : mcmc] Progress @ 2026-06-22 12:55:38 : 137085 steps taken, and 21286 accepted.
[0 : mcmc] Progress @ 2026-06-22 12:55:39 : 136743 steps taken, and 21005 accepted.
[1 : mcmc] Progress @ 2026-06-22 12:56:09 : 136940 steps taken, and 21179 accepted.
[2 : mcmc] Progress @ 2026-06-22 12:56:23 : 135376 steps taken, and 20883 accepted.
[3 : mcmc] Progress @ 2026-06-22 12:56:41 : 137232 steps taken, and 21316 accepted.
[0 : mcmc] Progress @ 2026-06-22 12:56:46 : 136843 steps taken, and 21027 accepted.
[1 : mcmc] Progress @ 2026-06-22 12:57:09 : 137055 steps taken, and 21202 accepted.
[2 : mcmc] Progress @ 2026-06-22 12:57:23 : 135464 steps taken, and 20907 accepted.
[3 : mcmc] Progress @ 2026-06-22 12:57:41 : 137326 steps taken, and 21337 accepted.
[0 : mcmc] Progress @ 2026-06-22 12:57:46 : 136964 steps taken, and 21055 accepted.
[1 : mcmc] Progress @ 2026-06-22 12:58:10 : 137143 steps taken, and 21218 accepted.
[2 : mcmc] Progress @ 2026-06-22 12:58:23 : 135552 steps taken, and 20928 accepted.
[0 : mcmc] Progress @ 2026-06-22 12:58:47 : 137056 steps taken, and 21073 accepted.
[3 : mcmc] Progress @ 2026-06-22 12:58:47 : 137419 steps taken, and 21360 accepted.
[1 : mcmc] Progress @ 2026-06-22 12:59:13 : 137290 steps taken, and 21242 accepted.
[2 : mcmc] Progress @ 2026-06-22 12:59:23 : 135661 steps taken, and 20950 accepted.
[0 : mcmc] Progress @ 2026-06-22 12:59:47 : 137130 steps taken, and 21089 accepted.
[3 : mcmc] Progress @ 2026-06-22 12:59:48 : 137545 steps taken, and 21386 accepted.
[1 : mcmc] Progress @ 2026-06-22 13:00:21 : 137436 steps taken, and 21270 accepted.
[2 : mcmc] Progress @ 2026-06-22 13:00:26 : 135769 steps taken, and 20972 accepted.
[3 : mcmc] Progress @ 2026-06-22 13:00:49 : 137665 steps taken, and 21408 accepted.
[0 : mcmc] Progress @ 2026-06-22 13:00:53 : 137249 steps taken, and 21118 accepted.
[1 : mcmc] Progress @ 2026-06-22 13:01:24 : 137546 steps taken, and 21297 accepted.
[2 : mcmc] Progress @ 2026-06-22 13:01:33 : 135892 steps taken, and 20999 accepted.
[0 : mcmc] Progress @ 2026-06-22 13:01:53 : 137358 steps taken, and 21139 accepted.
[3 : mcmc] Progress @ 2026-06-22 13:01:57 : 137782 steps taken, and 21428 accepted.
[1 : mcmc] Progress @ 2026-06-22 13:02:30 : 137652 steps taken, and 21312 accepted.
[2 : mcmc] Progress @ 2026-06-22 13:02:34 : 135992 steps taken, and 21021 accepted.
[0 : mcmc] Progress @ 2026-06-22 13:02:54 : 137444 steps taken, and 21157 accepted.
[3 : mcmc] Progress @ 2026-06-22 13:02:58 : 137878 steps taken, and 21449 accepted.
[1 : mcmc] Progress @ 2026-06-22 13:03:34 : 137757 steps taken, and 21330 accepted.
[2 : mcmc] Progress @ 2026-06-22 13:03:39 : 136088 steps taken, and 21040 accepted.
[0 : mcmc] Progress @ 2026-06-22 13:03:54 : 137542 steps taken, and 21180 accepted.
[3 : mcmc] Progress @ 2026-06-22 13:03:59 : 137993 steps taken, and 21474 accepted.
[1 : mcmc] Progress @ 2026-06-22 13:04:35 : 137864 steps taken, and 21353 accepted.
[2 : mcmc] Progress @ 2026-06-22 13:04:42 : 136193 steps taken, and 21061 accepted.
[0 : mcmc] Progress @ 2026-06-22 13:04:54 : 137642 steps taken, and 21208 accepted.
[3 : mcmc] Progress @ 2026-06-22 13:05:00 : 138099 steps taken, and 21498 accepted.
[1 : mcmc] Progress @ 2026-06-22 13:05:40 : 138001 steps taken, and 21381 accepted.
[2 : mcmc] Progress @ 2026-06-22 13:05:45 : 136284 steps taken, and 21083 accepted.
[0 : mcmc] Progress @ 2026-06-22 13:05:57 : 137757 steps taken, and 21228 accepted.
[3 : mcmc] Progress @ 2026-06-22 13:06:04 : 138221 steps taken, and 21525 accepted.
[1 : mcmc] Progress @ 2026-06-22 13:06:46 : 138114 steps taken, and 21410 accepted.
[2 : mcmc] Progress @ 2026-06-22 13:06:48 : 136374 steps taken, and 21106 accepted.
[0 : mcmc] Progress @ 2026-06-22 13:06:59 : 137887 steps taken, and 21251 accepted.
[3 : mcmc] Progress @ 2026-06-22 13:07:04 : 138303 steps taken, and 21543 accepted.
[1 : mcmc] Progress @ 2026-06-22 13:07:46 : 138225 steps taken, and 21439 accepted.
[2 : mcmc] Progress @ 2026-06-22 13:07:48 : 136497 steps taken, and 21132 accepted.
[0 : mcmc] Progress @ 2026-06-22 13:07:59 : 137980 steps taken, and 21274 accepted.
[3 : mcmc] Progress @ 2026-06-22 13:08:08 : 138383 steps taken, and 21561 accepted.
[2 : mcmc] Progress @ 2026-06-22 13:08:48 : 136590 steps taken, and 21148 accepted.
[1 : mcmc] Progress @ 2026-06-22 13:08:51 : 138349 steps taken, and 21468 accepted.
[0 : mcmc] Progress @ 2026-06-22 13:08:59 : 138069 steps taken, and 21295 accepted.
[3 : mcmc] Progress @ 2026-06-22 13:09:11 : 138546 steps taken, and 21592 accepted.
[2 : mcmc] Progress @ 2026-06-22 13:09:52 : 136687 steps taken, and 21172 accepted.
[3 : mcmc] Learn + convergence test @ 21600 samples accepted.
[3 : mcmc] Ready to check convergence and learn a new proposal covmat (waiting for the rest...)
[1 : mcmc] Progress @ 2026-06-22 13:09:54 : 138470 steps taken, and 21498 accepted.
[0 : mcmc] Progress @ 2026-06-22 13:09:59 : 138221 steps taken, and 21326 accepted.
[3 : mcmc] Progress @ 2026-06-22 13:10:11 : 138660 steps taken, and 21608 accepted.
[1 : mcmc] Progress @ 2026-06-22 13:10:57 : 138562 steps taken, and 21520 accepted.
[0 : mcmc] Progress @ 2026-06-22 13:10:59 : 138304 steps taken, and 21343 accepted.
[2 : mcmc] Progress @ 2026-06-22 13:11:00 : 136792 steps taken, and 21196 accepted.
[3 : mcmc] Progress @ 2026-06-22 13:11:12 : 138763 steps taken, and 21631 accepted.
[1 : mcmc] Progress @ 2026-06-22 13:11:59 : 138691 steps taken, and 21544 accepted.
[0 : mcmc] Progress @ 2026-06-22 13:11:59 : 138410 steps taken, and 21360 accepted.
[2 : mcmc] Progress @ 2026-06-22 13:12:05 : 136910 steps taken, and 21220 accepted.
[3 : mcmc] Progress @ 2026-06-22 13:12:13 : 138872 steps taken, and 21650 accepted.
[1 : mcmc] Progress @ 2026-06-22 13:13:02 : 138816 steps taken, and 21573 accepted.
[0 : mcmc] Progress @ 2026-06-22 13:13:05 : 138516 steps taken, and 21383 accepted.
[2 : mcmc] Progress @ 2026-06-22 13:13:08 : 137025 steps taken, and 21238 accepted.
[3 : mcmc] Progress @ 2026-06-22 13:13:16 : 138968 steps taken, and 21665 accepted.
[1 : mcmc] Progress @ 2026-06-22 13:14:03 : 138891 steps taken, and 21591 accepted.
[0 : mcmc] Progress @ 2026-06-22 13:14:09 : 138621 steps taken, and 21408 accepted.
[2 : mcmc] Progress @ 2026-06-22 13:14:13 : 137151 steps taken, and 21263 accepted.
[3 : mcmc] Progress @ 2026-06-22 13:14:19 : 139072 steps taken, and 21686 accepted.
[1 : mcmc] Learn + convergence test @ 21600 samples accepted.
[1 : mcmc] Ready to check convergence and learn a new proposal covmat (waiting for the rest...)
[1 : mcmc] Progress @ 2026-06-22 13:15:03 : 139023 steps taken, and 21612 accepted.
[0 : mcmc] Progress @ 2026-06-22 13:15:09 : 138740 steps taken, and 21431 accepted.
[2 : mcmc] Progress @ 2026-06-22 13:15:17 : 137274 steps taken, and 21286 accepted.
[3 : mcmc] Progress @ 2026-06-22 13:15:19 : 139189 steps taken, and 21709 accepted.
[1 : mcmc] Progress @ 2026-06-22 13:16:04 : 139138 steps taken, and 21635 accepted.
[0 : mcmc] Progress @ 2026-06-22 13:16:12 : 138823 steps taken, and 21450 accepted.
[2 : mcmc] Progress @ 2026-06-22 13:16:17 : 137376 steps taken, and 21310 accepted.
[3 : mcmc] Progress @ 2026-06-22 13:16:19 : 139288 steps taken, and 21724 accepted.
[1 : mcmc] Progress @ 2026-06-22 13:17:04 : 139222 steps taken, and 21654 accepted.
[0 : mcmc] Progress @ 2026-06-22 13:17:16 : 138939 steps taken, and 21480 accepted.
[2 : mcmc] Progress @ 2026-06-22 13:17:17 : 137488 steps taken, and 21340 accepted.
[3 : mcmc] Progress @ 2026-06-22 13:17:21 : 139390 steps taken, and 21745 accepted.
[1 : mcmc] Progress @ 2026-06-22 13:18:04 : 139321 steps taken, and 21674 accepted.
[0 : mcmc] Progress @ 2026-06-22 13:18:17 : 139044 steps taken, and 21496 accepted.
[2 : mcmc] Progress @ 2026-06-22 13:18:21 : 137589 steps taken, and 21362 accepted.
[3 : mcmc] Progress @ 2026-06-22 13:18:22 : 139500 steps taken, and 21762 accepted.
[1 : mcmc] Progress @ 2026-06-22 13:19:06 : 139411 steps taken, and 21697 accepted.
[0 : mcmc] Progress @ 2026-06-22 13:19:23 : 139157 steps taken, and 21519 accepted.
[2 : mcmc] Progress @ 2026-06-22 13:19:24 : 137687 steps taken, and 21386 accepted.
[3 : mcmc] Progress @ 2026-06-22 13:19:31 : 139617 steps taken, and 21785 accepted.
[1 : mcmc] Progress @ 2026-06-22 13:20:09 : 139544 steps taken, and 21721 accepted.
[2 : mcmc] Progress @ 2026-06-22 13:20:26 : 137770 steps taken, and 21406 accepted.
[0 : mcmc] Progress @ 2026-06-22 13:20:31 : 139284 steps taken, and 21546 accepted.
[3 : mcmc] Progress @ 2026-06-22 13:20:37 : 139707 steps taken, and 21797 accepted.
[1 : mcmc] Progress @ 2026-06-22 13:21:11 : 139660 steps taken, and 21744 accepted.
[2 : mcmc] Progress @ 2026-06-22 13:21:32 : 137877 steps taken, and 21427 accepted.
[0 : mcmc] Progress @ 2026-06-22 13:21:37 : 139392 steps taken, and 21569 accepted.
[3 : mcmc] Progress @ 2026-06-22 13:21:41 : 139864 steps taken, and 21827 accepted.
[1 : mcmc] Progress @ 2026-06-22 13:22:11 : 139754 steps taken, and 21767 accepted.
[2 : mcmc] Progress @ 2026-06-22 13:22:36 : 137988 steps taken, and 21447 accepted.
[0 : mcmc] Progress @ 2026-06-22 13:22:45 : 139491 steps taken, and 21594 accepted.
[3 : mcmc] Progress @ 2026-06-22 13:22:47 : 139985 steps taken, and 21852 accepted.
[0 : mcmc] Learn + convergence test @ 21600 samples accepted.
[0 : mcmc] Ready to check convergence and learn a new proposal covmat (waiting for the rest...)
[1 : mcmc] Progress @ 2026-06-22 13:23:15 : 139847 steps taken, and 21791 accepted.
[2 : mcmc] Progress @ 2026-06-22 13:23:36 : 138093 steps taken, and 21469 accepted.
[0 : mcmc] Progress @ 2026-06-22 13:23:45 : 139595 steps taken, and 21614 accepted.
[3 : mcmc] Progress @ 2026-06-22 13:23:54 : 140067 steps taken, and 21870 accepted.
[1 : mcmc] Progress @ 2026-06-22 13:24:19 : 139945 steps taken, and 21812 accepted.
[2 : mcmc] Progress @ 2026-06-22 13:24:39 : 138186 steps taken, and 21490 accepted.
[0 : mcmc] Progress @ 2026-06-22 13:24:53 : 139733 steps taken, and 21645 accepted.
[3 : mcmc] Progress @ 2026-06-22 13:24:57 : 140215 steps taken, and 21908 accepted.
[1 : mcmc] Progress @ 2026-06-22 13:25:23 : 140071 steps taken, and 21840 accepted.
[2 : mcmc] Progress @ 2026-06-22 13:25:47 : 138307 steps taken, and 21515 accepted.
[0 : mcmc] Progress @ 2026-06-22 13:25:57 : 139858 steps taken, and 21671 accepted.
[3 : mcmc] Progress @ 2026-06-22 13:26:01 : 140306 steps taken, and 21928 accepted.
[1 : mcmc] Progress @ 2026-06-22 13:26:23 : 140152 steps taken, and 21859 accepted.
[2 : mcmc] Progress @ 2026-06-22 13:26:52 : 138417 steps taken, and 21536 accepted.
[3 : mcmc] Progress @ 2026-06-22 13:27:01 : 140420 steps taken, and 21954 accepted.
[0 : mcmc] Progress @ 2026-06-22 13:27:06 : 139955 steps taken, and 21693 accepted.
[1 : mcmc] Progress @ 2026-06-22 13:27:23 : 140289 steps taken, and 21882 accepted.
[2 : mcmc] Progress @ 2026-06-22 13:27:52 : 138507 steps taken, and 21554 accepted.
[3 : mcmc] Progress @ 2026-06-22 13:28:06 : 140504 steps taken, and 21969 accepted.
[0 : mcmc] Progress @ 2026-06-22 13:28:12 : 140092 steps taken, and 21723 accepted.
[1 : mcmc] Progress @ 2026-06-22 13:28:32 : 140393 steps taken, and 21898 accepted.
[2 : mcmc] Progress @ 2026-06-22 13:28:52 : 138600 steps taken, and 21575 accepted.
[0 : mcmc] Progress @ 2026-06-22 13:29:13 : 140192 steps taken, and 21746 accepted.
[3 : mcmc] Progress @ 2026-06-22 13:29:14 : 140625 steps taken, and 21992 accepted.
[1 : mcmc] Progress @ 2026-06-22 13:29:32 : 140490 steps taken, and 21918 accepted.
[2 : mcmc] Progress @ 2026-06-22 13:29:57 : 138705 steps taken, and 21598 accepted.
[2 : mcmc] Learn + convergence test @ 21600 samples accepted.
[2 : mcmc] Ready to check convergence and learn a new proposal covmat (waiting for the rest...)
[0 : mcmc] All chains are ready to check convergence and learn a new proposal covmat
[0 : mcmc]  - Acceptance rate: 0.553 = avg([0.5513, 0.5556, 0.5519, 0.5517])
[0 : mcmc]  - Convergence of means: R-1 = 0.304616 after 87311 accepted steps = sum([21768, 21935, 21600, 22008])
[0 : mcmc]  - Updated covariance matrix of proposal pdf.
[0 : mcmc] Progress @ 2026-06-22 13:30:13 : 140294 steps taken, and 21770 accepted.
[3 : mcmc] Progress @ 2026-06-22 13:30:21 : 140703 steps taken, and 22009 accepted.
[1 : mcmc] Progress @ 2026-06-22 13:30:33 : 140610 steps taken, and 21941 accepted.
[2 : mcmc] Progress @ 2026-06-22 13:31:02 : 138795 steps taken, and 21616 accepted.
[0 : mcmc] Progress @ 2026-06-22 13:31:13 : 140412 steps taken, and 21796 accepted.
[3 : mcmc] Progress @ 2026-06-22 13:31:21 : 140830 steps taken, and 22036 accepted.
[1 : mcmc] Progress @ 2026-06-22 13:31:39 : 140717 steps taken, and 21963 accepted.
[2 : mcmc] Progress @ 2026-06-22 13:32:02 : 138918 steps taken, and 21641 accepted.
[0 : mcmc] Progress @ 2026-06-22 13:32:13 : 140565 steps taken, and 21815 accepted.
[3 : mcmc] Progress @ 2026-06-22 13:32:27 : 140932 steps taken, and 22056 accepted.
[1 : mcmc] Progress @ 2026-06-22 13:32:39 : 140822 steps taken, and 21983 accepted.
[2 : mcmc] Progress @ 2026-06-22 13:33:03 : 139018 steps taken, and 21663 accepted.
[0 : mcmc] Progress @ 2026-06-22 13:33:16 : 140684 steps taken, and 21840 accepted.
[3 : mcmc] Progress @ 2026-06-22 13:33:27 : 141044 steps taken, and 22079 accepted.
[1 : mcmc] Progress @ 2026-06-22 13:33:39 : 140892 steps taken, and 21994 accepted.
[2 : mcmc] Progress @ 2026-06-22 13:34:03 : 139108 steps taken, and 21683 accepted.
[0 : mcmc] Progress @ 2026-06-22 13:34:16 : 140768 steps taken, and 21860 accepted.
[3 : mcmc] Progress @ 2026-06-22 13:34:34 : 141178 steps taken, and 22111 accepted.
[1 : mcmc] Progress @ 2026-06-22 13:34:41 : 141012 steps taken, and 22019 accepted.
[2 : mcmc] Progress @ 2026-06-22 13:35:05 : 139210 steps taken, and 21700 accepted.
[0 : mcmc] Progress @ 2026-06-22 13:35:17 : 140871 steps taken, and 21886 accepted.
[3 : mcmc] Progress @ 2026-06-22 13:35:34 : 141255 steps taken, and 22127 accepted.
[1 : mcmc] Progress @ 2026-06-22 13:35:47 : 141115 steps taken, and 22040 accepted.
[2 : mcmc] Progress @ 2026-06-22 13:36:05 : 139311 steps taken, and 21723 accepted.
[0 : mcmc] Progress @ 2026-06-22 13:36:18 : 141010 steps taken, and 21913 accepted.
[3 : mcmc] Progress @ 2026-06-22 13:36:39 : 141344 steps taken, and 22149 accepted.
[1 : mcmc] Progress @ 2026-06-22 13:36:54 : 141217 steps taken, and 22056 accepted.
[2 : mcmc] Progress @ 2026-06-22 13:37:08 : 139435 steps taken, and 21750 accepted.
[0 : mcmc] Progress @ 2026-06-22 13:37:25 : 141096 steps taken, and 21932 accepted.
[3 : mcmc] Progress @ 2026-06-22 13:37:39 : 141471 steps taken, and 22171 accepted.
[1 : mcmc] Progress @ 2026-06-22 13:37:59 : 141305 steps taken, and 22073 accepted.
[2 : mcmc] Progress @ 2026-06-22 13:38:13 : 139505 steps taken, and 21766 accepted.
[0 : mcmc] Progress @ 2026-06-22 13:38:32 : 141192 steps taken, and 21958 accepted.
[3 : mcmc] Progress @ 2026-06-22 13:38:39 : 141576 steps taken, and 22196 accepted.
[1 : mcmc] Progress @ 2026-06-22 13:39:08 : 141436 steps taken, and 22102 accepted.
[2 : mcmc] Progress @ 2026-06-22 13:39:14 : 139635 steps taken, and 21788 accepted.
[0 : mcmc] Progress @ 2026-06-22 13:39:38 : 141293 steps taken, and 21981 accepted.
[3 : mcmc] Progress @ 2026-06-22 13:39:46 : 141663 steps taken, and 22215 accepted.
[1 : mcmc] Progress @ 2026-06-22 13:40:12 : 141553 steps taken, and 22133 accepted.
[2 : mcmc] Progress @ 2026-06-22 13:40:15 : 139750 steps taken, and 21809 accepted.
[0 : mcmc] Progress @ 2026-06-22 13:40:38 : 141453 steps taken, and 22008 accepted.
[3 : mcmc] Progress @ 2026-06-22 13:40:54 : 141795 steps taken, and 22246 accepted.
[1 : mcmc] Progress @ 2026-06-22 13:41:14 : 141650 steps taken, and 22157 accepted.
[2 : mcmc] Progress @ 2026-06-22 13:41:16 : 139852 steps taken, and 21827 accepted.
[0 : mcmc] Progress @ 2026-06-22 13:41:43 : 141541 steps taken, and 22024 accepted.
[3 : mcmc] Progress @ 2026-06-22 13:42:00 : 141884 steps taken, and 22270 accepted.
[1 : mcmc] Progress @ 2026-06-22 13:42:16 : 141734 steps taken, and 22176 accepted.
[2 : mcmc] Progress @ 2026-06-22 13:42:16 : 139947 steps taken, and 21852 accepted.
[0 : mcmc] Progress @ 2026-06-22 13:42:49 : 141622 steps taken, and 22040 accepted.
[3 : mcmc] Progress @ 2026-06-22 13:43:07 : 141961 steps taken, and 22284 accepted.
[1 : mcmc] Progress @ 2026-06-22 13:43:16 : 141856 steps taken, and 22193 accepted.
[2 : mcmc] Progress @ 2026-06-22 13:43:17 : 140065 steps taken, and 21878 accepted.
[0 : mcmc] Progress @ 2026-06-22 13:43:57 : 141718 steps taken, and 22057 accepted.
[3 : mcmc] Progress @ 2026-06-22 13:44:13 : 142058 steps taken, and 22307 accepted.
[1 : mcmc] Progress @ 2026-06-22 13:44:18 : 141934 steps taken, and 22211 accepted.
[2 : mcmc] Progress @ 2026-06-22 13:44:25 : 140156 steps taken, and 21897 accepted.
[0 : mcmc] Progress @ 2026-06-22 13:44:57 : 141864 steps taken, and 22088 accepted.
[3 : mcmc] Progress @ 2026-06-22 13:45:13 : 142194 steps taken, and 22335 accepted.
[1 : mcmc] Progress @ 2026-06-22 13:45:23 : 142054 steps taken, and 22242 accepted.
[2 : mcmc] Progress @ 2026-06-22 13:45:26 : 140240 steps taken, and 21910 accepted.
[0 : mcmc] Progress @ 2026-06-22 13:46:05 : 141945 steps taken, and 22105 accepted.
[3 : mcmc] Progress @ 2026-06-22 13:46:20 : 142330 steps taken, and 22367 accepted.
[1 : mcmc] Progress @ 2026-06-22 13:46:23 : 142184 steps taken, and 22270 accepted.
[2 : mcmc] Progress @ 2026-06-22 13:46:33 : 140352 steps taken, and 21938 accepted.
[0 : mcmc] Progress @ 2026-06-22 13:47:06 : 142068 steps taken, and 22130 accepted.
[3 : mcmc] Progress @ 2026-06-22 13:47:26 : 142452 steps taken, and 22386 accepted.
[1 : mcmc] Progress @ 2026-06-22 13:47:26 : 142295 steps taken, and 22293 accepted.
[2 : mcmc] Progress @ 2026-06-22 13:47:33 : 140429 steps taken, and 21955 accepted.
[0 : mcmc] Progress @ 2026-06-22 13:48:12 : 142165 steps taken, and 22148 accepted.
[3 : mcmc] Progress @ 2026-06-22 13:48:28 : 142514 steps taken, and 22399 accepted.
[1 : mcmc] Progress @ 2026-06-22 13:48:32 : 142411 steps taken, and 22313 accepted.
[2 : mcmc] Progress @ 2026-06-22 13:48:33 : 140545 steps taken, and 21982 accepted.
[0 : mcmc] Progress @ 2026-06-22 13:49:21 : 142313 steps taken, and 22183 accepted.
[3 : mcmc] Progress @ 2026-06-22 13:49:28 : 142648 steps taken, and 22426 accepted.
[1 : mcmc] Progress @ 2026-06-22 13:49:37 : 142477 steps taken, and 22331 accepted.
[2 : mcmc] Progress @ 2026-06-22 13:49:40 : 140629 steps taken, and 21998 accepted.
[0 : mcmc] Progress @ 2026-06-22 13:50:27 : 142420 steps taken, and 22208 accepted.
[3 : mcmc] Progress @ 2026-06-22 13:50:28 : 142724 steps taken, and 22439 accepted.
[1 : mcmc] Progress @ 2026-06-22 13:50:38 : 142640 steps taken, and 22356 accepted.
[2 : mcmc] Progress @ 2026-06-22 13:50:47 : 140736 steps taken, and 22018 accepted.
[3 : mcmc] Progress @ 2026-06-22 13:51:29 : 142829 steps taken, and 22463 accepted.
[0 : mcmc] Progress @ 2026-06-22 13:51:34 : 142532 steps taken, and 22226 accepted.
[1 : mcmc] Progress @ 2026-06-22 13:51:38 : 142729 steps taken, and 22373 accepted.
[2 : mcmc] Progress @ 2026-06-22 13:51:52 : 140871 steps taken, and 22050 accepted.
[3 : mcmc] Progress @ 2026-06-22 13:52:32 : 142926 steps taken, and 22484 accepted.
[0 : mcmc] Progress @ 2026-06-22 13:52:36 : 142620 steps taken, and 22243 accepted.
[1 : mcmc] Progress @ 2026-06-22 13:52:46 : 142834 steps taken, and 22396 accepted.
[2 : mcmc] Progress @ 2026-06-22 13:53:00 : 141024 steps taken, and 22067 accepted.
[3 : mcmc] Progress @ 2026-06-22 13:53:32 : 143029 steps taken, and 22507 accepted.
[0 : mcmc] Progress @ 2026-06-22 13:53:37 : 142709 steps taken, and 22258 accepted.
[1 : mcmc] Progress @ 2026-06-22 13:53:53 : 142941 steps taken, and 22415 accepted.
[2 : mcmc] Progress @ 2026-06-22 13:54:07 : 141147 steps taken, and 22094 accepted.
[3 : mcmc] Progress @ 2026-06-22 13:54:35 : 143122 steps taken, and 22527 accepted.
[0 : mcmc] Progress @ 2026-06-22 13:54:42 : 142869 steps taken, and 22286 accepted.
[1 : mcmc] Progress @ 2026-06-22 13:54:55 : 143093 steps taken, and 22444 accepted.
[2 : mcmc] Progress @ 2026-06-22 13:55:07 : 141247 steps taken, and 22120 accepted.
[3 : mcmc] Progress @ 2026-06-22 13:55:44 : 143248 steps taken, and 22556 accepted.
[0 : mcmc] Progress @ 2026-06-22 13:55:48 : 142956 steps taken, and 22305 accepted.
[1 : mcmc] Progress @ 2026-06-22 13:56:04 : 143185 steps taken, and 22464 accepted.
[2 : mcmc] Progress @ 2026-06-22 13:56:14 : 141350 steps taken, and 22142 accepted.
[3 : mcmc] Progress @ 2026-06-22 13:56:44 : 143350 steps taken, and 22577 accepted.
[0 : mcmc] Progress @ 2026-06-22 13:56:54 : 143120 steps taken, and 22335 accepted.
[1 : mcmc] Progress @ 2026-06-22 13:57:04 : 143256 steps taken, and 22479 accepted.
[2 : mcmc] Progress @ 2026-06-22 13:57:16 : 141457 steps taken, and 22165 accepted.
[3 : mcmc] Progress @ 2026-06-22 13:57:46 : 143448 steps taken, and 22597 accepted.
[0 : mcmc] Progress @ 2026-06-22 13:57:58 : 143219 steps taken, and 22356 accepted.
[1 : mcmc] Progress @ 2026-06-22 13:58:05 : 143369 steps taken, and 22503 accepted.
[2 : mcmc] Progress @ 2026-06-22 13:58:16 : 141551 steps taken, and 22190 accepted.
[3 : mcmc] Progress @ 2026-06-22 13:58:47 : 143571 steps taken, and 22616 accepted.
[0 : mcmc] Progress @ 2026-06-22 13:58:58 : 143313 steps taken, and 22376 accepted.
[1 : mcmc] Progress @ 2026-06-22 13:59:05 : 143458 steps taken, and 22521 accepted.
[2 : mcmc] Progress @ 2026-06-22 13:59:21 : 141661 steps taken, and 22213 accepted.
[3 : mcmc] Progress @ 2026-06-22 13:59:50 : 143663 steps taken, and 22635 accepted.
[1 : mcmc] Progress @ 2026-06-22 14:00:05 : 143548 steps taken, and 22541 accepted.
[0 : mcmc] Progress @ 2026-06-22 14:00:06 : 143473 steps taken, and 22410 accepted.
[2 : mcmc] Progress @ 2026-06-22 14:00:24 : 141809 steps taken, and 22237 accepted.
[3 : mcmc] Progress @ 2026-06-22 14:00:55 : 143757 steps taken, and 22656 accepted.
[0 : mcmc] Progress @ 2026-06-22 14:01:09 : 143561 steps taken, and 22431 accepted.
[1 : mcmc] Progress @ 2026-06-22 14:01:13 : 143652 steps taken, and 22561 accepted.
[2 : mcmc] Progress @ 2026-06-22 14:01:32 : 141912 steps taken, and 22255 accepted.
[3 : mcmc] Progress @ 2026-06-22 14:01:58 : 143896 steps taken, and 22686 accepted.
[1 : mcmc] Progress @ 2026-06-22 14:02:13 : 143776 steps taken, and 22590 accepted.
[0 : mcmc] Progress @ 2026-06-22 14:02:14 : 143655 steps taken, and 22453 accepted.
[2 : mcmc] Progress @ 2026-06-22 14:02:36 : 142002 steps taken, and 22278 accepted.
[3 : mcmc] Progress @ 2026-06-22 14:03:04 : 143978 steps taken, and 22704 accepted.
[1 : mcmc] Progress @ 2026-06-22 14:03:14 : 143888 steps taken, and 22613 accepted.
[0 : mcmc] Progress @ 2026-06-22 14:03:17 : 143753 steps taken, and 22473 accepted.
[2 : mcmc] Progress @ 2026-06-22 14:03:36 : 142152 steps taken, and 22312 accepted.
[3 : mcmc] Progress @ 2026-06-22 14:04:04 : 144065 steps taken, and 22725 accepted.
[1 : mcmc] Progress @ 2026-06-22 14:04:17 : 143979 steps taken, and 22630 accepted.
[0 : mcmc] Progress @ 2026-06-22 14:04:21 : 143862 steps taken, and 22500 accepted.
[2 : mcmc] Progress @ 2026-06-22 14:04:39 : 142279 steps taken, and 22339 accepted.
[3 : mcmc] Progress @ 2026-06-22 14:05:10 : 144192 steps taken, and 22753 accepted.
[1 : mcmc] Progress @ 2026-06-22 14:05:17 : 144088 steps taken, and 22651 accepted.
[0 : mcmc] Progress @ 2026-06-22 14:05:29 : 143979 steps taken, and 22528 accepted.
[2 : mcmc] Progress @ 2026-06-22 14:05:47 : 142372 steps taken, and 22360 accepted.
[3 : mcmc] Progress @ 2026-06-22 14:06:10 : 144316 steps taken, and 22778 accepted.
[1 : mcmc] Progress @ 2026-06-22 14:06:18 : 144177 steps taken, and 22675 accepted.
[0 : mcmc] Progress @ 2026-06-22 14:06:34 : 144081 steps taken, and 22544 accepted.
[2 : mcmc] Progress @ 2026-06-22 14:06:48 : 142470 steps taken, and 22377 accepted.
[3 : mcmc] Progress @ 2026-06-22 14:07:14 : 144418 steps taken, and 22794 accepted.
[1 : mcmc] Progress @ 2026-06-22 14:07:22 : 144272 steps taken, and 22695 accepted.
[3 : mcmc] Learn + convergence test @ 22800 samples accepted.
[3 : mcmc] Ready to check convergence and learn a new proposal covmat (waiting for the rest...)
[0 : mcmc] Progress @ 2026-06-22 14:07:34 : 144227 steps taken, and 22574 accepted.
[2 : mcmc] Progress @ 2026-06-22 14:07:55 : 142570 steps taken, and 22398 accepted.
[3 : mcmc] Progress @ 2026-06-22 14:08:18 : 144510 steps taken, and 22810 accepted.
[1 : mcmc] Progress @ 2026-06-22 14:08:29 : 144402 steps taken, and 22717 accepted.
[0 : mcmc] Progress @ 2026-06-22 14:08:40 : 144315 steps taken, and 22591 accepted.
[2 : mcmc] Progress @ 2026-06-22 14:08:55 : 142688 steps taken, and 22420 accepted.
[3 : mcmc] Progress @ 2026-06-22 14:09:19 : 144621 steps taken, and 22830 accepted.
[1 : mcmc] Progress @ 2026-06-22 14:09:31 : 144542 steps taken, and 22735 accepted.
[0 : mcmc] Progress @ 2026-06-22 14:09:40 : 144423 steps taken, and 22612 accepted.
[2 : mcmc] Progress @ 2026-06-22 14:09:55 : 142808 steps taken, and 22442 accepted.
[3 : mcmc] Progress @ 2026-06-22 14:10:21 : 144720 steps taken, and 22854 accepted.
[1 : mcmc] Progress @ 2026-06-22 14:10:31 : 144643 steps taken, and 22755 accepted.
[0 : mcmc] Progress @ 2026-06-22 14:10:49 : 144529 steps taken, and 22631 accepted.
[2 : mcmc] Progress @ 2026-06-22 14:10:59 : 142908 steps taken, and 22458 accepted.
[3 : mcmc] Progress @ 2026-06-22 14:11:21 : 144814 steps taken, and 22876 accepted.
[1 : mcmc] Progress @ 2026-06-22 14:11:35 : 144762 steps taken, and 22779 accepted.
[0 : mcmc] Progress @ 2026-06-22 14:11:49 : 144665 steps taken, and 22660 accepted.
[1 : mcmc] Learn + convergence test @ 22800 samples accepted.
[1 : mcmc] Ready to check convergence and learn a new proposal covmat (waiting for the rest...)
[2 : mcmc] Progress @ 2026-06-22 14:12:06 : 143041 steps taken, and 22483 accepted.
[3 : mcmc] Progress @ 2026-06-22 14:12:21 : 144900 steps taken, and 22895 accepted.
[1 : mcmc] Progress @ 2026-06-22 14:12:39 : 144920 steps taken, and 22809 accepted.
[0 : mcmc] Progress @ 2026-06-22 14:12:49 : 144785 steps taken, and 22685 accepted.
[2 : mcmc] Progress @ 2026-06-22 14:13:09 : 143212 steps taken, and 22512 accepted.
[3 : mcmc] Progress @ 2026-06-22 14:13:21 : 144994 steps taken, and 22919 accepted.
[1 : mcmc] Progress @ 2026-06-22 14:13:39 : 145023 steps taken, and 22835 accepted.
[0 : mcmc] Progress @ 2026-06-22 14:13:54 : 144887 steps taken, and 22706 accepted.
[2 : mcmc] Progress @ 2026-06-22 14:14:13 : 143324 steps taken, and 22532 accepted.
[3 : mcmc] Progress @ 2026-06-22 14:14:21 : 145093 steps taken, and 22935 accepted.
[1 : mcmc] Progress @ 2026-06-22 14:14:45 : 145119 steps taken, and 22855 accepted.
[0 : mcmc] Progress @ 2026-06-22 14:14:59 : 144995 steps taken, and 22726 accepted.
[2 : mcmc] Progress @ 2026-06-22 14:15:21 : 143413 steps taken, and 22549 accepted.
[3 : mcmc] Progress @ 2026-06-22 14:15:22 : 145188 steps taken, and 22962 accepted.
[1 : mcmc] Progress @ 2026-06-22 14:15:51 : 145251 steps taken, and 22882 accepted.
[0 : mcmc] Progress @ 2026-06-22 14:16:04 : 145087 steps taken, and 22747 accepted.
[2 : mcmc] Progress @ 2026-06-22 14:16:22 : 143531 steps taken, and 22578 accepted.
[3 : mcmc] Progress @ 2026-06-22 14:16:23 : 145314 steps taken, and 22986 accepted.
[1 : mcmc] Progress @ 2026-06-22 14:16:59 : 145400 steps taken, and 22910 accepted.
[0 : mcmc] Progress @ 2026-06-22 14:17:06 : 145214 steps taken, and 22774 accepted.
[3 : mcmc] Progress @ 2026-06-22 14:17:23 : 145417 steps taken, and 23004 accepted.
[2 : mcmc] Progress @ 2026-06-22 14:17:26 : 143617 steps taken, and 22600 accepted.
[1 : mcmc] Progress @ 2026-06-22 14:18:01 : 145481 steps taken, and 22927 accepted.
[0 : mcmc] Progress @ 2026-06-22 14:18:06 : 145336 steps taken, and 22796 accepted.
[2 : mcmc] Progress @ 2026-06-22 14:18:26 : 143772 steps taken, and 22634 accepted.
[0 : mcmc] Learn + convergence test @ 22800 samples accepted.
[0 : mcmc] Ready to check convergence and learn a new proposal covmat (waiting for the rest...)
[3 : mcmc] Progress @ 2026-06-22 14:18:30 : 145526 steps taken, and 23028 accepted.
[1 : mcmc] Progress @ 2026-06-22 14:19:06 : 145581 steps taken, and 22943 accepted.
[0 : mcmc] Progress @ 2026-06-22 14:19:07 : 145431 steps taken, and 22819 accepted.
[2 : mcmc] Progress @ 2026-06-22 14:19:30 : 143856 steps taken, and 22655 accepted.
[3 : mcmc] Progress @ 2026-06-22 14:19:35 : 145649 steps taken, and 23053 accepted.
[0 : mcmc] Progress @ 2026-06-22 14:20:08 : 145531 steps taken, and 22837 accepted.
[1 : mcmc] Progress @ 2026-06-22 14:20:11 : 145739 steps taken, and 22976 accepted.
[2 : mcmc] Progress @ 2026-06-22 14:20:31 : 143946 steps taken, and 22674 accepted.
[3 : mcmc] Progress @ 2026-06-22 14:20:37 : 145789 steps taken, and 23087 accepted.
[0 : mcmc] Progress @ 2026-06-22 14:21:09 : 145631 steps taken, and 22859 accepted.
[1 : mcmc] Progress @ 2026-06-22 14:21:11 : 145810 steps taken, and 22993 accepted.
[2 : mcmc] Progress @ 2026-06-22 14:21:32 : 144072 steps taken, and 22704 accepted.
[3 : mcmc] Progress @ 2026-06-22 14:21:38 : 145876 steps taken, and 23106 accepted.
[1 : mcmc] Progress @ 2026-06-22 14:22:11 : 145924 steps taken, and 23019 accepted.
[0 : mcmc] Progress @ 2026-06-22 14:22:15 : 145785 steps taken, and 22889 accepted.
[2 : mcmc] Progress @ 2026-06-22 14:22:32 : 144134 steps taken, and 22719 accepted.
[3 : mcmc] Progress @ 2026-06-22 14:22:38 : 145934 steps taken, and 23119 accepted.
[1 : mcmc] Progress @ 2026-06-22 14:23:14 : 146034 steps taken, and 23039 accepted.
[0 : mcmc] Progress @ 2026-06-22 14:23:18 : 145911 steps taken, and 22913 accepted.
[2 : mcmc] Progress @ 2026-06-22 14:23:39 : 144227 steps taken, and 22740 accepted.
[3 : mcmc] Progress @ 2026-06-22 14:23:39 : 146053 steps taken, and 23141 accepted.
[0 : mcmc] Progress @ 2026-06-22 14:24:19 : 146027 steps taken, and 22937 accepted.
[1 : mcmc] Progress @ 2026-06-22 14:24:21 : 146121 steps taken, and 23062 accepted.
[2 : mcmc] Progress @ 2026-06-22 14:24:42 : 144315 steps taken, and 22759 accepted.
[3 : mcmc] Progress @ 2026-06-22 14:24:48 : 146182 steps taken, and 23164 accepted.
[0 : mcmc] Progress @ 2026-06-22 14:25:22 : 146139 steps taken, and 22957 accepted.
[1 : mcmc] Progress @ 2026-06-22 14:25:27 : 146253 steps taken, and 23092 accepted.
[2 : mcmc] Progress @ 2026-06-22 14:25:43 : 144471 steps taken, and 22795 accepted.
[2 : mcmc] Learn + convergence test @ 22800 samples accepted.
[2 : mcmc] Ready to check convergence and learn a new proposal covmat (waiting for the rest...)
[3 : mcmc] Progress @ 2026-06-22 14:25:50 : 146278 steps taken, and 23188 accepted.
[0 : mcmc] All chains are ready to check convergence and learn a new proposal covmat
[0 : mcmc]  - Acceptance rate: 0.566 = avg([0.5640, 0.5683, 0.5658, 0.5663])
[0 : mcmc]  - Convergence of means: R-1 = 0.209506 after 92071 accepted steps = sum([22977, 23106, 22800, 23188])
[0 : mcmc]  - Updated covariance matrix of proposal pdf.
[0 : mcmc] Progress @ 2026-06-22 14:26:26 : 146298 steps taken, and 22988 accepted.
[1 : mcmc] Progress @ 2026-06-22 14:26:35 : 146396 steps taken, and 23125 accepted.
[2 : mcmc] Progress @ 2026-06-22 14:26:47 : 144546 steps taken, and 22808 accepted.
[3 : mcmc] Progress @ 2026-06-22 14:26:50 : 146378 steps taken, and 23208 accepted.
[0 : mcmc] Progress @ 2026-06-22 14:27:26 : 146454 steps taken, and 23016 accepted.
[1 : mcmc] Progress @ 2026-06-22 14:27:41 : 146483 steps taken, and 23147 accepted.
[2 : mcmc] Progress @ 2026-06-22 14:27:50 : 144664 steps taken, and 22835 accepted.
[3 : mcmc] Progress @ 2026-06-22 14:27:54 : 146501 steps taken, and 23234 accepted.
[0 : mcmc] Progress @ 2026-06-22 14:28:34 : 146541 steps taken, and 23035 accepted.
[1 : mcmc] Progress @ 2026-06-22 14:28:41 : 146616 steps taken, and 23174 accepted.
[2 : mcmc] Progress @ 2026-06-22 14:28:50 : 144776 steps taken, and 22858 accepted.
[3 : mcmc] Progress @ 2026-06-22 14:28:54 : 146642 steps taken, and 23263 accepted.
[0 : mcmc] Progress @ 2026-06-22 14:29:39 : 146634 steps taken, and 23056 accepted.
[1 : mcmc] Progress @ 2026-06-22 14:29:42 : 146703 steps taken, and 23190 accepted.
[2 : mcmc] Progress @ 2026-06-22 14:29:52 : 144874 steps taken, and 22877 accepted.
[3 : mcmc] Progress @ 2026-06-22 14:29:57 : 146736 steps taken, and 23284 accepted.
[1 : mcmc] Progress @ 2026-06-22 14:30:46 : 146861 steps taken, and 23219 accepted.
[0 : mcmc] Progress @ 2026-06-22 14:30:47 : 146736 steps taken, and 23069 accepted.
[2 : mcmc] Progress @ 2026-06-22 14:30:52 : 144951 steps taken, and 22892 accepted.
[3 : mcmc] Progress @ 2026-06-22 14:30:57 : 146863 steps taken, and 23308 accepted.
[1 : mcmc] Progress @ 2026-06-22 14:31:46 : 146935 steps taken, and 23235 accepted.
[0 : mcmc] Progress @ 2026-06-22 14:31:48 : 146837 steps taken, and 23096 accepted.
[2 : mcmc] Progress @ 2026-06-22 14:31:56 : 145115 steps taken, and 22920 accepted.
[3 : mcmc] Progress @ 2026-06-22 14:31:57 : 146969 steps taken, and 23333 accepted.
[1 : mcmc] Progress @ 2026-06-22 14:32:47 : 147027 steps taken, and 23256 accepted.
[0 : mcmc] Progress @ 2026-06-22 14:32:55 : 146979 steps taken, and 23128 accepted.
[3 : mcmc] Progress @ 2026-06-22 14:32:57 : 147057 steps taken, and 23352 accepted.
[2 : mcmc] Progress @ 2026-06-22 14:33:00 : 145231 steps taken, and 22940 accepted.
[1 : mcmc] Progress @ 2026-06-22 14:33:53 : 147135 steps taken, and 23280 accepted.
[3 : mcmc] Progress @ 2026-06-22 14:33:58 : 147154 steps taken, and 23373 accepted.
[2 : mcmc] Progress @ 2026-06-22 14:34:02 : 145334 steps taken, and 22958 accepted.
[0 : mcmc] Progress @ 2026-06-22 14:34:04 : 147083 steps taken, and 23149 accepted.
[1 : mcmc] Progress @ 2026-06-22 14:34:57 : 147224 steps taken, and 23299 accepted.
[3 : mcmc] Progress @ 2026-06-22 14:34:58 : 147274 steps taken, and 23404 accepted.
[0 : mcmc] Progress @ 2026-06-22 14:35:09 : 147237 steps taken, and 23170 accepted.
[2 : mcmc] Progress @ 2026-06-22 14:35:09 : 145452 steps taken, and 22979 accepted.
[3 : mcmc] Progress @ 2026-06-22 14:35:58 : 147346 steps taken, and 23423 accepted.
[1 : mcmc] Progress @ 2026-06-22 14:36:01 : 147332 steps taken, and 23324 accepted.
[0 : mcmc] Progress @ 2026-06-22 14:36:09 : 147331 steps taken, and 23185 accepted.
[2 : mcmc] Progress @ 2026-06-22 14:36:12 : 145574 steps taken, and 23003 accepted.
[3 : mcmc] Progress @ 2026-06-22 14:37:00 : 147425 steps taken, and 23442 accepted.
[1 : mcmc] Progress @ 2026-06-22 14:37:01 : 147454 steps taken, and 23345 accepted.
[0 : mcmc] Progress @ 2026-06-22 14:37:11 : 147465 steps taken, and 23207 accepted.
[2 : mcmc] Progress @ 2026-06-22 14:37:12 : 145695 steps taken, and 23021 accepted.
[1 : mcmc] Progress @ 2026-06-22 14:38:06 : 147525 steps taken, and 23356 accepted.
[3 : mcmc] Progress @ 2026-06-22 14:38:07 : 147573 steps taken, and 23473 accepted.
[2 : mcmc] Progress @ 2026-06-22 14:38:14 : 145796 steps taken, and 23039 accepted.
[0 : mcmc] Progress @ 2026-06-22 14:38:17 : 147542 steps taken, and 23226 accepted.
[1 : mcmc] Progress @ 2026-06-22 14:39:07 : 147643 steps taken, and 23381 accepted.
[3 : mcmc] Progress @ 2026-06-22 14:39:13 : 147654 steps taken, and 23491 accepted.
[0 : mcmc] Progress @ 2026-06-22 14:39:18 : 147640 steps taken, and 23249 accepted.
[2 : mcmc] Progress @ 2026-06-22 14:39:18 : 145907 steps taken, and 23061 accepted.
[1 : mcmc] Progress @ 2026-06-22 14:40:07 : 147731 steps taken, and 23403 accepted.
[3 : mcmc] Progress @ 2026-06-22 14:40:15 : 147796 steps taken, and 23516 accepted.
[0 : mcmc] Progress @ 2026-06-22 14:40:18 : 147729 steps taken, and 23270 accepted.
[2 : mcmc] Progress @ 2026-06-22 14:40:26 : 146016 steps taken, and 23085 accepted.
[1 : mcmc] Progress @ 2026-06-22 14:41:08 : 147813 steps taken, and 23416 accepted.
[3 : mcmc] Progress @ 2026-06-22 14:41:15 : 147886 steps taken, and 23537 accepted.
[0 : mcmc] Progress @ 2026-06-22 14:41:22 : 147844 steps taken, and 23292 accepted.
[2 : mcmc] Progress @ 2026-06-22 14:41:30 : 146149 steps taken, and 23109 accepted.
[1 : mcmc] Progress @ 2026-06-22 14:42:12 : 147930 steps taken, and 23440 accepted.
[3 : mcmc] Progress @ 2026-06-22 14:42:21 : 147992 steps taken, and 23559 accepted.
[0 : mcmc] Progress @ 2026-06-22 14:42:25 : 147922 steps taken, and 23310 accepted.
[2 : mcmc] Progress @ 2026-06-22 14:42:37 : 146314 steps taken, and 23141 accepted.
[1 : mcmc] Progress @ 2026-06-22 14:43:12 : 147999 steps taken, and 23457 accepted.
[3 : mcmc] Progress @ 2026-06-22 14:43:21 : 148107 steps taken, and 23585 accepted.
[0 : mcmc] Progress @ 2026-06-22 14:43:31 : 148051 steps taken, and 23330 accepted.
[2 : mcmc] Progress @ 2026-06-22 14:43:41 : 146421 steps taken, and 23161 accepted.
[1 : mcmc] Progress @ 2026-06-22 14:44:17 : 148140 steps taken, and 23486 accepted.
[3 : mcmc] Progress @ 2026-06-22 14:44:23 : 148305 steps taken, and 23620 accepted.
[0 : mcmc] Progress @ 2026-06-22 14:44:32 : 148167 steps taken, and 23357 accepted.
[2 : mcmc] Progress @ 2026-06-22 14:44:43 : 146483 steps taken, and 23174 accepted.
[1 : mcmc] Progress @ 2026-06-22 14:45:21 : 148252 steps taken, and 23501 accepted.
[3 : mcmc] Progress @ 2026-06-22 14:45:24 : 148410 steps taken, and 23637 accepted.
[0 : mcmc] Progress @ 2026-06-22 14:45:41 : 148265 steps taken, and 23376 accepted.
[2 : mcmc] Progress @ 2026-06-22 14:45:49 : 146624 steps taken, and 23202 accepted.
[1 : mcmc] Progress @ 2026-06-22 14:46:28 : 148349 steps taken, and 23522 accepted.
[3 : mcmc] Progress @ 2026-06-22 14:46:32 : 148529 steps taken, and 23658 accepted.
[0 : mcmc] Progress @ 2026-06-22 14:46:46 : 148378 steps taken, and 23402 accepted.
[2 : mcmc] Progress @ 2026-06-22 14:46:49 : 146712 steps taken, and 23220 accepted.
[1 : mcmc] Progress @ 2026-06-22 14:47:28 : 148464 steps taken, and 23549 accepted.
[3 : mcmc] Progress @ 2026-06-22 14:47:36 : 148615 steps taken, and 23679 accepted.
[0 : mcmc] Progress @ 2026-06-22 14:47:51 : 148499 steps taken, and 23423 accepted.
[2 : mcmc] Progress @ 2026-06-22 14:47:56 : 146834 steps taken, and 23244 accepted.
[1 : mcmc] Progress @ 2026-06-22 14:48:29 : 148538 steps taken, and 23566 accepted.
[3 : mcmc] Progress @ 2026-06-22 14:48:36 : 148707 steps taken, and 23696 accepted.
[0 : mcmc] Progress @ 2026-06-22 14:48:51 : 148615 steps taken, and 23444 accepted.
[2 : mcmc] Progress @ 2026-06-22 14:48:56 : 146941 steps taken, and 23264 accepted.
[1 : mcmc] Progress @ 2026-06-22 14:49:31 : 148651 steps taken, and 23591 accepted.
[3 : mcmc] Progress @ 2026-06-22 14:49:42 : 148809 steps taken, and 23718 accepted.
[0 : mcmc] Progress @ 2026-06-22 14:49:55 : 148742 steps taken, and 23471 accepted.
[2 : mcmc] Progress @ 2026-06-22 14:50:04 : 147039 steps taken, and 23283 accepted.
[1 : mcmc] Progress @ 2026-06-22 14:50:38 : 148755 steps taken, and 23617 accepted.
[3 : mcmc] Progress @ 2026-06-22 14:50:50 : 148937 steps taken, and 23743 accepted.
[0 : mcmc] Progress @ 2026-06-22 14:51:00 : 148814 steps taken, and 23485 accepted.
[2 : mcmc] Progress @ 2026-06-22 14:51:04 : 147181 steps taken, and 23308 accepted.
[1 : mcmc] Progress @ 2026-06-22 14:51:38 : 148859 steps taken, and 23639 accepted.
[3 : mcmc] Progress @ 2026-06-22 14:51:51 : 149038 steps taken, and 23767 accepted.
[0 : mcmc] Progress @ 2026-06-22 14:52:00 : 148956 steps taken, and 23510 accepted.
[2 : mcmc] Progress @ 2026-06-22 14:52:04 : 147261 steps taken, and 23324 accepted.
[1 : mcmc] Progress @ 2026-06-22 14:52:45 : 148952 steps taken, and 23659 accepted.
[3 : mcmc] Progress @ 2026-06-22 14:52:58 : 149131 steps taken, and 23788 accepted.
[0 : mcmc] Progress @ 2026-06-22 14:53:01 : 149121 steps taken, and 23543 accepted.
[2 : mcmc] Progress @ 2026-06-22 14:53:05 : 147359 steps taken, and 23342 accepted.
[1 : mcmc] Progress @ 2026-06-22 14:53:47 : 149058 steps taken, and 23678 accepted.
[0 : mcmc] Progress @ 2026-06-22 14:54:02 : 149230 steps taken, and 23561 accepted.
[3 : mcmc] Progress @ 2026-06-22 14:54:05 : 149274 steps taken, and 23816 accepted.
[2 : mcmc] Progress @ 2026-06-22 14:54:08 : 147444 steps taken, and 23360 accepted.
[1 : mcmc] Progress @ 2026-06-22 14:54:47 : 149185 steps taken, and 23703 accepted.
[0 : mcmc] Progress @ 2026-06-22 14:55:06 : 149354 steps taken, and 23580 accepted.
[2 : mcmc] Progress @ 2026-06-22 14:55:10 : 147550 steps taken, and 23384 accepted.
[3 : mcmc] Progress @ 2026-06-22 14:55:14 : 149373 steps taken, and 23834 accepted.
[1 : mcmc] Progress @ 2026-06-22 14:55:53 : 149268 steps taken, and 23724 accepted.
[0 : mcmc] Progress @ 2026-06-22 14:56:12 : 149476 steps taken, and 23603 accepted.
[2 : mcmc] Progress @ 2026-06-22 14:56:13 : 147667 steps taken, and 23405 accepted.
[3 : mcmc] Progress @ 2026-06-22 14:56:20 : 149515 steps taken, and 23862 accepted.
[1 : mcmc] Progress @ 2026-06-22 14:56:53 : 149388 steps taken, and 23745 accepted.
[0 : mcmc] Progress @ 2026-06-22 14:57:12 : 149588 steps taken, and 23628 accepted.
[2 : mcmc] Progress @ 2026-06-22 14:57:17 : 147745 steps taken, and 23415 accepted.
[3 : mcmc] Progress @ 2026-06-22 14:57:23 : 149593 steps taken, and 23878 accepted.
[1 : mcmc] Progress @ 2026-06-22 14:57:59 : 149483 steps taken, and 23763 accepted.
[0 : mcmc] Progress @ 2026-06-22 14:58:12 : 149689 steps taken, and 23648 accepted.
[2 : mcmc] Progress @ 2026-06-22 14:58:24 : 147854 steps taken, and 23442 accepted.
[3 : mcmc] Progress @ 2026-06-22 14:58:31 : 149720 steps taken, and 23902 accepted.
[1 : mcmc] Progress @ 2026-06-22 14:59:00 : 149573 steps taken, and 23780 accepted.
[0 : mcmc] Progress @ 2026-06-22 14:59:13 : 149811 steps taken, and 23677 accepted.
[2 : mcmc] Progress @ 2026-06-22 14:59:24 : 147980 steps taken, and 23467 accepted.
[3 : mcmc] Progress @ 2026-06-22 14:59:31 : 149832 steps taken, and 23927 accepted.
[1 : mcmc] Progress @ 2026-06-22 15:00:00 : 149679 steps taken, and 23807 accepted.
[0 : mcmc] Progress @ 2026-06-22 15:00:21 : 149929 steps taken, and 23697 accepted.
[2 : mcmc] Progress @ 2026-06-22 15:00:27 : 148105 steps taken, and 23496 accepted.
[3 : mcmc] Progress @ 2026-06-22 15:00:31 : 149916 steps taken, and 23944 accepted.
[1 : mcmc] Progress @ 2026-06-22 15:01:07 : 149763 steps taken, and 23822 accepted.
[0 : mcmc] Progress @ 2026-06-22 15:01:22 : 150029 steps taken, and 23716 accepted.
[2 : mcmc] Progress @ 2026-06-22 15:01:33 : 148220 steps taken, and 23519 accepted.
[3 : mcmc] Progress @ 2026-06-22 15:01:34 : 150027 steps taken, and 23965 accepted.
[1 : mcmc] Progress @ 2026-06-22 15:02:11 : 149897 steps taken, and 23856 accepted.
[0 : mcmc] Progress @ 2026-06-22 15:02:22 : 150148 steps taken, and 23742 accepted.
[2 : mcmc] Progress @ 2026-06-22 15:02:33 : 148317 steps taken, and 23540 accepted.
[3 : mcmc] Progress @ 2026-06-22 15:02:41 : 150129 steps taken, and 23982 accepted.
[1 : mcmc] Progress @ 2026-06-22 15:03:14 : 149973 steps taken, and 23866 accepted.
[0 : mcmc] Progress @ 2026-06-22 15:03:23 : 150228 steps taken, and 23762 accepted.
[3 : mcmc] Learn + convergence test @ 24000 samples accepted.
[3 : mcmc] Ready to check convergence and learn a new proposal covmat (waiting for the rest...)
[2 : mcmc] Progress @ 2026-06-22 15:03:39 : 148452 steps taken, and 23568 accepted.
[3 : mcmc] Progress @ 2026-06-22 15:03:44 : 150244 steps taken, and 24004 accepted.
[1 : mcmc] Progress @ 2026-06-22 15:04:20 : 150074 steps taken, and 23883 accepted.
[0 : mcmc] Progress @ 2026-06-22 15:04:28 : 150340 steps taken, and 23785 accepted.
[2 : mcmc] Progress @ 2026-06-22 15:04:44 : 148563 steps taken, and 23593 accepted.
[3 : mcmc] Progress @ 2026-06-22 15:04:50 : 150362 steps taken, and 24029 accepted.
[1 : mcmc] Progress @ 2026-06-22 15:05:27 : 150185 steps taken, and 23912 accepted.
[0 : mcmc] Progress @ 2026-06-22 15:05:32 : 150456 steps taken, and 23811 accepted.
[2 : mcmc] Progress @ 2026-06-22 15:05:44 : 148679 steps taken, and 23609 accepted.
[3 : mcmc] Progress @ 2026-06-22 15:05:55 : 150459 steps taken, and 24052 accepted.
[1 : mcmc] Progress @ 2026-06-22 15:06:32 : 150290 steps taken, and 23930 accepted.
[0 : mcmc] Progress @ 2026-06-22 15:06:35 : 150540 steps taken, and 23830 accepted.
[2 : mcmc] Progress @ 2026-06-22 15:06:50 : 148774 steps taken, and 23629 accepted.
[3 : mcmc] Progress @ 2026-06-22 15:07:03 : 150558 steps taken, and 24072 accepted.
[1 : mcmc] Progress @ 2026-06-22 15:07:32 : 150374 steps taken, and 23948 accepted.
[0 : mcmc] Progress @ 2026-06-22 15:07:35 : 150636 steps taken, and 23852 accepted.
[2 : mcmc] Progress @ 2026-06-22 15:07:52 : 148868 steps taken, and 23650 accepted.
[3 : mcmc] Progress @ 2026-06-22 15:08:05 : 150667 steps taken, and 24091 accepted.
[1 : mcmc] Progress @ 2026-06-22 15:08:32 : 150473 steps taken, and 23963 accepted.
[0 : mcmc] Progress @ 2026-06-22 15:08:41 : 150725 steps taken, and 23866 accepted.
[2 : mcmc] Progress @ 2026-06-22 15:08:54 : 149036 steps taken, and 23675 accepted.
[3 : mcmc] Progress @ 2026-06-22 15:09:05 : 150786 steps taken, and 24113 accepted.
[1 : mcmc] Progress @ 2026-06-22 15:09:41 : 150571 steps taken, and 23987 accepted.
[0 : mcmc] Progress @ 2026-06-22 15:09:44 : 150849 steps taken, and 23891 accepted.
[2 : mcmc] Progress @ 2026-06-22 15:09:55 : 149143 steps taken, and 23694 accepted.
[1 : mcmc] Learn + convergence test @ 24000 samples accepted.
[1 : mcmc] Ready to check convergence and learn a new proposal covmat (waiting for the rest...)
[3 : mcmc] Progress @ 2026-06-22 15:10:11 : 150893 steps taken, and 24131 accepted.
[1 : mcmc] Progress @ 2026-06-22 15:10:42 : 150684 steps taken, and 24015 accepted.
[0 : mcmc] Progress @ 2026-06-22 15:10:47 : 150935 steps taken, and 23910 accepted.
[2 : mcmc] Progress @ 2026-06-22 15:10:58 : 149262 steps taken, and 23717 accepted.
[3 : mcmc] Progress @ 2026-06-22 15:11:16 : 150984 steps taken, and 24152 accepted.
[1 : mcmc] Progress @ 2026-06-22 15:11:44 : 150791 steps taken, and 24035 accepted.
[0 : mcmc] Progress @ 2026-06-22 15:11:54 : 151071 steps taken, and 23932 accepted.
[2 : mcmc] Progress @ 2026-06-22 15:12:01 : 149345 steps taken, and 23735 accepted.
[3 : mcmc] Progress @ 2026-06-22 15:12:16 : 151103 steps taken, and 24174 accepted.
[1 : mcmc] Progress @ 2026-06-22 15:12:49 : 150887 steps taken, and 24054 accepted.
[0 : mcmc] Progress @ 2026-06-22 15:13:02 : 151142 steps taken, and 23948 accepted.
[2 : mcmc] Progress @ 2026-06-22 15:13:09 : 149471 steps taken, and 23763 accepted.
[3 : mcmc] Progress @ 2026-06-22 15:13:25 : 151222 steps taken, and 24191 accepted.
[1 : mcmc] Progress @ 2026-06-22 15:13:54 : 150996 steps taken, and 24082 accepted.
[0 : mcmc] Progress @ 2026-06-22 15:14:06 : 151244 steps taken, and 23966 accepted.
[2 : mcmc] Progress @ 2026-06-22 15:14:12 : 149604 steps taken, and 23790 accepted.
[3 : mcmc] Progress @ 2026-06-22 15:14:25 : 151360 steps taken, and 24218 accepted.
[1 : mcmc] Progress @ 2026-06-22 15:14:59 : 151105 steps taken, and 24105 accepted.
[0 : mcmc] Progress @ 2026-06-22 15:15:08 : 151363 steps taken, and 23991 accepted.
[2 : mcmc] Progress @ 2026-06-22 15:15:15 : 149737 steps taken, and 23820 accepted.
[3 : mcmc] Progress @ 2026-06-22 15:15:26 : 151475 steps taken, and 24241 accepted.
[0 : mcmc] Learn + convergence test @ 24000 samples accepted.
[0 : mcmc] Ready to check convergence and learn a new proposal covmat (waiting for the rest...)
[1 : mcmc] Progress @ 2026-06-22 15:16:06 : 151271 steps taken, and 24132 accepted.
[0 : mcmc] Progress @ 2026-06-22 15:16:17 : 151444 steps taken, and 24007 accepted.
[2 : mcmc] Progress @ 2026-06-22 15:16:18 : 149850 steps taken, and 23838 accepted.
[3 : mcmc] Progress @ 2026-06-22 15:16:28 : 151580 steps taken, and 24258 accepted.
[1 : mcmc] Progress @ 2026-06-22 15:17:14 : 151354 steps taken, and 24149 accepted.
[0 : mcmc] Progress @ 2026-06-22 15:17:18 : 151559 steps taken, and 24029 accepted.
[2 : mcmc] Progress @ 2026-06-22 15:17:20 : 149942 steps taken, and 23855 accepted.
[3 : mcmc] Progress @ 2026-06-22 15:17:36 : 151681 steps taken, and 24287 accepted.
[1 : mcmc] Progress @ 2026-06-22 15:18:15 : 151470 steps taken, and 24170 accepted.
[2 : mcmc] Progress @ 2026-06-22 15:18:24 : 150107 steps taken, and 23885 accepted.
[0 : mcmc] Progress @ 2026-06-22 15:18:26 : 151662 steps taken, and 24050 accepted.
[3 : mcmc] Progress @ 2026-06-22 15:18:36 : 151779 steps taken, and 24313 accepted.
[1 : mcmc] Progress @ 2026-06-22 15:19:19 : 151566 steps taken, and 24189 accepted.
[2 : mcmc] Progress @ 2026-06-22 15:19:25 : 150206 steps taken, and 23901 accepted.
[0 : mcmc] Progress @ 2026-06-22 15:19:33 : 151816 steps taken, and 24088 accepted.
[3 : mcmc] Progress @ 2026-06-22 15:19:39 : 151863 steps taken, and 24334 accepted.
[1 : mcmc] Progress @ 2026-06-22 15:20:20 : 151667 steps taken, and 24216 accepted.
[2 : mcmc] Progress @ 2026-06-22 15:20:28 : 150309 steps taken, and 23916 accepted.
[0 : mcmc] Progress @ 2026-06-22 15:20:38 : 151923 steps taken, and 24113 accepted.
[3 : mcmc] Progress @ 2026-06-22 15:20:40 : 151950 steps taken, and 24351 accepted.
[1 : mcmc] Progress @ 2026-06-22 15:21:25 : 151769 steps taken, and 24238 accepted.
[2 : mcmc] Progress @ 2026-06-22 15:21:33 : 150408 steps taken, and 23938 accepted.
[0 : mcmc] Progress @ 2026-06-22 15:21:38 : 152018 steps taken, and 24130 accepted.
[3 : mcmc] Progress @ 2026-06-22 15:21:46 : 152086 steps taken, and 24379 accepted.
[1 : mcmc] Progress @ 2026-06-22 15:22:27 : 151880 steps taken, and 24260 accepted.
[2 : mcmc] Progress @ 2026-06-22 15:22:33 : 150553 steps taken, and 23969 accepted.
[0 : mcmc] Progress @ 2026-06-22 15:22:41 : 152134 steps taken, and 24157 accepted.
[3 : mcmc] Progress @ 2026-06-22 15:22:53 : 152173 steps taken, and 24399 accepted.
[1 : mcmc] Progress @ 2026-06-22 15:23:30 : 151983 steps taken, and 24281 accepted.
[2 : mcmc] Progress @ 2026-06-22 15:23:33 : 150665 steps taken, and 23987 accepted.
[0 : mcmc] Progress @ 2026-06-22 15:23:47 : 152219 steps taken, and 24176 accepted.
[3 : mcmc] Progress @ 2026-06-22 15:23:55 : 152290 steps taken, and 24419 accepted.
[2 : mcmc] Learn + convergence test @ 24000 samples accepted.
[2 : mcmc] Ready to check convergence and learn a new proposal covmat (waiting for the rest...)
[0 : mcmc] All chains are ready to check convergence and learn a new proposal covmat
[0 : mcmc]  - Acceptance rate: 0.577 = avg([0.5754, 0.5808, 0.5722, 0.5782])
[0 : mcmc]  - Convergence of means: R-1 = 0.128471 after 96911 accepted steps = sum([24194, 24294, 24000, 24423])
[0 : mcmc]  - Updated covariance matrix of proposal pdf.
[1 : mcmc] Progress @ 2026-06-22 15:24:31 : 152074 steps taken, and 24302 accepted.
[2 : mcmc] Progress @ 2026-06-22 15:24:37 : 150751 steps taken, and 24003 accepted.
[0 : mcmc] Progress @ 2026-06-22 15:24:51 : 152404 steps taken, and 24213 accepted.
[3 : mcmc] Progress @ 2026-06-22 15:24:55 : 152420 steps taken, and 24444 accepted.
[1 : mcmc] Progress @ 2026-06-22 15:25:33 : 152169 steps taken, and 24315 accepted.
[2 : mcmc] Progress @ 2026-06-22 15:25:39 : 150865 steps taken, and 24024 accepted.
[0 : mcmc] Progress @ 2026-06-22 15:25:55 : 152496 steps taken, and 24233 accepted.
[3 : mcmc] Progress @ 2026-06-22 15:25:55 : 152467 steps taken, and 24452 accepted.
[1 : mcmc] Progress @ 2026-06-22 15:26:33 : 152259 steps taken, and 24333 accepted.
[2 : mcmc] Progress @ 2026-06-22 15:26:44 : 150967 steps taken, and 24050 accepted.
[3 : mcmc] Progress @ 2026-06-22 15:27:01 : 152613 steps taken, and 24482 accepted.
[0 : mcmc] Progress @ 2026-06-22 15:27:03 : 152606 steps taken, and 24257 accepted.
[1 : mcmc] Progress @ 2026-06-22 15:27:38 : 152370 steps taken, and 24357 accepted.
[2 : mcmc] Progress @ 2026-06-22 15:27:52 : 151096 steps taken, and 24075 accepted.
[3 : mcmc] Progress @ 2026-06-22 15:28:01 : 152691 steps taken, and 24499 accepted.
[0 : mcmc] Progress @ 2026-06-22 15:28:03 : 152717 steps taken, and 24283 accepted.
[1 : mcmc] Progress @ 2026-06-22 15:28:41 : 152490 steps taken, and 24379 accepted.
[2 : mcmc] Progress @ 2026-06-22 15:28:54 : 151203 steps taken, and 24097 accepted.
[3 : mcmc] Progress @ 2026-06-22 15:29:07 : 152799 steps taken, and 24522 accepted.
[0 : mcmc] Progress @ 2026-06-22 15:29:09 : 152878 steps taken, and 24317 accepted.
[1 : mcmc] Progress @ 2026-06-22 15:29:43 : 152564 steps taken, and 24393 accepted.
[2 : mcmc] Progress @ 2026-06-22 15:29:54 : 151328 steps taken, and 24120 accepted.
[0 : mcmc] Progress @ 2026-06-22 15:30:10 : 152934 steps taken, and 24330 accepted.
[3 : mcmc] Progress @ 2026-06-22 15:30:13 : 152897 steps taken, and 24542 accepted.
[1 : mcmc] Progress @ 2026-06-22 15:30:52 : 152677 steps taken, and 24418 accepted.
[2 : mcmc] Progress @ 2026-06-22 15:30:57 : 151391 steps taken, and 24136 accepted.
[0 : mcmc] Progress @ 2026-06-22 15:31:13 : 153029 steps taken, and 24348 accepted.
[3 : mcmc] Progress @ 2026-06-22 15:31:14 : 152991 steps taken, and 24562 accepted.
[1 : mcmc] Progress @ 2026-06-22 15:31:55 : 152773 steps taken, and 24442 accepted.
[2 : mcmc] Progress @ 2026-06-22 15:31:57 : 151511 steps taken, and 24158 accepted.
[3 : mcmc] Progress @ 2026-06-22 15:32:14 : 153092 steps taken, and 24580 accepted.
[0 : mcmc] Progress @ 2026-06-22 15:32:17 : 153171 steps taken, and 24376 accepted.
[1 : mcmc] Progress @ 2026-06-22 15:32:55 : 152893 steps taken, and 24466 accepted.
[2 : mcmc] Progress @ 2026-06-22 15:32:58 : 151627 steps taken, and 24182 accepted.
[0 : mcmc] Progress @ 2026-06-22 15:33:17 : 153268 steps taken, and 24392 accepted.
[3 : mcmc] Progress @ 2026-06-22 15:33:22 : 153214 steps taken, and 24607 accepted.
[1 : mcmc] Progress @ 2026-06-22 15:33:56 : 152972 steps taken, and 24482 accepted.
[2 : mcmc] Progress @ 2026-06-22 15:33:58 : 151723 steps taken, and 24201 accepted.
[0 : mcmc] Progress @ 2026-06-22 15:34:17 : 153366 steps taken, and 24415 accepted.
[3 : mcmc] Progress @ 2026-06-22 15:34:23 : 153382 steps taken, and 24633 accepted.
[1 : mcmc] Progress @ 2026-06-22 15:35:02 : 153085 steps taken, and 24507 accepted.
[2 : mcmc] Progress @ 2026-06-22 15:35:06 : 151813 steps taken, and 24223 accepted.
[0 : mcmc] Progress @ 2026-06-22 15:35:18 : 153463 steps taken, and 24438 accepted.
[3 : mcmc] Progress @ 2026-06-22 15:35:24 : 153472 steps taken, and 24655 accepted.
[1 : mcmc] Progress @ 2026-06-22 15:36:06 : 153184 steps taken, and 24524 accepted.
[2 : mcmc] Progress @ 2026-06-22 15:36:09 : 151897 steps taken, and 24239 accepted.
[0 : mcmc] Progress @ 2026-06-22 15:36:24 : 153551 steps taken, and 24459 accepted.
[3 : mcmc] Progress @ 2026-06-22 15:36:30 : 153592 steps taken, and 24680 accepted.
[1 : mcmc] Progress @ 2026-06-22 15:37:08 : 153276 steps taken, and 24544 accepted.
[2 : mcmc] Progress @ 2026-06-22 15:37:09 : 151992 steps taken, and 24258 accepted.
[0 : mcmc] Progress @ 2026-06-22 15:37:29 : 153659 steps taken, and 24476 accepted.
[3 : mcmc] Progress @ 2026-06-22 15:37:32 : 153691 steps taken, and 24704 accepted.
[1 : mcmc] Progress @ 2026-06-22 15:38:08 : 153365 steps taken, and 24561 accepted.
[2 : mcmc] Progress @ 2026-06-22 15:38:11 : 152076 steps taken, and 24271 accepted.
[0 : mcmc] Progress @ 2026-06-22 15:38:29 : 153757 steps taken, and 24501 accepted.
[3 : mcmc] Progress @ 2026-06-22 15:38:38 : 153805 steps taken, and 24727 accepted.
[1 : mcmc] Progress @ 2026-06-22 15:39:12 : 153480 steps taken, and 24584 accepted.
[2 : mcmc] Progress @ 2026-06-22 15:39:12 : 152184 steps taken, and 24289 accepted.
[0 : mcmc] Progress @ 2026-06-22 15:39:30 : 153857 steps taken, and 24519 accepted.
[3 : mcmc] Progress @ 2026-06-22 15:39:38 : 153907 steps taken, and 24744 accepted.
[2 : mcmc] Progress @ 2026-06-22 15:40:12 : 152282 steps taken, and 24314 accepted.
[1 : mcmc] Progress @ 2026-06-22 15:40:16 : 153587 steps taken, and 24608 accepted.
[0 : mcmc] Progress @ 2026-06-22 15:40:32 : 153962 steps taken, and 24543 accepted.
[3 : mcmc] Progress @ 2026-06-22 15:40:45 : 154003 steps taken, and 24762 accepted.
[2 : mcmc] Progress @ 2026-06-22 15:41:12 : 152375 steps taken, and 24340 accepted.
[1 : mcmc] Progress @ 2026-06-22 15:41:21 : 153773 steps taken, and 24642 accepted.
[0 : mcmc] Progress @ 2026-06-22 15:41:32 : 154070 steps taken, and 24563 accepted.
[3 : mcmc] Progress @ 2026-06-22 15:41:53 : 154113 steps taken, and 24785 accepted.
[2 : mcmc] Progress @ 2026-06-22 15:42:19 : 152464 steps taken, and 24360 accepted.
[1 : mcmc] Progress @ 2026-06-22 15:42:21 : 153845 steps taken, and 24657 accepted.
[0 : mcmc] Progress @ 2026-06-22 15:42:33 : 154160 steps taken, and 24578 accepted.
[3 : mcmc] Progress @ 2026-06-22 15:42:56 : 154231 steps taken, and 24801 accepted.
[2 : mcmc] Progress @ 2026-06-22 15:43:19 : 152591 steps taken, and 24389 accepted.
[1 : mcmc] Progress @ 2026-06-22 15:43:22 : 153937 steps taken, and 24671 accepted.
[0 : mcmc] Progress @ 2026-06-22 15:43:35 : 154323 steps taken, and 24609 accepted.
[3 : mcmc] Progress @ 2026-06-22 15:43:57 : 154338 steps taken, and 24823 accepted.
[2 : mcmc] Progress @ 2026-06-22 15:44:19 : 152683 steps taken, and 24411 accepted.
[1 : mcmc] Progress @ 2026-06-22 15:44:27 : 154030 steps taken, and 24692 accepted.
[0 : mcmc] Progress @ 2026-06-22 15:44:43 : 154400 steps taken, and 24627 accepted.
[3 : mcmc] Progress @ 2026-06-22 15:44:57 : 154466 steps taken, and 24853 accepted.
[2 : mcmc] Progress @ 2026-06-22 15:45:20 : 152768 steps taken, and 24430 accepted.
[1 : mcmc] Progress @ 2026-06-22 15:45:32 : 154153 steps taken, and 24718 accepted.
[0 : mcmc] Progress @ 2026-06-22 15:45:47 : 154547 steps taken, and 24652 accepted.
[3 : mcmc] Progress @ 2026-06-22 15:46:03 : 154558 steps taken, and 24873 accepted.
[2 : mcmc] Progress @ 2026-06-22 15:46:22 : 152912 steps taken, and 24449 accepted.
[1 : mcmc] Progress @ 2026-06-22 15:46:37 : 154256 steps taken, and 24738 accepted.
[0 : mcmc] Progress @ 2026-06-22 15:46:55 : 154639 steps taken, and 24670 accepted.
[3 : mcmc] Progress @ 2026-06-22 15:47:08 : 154632 steps taken, and 24891 accepted.
[2 : mcmc] Progress @ 2026-06-22 15:47:22 : 153029 steps taken, and 24478 accepted.
[1 : mcmc] Progress @ 2026-06-22 15:47:42 : 154341 steps taken, and 24762 accepted.
[0 : mcmc] Progress @ 2026-06-22 15:47:58 : 154784 steps taken, and 24696 accepted.
[3 : mcmc] Progress @ 2026-06-22 15:48:17 : 154764 steps taken, and 24920 accepted.
[2 : mcmc] Progress @ 2026-06-22 15:48:24 : 153139 steps taken, and 24498 accepted.
[1 : mcmc] Progress @ 2026-06-22 15:48:44 : 154437 steps taken, and 24778 accepted.
[0 : mcmc] Progress @ 2026-06-22 15:48:58 : 154849 steps taken, and 24709 accepted.
[3 : mcmc] Progress @ 2026-06-22 15:49:17 : 154906 steps taken, and 24946 accepted.
[2 : mcmc] Progress @ 2026-06-22 15:49:24 : 153208 steps taken, and 24511 accepted.
[1 : mcmc] Progress @ 2026-06-22 15:49:46 : 154521 steps taken, and 24796 accepted.
[0 : mcmc] Progress @ 2026-06-22 15:50:08 : 154982 steps taken, and 24734 accepted.
[3 : mcmc] Progress @ 2026-06-22 15:50:26 : 154990 steps taken, and 24967 accepted.
[2 : mcmc] Progress @ 2026-06-22 15:50:29 : 153309 steps taken, and 24532 accepted.
[1 : mcmc] Progress @ 2026-06-22 15:50:46 : 154618 steps taken, and 24816 accepted.
[0 : mcmc] Progress @ 2026-06-22 15:51:13 : 155094 steps taken, and 24756 accepted.
[3 : mcmc] Progress @ 2026-06-22 15:51:26 : 155086 steps taken, and 24992 accepted.
[2 : mcmc] Progress @ 2026-06-22 15:51:35 : 153424 steps taken, and 24550 accepted.
[1 : mcmc] Progress @ 2026-06-22 15:51:46 : 154710 steps taken, and 24832 accepted.
[0 : mcmc] Progress @ 2026-06-22 15:52:14 : 155217 steps taken, and 24782 accepted.
[3 : mcmc] Progress @ 2026-06-22 15:52:31 : 155192 steps taken, and 25017 accepted.
[2 : mcmc] Progress @ 2026-06-22 15:52:36 : 153539 steps taken, and 24572 accepted.
[1 : mcmc] Progress @ 2026-06-22 15:52:46 : 154804 steps taken, and 24848 accepted.
[0 : mcmc] Progress @ 2026-06-22 15:53:17 : 155273 steps taken, and 24796 accepted.
[3 : mcmc] Progress @ 2026-06-22 15:53:36 : 155285 steps taken, and 25037 accepted.
[2 : mcmc] Progress @ 2026-06-22 15:53:36 : 153631 steps taken, and 24594 accepted.
[1 : mcmc] Progress @ 2026-06-22 15:53:54 : 154928 steps taken, and 24871 accepted.
[0 : mcmc] Progress @ 2026-06-22 15:54:26 : 155399 steps taken, and 24830 accepted.
[3 : mcmc] Progress @ 2026-06-22 15:54:36 : 155366 steps taken, and 25054 accepted.
[2 : mcmc] Progress @ 2026-06-22 15:54:44 : 153733 steps taken, and 24611 accepted.
[1 : mcmc] Progress @ 2026-06-22 15:54:57 : 155045 steps taken, and 24887 accepted.
[0 : mcmc] Progress @ 2026-06-22 15:55:34 : 155516 steps taken, and 24854 accepted.
[3 : mcmc] Progress @ 2026-06-22 15:55:40 : 155526 steps taken, and 25081 accepted.
[2 : mcmc] Progress @ 2026-06-22 15:55:46 : 153844 steps taken, and 24635 accepted.
[1 : mcmc] Progress @ 2026-06-22 15:55:58 : 155136 steps taken, and 24907 accepted.
[0 : mcmc] Progress @ 2026-06-22 15:56:35 : 155641 steps taken, and 24884 accepted.
[3 : mcmc] Progress @ 2026-06-22 15:56:43 : 155626 steps taken, and 25104 accepted.
[2 : mcmc] Progress @ 2026-06-22 15:56:54 : 153972 steps taken, and 24665 accepted.
[1 : mcmc] Progress @ 2026-06-22 15:57:00 : 155246 steps taken, and 24929 accepted.
[0 : mcmc] Progress @ 2026-06-22 15:57:38 : 155762 steps taken, and 24903 accepted.
[3 : mcmc] Progress @ 2026-06-22 15:57:43 : 155714 steps taken, and 25122 accepted.
[2 : mcmc] Progress @ 2026-06-22 15:57:54 : 154077 steps taken, and 24687 accepted.
[1 : mcmc] Progress @ 2026-06-22 15:58:02 : 155353 steps taken, and 24943 accepted.
[3 : mcmc] Progress @ 2026-06-22 15:58:43 : 155797 steps taken, and 25140 accepted.
[0 : mcmc] Progress @ 2026-06-22 15:58:47 : 155859 steps taken, and 24921 accepted.
[2 : mcmc] Progress @ 2026-06-22 15:58:56 : 154184 steps taken, and 24709 accepted.
[1 : mcmc] Progress @ 2026-06-22 15:59:02 : 155483 steps taken, and 24974 accepted.
[3 : mcmc] Progress @ 2026-06-22 15:59:46 : 155941 steps taken, and 25174 accepted.
[0 : mcmc] Progress @ 2026-06-22 15:59:47 : 155977 steps taken, and 24943 accepted.
[2 : mcmc] Progress @ 2026-06-22 15:59:59 : 154276 steps taken, and 24728 accepted.
[1 : mcmc] Progress @ 2026-06-22 16:00:09 : 155610 steps taken, and 25002 accepted.
[0 : mcmc] Progress @ 2026-06-22 16:00:47 : 156053 steps taken, and 24959 accepted.
[3 : mcmc] Progress @ 2026-06-22 16:00:52 : 156059 steps taken, and 25196 accepted.
[3 : mcmc] Learn + convergence test @ 25200 samples accepted.
[3 : mcmc] Ready to check convergence and learn a new proposal covmat (waiting for the rest...)
[2 : mcmc] Progress @ 2026-06-22 16:01:05 : 154361 steps taken, and 24746 accepted.
[1 : mcmc] Progress @ 2026-06-22 16:01:15 : 155704 steps taken, and 25022 accepted.
[0 : mcmc] Progress @ 2026-06-22 16:01:47 : 156174 steps taken, and 24981 accepted.
[3 : mcmc] Progress @ 2026-06-22 16:01:52 : 156153 steps taken, and 25213 accepted.
[2 : mcmc] Progress @ 2026-06-22 16:02:11 : 154482 steps taken, and 24775 accepted.
[1 : mcmc] Progress @ 2026-06-22 16:02:16 : 155830 steps taken, and 25035 accepted.
[3 : mcmc] Progress @ 2026-06-22 16:02:53 : 156239 steps taken, and 25234 accepted.
[0 : mcmc] Progress @ 2026-06-22 16:02:53 : 156246 steps taken, and 24999 accepted.
[2 : mcmc] Progress @ 2026-06-22 16:03:19 : 154606 steps taken, and 24803 accepted.
[1 : mcmc] Progress @ 2026-06-22 16:03:19 : 155939 steps taken, and 25060 accepted.
[3 : mcmc] Progress @ 2026-06-22 16:03:53 : 156348 steps taken, and 25251 accepted.
[0 : mcmc] Progress @ 2026-06-22 16:03:57 : 156387 steps taken, and 25028 accepted.
[2 : mcmc] Progress @ 2026-06-22 16:04:22 : 154664 steps taken, and 24815 accepted.
[1 : mcmc] Progress @ 2026-06-22 16:04:25 : 156037 steps taken, and 25080 accepted.
[3 : mcmc] Progress @ 2026-06-22 16:04:58 : 156474 steps taken, and 25280 accepted.
[0 : mcmc] Progress @ 2026-06-22 16:05:05 : 156503 steps taken, and 25047 accepted.
[2 : mcmc] Progress @ 2026-06-22 16:05:22 : 154824 steps taken, and 24844 accepted.
[1 : mcmc] Progress @ 2026-06-22 16:05:29 : 156185 steps taken, and 25107 accepted.
[3 : mcmc] Progress @ 2026-06-22 16:06:03 : 156593 steps taken, and 25306 accepted.
[0 : mcmc] Progress @ 2026-06-22 16:06:09 : 156601 steps taken, and 25066 accepted.
[2 : mcmc] Progress @ 2026-06-22 16:06:31 : 154932 steps taken, and 24866 accepted.
[1 : mcmc] Progress @ 2026-06-22 16:06:34 : 156285 steps taken, and 25126 accepted.
[3 : mcmc] Progress @ 2026-06-22 16:07:05 : 156707 steps taken, and 25326 accepted.
[0 : mcmc] Progress @ 2026-06-22 16:07:11 : 156716 steps taken, and 25088 accepted.
[2 : mcmc] Progress @ 2026-06-22 16:07:31 : 155070 steps taken, and 24893 accepted.
[1 : mcmc] Progress @ 2026-06-22 16:07:37 : 156401 steps taken, and 25147 accepted.
[3 : mcmc] Progress @ 2026-06-22 16:08:06 : 156803 steps taken, and 25345 accepted.
[0 : mcmc] Progress @ 2026-06-22 16:08:20 : 156836 steps taken, and 25114 accepted.
[2 : mcmc] Progress @ 2026-06-22 16:08:31 : 155171 steps taken, and 24912 accepted.
[1 : mcmc] Progress @ 2026-06-22 16:08:38 : 156502 steps taken, and 25170 accepted.
[3 : mcmc] Progress @ 2026-06-22 16:09:14 : 156919 steps taken, and 25373 accepted.
[0 : mcmc] Progress @ 2026-06-22 16:09:20 : 156938 steps taken, and 25134 accepted.
[2 : mcmc] Progress @ 2026-06-22 16:09:36 : 155276 steps taken, and 24939 accepted.
[1 : mcmc] Progress @ 2026-06-22 16:09:38 : 156593 steps taken, and 25191 accepted.
[1 : mcmc] Learn + convergence test @ 25200 samples accepted.
[1 : mcmc] Ready to check convergence and learn a new proposal covmat (waiting for the rest...)
[0 : mcmc] Progress @ 2026-06-22 16:10:20 : 157048 steps taken, and 25157 accepted.
[3 : mcmc] Progress @ 2026-06-22 16:10:22 : 157028 steps taken, and 25398 accepted.
[1 : mcmc] Progress @ 2026-06-22 16:10:38 : 156688 steps taken, and 25214 accepted.
[2 : mcmc] Progress @ 2026-06-22 16:10:39 : 155351 steps taken, and 24954 accepted.
[0 : mcmc] Progress @ 2026-06-22 16:11:27 : 157159 steps taken, and 25177 accepted.
[3 : mcmc] Progress @ 2026-06-22 16:11:31 : 157164 steps taken, and 25420 accepted.
[1 : mcmc] Progress @ 2026-06-22 16:11:38 : 156792 steps taken, and 25233 accepted.
[2 : mcmc] Progress @ 2026-06-22 16:11:40 : 155458 steps taken, and 24976 accepted.
[0 : mcmc] Progress @ 2026-06-22 16:12:34 : 157255 steps taken, and 25194 accepted.
[3 : mcmc] Progress @ 2026-06-22 16:12:35 : 157250 steps taken, and 25438 accepted.
[1 : mcmc] Progress @ 2026-06-22 16:12:39 : 156851 steps taken, and 25246 accepted.
[2 : mcmc] Progress @ 2026-06-22 16:12:45 : 155566 steps taken, and 24996 accepted.
[0 : mcmc] Learn + convergence test @ 25200 samples accepted.
[0 : mcmc] Ready to check convergence and learn a new proposal covmat (waiting for the rest...)
[0 : mcmc] Progress @ 2026-06-22 16:13:34 : 157384 steps taken, and 25221 accepted.
[3 : mcmc] Progress @ 2026-06-22 16:13:35 : 157335 steps taken, and 25456 accepted.
[1 : mcmc] Progress @ 2026-06-22 16:13:40 : 156956 steps taken, and 25271 accepted.
[2 : mcmc] Progress @ 2026-06-22 16:13:45 : 155664 steps taken, and 25016 accepted.
[0 : mcmc] Progress @ 2026-06-22 16:14:37 : 157464 steps taken, and 25241 accepted.
[3 : mcmc] Progress @ 2026-06-22 16:14:41 : 157477 steps taken, and 25483 accepted.
[2 : mcmc] Progress @ 2026-06-22 16:14:45 : 155763 steps taken, and 25038 accepted.
[1 : mcmc] Progress @ 2026-06-22 16:14:48 : 157051 steps taken, and 25291 accepted.
[0 : mcmc] Progress @ 2026-06-22 16:15:42 : 157557 steps taken, and 25258 accepted.
[3 : mcmc] Progress @ 2026-06-22 16:15:45 : 157563 steps taken, and 25501 accepted.
[2 : mcmc] Progress @ 2026-06-22 16:15:45 : 155861 steps taken, and 25060 accepted.
[1 : mcmc] Progress @ 2026-06-22 16:15:56 : 157145 steps taken, and 25311 accepted.
[0 : mcmc] Progress @ 2026-06-22 16:16:43 : 157663 steps taken, and 25280 accepted.
[2 : mcmc] Progress @ 2026-06-22 16:16:50 : 155963 steps taken, and 25087 accepted.
[3 : mcmc] Progress @ 2026-06-22 16:16:51 : 157714 steps taken, and 25528 accepted.
[1 : mcmc] Progress @ 2026-06-22 16:16:58 : 157256 steps taken, and 25338 accepted.
[0 : mcmc] Progress @ 2026-06-22 16:17:44 : 157760 steps taken, and 25297 accepted.
[2 : mcmc] Progress @ 2026-06-22 16:17:52 : 156188 steps taken, and 25118 accepted.
[3 : mcmc] Progress @ 2026-06-22 16:17:58 : 157836 steps taken, and 25555 accepted.
[1 : mcmc] Progress @ 2026-06-22 16:18:04 : 157369 steps taken, and 25360 accepted.
[0 : mcmc] Progress @ 2026-06-22 16:18:45 : 157858 steps taken, and 25325 accepted.
[2 : mcmc] Progress @ 2026-06-22 16:18:58 : 156305 steps taken, and 25137 accepted.
[3 : mcmc] Progress @ 2026-06-22 16:18:58 : 157965 steps taken, and 25576 accepted.
[1 : mcmc] Progress @ 2026-06-22 16:19:08 : 157471 steps taken, and 25380 accepted.
[0 : mcmc] Progress @ 2026-06-22 16:19:45 : 157956 steps taken, and 25345 accepted.
[3 : mcmc] Progress @ 2026-06-22 16:20:01 : 158055 steps taken, and 25596 accepted.
[2 : mcmc] Progress @ 2026-06-22 16:20:05 : 156382 steps taken, and 25151 accepted.
[1 : mcmc] Progress @ 2026-06-22 16:20:12 : 157588 steps taken, and 25408 accepted.
[0 : mcmc] Progress @ 2026-06-22 16:20:46 : 158055 steps taken, and 25367 accepted.
[3 : mcmc] Progress @ 2026-06-22 16:21:03 : 158183 steps taken, and 25617 accepted.
[1 : mcmc] Progress @ 2026-06-22 16:21:12 : 157685 steps taken, and 25429 accepted.
[2 : mcmc] Progress @ 2026-06-22 16:21:13 : 156526 steps taken, and 25178 accepted.
[0 : mcmc] Progress @ 2026-06-22 16:21:46 : 158159 steps taken, and 25390 accepted.
[2 : mcmc] Learn + convergence test @ 25200 samples accepted.
[2 : mcmc] Ready to check convergence and learn a new proposal covmat (waiting for the rest...)
[0 : mcmc] All chains are ready to check convergence and learn a new proposal covmat
[0 : mcmc]  - Acceptance rate: 0.587 = avg([0.5864, 0.5912, 0.5813, 0.5880])
[0 : mcmc]  - Convergence of means: R-1 = 0.094685 after 101683 accepted steps = sum([25395, 25442, 25200, 25646])
[0 : mcmc]  - Updated covariance matrix of proposal pdf.
[3 : mcmc] Progress @ 2026-06-22 16:22:03 : 158338 steps taken, and 25651 accepted.
[1 : mcmc] Progress @ 2026-06-22 16:22:12 : 157774 steps taken, and 25447 accepted.
[2 : mcmc] Progress @ 2026-06-22 16:22:18 : 156666 steps taken, and 25204 accepted.
[0 : mcmc] Progress @ 2026-06-22 16:22:48 : 158226 steps taken, and 25402 accepted.
[3 : mcmc] Progress @ 2026-06-22 16:23:06 : 158441 steps taken, and 25671 accepted.
[1 : mcmc] Progress @ 2026-06-22 16:23:15 : 157896 steps taken, and 25473 accepted.
[2 : mcmc] Progress @ 2026-06-22 16:23:23 : 156741 steps taken, and 25218 accepted.
[0 : mcmc] Progress @ 2026-06-22 16:23:50 : 158358 steps taken, and 25429 accepted.
[3 : mcmc] Progress @ 2026-06-22 16:24:15 : 158534 steps taken, and 25690 accepted.
[1 : mcmc] Progress @ 2026-06-22 16:24:15 : 157994 steps taken, and 25494 accepted.
[2 : mcmc] Progress @ 2026-06-22 16:24:24 : 156864 steps taken, and 25243 accepted.
[0 : mcmc] Progress @ 2026-06-22 16:24:50 : 158464 steps taken, and 25449 accepted.
[3 : mcmc] Progress @ 2026-06-22 16:25:15 : 158622 steps taken, and 25708 accepted.
[1 : mcmc] Progress @ 2026-06-22 16:25:18 : 158084 steps taken, and 25509 accepted.
[2 : mcmc] Progress @ 2026-06-22 16:25:24 : 156955 steps taken, and 25263 accepted.
[0 : mcmc] Progress @ 2026-06-22 16:25:54 : 158572 steps taken, and 25472 accepted.
[3 : mcmc] Progress @ 2026-06-22 16:26:21 : 158759 steps taken, and 25727 accepted.
[2 : mcmc] Progress @ 2026-06-22 16:26:24 : 157041 steps taken, and 25280 accepted.
[1 : mcmc] Progress @ 2026-06-22 16:26:25 : 158200 steps taken, and 25535 accepted.
[0 : mcmc] Progress @ 2026-06-22 16:26:54 : 158685 steps taken, and 25492 accepted.
[3 : mcmc] Progress @ 2026-06-22 16:27:21 : 158852 steps taken, and 25749 accepted.
[2 : mcmc] Progress @ 2026-06-22 16:27:24 : 157125 steps taken, and 25301 accepted.
[1 : mcmc] Progress @ 2026-06-22 16:27:33 : 158291 steps taken, and 25554 accepted.
[0 : mcmc] Progress @ 2026-06-22 16:27:54 : 158826 steps taken, and 25514 accepted.
[3 : mcmc] Progress @ 2026-06-22 16:28:21 : 158948 steps taken, and 25769 accepted.
[2 : mcmc] Progress @ 2026-06-22 16:28:25 : 157206 steps taken, and 25321 accepted.
[1 : mcmc] Progress @ 2026-06-22 16:28:37 : 158427 steps taken, and 25582 accepted.
[0 : mcmc] Progress @ 2026-06-22 16:29:00 : 158941 steps taken, and 25536 accepted.
[3 : mcmc] Progress @ 2026-06-22 16:29:21 : 159062 steps taken, and 25794 accepted.
[2 : mcmc] Progress @ 2026-06-22 16:29:26 : 157308 steps taken, and 25341 accepted.
[1 : mcmc] Progress @ 2026-06-22 16:29:44 : 158517 steps taken, and 25598 accepted.
[0 : mcmc] Progress @ 2026-06-22 16:30:01 : 159061 steps taken, and 25561 accepted.
[3 : mcmc] Progress @ 2026-06-22 16:30:25 : 159135 steps taken, and 25808 accepted.
[2 : mcmc] Progress @ 2026-06-22 16:30:26 : 157395 steps taken, and 25358 accepted.
[1 : mcmc] Progress @ 2026-06-22 16:30:45 : 158614 steps taken, and 25615 accepted.
[0 : mcmc] Progress @ 2026-06-22 16:31:04 : 159149 steps taken, and 25579 accepted.
[3 : mcmc] Progress @ 2026-06-22 16:31:25 : 159242 steps taken, and 25833 accepted.
[2 : mcmc] Progress @ 2026-06-22 16:31:26 : 157502 steps taken, and 25377 accepted.
[1 : mcmc] Progress @ 2026-06-22 16:31:45 : 158736 steps taken, and 25640 accepted.
[0 : mcmc] Progress @ 2026-06-22 16:32:09 : 159230 steps taken, and 25598 accepted.
[2 : mcmc] Progress @ 2026-06-22 16:32:30 : 157595 steps taken, and 25398 accepted.
[3 : mcmc] Progress @ 2026-06-22 16:32:32 : 159360 steps taken, and 25862 accepted.
[1 : mcmc] Progress @ 2026-06-22 16:32:49 : 158816 steps taken, and 25659 accepted.
[0 : mcmc] Progress @ 2026-06-22 16:33:16 : 159369 steps taken, and 25621 accepted.
[2 : mcmc] Progress @ 2026-06-22 16:33:30 : 157695 steps taken, and 25418 accepted.
[3 : mcmc] Progress @ 2026-06-22 16:33:35 : 159460 steps taken, and 25882 accepted.
[1 : mcmc] Progress @ 2026-06-22 16:33:49 : 158951 steps taken, and 25687 accepted.
[0 : mcmc] Progress @ 2026-06-22 16:34:17 : 159487 steps taken, and 25638 accepted.
[2 : mcmc] Progress @ 2026-06-22 16:34:34 : 157796 steps taken, and 25437 accepted.
[3 : mcmc] Progress @ 2026-06-22 16:34:39 : 159547 steps taken, and 25896 accepted.
[1 : mcmc] Progress @ 2026-06-22 16:34:49 : 159048 steps taken, and 25708 accepted.
[0 : mcmc] Progress @ 2026-06-22 16:35:21 : 159577 steps taken, and 25655 accepted.
[2 : mcmc] Progress @ 2026-06-22 16:35:35 : 157885 steps taken, and 25458 accepted.
[3 : mcmc] Progress @ 2026-06-22 16:35:40 : 159645 steps taken, and 25918 accepted.
[1 : mcmc] Progress @ 2026-06-22 16:35:49 : 159148 steps taken, and 25729 accepted.
[0 : mcmc] Progress @ 2026-06-22 16:36:26 : 159682 steps taken, and 25669 accepted.
[2 : mcmc] Progress @ 2026-06-22 16:36:43 : 158003 steps taken, and 25483 accepted.
[3 : mcmc] Progress @ 2026-06-22 16:36:43 : 159753 steps taken, and 25939 accepted.
[1 : mcmc] Progress @ 2026-06-22 16:36:57 : 159240 steps taken, and 25748 accepted.
[0 : mcmc] Progress @ 2026-06-22 16:37:33 : 159784 steps taken, and 25687 accepted.
[3 : mcmc] Progress @ 2026-06-22 16:37:43 : 159849 steps taken, and 25960 accepted.
[2 : mcmc] Progress @ 2026-06-22 16:37:44 : 158120 steps taken, and 25506 accepted.
[1 : mcmc] Progress @ 2026-06-22 16:38:01 : 159377 steps taken, and 25776 accepted.
[0 : mcmc] Progress @ 2026-06-22 16:38:39 : 159920 steps taken, and 25720 accepted.
[2 : mcmc] Progress @ 2026-06-22 16:38:44 : 158221 steps taken, and 25526 accepted.
[3 : mcmc] Progress @ 2026-06-22 16:38:49 : 159952 steps taken, and 25981 accepted.
[1 : mcmc] Progress @ 2026-06-22 16:39:06 : 159452 steps taken, and 25792 accepted.
[0 : mcmc] Progress @ 2026-06-22 16:39:40 : 160023 steps taken, and 25740 accepted.
[2 : mcmc] Progress @ 2026-06-22 16:39:48 : 158347 steps taken, and 25556 accepted.
[3 : mcmc] Progress @ 2026-06-22 16:39:51 : 160029 steps taken, and 25997 accepted.
[1 : mcmc] Progress @ 2026-06-22 16:40:06 : 159554 steps taken, and 25809 accepted.
[0 : mcmc] Progress @ 2026-06-22 16:40:46 : 160137 steps taken, and 25765 accepted.
[2 : mcmc] Progress @ 2026-06-22 16:40:53 : 158426 steps taken, and 25572 accepted.
[3 : mcmc] Progress @ 2026-06-22 16:40:58 : 160145 steps taken, and 26022 accepted.
[1 : mcmc] Progress @ 2026-06-22 16:41:07 : 159664 steps taken, and 25831 accepted.
[0 : mcmc] Progress @ 2026-06-22 16:41:46 : 160247 steps taken, and 25784 accepted.
[2 : mcmc] Progress @ 2026-06-22 16:41:55 : 158533 steps taken, and 25595 accepted.
[3 : mcmc] Progress @ 2026-06-22 16:42:01 : 160241 steps taken, and 26041 accepted.
[1 : mcmc] Progress @ 2026-06-22 16:42:10 : 159768 steps taken, and 25849 accepted.
[0 : mcmc] Progress @ 2026-06-22 16:42:47 : 160335 steps taken, and 25800 accepted.
[2 : mcmc] Progress @ 2026-06-22 16:42:59 : 158661 steps taken, and 25614 accepted.
[3 : mcmc] Progress @ 2026-06-22 16:43:01 : 160370 steps taken, and 26061 accepted.
[1 : mcmc] Progress @ 2026-06-22 16:43:11 : 159898 steps taken, and 25870 accepted.
[0 : mcmc] Progress @ 2026-06-22 16:43:49 : 160411 steps taken, and 25813 accepted.
[3 : mcmc] Progress @ 2026-06-22 16:44:01 : 160466 steps taken, and 26083 accepted.
[2 : mcmc] Progress @ 2026-06-22 16:44:05 : 158740 steps taken, and 25631 accepted.
[1 : mcmc] Progress @ 2026-06-22 16:44:17 : 160008 steps taken, and 25893 accepted.
[0 : mcmc] Progress @ 2026-06-22 16:44:55 : 160579 steps taken, and 25844 accepted.
[3 : mcmc] Progress @ 2026-06-22 16:45:03 : 160554 steps taken, and 26100 accepted.
[2 : mcmc] Progress @ 2026-06-22 16:45:10 : 158887 steps taken, and 25659 accepted.
[1 : mcmc] Progress @ 2026-06-22 16:45:17 : 160102 steps taken, and 25915 accepted.
[0 : mcmc] Progress @ 2026-06-22 16:45:55 : 160682 steps taken, and 25866 accepted.
[3 : mcmc] Progress @ 2026-06-22 16:46:08 : 160673 steps taken, and 26120 accepted.
[2 : mcmc] Progress @ 2026-06-22 16:46:14 : 158972 steps taken, and 25676 accepted.
[1 : mcmc] Progress @ 2026-06-22 16:46:17 : 160186 steps taken, and 25928 accepted.
[0 : mcmc] Progress @ 2026-06-22 16:46:55 : 160756 steps taken, and 25882 accepted.
[3 : mcmc] Progress @ 2026-06-22 16:47:09 : 160747 steps taken, and 26132 accepted.
[2 : mcmc] Progress @ 2026-06-22 16:47:14 : 159057 steps taken, and 25699 accepted.
[1 : mcmc] Progress @ 2026-06-22 16:47:25 : 160346 steps taken, and 25951 accepted.
[0 : mcmc] Progress @ 2026-06-22 16:48:00 : 160855 steps taken, and 25901 accepted.
[3 : mcmc] Progress @ 2026-06-22 16:48:09 : 160859 steps taken, and 26155 accepted.
[2 : mcmc] Progress @ 2026-06-22 16:48:21 : 159178 steps taken, and 25721 accepted.
[1 : mcmc] Progress @ 2026-06-22 16:48:26 : 160462 steps taken, and 25967 accepted.
[0 : mcmc] Progress @ 2026-06-22 16:49:02 : 160965 steps taken, and 25928 accepted.
[3 : mcmc] Progress @ 2026-06-22 16:49:09 : 160954 steps taken, and 26174 accepted.
[1 : mcmc] Progress @ 2026-06-22 16:49:26 : 160563 steps taken, and 25988 accepted.
[2 : mcmc] Progress @ 2026-06-22 16:49:26 : 159280 steps taken, and 25743 accepted.
[0 : mcmc] Progress @ 2026-06-22 16:50:07 : 161052 steps taken, and 25946 accepted.
[3 : mcmc] Progress @ 2026-06-22 16:50:15 : 161034 steps taken, and 26192 accepted.
[1 : mcmc] Progress @ 2026-06-22 16:50:26 : 160669 steps taken, and 26006 accepted.
[2 : mcmc] Progress @ 2026-06-22 16:50:26 : 159364 steps taken, and 25760 accepted.
[0 : mcmc] Progress @ 2026-06-22 16:51:11 : 161159 steps taken, and 25976 accepted.
[3 : mcmc] Progress @ 2026-06-22 16:51:18 : 161151 steps taken, and 26219 accepted.
[1 : mcmc] Progress @ 2026-06-22 16:51:28 : 160766 steps taken, and 26027 accepted.
[2 : mcmc] Progress @ 2026-06-22 16:51:31 : 159473 steps taken, and 25783 accepted.
[0 : mcmc] Progress @ 2026-06-22 16:52:19 : 161282 steps taken, and 25999 accepted.
[3 : mcmc] Progress @ 2026-06-22 16:52:22 : 161265 steps taken, and 26242 accepted.
[1 : mcmc] Progress @ 2026-06-22 16:52:28 : 160857 steps taken, and 26043 accepted.
[2 : mcmc] Progress @ 2026-06-22 16:52:36 : 159574 steps taken, and 25805 accepted.
[0 : mcmc] Progress @ 2026-06-22 16:53:25 : 161383 steps taken, and 26026 accepted.
[1 : mcmc] Progress @ 2026-06-22 16:53:28 : 160961 steps taken, and 26063 accepted.
[3 : mcmc] Progress @ 2026-06-22 16:53:31 : 161364 steps taken, and 26262 accepted.
[2 : mcmc] Progress @ 2026-06-22 16:53:41 : 159679 steps taken, and 25833 accepted.
[0 : mcmc] Progress @ 2026-06-22 16:54:28 : 161511 steps taken, and 26052 accepted.
[3 : mcmc] Progress @ 2026-06-22 16:54:33 : 161462 steps taken, and 26281 accepted.
[1 : mcmc] Progress @ 2026-06-22 16:54:37 : 161052 steps taken, and 26084 accepted.
[2 : mcmc] Progress @ 2026-06-22 16:54:49 : 159807 steps taken, and 25859 accepted.
[0 : mcmc] Progress @ 2026-06-22 16:55:28 : 161607 steps taken, and 26074 accepted.
[3 : mcmc] Progress @ 2026-06-22 16:55:36 : 161583 steps taken, and 26305 accepted.
[1 : mcmc] Progress @ 2026-06-22 16:55:45 : 161166 steps taken, and 26104 accepted.
[2 : mcmc] Progress @ 2026-06-22 16:55:52 : 159896 steps taken, and 25878 accepted.
[0 : mcmc] Progress @ 2026-06-22 16:56:31 : 161694 steps taken, and 26092 accepted.
[3 : mcmc] Progress @ 2026-06-22 16:56:36 : 161709 steps taken, and 26332 accepted.
[1 : mcmc] Progress @ 2026-06-22 16:56:48 : 161278 steps taken, and 26126 accepted.
[2 : mcmc] Progress @ 2026-06-22 16:56:58 : 160000 steps taken, and 25902 accepted.
[0 : mcmc] Progress @ 2026-06-22 16:57:36 : 161777 steps taken, and 26106 accepted.
[3 : mcmc] Progress @ 2026-06-22 16:57:37 : 161807 steps taken, and 26353 accepted.
[1 : mcmc] Progress @ 2026-06-22 16:57:48 : 161371 steps taken, and 26150 accepted.
[2 : mcmc] Progress @ 2026-06-22 16:58:00 : 160106 steps taken, and 25927 accepted.
[3 : mcmc] Progress @ 2026-06-22 16:58:37 : 161896 steps taken, and 26377 accepted.
[0 : mcmc] Progress @ 2026-06-22 16:58:39 : 161915 steps taken, and 26137 accepted.
[1 : mcmc] Progress @ 2026-06-22 16:58:55 : 161462 steps taken, and 26166 accepted.
[2 : mcmc] Progress @ 2026-06-22 16:59:03 : 160230 steps taken, and 25944 accepted.
[0 : mcmc] Progress @ 2026-06-22 16:59:43 : 162025 steps taken, and 26157 accepted.
[3 : mcmc] Progress @ 2026-06-22 16:59:45 : 162005 steps taken, and 26399 accepted.
[3 : mcmc] Learn + convergence test @ 26400 samples accepted.
[3 : mcmc] Ready to check convergence and learn a new proposal covmat (waiting for the rest...)
[1 : mcmc] Progress @ 2026-06-22 17:00:03 : 161572 steps taken, and 26185 accepted.
[2 : mcmc] Progress @ 2026-06-22 17:00:07 : 160374 steps taken, and 25968 accepted.
[0 : mcmc] Progress @ 2026-06-22 17:00:47 : 162149 steps taken, and 26182 accepted.
[3 : mcmc] Progress @ 2026-06-22 17:00:52 : 162110 steps taken, and 26419 accepted.
[1 : mcmc] Progress @ 2026-06-22 17:01:06 : 161684 steps taken, and 26206 accepted.
[2 : mcmc] Progress @ 2026-06-22 17:01:08 : 160520 steps taken, and 25986 accepted.
[0 : mcmc] Progress @ 2026-06-22 17:01:55 : 162268 steps taken, and 26200 accepted.
[3 : mcmc] Progress @ 2026-06-22 17:02:00 : 162245 steps taken, and 26441 accepted.
[1 : mcmc] Progress @ 2026-06-22 17:02:09 : 161781 steps taken, and 26226 accepted.
[2 : mcmc] Progress @ 2026-06-22 17:02:11 : 160621 steps taken, and 26008 accepted.
[0 : mcmc] Progress @ 2026-06-22 17:02:56 : 162363 steps taken, and 26218 accepted.
[3 : mcmc] Progress @ 2026-06-22 17:03:00 : 162347 steps taken, and 26458 accepted.
[1 : mcmc] Progress @ 2026-06-22 17:03:09 : 161879 steps taken, and 26241 accepted.
[2 : mcmc] Progress @ 2026-06-22 17:03:11 : 160696 steps taken, and 26025 accepted.
[0 : mcmc] Progress @ 2026-06-22 17:03:58 : 162486 steps taken, and 26246 accepted.
[3 : mcmc] Progress @ 2026-06-22 17:04:00 : 162442 steps taken, and 26477 accepted.
[2 : mcmc] Progress @ 2026-06-22 17:04:16 : 160781 steps taken, and 26044 accepted.
[1 : mcmc] Progress @ 2026-06-22 17:04:17 : 161984 steps taken, and 26269 accepted.
[0 : mcmc] Progress @ 2026-06-22 17:04:58 : 162551 steps taken, and 26262 accepted.
[3 : mcmc] Progress @ 2026-06-22 17:05:01 : 162540 steps taken, and 26494 accepted.
[2 : mcmc] Progress @ 2026-06-22 17:05:17 : 160879 steps taken, and 26064 accepted.
[1 : mcmc] Progress @ 2026-06-22 17:05:23 : 162093 steps taken, and 26295 accepted.
[0 : mcmc] Progress @ 2026-06-22 17:05:59 : 162663 steps taken, and 26285 accepted.
[3 : mcmc] Progress @ 2026-06-22 17:06:06 : 162671 steps taken, and 26516 accepted.
[2 : mcmc] Progress @ 2026-06-22 17:06:22 : 161002 steps taken, and 26094 accepted.
[1 : mcmc] Progress @ 2026-06-22 17:06:23 : 162217 steps taken, and 26318 accepted.
[0 : mcmc] Progress @ 2026-06-22 17:07:00 : 162752 steps taken, and 26308 accepted.
[3 : mcmc] Progress @ 2026-06-22 17:07:13 : 162760 steps taken, and 26535 accepted.
[1 : mcmc] Progress @ 2026-06-22 17:07:25 : 162304 steps taken, and 26335 accepted.
[2 : mcmc] Progress @ 2026-06-22 17:07:27 : 161106 steps taken, and 26116 accepted.
[0 : mcmc] Progress @ 2026-06-22 17:08:02 : 162882 steps taken, and 26335 accepted.
[3 : mcmc] Progress @ 2026-06-22 17:08:22 : 162860 steps taken, and 26555 accepted.
[1 : mcmc] Progress @ 2026-06-22 17:08:29 : 162405 steps taken, and 26354 accepted.
[2 : mcmc] Progress @ 2026-06-22 17:08:33 : 161194 steps taken, and 26138 accepted.
[0 : mcmc] Progress @ 2026-06-22 17:09:08 : 162938 steps taken, and 26349 accepted.
[3 : mcmc] Progress @ 2026-06-22 17:09:26 : 162933 steps taken, and 26568 accepted.
[1 : mcmc] Progress @ 2026-06-22 17:09:35 : 162516 steps taken, and 26383 accepted.
[2 : mcmc] Progress @ 2026-06-22 17:09:41 : 161322 steps taken, and 26160 accepted.
[1 : mcmc] Learn + convergence test @ 26400 samples accepted.
[1 : mcmc] Ready to check convergence and learn a new proposal covmat (waiting for the rest...)
[0 : mcmc] Progress @ 2026-06-22 17:10:16 : 163064 steps taken, and 26378 accepted.
[3 : mcmc] Progress @ 2026-06-22 17:10:29 : 163075 steps taken, and 26592 accepted.
[1 : mcmc] Progress @ 2026-06-22 17:10:38 : 162642 steps taken, and 26409 accepted.
[2 : mcmc] Progress @ 2026-06-22 17:10:44 : 161456 steps taken, and 26185 accepted.
[0 : mcmc] Learn + convergence test @ 26400 samples accepted.
[0 : mcmc] Ready to check convergence and learn a new proposal covmat (waiting for the rest...)
[0 : mcmc] Progress @ 2026-06-22 17:11:20 : 163180 steps taken, and 26403 accepted.
[3 : mcmc] Progress @ 2026-06-22 17:11:34 : 163158 steps taken, and 26609 accepted.
[1 : mcmc] Progress @ 2026-06-22 17:11:47 : 162739 steps taken, and 26427 accepted.
[2 : mcmc] Progress @ 2026-06-22 17:11:50 : 161584 steps taken, and 26208 accepted.
[0 : mcmc] Progress @ 2026-06-22 17:12:20 : 163270 steps taken, and 26421 accepted.
[3 : mcmc] Progress @ 2026-06-22 17:12:34 : 163256 steps taken, and 26632 accepted.
[1 : mcmc] Progress @ 2026-06-22 17:12:48 : 162875 steps taken, and 26462 accepted.
[2 : mcmc] Progress @ 2026-06-22 17:12:50 : 161666 steps taken, and 26228 accepted.
[0 : mcmc] Progress @ 2026-06-22 17:13:23 : 163379 steps taken, and 26443 accepted.
[3 : mcmc] Progress @ 2026-06-22 17:13:34 : 163351 steps taken, and 26653 accepted.
[1 : mcmc] Progress @ 2026-06-22 17:13:50 : 162959 steps taken, and 26475 accepted.
[2 : mcmc] Progress @ 2026-06-22 17:13:51 : 161780 steps taken, and 26245 accepted.
[0 : mcmc] Progress @ 2026-06-22 17:14:23 : 163447 steps taken, and 26461 accepted.
[3 : mcmc] Progress @ 2026-06-22 17:14:37 : 163442 steps taken, and 26669 accepted.
[2 : mcmc] Progress @ 2026-06-22 17:14:53 : 161868 steps taken, and 26263 accepted.
[1 : mcmc] Progress @ 2026-06-22 17:14:54 : 163053 steps taken, and 26496 accepted.
[0 : mcmc] Progress @ 2026-06-22 17:15:23 : 163546 steps taken, and 26484 accepted.
[3 : mcmc] Progress @ 2026-06-22 17:15:37 : 163543 steps taken, and 26688 accepted.
[1 : mcmc] Progress @ 2026-06-22 17:15:58 : 163129 steps taken, and 26516 accepted.
[2 : mcmc] Progress @ 2026-06-22 17:16:00 : 161953 steps taken, and 26279 accepted.
[0 : mcmc] Progress @ 2026-06-22 17:16:28 : 163640 steps taken, and 26505 accepted.
[3 : mcmc] Progress @ 2026-06-22 17:16:41 : 163628 steps taken, and 26707 accepted.
[1 : mcmc] Progress @ 2026-06-22 17:17:02 : 163229 steps taken, and 26539 accepted.
[2 : mcmc] Progress @ 2026-06-22 17:17:05 : 162058 steps taken, and 26305 accepted.
[0 : mcmc] Progress @ 2026-06-22 17:17:33 : 163744 steps taken, and 26528 accepted.
[3 : mcmc] Progress @ 2026-06-22 17:17:42 : 163725 steps taken, and 26730 accepted.
[1 : mcmc] Progress @ 2026-06-22 17:18:02 : 163360 steps taken, and 26566 accepted.
[2 : mcmc] Progress @ 2026-06-22 17:18:09 : 162189 steps taken, and 26335 accepted.
[0 : mcmc] Progress @ 2026-06-22 17:18:33 : 163839 steps taken, and 26548 accepted.
[3 : mcmc] Progress @ 2026-06-22 17:18:46 : 163853 steps taken, and 26757 accepted.
[1 : mcmc] Progress @ 2026-06-22 17:19:06 : 163455 steps taken, and 26589 accepted.
[2 : mcmc] Progress @ 2026-06-22 17:19:11 : 162286 steps taken, and 26356 accepted.
[0 : mcmc] Progress @ 2026-06-22 17:19:39 : 163933 steps taken, and 26564 accepted.
[3 : mcmc] Progress @ 2026-06-22 17:19:47 : 163930 steps taken, and 26771 accepted.
[2 : mcmc] Progress @ 2026-06-22 17:20:13 : 162372 steps taken, and 26377 accepted.
[1 : mcmc] Progress @ 2026-06-22 17:20:14 : 163548 steps taken, and 26611 accepted.
[0 : mcmc] Progress @ 2026-06-22 17:20:41 : 164016 steps taken, and 26586 accepted.
[3 : mcmc] Progress @ 2026-06-22 17:20:48 : 164040 steps taken, and 26794 accepted.
[2 : mcmc] Learn + convergence test @ 26400 samples accepted.
[2 : mcmc] Ready to check convergence and learn a new proposal covmat (waiting for the rest...)
[0 : mcmc] All chains are ready to check convergence and learn a new proposal covmat
[0 : mcmc]  - Acceptance rate: 0.596 = avg([0.5974, 0.5996, 0.5917, 0.5963])
[0 : mcmc]  - Convergence of means: R-1 = 0.063996 after 106427 accepted steps = sum([26595, 26629, 26400, 26803])
[0 : mcmc]  - Updated covariance matrix of proposal pdf.
[2 : mcmc] Progress @ 2026-06-22 17:21:13 : 162519 steps taken, and 26406 accepted.
[1 : mcmc] Progress @ 2026-06-22 17:21:22 : 163698 steps taken, and 26639 accepted.
[0 : mcmc] Progress @ 2026-06-22 17:21:46 : 164124 steps taken, and 26609 accepted.
[3 : mcmc] Progress @ 2026-06-22 17:21:53 : 164192 steps taken, and 26823 accepted.
[2 : mcmc] Progress @ 2026-06-22 17:22:15 : 162609 steps taken, and 26423 accepted.
[1 : mcmc] Progress @ 2026-06-22 17:22:22 : 163789 steps taken, and 26660 accepted.
[0 : mcmc] Progress @ 2026-06-22 17:22:50 : 164212 steps taken, and 26627 accepted.
[3 : mcmc] Progress @ 2026-06-22 17:23:00 : 164304 steps taken, and 26846 accepted.
[2 : mcmc] Progress @ 2026-06-22 17:23:22 : 162701 steps taken, and 26442 accepted.
[1 : mcmc] Progress @ 2026-06-22 17:23:26 : 163889 steps taken, and 26684 accepted.
[0 : mcmc] Progress @ 2026-06-22 17:23:54 : 164338 steps taken, and 26657 accepted.
[3 : mcmc] Progress @ 2026-06-22 17:24:01 : 164393 steps taken, and 26862 accepted.
[2 : mcmc] Progress @ 2026-06-22 17:24:23 : 162791 steps taken, and 26460 accepted.
[1 : mcmc] Progress @ 2026-06-22 17:24:27 : 163981 steps taken, and 26707 accepted.
[0 : mcmc] Progress @ 2026-06-22 17:24:54 : 164434 steps taken, and 26674 accepted.
[3 : mcmc] Progress @ 2026-06-22 17:25:07 : 164534 steps taken, and 26887 accepted.
[2 : mcmc] Progress @ 2026-06-22 17:25:27 : 162900 steps taken, and 26486 accepted.
[1 : mcmc] Progress @ 2026-06-22 17:25:35 : 164071 steps taken, and 26729 accepted.
[0 : mcmc] Progress @ 2026-06-22 17:25:56 : 164529 steps taken, and 26691 accepted.
[3 : mcmc] Progress @ 2026-06-22 17:26:07 : 164640 steps taken, and 26907 accepted.
[2 : mcmc] Progress @ 2026-06-22 17:26:28 : 162983 steps taken, and 26505 accepted.
[1 : mcmc] Progress @ 2026-06-22 17:26:42 : 164183 steps taken, and 26755 accepted.
[0 : mcmc] Progress @ 2026-06-22 17:26:56 : 164620 steps taken, and 26712 accepted.
[3 : mcmc] Progress @ 2026-06-22 17:27:12 : 164741 steps taken, and 26930 accepted.
[2 : mcmc] Progress @ 2026-06-22 17:27:28 : 163083 steps taken, and 26528 accepted.
[1 : mcmc] Progress @ 2026-06-22 17:27:47 : 164300 steps taken, and 26773 accepted.
[0 : mcmc] Progress @ 2026-06-22 17:28:05 : 164725 steps taken, and 26737 accepted.
[3 : mcmc] Progress @ 2026-06-22 17:28:13 : 164876 steps taken, and 26960 accepted.
[2 : mcmc] Progress @ 2026-06-22 17:28:30 : 163179 steps taken, and 26546 accepted.
[1 : mcmc] Progress @ 2026-06-22 17:28:47 : 164420 steps taken, and 26793 accepted.
[3 : mcmc] Progress @ 2026-06-22 17:29:13 : 164964 steps taken, and 26978 accepted.
[0 : mcmc] Progress @ 2026-06-22 17:29:14 : 164864 steps taken, and 26769 accepted.
[2 : mcmc] Progress @ 2026-06-22 17:29:35 : 163266 steps taken, and 26564 accepted.
[1 : mcmc] Progress @ 2026-06-22 17:29:52 : 164514 steps taken, and 26815 accepted.
[0 : mcmc] Progress @ 2026-06-22 17:30:14 : 164931 steps taken, and 26783 accepted.
[3 : mcmc] Progress @ 2026-06-22 17:30:22 : 165086 steps taken, and 27001 accepted.
[2 : mcmc] Progress @ 2026-06-22 17:30:35 : 163378 steps taken, and 26592 accepted.
[1 : mcmc] Progress @ 2026-06-22 17:30:54 : 164609 steps taken, and 26840 accepted.
[0 : mcmc] Progress @ 2026-06-22 17:31:21 : 165038 steps taken, and 26808 accepted.
[3 : mcmc] Progress @ 2026-06-22 17:31:30 : 165173 steps taken, and 27015 accepted.
[2 : mcmc] Progress @ 2026-06-22 17:31:35 : 163487 steps taken, and 26618 accepted.
[1 : mcmc] Progress @ 2026-06-22 17:31:58 : 164719 steps taken, and 26862 accepted.
[0 : mcmc] Progress @ 2026-06-22 17:32:22 : 165149 steps taken, and 26836 accepted.
[3 : mcmc] Progress @ 2026-06-22 17:32:36 : 165284 steps taken, and 27041 accepted.
[2 : mcmc] Progress @ 2026-06-22 17:32:40 : 163561 steps taken, and 26632 accepted.
[1 : mcmc] Progress @ 2026-06-22 17:32:58 : 164810 steps taken, and 26884 accepted.
[0 : mcmc] Progress @ 2026-06-22 17:33:23 : 165265 steps taken, and 26855 accepted.
[3 : mcmc] Progress @ 2026-06-22 17:33:40 : 165386 steps taken, and 27069 accepted.
[2 : mcmc] Progress @ 2026-06-22 17:33:41 : 163673 steps taken, and 26659 accepted.
[1 : mcmc] Progress @ 2026-06-22 17:33:58 : 164897 steps taken, and 26904 accepted.
[0 : mcmc] Progress @ 2026-06-22 17:34:23 : 165377 steps taken, and 26873 accepted.
[3 : mcmc] Progress @ 2026-06-22 17:34:41 : 165477 steps taken, and 27088 accepted.
[2 : mcmc] Progress @ 2026-06-22 17:34:42 : 163751 steps taken, and 26678 accepted.
[1 : mcmc] Progress @ 2026-06-22 17:35:00 : 165004 steps taken, and 26920 accepted.
[0 : mcmc] Progress @ 2026-06-22 17:35:31 : 165471 steps taken, and 26896 accepted.
[2 : mcmc] Progress @ 2026-06-22 17:35:42 : 163890 steps taken, and 26700 accepted.
[3 : mcmc] Progress @ 2026-06-22 17:35:43 : 165578 steps taken, and 27112 accepted.
[1 : mcmc] Progress @ 2026-06-22 17:36:08 : 165084 steps taken, and 26937 accepted.
[0 : mcmc] Progress @ 2026-06-22 17:36:31 : 165566 steps taken, and 26915 accepted.
[3 : mcmc] Progress @ 2026-06-22 17:36:48 : 165681 steps taken, and 27132 accepted.
[2 : mcmc] Progress @ 2026-06-22 17:36:48 : 164022 steps taken, and 26724 accepted.
[1 : mcmc] Progress @ 2026-06-22 17:37:11 : 165177 steps taken, and 26953 accepted.
[0 : mcmc] Progress @ 2026-06-22 17:37:31 : 165672 steps taken, and 26934 accepted.
[2 : mcmc] Progress @ 2026-06-22 17:37:48 : 164124 steps taken, and 26745 accepted.
[3 : mcmc] Progress @ 2026-06-22 17:37:54 : 165781 steps taken, and 27150 accepted.
[1 : mcmc] Progress @ 2026-06-22 17:38:11 : 165316 steps taken, and 26981 accepted.
[0 : mcmc] Progress @ 2026-06-22 17:38:39 : 165772 steps taken, and 26957 accepted.
[2 : mcmc] Progress @ 2026-06-22 17:38:52 : 164222 steps taken, and 26760 accepted.
[3 : mcmc] Progress @ 2026-06-22 17:38:59 : 165890 steps taken, and 27171 accepted.
[1 : mcmc] Progress @ 2026-06-22 17:39:12 : 165368 steps taken, and 26991 accepted.
[0 : mcmc] Progress @ 2026-06-22 17:39:41 : 165870 steps taken, and 26978 accepted.
[3 : mcmc] Progress @ 2026-06-22 17:39:59 : 165996 steps taken, and 27190 accepted.
[2 : mcmc] Progress @ 2026-06-22 17:40:01 : 164339 steps taken, and 26783 accepted.
[1 : mcmc] Progress @ 2026-06-22 17:40:12 : 165462 steps taken, and 27011 accepted.
[0 : mcmc] Progress @ 2026-06-22 17:40:41 : 165976 steps taken, and 26996 accepted.
[3 : mcmc] Progress @ 2026-06-22 17:41:00 : 166109 steps taken, and 27209 accepted.
[2 : mcmc] Progress @ 2026-06-22 17:41:04 : 164445 steps taken, and 26801 accepted.
[1 : mcmc] Progress @ 2026-06-22 17:41:12 : 165565 steps taken, and 27035 accepted.
[0 : mcmc] Progress @ 2026-06-22 17:41:41 : 166052 steps taken, and 27015 accepted.
[3 : mcmc] Progress @ 2026-06-22 17:42:04 : 166193 steps taken, and 27229 accepted.
[2 : mcmc] Progress @ 2026-06-22 17:42:04 : 164552 steps taken, and 26822 accepted.
[1 : mcmc] Progress @ 2026-06-22 17:42:20 : 165650 steps taken, and 27047 accepted.
[0 : mcmc] Progress @ 2026-06-22 17:42:41 : 166136 steps taken, and 27034 accepted.
[3 : mcmc] Progress @ 2026-06-22 17:43:04 : 166288 steps taken, and 27251 accepted.
[2 : mcmc] Progress @ 2026-06-22 17:43:04 : 164624 steps taken, and 26840 accepted.
[1 : mcmc] Progress @ 2026-06-22 17:43:21 : 165755 steps taken, and 27071 accepted.
[0 : mcmc] Progress @ 2026-06-22 17:43:42 : 166217 steps taken, and 27049 accepted.
[3 : mcmc] Progress @ 2026-06-22 17:44:08 : 166393 steps taken, and 27273 accepted.
[2 : mcmc] Progress @ 2026-06-22 17:44:12 : 164733 steps taken, and 26865 accepted.
[1 : mcmc] Progress @ 2026-06-22 17:44:26 : 165865 steps taken, and 27091 accepted.
[0 : mcmc] Progress @ 2026-06-22 17:44:47 : 166326 steps taken, and 27069 accepted.
[3 : mcmc] Progress @ 2026-06-22 17:45:08 : 166514 steps taken, and 27297 accepted.
[2 : mcmc] Progress @ 2026-06-22 17:45:20 : 164841 steps taken, and 26885 accepted.
[1 : mcmc] Progress @ 2026-06-22 17:45:29 : 165956 steps taken, and 27109 accepted.
[0 : mcmc] Progress @ 2026-06-22 17:45:51 : 166441 steps taken, and 27094 accepted.
[3 : mcmc] Progress @ 2026-06-22 17:46:16 : 166596 steps taken, and 27317 accepted.
[2 : mcmc] Progress @ 2026-06-22 17:46:27 : 164948 steps taken, and 26909 accepted.
[1 : mcmc] Progress @ 2026-06-22 17:46:37 : 166061 steps taken, and 27135 accepted.
[0 : mcmc] Progress @ 2026-06-22 17:46:53 : 166507 steps taken, and 27107 accepted.
[3 : mcmc] Progress @ 2026-06-22 17:47:17 : 166693 steps taken, and 27340 accepted.
[2 : mcmc] Progress @ 2026-06-22 17:47:28 : 165019 steps taken, and 26923 accepted.
[1 : mcmc] Progress @ 2026-06-22 17:47:38 : 166212 steps taken, and 27161 accepted.
[0 : mcmc] Progress @ 2026-06-22 17:47:53 : 166632 steps taken, and 27139 accepted.
[3 : mcmc] Progress @ 2026-06-22 17:48:25 : 166809 steps taken, and 27357 accepted.
[2 : mcmc] Progress @ 2026-06-22 17:48:35 : 165140 steps taken, and 26945 accepted.
[1 : mcmc] Progress @ 2026-06-22 17:48:40 : 166316 steps taken, and 27183 accepted.
[0 : mcmc] Progress @ 2026-06-22 17:49:01 : 166767 steps taken, and 27162 accepted.
[3 : mcmc] Progress @ 2026-06-22 17:49:31 : 166916 steps taken, and 27381 accepted.
[2 : mcmc] Progress @ 2026-06-22 17:49:37 : 165224 steps taken, and 26961 accepted.
[1 : mcmc] Progress @ 2026-06-22 17:49:48 : 166468 steps taken, and 27215 accepted.
[0 : mcmc] Progress @ 2026-06-22 17:50:08 : 166905 steps taken, and 27190 accepted.
[3 : mcmc] Progress @ 2026-06-22 17:50:32 : 167006 steps taken, and 27403 accepted.
[2 : mcmc] Progress @ 2026-06-22 17:50:38 : 165327 steps taken, and 26979 accepted.
[1 : mcmc] Progress @ 2026-06-22 17:50:50 : 166545 steps taken, and 27226 accepted.
[0 : mcmc] Progress @ 2026-06-22 17:51:15 : 167012 steps taken, and 27218 accepted.
[3 : mcmc] Progress @ 2026-06-22 17:51:32 : 167074 steps taken, and 27417 accepted.
[2 : mcmc] Progress @ 2026-06-22 17:51:38 : 165430 steps taken, and 26999 accepted.
[1 : mcmc] Progress @ 2026-06-22 17:51:51 : 166660 steps taken, and 27252 accepted.
[0 : mcmc] Progress @ 2026-06-22 17:52:17 : 167118 steps taken, and 27240 accepted.
[3 : mcmc] Progress @ 2026-06-22 17:52:33 : 167201 steps taken, and 27446 accepted.
[2 : mcmc] Progress @ 2026-06-22 17:52:38 : 165545 steps taken, and 27020 accepted.
[1 : mcmc] Progress @ 2026-06-22 17:52:51 : 166755 steps taken, and 27278 accepted.
[0 : mcmc] Progress @ 2026-06-22 17:53:24 : 167216 steps taken, and 27261 accepted.
[3 : mcmc] Progress @ 2026-06-22 17:53:37 : 167335 steps taken, and 27475 accepted.
[2 : mcmc] Progress @ 2026-06-22 17:53:44 : 165602 steps taken, and 27034 accepted.
[1 : mcmc] Progress @ 2026-06-22 17:53:52 : 166859 steps taken, and 27302 accepted.
[0 : mcmc] Progress @ 2026-06-22 17:54:32 : 167311 steps taken, and 27286 accepted.
[3 : mcmc] Progress @ 2026-06-22 17:54:43 : 167428 steps taken, and 27489 accepted.
[2 : mcmc] Progress @ 2026-06-22 17:54:48 : 165731 steps taken, and 27057 accepted.
[1 : mcmc] Progress @ 2026-06-22 17:54:56 : 166983 steps taken, and 27327 accepted.
[0 : mcmc] Progress @ 2026-06-22 17:55:35 : 167423 steps taken, and 27307 accepted.
[2 : mcmc] Progress @ 2026-06-22 17:55:50 : 165820 steps taken, and 27079 accepted.
[3 : mcmc] Progress @ 2026-06-22 17:55:51 : 167615 steps taken, and 27530 accepted.
[1 : mcmc] Progress @ 2026-06-22 17:55:57 : 167057 steps taken, and 27340 accepted.
[0 : mcmc] Progress @ 2026-06-22 17:56:42 : 167551 steps taken, and 27333 accepted.
[2 : mcmc] Progress @ 2026-06-22 17:56:56 : 165922 steps taken, and 27104 accepted.
[3 : mcmc] Progress @ 2026-06-22 17:56:58 : 167749 steps taken, and 27556 accepted.
[1 : mcmc] Progress @ 2026-06-22 17:57:02 : 167171 steps taken, and 27361 accepted.
[0 : mcmc] Progress @ 2026-06-22 17:57:43 : 167623 steps taken, and 27348 accepted.
[3 : mcmc] Progress @ 2026-06-22 17:57:58 : 167803 steps taken, and 27563 accepted.
[2 : mcmc] Progress @ 2026-06-22 17:58:00 : 166016 steps taken, and 27126 accepted.
[1 : mcmc] Progress @ 2026-06-22 17:58:03 : 167271 steps taken, and 27380 accepted.
[0 : mcmc] Progress @ 2026-06-22 17:58:47 : 167730 steps taken, and 27372 accepted.
[3 : mcmc] Progress @ 2026-06-22 17:58:58 : 167927 steps taken, and 27585 accepted.
[2 : mcmc] Progress @ 2026-06-22 17:59:01 : 166107 steps taken, and 27147 accepted.
[1 : mcmc] Progress @ 2026-06-22 17:59:10 : 167417 steps taken, and 27409 accepted.
[3 : mcmc] Learn + convergence test @ 27600 samples accepted.
[3 : mcmc] Ready to check convergence and learn a new proposal covmat (waiting for the rest...)
[0 : mcmc] Progress @ 2026-06-22 17:59:49 : 167842 steps taken, and 27391 accepted.
[2 : mcmc] Progress @ 2026-06-22 18:00:02 : 166196 steps taken, and 27162 accepted.
[3 : mcmc] Progress @ 2026-06-22 18:00:03 : 168047 steps taken, and 27615 accepted.
[1 : mcmc] Progress @ 2026-06-22 18:00:10 : 167532 steps taken, and 27427 accepted.
[0 : mcmc] Progress @ 2026-06-22 18:00:49 : 167933 steps taken, and 27409 accepted.
[3 : mcmc] Progress @ 2026-06-22 18:01:04 : 168141 steps taken, and 27637 accepted.
[2 : mcmc] Progress @ 2026-06-22 18:01:05 : 166301 steps taken, and 27184 accepted.
[1 : mcmc] Progress @ 2026-06-22 18:01:10 : 167629 steps taken, and 27445 accepted.
[0 : mcmc] Progress @ 2026-06-22 18:01:49 : 168054 steps taken, and 27431 accepted.
[3 : mcmc] Progress @ 2026-06-22 18:02:04 : 168242 steps taken, and 27656 accepted.
[2 : mcmc] Progress @ 2026-06-22 18:02:06 : 166403 steps taken, and 27204 accepted.
[1 : mcmc] Progress @ 2026-06-22 18:02:10 : 167721 steps taken, and 27461 accepted.
[0 : mcmc] Progress @ 2026-06-22 18:02:58 : 168127 steps taken, and 27449 accepted.
[2 : mcmc] Progress @ 2026-06-22 18:03:08 : 166509 steps taken, and 27229 accepted.
[3 : mcmc] Progress @ 2026-06-22 18:03:12 : 168319 steps taken, and 27673 accepted.
[1 : mcmc] Progress @ 2026-06-22 18:03:18 : 167885 steps taken, and 27490 accepted.
[0 : mcmc] Progress @ 2026-06-22 18:04:07 : 168231 steps taken, and 27475 accepted.
[2 : mcmc] Progress @ 2026-06-22 18:04:11 : 166598 steps taken, and 27248 accepted.
[3 : mcmc] Progress @ 2026-06-22 18:04:14 : 168424 steps taken, and 27694 accepted.
[1 : mcmc] Progress @ 2026-06-22 18:04:22 : 167958 steps taken, and 27499 accepted.
[0 : mcmc] Progress @ 2026-06-22 18:05:08 : 168363 steps taken, and 27504 accepted.
[2 : mcmc] Progress @ 2026-06-22 18:05:17 : 166764 steps taken, and 27279 accepted.
[3 : mcmc] Progress @ 2026-06-22 18:05:22 : 168565 steps taken, and 27722 accepted.
[1 : mcmc] Progress @ 2026-06-22 18:05:27 : 168089 steps taken, and 27527 accepted.
[0 : mcmc] Progress @ 2026-06-22 18:06:15 : 168467 steps taken, and 27524 accepted.
[2 : mcmc] Progress @ 2026-06-22 18:06:18 : 166823 steps taken, and 27291 accepted.
[3 : mcmc] Progress @ 2026-06-22 18:06:22 : 168650 steps taken, and 27740 accepted.
[1 : mcmc] Progress @ 2026-06-22 18:06:35 : 168177 steps taken, and 27541 accepted.
[0 : mcmc] Progress @ 2026-06-22 18:07:20 : 168571 steps taken, and 27545 accepted.
[3 : mcmc] Progress @ 2026-06-22 18:07:22 : 168735 steps taken, and 27760 accepted.
[2 : mcmc] Progress @ 2026-06-22 18:07:24 : 166943 steps taken, and 27321 accepted.
[1 : mcmc] Progress @ 2026-06-22 18:07:41 : 168296 steps taken, and 27563 accepted.
[3 : mcmc] Progress @ 2026-06-22 18:08:24 : 168839 steps taken, and 27782 accepted.
[0 : mcmc] Progress @ 2026-06-22 18:08:25 : 168740 steps taken, and 27572 accepted.
[2 : mcmc] Progress @ 2026-06-22 18:08:32 : 167035 steps taken, and 27341 accepted.
[1 : mcmc] Progress @ 2026-06-22 18:08:41 : 168377 steps taken, and 27577 accepted.
[3 : mcmc] Progress @ 2026-06-22 18:09:24 : 168932 steps taken, and 27799 accepted.
[0 : mcmc] Progress @ 2026-06-22 18:09:34 : 168883 steps taken, and 27594 accepted.
[1 : mcmc] Learn + convergence test @ 27600 samples accepted.
[1 : mcmc] Ready to check convergence and learn a new proposal covmat (waiting for the rest...)
[2 : mcmc] Progress @ 2026-06-22 18:09:37 : 167137 steps taken, and 27363 accepted.
[1 : mcmc] Progress @ 2026-06-22 18:09:46 : 168492 steps taken, and 27602 accepted.
[0 : mcmc] Learn + convergence test @ 27600 samples accepted.
[0 : mcmc] Ready to check convergence and learn a new proposal covmat (waiting for the rest...)
[3 : mcmc] Progress @ 2026-06-22 18:10:26 : 169033 steps taken, and 27821 accepted.
[0 : mcmc] Progress @ 2026-06-22 18:10:35 : 168985 steps taken, and 27614 accepted.
[2 : mcmc] Progress @ 2026-06-22 18:10:45 : 167242 steps taken, and 27386 accepted.
[1 : mcmc] Progress @ 2026-06-22 18:10:48 : 168613 steps taken, and 27624 accepted.
[3 : mcmc] Progress @ 2026-06-22 18:11:31 : 169124 steps taken, and 27838 accepted.
[0 : mcmc] Progress @ 2026-06-22 18:11:39 : 169078 steps taken, and 27638 accepted.
[2 : mcmc] Progress @ 2026-06-22 18:11:46 : 167344 steps taken, and 27405 accepted.
[1 : mcmc] Progress @ 2026-06-22 18:11:57 : 168683 steps taken, and 27641 accepted.
[3 : mcmc] Progress @ 2026-06-22 18:12:37 : 169240 steps taken, and 27863 accepted.
[0 : mcmc] Progress @ 2026-06-22 18:12:45 : 169188 steps taken, and 27662 accepted.
[2 : mcmc] Progress @ 2026-06-22 18:12:46 : 167440 steps taken, and 27428 accepted.
[1 : mcmc] Progress @ 2026-06-22 18:13:04 : 168834 steps taken, and 27670 accepted.
[3 : mcmc] Progress @ 2026-06-22 18:13:39 : 169338 steps taken, and 27881 accepted.
[0 : mcmc] Progress @ 2026-06-22 18:13:48 : 169281 steps taken, and 27685 accepted.
[2 : mcmc] Progress @ 2026-06-22 18:13:50 : 167560 steps taken, and 27456 accepted.
[1 : mcmc] Progress @ 2026-06-22 18:14:08 : 168917 steps taken, and 27687 accepted.
[3 : mcmc] Progress @ 2026-06-22 18:14:44 : 169435 steps taken, and 27896 accepted.
[2 : mcmc] Progress @ 2026-06-22 18:14:52 : 167652 steps taken, and 27479 accepted.
[0 : mcmc] Progress @ 2026-06-22 18:14:54 : 169387 steps taken, and 27707 accepted.
[1 : mcmc] Progress @ 2026-06-22 18:15:12 : 169008 steps taken, and 27703 accepted.
[3 : mcmc] Progress @ 2026-06-22 18:15:47 : 169548 steps taken, and 27918 accepted.
[0 : mcmc] Progress @ 2026-06-22 18:16:00 : 169480 steps taken, and 27732 accepted.
[2 : mcmc] Progress @ 2026-06-22 18:16:00 : 167746 steps taken, and 27499 accepted.
[1 : mcmc] Progress @ 2026-06-22 18:16:15 : 169116 steps taken, and 27727 accepted.
[3 : mcmc] Progress @ 2026-06-22 18:16:49 : 169639 steps taken, and 27936 accepted.
[0 : mcmc] Progress @ 2026-06-22 18:17:05 : 169568 steps taken, and 27751 accepted.
[2 : mcmc] Progress @ 2026-06-22 18:17:06 : 167820 steps taken, and 27510 accepted.
[1 : mcmc] Progress @ 2026-06-22 18:17:23 : 169218 steps taken, and 27748 accepted.
[3 : mcmc] Progress @ 2026-06-22 18:17:50 : 169733 steps taken, and 27959 accepted.
[0 : mcmc] Progress @ 2026-06-22 18:18:08 : 169678 steps taken, and 27769 accepted.
[2 : mcmc] Progress @ 2026-06-22 18:18:13 : 167930 steps taken, and 27537 accepted.
[1 : mcmc] Progress @ 2026-06-22 18:18:24 : 169303 steps taken, and 27765 accepted.
[3 : mcmc] Progress @ 2026-06-22 18:18:50 : 169845 steps taken, and 27985 accepted.
[0 : mcmc] Progress @ 2026-06-22 18:19:11 : 169781 steps taken, and 27787 accepted.
[2 : mcmc] Progress @ 2026-06-22 18:19:13 : 168030 steps taken, and 27562 accepted.
[1 : mcmc] Progress @ 2026-06-22 18:19:26 : 169411 steps taken, and 27788 accepted.
[3 : mcmc] Progress @ 2026-06-22 18:19:51 : 169932 steps taken, and 28002 accepted.
[0 : mcmc] Progress @ 2026-06-22 18:20:12 : 169873 steps taken, and 27808 accepted.
[2 : mcmc] Progress @ 2026-06-22 18:20:13 : 168113 steps taken, and 27581 accepted.
[1 : mcmc] Progress @ 2026-06-22 18:20:31 : 169534 steps taken, and 27813 accepted.
[3 : mcmc] Progress @ 2026-06-22 18:20:51 : 170054 steps taken, and 28029 accepted.
[2 : mcmc] Learn + convergence test @ 27600 samples accepted.
[2 : mcmc] Ready to check convergence and learn a new proposal covmat (waiting for the rest...)
[0 : mcmc] All chains are ready to check convergence and learn a new proposal covmat
[0 : mcmc]  - Acceptance rate: 0.607 = avg([0.6092, 0.6084, 0.6041, 0.6068])
[0 : mcmc]  - Convergence of means: R-1 = 0.057725 after 111283 accepted steps = sum([27825, 27827, 27600, 28031])
[0 : mcmc]  - Updated covariance matrix of proposal pdf.
[2 : mcmc] Progress @ 2026-06-22 18:21:17 : 168222 steps taken, and 27603 accepted.
[0 : mcmc] Progress @ 2026-06-22 18:21:17 : 169985 steps taken, and 27836 accepted.
[1 : mcmc] Progress @ 2026-06-22 18:21:31 : 169622 steps taken, and 27832 accepted.
[3 : mcmc] Progress @ 2026-06-22 18:21:52 : 170149 steps taken, and 28049 accepted.
[0 : mcmc] Progress @ 2026-06-22 18:22:19 : 170071 steps taken, and 27852 accepted.
[2 : mcmc] Progress @ 2026-06-22 18:22:20 : 168364 steps taken, and 27630 accepted.
[1 : mcmc] Progress @ 2026-06-22 18:22:34 : 169723 steps taken, and 27857 accepted.
[3 : mcmc] Progress @ 2026-06-22 18:22:53 : 170251 steps taken, and 28069 accepted.
[0 : mcmc] Progress @ 2026-06-22 18:23:22 : 170184 steps taken, and 27877 accepted.
[2 : mcmc] Progress @ 2026-06-22 18:23:27 : 168470 steps taken, and 27652 accepted.
[1 : mcmc] Progress @ 2026-06-22 18:23:36 : 169891 steps taken, and 27874 accepted.
[3 : mcmc] Progress @ 2026-06-22 18:23:54 : 170336 steps taken, and 28087 accepted.
[0 : mcmc] Progress @ 2026-06-22 18:24:29 : 170279 steps taken, and 27899 accepted.
[2 : mcmc] Progress @ 2026-06-22 18:24:31 : 168530 steps taken, and 27663 accepted.
[1 : mcmc] Progress @ 2026-06-22 18:24:36 : 169978 steps taken, and 27894 accepted.
[3 : mcmc] Progress @ 2026-06-22 18:24:59 : 170472 steps taken, and 28114 accepted.
[0 : mcmc] Progress @ 2026-06-22 18:25:30 : 170373 steps taken, and 27920 accepted.
[2 : mcmc] Progress @ 2026-06-22 18:25:32 : 168650 steps taken, and 27689 accepted.
[1 : mcmc] Progress @ 2026-06-22 18:25:38 : 170061 steps taken, and 27910 accepted.
[3 : mcmc] Progress @ 2026-06-22 18:26:03 : 170570 steps taken, and 28130 accepted.
[0 : mcmc] Progress @ 2026-06-22 18:26:30 : 170472 steps taken, and 27941 accepted.
[2 : mcmc] Progress @ 2026-06-22 18:26:35 : 168716 steps taken, and 27701 accepted.
[1 : mcmc] Progress @ 2026-06-22 18:26:38 : 170183 steps taken, and 27933 accepted.
[3 : mcmc] Progress @ 2026-06-22 18:27:03 : 170694 steps taken, and 28155 accepted.
[0 : mcmc] Progress @ 2026-06-22 18:27:34 : 170556 steps taken, and 27957 accepted.
[2 : mcmc] Progress @ 2026-06-22 18:27:38 : 168858 steps taken, and 27729 accepted.
[1 : mcmc] Progress @ 2026-06-22 18:27:39 : 170236 steps taken, and 27945 accepted.
[3 : mcmc] Progress @ 2026-06-22 18:28:05 : 170772 steps taken, and 28165 accepted.
[2 : mcmc] Progress @ 2026-06-22 18:28:38 : 168965 steps taken, and 27757 accepted.
[0 : mcmc] Progress @ 2026-06-22 18:28:38 : 170699 steps taken, and 27981 accepted.
[1 : mcmc] Progress @ 2026-06-22 18:28:46 : 170373 steps taken, and 27972 accepted.
[3 : mcmc] Progress @ 2026-06-22 18:29:13 : 170865 steps taken, and 28187 accepted.
[0 : mcmc] Progress @ 2026-06-22 18:29:39 : 170775 steps taken, and 27996 accepted.
[2 : mcmc] Progress @ 2026-06-22 18:29:47 : 169093 steps taken, and 27781 accepted.
[1 : mcmc] Progress @ 2026-06-22 18:29:47 : 170477 steps taken, and 27991 accepted.
[3 : mcmc] Progress @ 2026-06-22 18:30:14 : 170983 steps taken, and 28211 accepted.
[0 : mcmc] Progress @ 2026-06-22 18:30:40 : 170875 steps taken, and 28020 accepted.
[2 : mcmc] Progress @ 2026-06-22 18:30:47 : 169198 steps taken, and 27805 accepted.
[1 : mcmc] Progress @ 2026-06-22 18:30:48 : 170575 steps taken, and 28010 accepted.
[3 : mcmc] Progress @ 2026-06-22 18:31:18 : 171083 steps taken, and 28232 accepted.
[2 : mcmc] Progress @ 2026-06-22 18:31:47 : 169293 steps taken, and 27822 accepted.
[0 : mcmc] Progress @ 2026-06-22 18:31:48 : 170997 steps taken, and 28044 accepted.
[1 : mcmc] Progress @ 2026-06-22 18:31:50 : 170652 steps taken, and 28020 accepted.
[3 : mcmc] Progress @ 2026-06-22 18:32:18 : 171191 steps taken, and 28255 accepted.
[0 : mcmc] Progress @ 2026-06-22 18:32:48 : 171089 steps taken, and 28061 accepted.
[2 : mcmc] Progress @ 2026-06-22 18:32:51 : 169399 steps taken, and 27842 accepted.
[1 : mcmc] Progress @ 2026-06-22 18:32:53 : 170754 steps taken, and 28044 accepted.
[3 : mcmc] Progress @ 2026-06-22 18:33:18 : 171310 steps taken, and 28283 accepted.
[0 : mcmc] Progress @ 2026-06-22 18:33:48 : 171188 steps taken, and 28083 accepted.
[2 : mcmc] Progress @ 2026-06-22 18:33:57 : 169519 steps taken, and 27865 accepted.
[1 : mcmc] Progress @ 2026-06-22 18:33:58 : 170838 steps taken, and 28059 accepted.
[3 : mcmc] Progress @ 2026-06-22 18:34:19 : 171381 steps taken, and 28296 accepted.
[0 : mcmc] Progress @ 2026-06-22 18:34:48 : 171280 steps taken, and 28103 accepted.
[2 : mcmc] Progress @ 2026-06-22 18:34:58 : 169603 steps taken, and 27886 accepted.
[1 : mcmc] Progress @ 2026-06-22 18:35:01 : 170975 steps taken, and 28094 accepted.
[3 : mcmc] Progress @ 2026-06-22 18:35:19 : 171534 steps taken, and 28329 accepted.
[0 : mcmc] Progress @ 2026-06-22 18:35:54 : 171362 steps taken, and 28122 accepted.
[2 : mcmc] Progress @ 2026-06-22 18:36:04 : 169699 steps taken, and 27906 accepted.
[1 : mcmc] Progress @ 2026-06-22 18:36:05 : 171085 steps taken, and 28112 accepted.
[3 : mcmc] Progress @ 2026-06-22 18:36:20 : 171617 steps taken, and 28341 accepted.
[0 : mcmc] Progress @ 2026-06-22 18:37:00 : 171478 steps taken, and 28143 accepted.
[2 : mcmc] Progress @ 2026-06-22 18:37:05 : 169826 steps taken, and 27935 accepted.
[1 : mcmc] Progress @ 2026-06-22 18:37:12 : 171320 steps taken, and 28131 accepted.
[3 : mcmc] Progress @ 2026-06-22 18:37:20 : 171745 steps taken, and 28370 accepted.
[0 : mcmc] Progress @ 2026-06-22 18:38:04 : 171583 steps taken, and 28162 accepted.
[2 : mcmc] Progress @ 2026-06-22 18:38:05 : 169928 steps taken, and 27957 accepted.
[1 : mcmc] Progress @ 2026-06-22 18:38:19 : 171442 steps taken, and 28153 accepted.
[3 : mcmc] Progress @ 2026-06-22 18:38:24 : 171826 steps taken, and 28380 accepted.
[0 : mcmc] Progress @ 2026-06-22 18:39:07 : 171689 steps taken, and 28183 accepted.
[2 : mcmc] Progress @ 2026-06-22 18:39:11 : 170040 steps taken, and 27981 accepted.
[1 : mcmc] Progress @ 2026-06-22 18:39:24 : 171546 steps taken, and 28178 accepted.
[3 : mcmc] Progress @ 2026-06-22 18:39:27 : 171951 steps taken, and 28409 accepted.
[0 : mcmc] Progress @ 2026-06-22 18:40:12 : 171759 steps taken, and 28194 accepted.
[2 : mcmc] Progress @ 2026-06-22 18:40:14 : 170154 steps taken, and 28008 accepted.
[1 : mcmc] Progress @ 2026-06-22 18:40:24 : 171685 steps taken, and 28202 accepted.
[3 : mcmc] Progress @ 2026-06-22 18:40:31 : 172030 steps taken, and 28423 accepted.
[0 : mcmc] Progress @ 2026-06-22 18:41:19 : 171849 steps taken, and 28208 accepted.
[2 : mcmc] Progress @ 2026-06-22 18:41:22 : 170249 steps taken, and 28028 accepted.
[1 : mcmc] Progress @ 2026-06-22 18:41:30 : 171792 steps taken, and 28229 accepted.
[3 : mcmc] Progress @ 2026-06-22 18:41:36 : 172149 steps taken, and 28446 accepted.
[0 : mcmc] Progress @ 2026-06-22 18:42:28 : 171986 steps taken, and 28238 accepted.
[2 : mcmc] Progress @ 2026-06-22 18:42:30 : 170359 steps taken, and 28050 accepted.
[1 : mcmc] Progress @ 2026-06-22 18:42:35 : 171860 steps taken, and 28242 accepted.
[3 : mcmc] Progress @ 2026-06-22 18:42:36 : 172239 steps taken, and 28468 accepted.
[2 : mcmc] Progress @ 2026-06-22 18:43:30 : 170458 steps taken, and 28073 accepted.
[3 : mcmc] Progress @ 2026-06-22 18:43:36 : 172331 steps taken, and 28488 accepted.
[0 : mcmc] Progress @ 2026-06-22 18:43:36 : 172082 steps taken, and 28257 accepted.
[1 : mcmc] Progress @ 2026-06-22 18:43:38 : 171982 steps taken, and 28267 accepted.
[0 : mcmc] Progress @ 2026-06-22 18:44:37 : 172179 steps taken, and 28276 accepted.
[1 : mcmc] Progress @ 2026-06-22 18:44:38 : 172077 steps taken, and 28287 accepted.
[2 : mcmc] Progress @ 2026-06-22 18:44:38 : 170557 steps taken, and 28096 accepted.
[3 : mcmc] Progress @ 2026-06-22 18:44:41 : 172436 steps taken, and 28507 accepted.
[1 : mcmc] Progress @ 2026-06-22 18:45:38 : 172171 steps taken, and 28303 accepted.
[3 : mcmc] Progress @ 2026-06-22 18:45:41 : 172532 steps taken, and 28531 accepted.
[0 : mcmc] Progress @ 2026-06-22 18:45:42 : 172321 steps taken, and 28309 accepted.
[2 : mcmc] Progress @ 2026-06-22 18:45:47 : 170683 steps taken, and 28120 accepted.
[0 : mcmc] Progress @ 2026-06-22 18:46:42 : 172420 steps taken, and 28326 accepted.
[1 : mcmc] Progress @ 2026-06-22 18:46:45 : 172264 steps taken, and 28322 accepted.
[2 : mcmc] Progress @ 2026-06-22 18:46:48 : 170768 steps taken, and 28142 accepted.
[3 : mcmc] Progress @ 2026-06-22 18:46:48 : 172635 steps taken, and 28555 accepted.
[0 : mcmc] Progress @ 2026-06-22 18:47:45 : 172485 steps taken, and 28340 accepted.
[1 : mcmc] Progress @ 2026-06-22 18:47:46 : 172366 steps taken, and 28347 accepted.
[2 : mcmc] Progress @ 2026-06-22 18:47:55 : 170865 steps taken, and 28163 accepted.
[3 : mcmc] Progress @ 2026-06-22 18:47:56 : 172729 steps taken, and 28573 accepted.
[1 : mcmc] Progress @ 2026-06-22 18:48:47 : 172475 steps taken, and 28374 accepted.
[0 : mcmc] Progress @ 2026-06-22 18:48:49 : 172618 steps taken, and 28370 accepted.
[2 : mcmc] Progress @ 2026-06-22 18:49:01 : 170973 steps taken, and 28188 accepted.
[3 : mcmc] Progress @ 2026-06-22 18:49:01 : 172833 steps taken, and 28597 accepted.
[1 : mcmc] Progress @ 2026-06-22 18:49:49 : 172565 steps taken, and 28393 accepted.
[0 : mcmc] Progress @ 2026-06-22 18:49:57 : 172788 steps taken, and 28398 accepted.
[2 : mcmc] Progress @ 2026-06-22 18:50:05 : 171076 steps taken, and 28205 accepted.
[3 : mcmc] Progress @ 2026-06-22 18:50:05 : 172944 steps taken, and 28619 accepted.
[1 : mcmc] Progress @ 2026-06-22 18:50:52 : 172663 steps taken, and 28413 accepted.
[0 : mcmc] Progress @ 2026-06-22 18:50:59 : 172829 steps taken, and 28406 accepted.
[2 : mcmc] Progress @ 2026-06-22 18:51:05 : 171162 steps taken, and 28225 accepted.
[3 : mcmc] Progress @ 2026-06-22 18:51:06 : 173038 steps taken, and 28641 accepted.
[1 : mcmc] Progress @ 2026-06-22 18:51:57 : 172787 steps taken, and 28439 accepted.
[0 : mcmc] Progress @ 2026-06-22 18:52:05 : 172980 steps taken, and 28436 accepted.
[2 : mcmc] Progress @ 2026-06-22 18:52:06 : 171234 steps taken, and 28244 accepted.
[3 : mcmc] Progress @ 2026-06-22 18:52:12 : 173143 steps taken, and 28665 accepted.
[1 : mcmc] Progress @ 2026-06-22 18:52:57 : 172875 steps taken, and 28459 accepted.
[2 : mcmc] Progress @ 2026-06-22 18:53:06 : 171355 steps taken, and 28271 accepted.
[0 : mcmc] Progress @ 2026-06-22 18:53:08 : 173078 steps taken, and 28461 accepted.
[3 : mcmc] Progress @ 2026-06-22 18:53:16 : 173241 steps taken, and 28689 accepted.
[1 : mcmc] Progress @ 2026-06-22 18:53:59 : 172978 steps taken, and 28479 accepted.
[0 : mcmc] Progress @ 2026-06-22 18:54:08 : 173181 steps taken, and 28484 accepted.
[2 : mcmc] Progress @ 2026-06-22 18:54:14 : 171449 steps taken, and 28291 accepted.
[3 : mcmc] Progress @ 2026-06-22 18:54:23 : 173366 steps taken, and 28718 accepted.
[1 : mcmc] Progress @ 2026-06-22 18:54:59 : 173081 steps taken, and 28500 accepted.
[2 : mcmc] Progress @ 2026-06-22 18:55:14 : 171544 steps taken, and 28309 accepted.
[0 : mcmc] Progress @ 2026-06-22 18:55:16 : 173284 steps taken, and 28506 accepted.
[3 : mcmc] Progress @ 2026-06-22 18:55:23 : 173450 steps taken, and 28734 accepted.
[1 : mcmc] Progress @ 2026-06-22 18:56:05 : 173164 steps taken, and 28519 accepted.
[2 : mcmc] Progress @ 2026-06-22 18:56:14 : 171639 steps taken, and 28328 accepted.
[0 : mcmc] Progress @ 2026-06-22 18:56:21 : 173381 steps taken, and 28523 accepted.
[3 : mcmc] Progress @ 2026-06-22 18:56:23 : 173553 steps taken, and 28761 accepted.
[1 : mcmc] Progress @ 2026-06-22 18:57:05 : 173258 steps taken, and 28540 accepted.
[2 : mcmc] Progress @ 2026-06-22 18:57:21 : 171721 steps taken, and 28345 accepted.
[0 : mcmc] Progress @ 2026-06-22 18:57:22 : 173470 steps taken, and 28537 accepted.
[3 : mcmc] Progress @ 2026-06-22 18:57:31 : 173632 steps taken, and 28779 accepted.
[3 : mcmc] Learn + convergence test @ 28800 samples accepted.
[3 : mcmc] Ready to check convergence and learn a new proposal covmat (waiting for the rest...)
[1 : mcmc] Progress @ 2026-06-22 18:58:11 : 173360 steps taken, and 28556 accepted.
[2 : mcmc] Progress @ 2026-06-22 18:58:21 : 171826 steps taken, and 28368 accepted.
[0 : mcmc] Progress @ 2026-06-22 18:58:22 : 173566 steps taken, and 28557 accepted.
[3 : mcmc] Progress @ 2026-06-22 18:58:33 : 173768 steps taken, and 28807 accepted.
[1 : mcmc] Progress @ 2026-06-22 18:59:11 : 173477 steps taken, and 28579 accepted.
[2 : mcmc] Progress @ 2026-06-22 18:59:22 : 171902 steps taken, and 28389 accepted.
[0 : mcmc] Progress @ 2026-06-22 18:59:30 : 173700 steps taken, and 28579 accepted.
[3 : mcmc] Progress @ 2026-06-22 18:59:39 : 173838 steps taken, and 28823 accepted.
[1 : mcmc] Progress @ 2026-06-22 19:00:15 : 173587 steps taken, and 28599 accepted.
[2 : mcmc] Progress @ 2026-06-22 19:00:30 : 172013 steps taken, and 28409 accepted.
[0 : mcmc] Progress @ 2026-06-22 19:00:35 : 173801 steps taken, and 28599 accepted.
[3 : mcmc] Progress @ 2026-06-22 19:00:46 : 174035 steps taken, and 28849 accepted.
[1 : mcmc] Progress @ 2026-06-22 19:01:15 : 173693 steps taken, and 28617 accepted.
[2 : mcmc] Progress @ 2026-06-22 19:01:30 : 172133 steps taken, and 28434 accepted.
[0 : mcmc] Progress @ 2026-06-22 19:01:40 : 173898 steps taken, and 28620 accepted.
[3 : mcmc] Progress @ 2026-06-22 19:01:53 : 174120 steps taken, and 28870 accepted.
[1 : mcmc] Progress @ 2026-06-22 19:02:16 : 173767 steps taken, and 28632 accepted.
[2 : mcmc] Progress @ 2026-06-22 19:02:36 : 172235 steps taken, and 28456 accepted.
[0 : mcmc] Progress @ 2026-06-22 19:02:40 : 174008 steps taken, and 28643 accepted.
[3 : mcmc] Progress @ 2026-06-22 19:02:58 : 174226 steps taken, and 28894 accepted.
[1 : mcmc] Progress @ 2026-06-22 19:03:25 : 173885 steps taken, and 28656 accepted.
[0 : mcmc] Progress @ 2026-06-22 19:03:43 : 174107 steps taken, and 28665 accepted.
[2 : mcmc] Progress @ 2026-06-22 19:03:45 : 172344 steps taken, and 28477 accepted.
[3 : mcmc] Progress @ 2026-06-22 19:04:04 : 174365 steps taken, and 28920 accepted.
[1 : mcmc] Progress @ 2026-06-22 19:04:30 : 174009 steps taken, and 28679 accepted.
[2 : mcmc] Progress @ 2026-06-22 19:04:46 : 172437 steps taken, and 28492 accepted.
[0 : mcmc] Progress @ 2026-06-22 19:04:48 : 174172 steps taken, and 28680 accepted.
[3 : mcmc] Progress @ 2026-06-22 19:05:06 : 174455 steps taken, and 28935 accepted.
[1 : mcmc] Progress @ 2026-06-22 19:05:39 : 174087 steps taken, and 28697 accepted.
[2 : mcmc] Progress @ 2026-06-22 19:05:50 : 172555 steps taken, and 28509 accepted.
[0 : mcmc] Progress @ 2026-06-22 19:05:50 : 174314 steps taken, and 28710 accepted.
[3 : mcmc] Progress @ 2026-06-22 19:06:12 : 174547 steps taken, and 28947 accepted.
[1 : mcmc] Progress @ 2026-06-22 19:06:46 : 174206 steps taken, and 28724 accepted.
[2 : mcmc] Progress @ 2026-06-22 19:06:53 : 172667 steps taken, and 28535 accepted.
[0 : mcmc] Progress @ 2026-06-22 19:06:56 : 174413 steps taken, and 28730 accepted.
[3 : mcmc] Progress @ 2026-06-22 19:07:17 : 174660 steps taken, and 28969 accepted.
[1 : mcmc] Progress @ 2026-06-22 19:07:49 : 174325 steps taken, and 28746 accepted.
[2 : mcmc] Progress @ 2026-06-22 19:07:55 : 172783 steps taken, and 28555 accepted.
[0 : mcmc] Progress @ 2026-06-22 19:07:58 : 174521 steps taken, and 28753 accepted.
[3 : mcmc] Progress @ 2026-06-22 19:08:17 : 174764 steps taken, and 28992 accepted.
[1 : mcmc] Progress @ 2026-06-22 19:08:49 : 174452 steps taken, and 28773 accepted.
[0 : mcmc] Progress @ 2026-06-22 19:08:58 : 174628 steps taken, and 28777 accepted.
[2 : mcmc] Progress @ 2026-06-22 19:09:02 : 172889 steps taken, and 28576 accepted.
[3 : mcmc] Progress @ 2026-06-22 19:09:17 : 174841 steps taken, and 29010 accepted.
[1 : mcmc] Progress @ 2026-06-22 19:09:58 : 174560 steps taken, and 28792 accepted.
[0 : mcmc] Progress @ 2026-06-22 19:09:58 : 174719 steps taken, and 28797 accepted.
[2 : mcmc] Progress @ 2026-06-22 19:10:02 : 172983 steps taken, and 28595 accepted.
[0 : mcmc] Learn + convergence test @ 28800 samples accepted.
[0 : mcmc] Ready to check convergence and learn a new proposal covmat (waiting for the rest...)
[1 : mcmc] Learn + convergence test @ 28800 samples accepted.
[1 : mcmc] Ready to check convergence and learn a new proposal covmat (waiting for the rest...)
[3 : mcmc] Progress @ 2026-06-22 19:10:23 : 174945 steps taken, and 29038 accepted.
[1 : mcmc] Progress @ 2026-06-22 19:11:00 : 174649 steps taken, and 28809 accepted.
[0 : mcmc] Progress @ 2026-06-22 19:11:00 : 174828 steps taken, and 28819 accepted.
[2 : mcmc] Progress @ 2026-06-22 19:11:04 : 173073 steps taken, and 28613 accepted.
[3 : mcmc] Progress @ 2026-06-22 19:11:30 : 175053 steps taken, and 29059 accepted.
[0 : mcmc] Progress @ 2026-06-22 19:12:02 : 174910 steps taken, and 28836 accepted.
[1 : mcmc] Progress @ 2026-06-22 19:12:03 : 174744 steps taken, and 28830 accepted.
[2 : mcmc] Progress @ 2026-06-22 19:12:05 : 173163 steps taken, and 28639 accepted.
[3 : mcmc] Progress @ 2026-06-22 19:12:31 : 175186 steps taken, and 29087 accepted.
[0 : mcmc] Progress @ 2026-06-22 19:13:08 : 175015 steps taken, and 28856 accepted.
[2 : mcmc] Progress @ 2026-06-22 19:13:10 : 173272 steps taken, and 28660 accepted.
[1 : mcmc] Progress @ 2026-06-22 19:13:11 : 174868 steps taken, and 28854 accepted.
[3 : mcmc] Progress @ 2026-06-22 19:13:33 : 175290 steps taken, and 29104 accepted.
[2 : mcmc] Progress @ 2026-06-22 19:14:10 : 173356 steps taken, and 28677 accepted.
[0 : mcmc] Progress @ 2026-06-22 19:14:14 : 175100 steps taken, and 28876 accepted.
[1 : mcmc] Progress @ 2026-06-22 19:14:20 : 174965 steps taken, and 28875 accepted.
[3 : mcmc] Progress @ 2026-06-22 19:14:37 : 175412 steps taken, and 29131 accepted.
[2 : mcmc] Progress @ 2026-06-22 19:15:13 : 173483 steps taken, and 28704 accepted.
[0 : mcmc] Progress @ 2026-06-22 19:15:14 : 175223 steps taken, and 28900 accepted.
[1 : mcmc] Progress @ 2026-06-22 19:15:22 : 175066 steps taken, and 28898 accepted.
[3 : mcmc] Progress @ 2026-06-22 19:15:43 : 175543 steps taken, and 29158 accepted.
[2 : mcmc] Progress @ 2026-06-22 19:16:13 : 173553 steps taken, and 28718 accepted.
[0 : mcmc] Progress @ 2026-06-22 19:16:16 : 175346 steps taken, and 28918 accepted.
[1 : mcmc] Progress @ 2026-06-22 19:16:28 : 175165 steps taken, and 28913 accepted.
[3 : mcmc] Progress @ 2026-06-22 19:16:45 : 175670 steps taken, and 29190 accepted.
[2 : mcmc] Progress @ 2026-06-22 19:17:15 : 173683 steps taken, and 28744 accepted.
[0 : mcmc] Progress @ 2026-06-22 19:17:16 : 175456 steps taken, and 28941 accepted.
[1 : mcmc] Progress @ 2026-06-22 19:17:34 : 175259 steps taken, and 28933 accepted.
[3 : mcmc] Progress @ 2026-06-22 19:17:51 : 175741 steps taken, and 29207 accepted.
[2 : mcmc] Progress @ 2026-06-22 19:18:18 : 173761 steps taken, and 28760 accepted.
[0 : mcmc] Progress @ 2026-06-22 19:18:24 : 175549 steps taken, and 28956 accepted.
[1 : mcmc] Progress @ 2026-06-22 19:18:35 : 175340 steps taken, and 28949 accepted.
[3 : mcmc] Progress @ 2026-06-22 19:18:58 : 175835 steps taken, and 29225 accepted.
[2 : mcmc] Progress @ 2026-06-22 19:19:19 : 173887 steps taken, and 28782 accepted.
[0 : mcmc] Progress @ 2026-06-22 19:19:27 : 175646 steps taken, and 28976 accepted.
[1 : mcmc] Progress @ 2026-06-22 19:19:42 : 175479 steps taken, and 28976 accepted.
[3 : mcmc] Progress @ 2026-06-22 19:20:04 : 175954 steps taken, and 29252 accepted.
[2 : mcmc] Learn + convergence test @ 28800 samples accepted.
[2 : mcmc] Ready to check convergence and learn a new proposal covmat (waiting for the rest...)
[0 : mcmc] All chains are ready to check convergence and learn a new proposal covmat
[0 : mcmc]  - Acceptance rate: 0.617 = avg([0.6171, 0.6163, 0.6156, 0.6171])
[0 : mcmc]  - Convergence of means: R-1 = 0.036859 after 116027 accepted steps = sum([28994, 28979, 28800, 29254])
[0 : mcmc]  - Updated covariance matrix of proposal pdf.
[2 : mcmc] Progress @ 2026-06-22 19:20:25 : 173985 steps taken, and 28800 accepted.
[0 : mcmc] Progress @ 2026-06-22 19:20:28 : 175752 steps taken, and 28997 accepted.
[1 : mcmc] Progress @ 2026-06-22 19:20:45 : 175554 steps taken, and 28987 accepted.
[3 : mcmc] Progress @ 2026-06-22 19:21:06 : 176043 steps taken, and 29272 accepted.
[2 : mcmc] Progress @ 2026-06-22 19:21:31 : 174082 steps taken, and 28823 accepted.
[0 : mcmc] Progress @ 2026-06-22 19:21:33 : 175863 steps taken, and 29018 accepted.
[1 : mcmc] Progress @ 2026-06-22 19:21:47 : 175676 steps taken, and 29009 accepted.
[3 : mcmc] Progress @ 2026-06-22 19:22:08 : 176157 steps taken, and 29298 accepted.
[2 : mcmc] Progress @ 2026-06-22 19:22:32 : 174154 steps taken, and 28837 accepted.
[0 : mcmc] Progress @ 2026-06-22 19:22:35 : 175976 steps taken, and 29048 accepted.
[1 : mcmc] Progress @ 2026-06-22 19:22:53 : 175751 steps taken, and 29027 accepted.
[3 : mcmc] Progress @ 2026-06-22 19:23:09 : 176231 steps taken, and 29315 accepted.
[2 : mcmc] Progress @ 2026-06-22 19:23:33 : 174296 steps taken, and 28858 accepted.
[0 : mcmc] Progress @ 2026-06-22 19:23:44 : 176078 steps taken, and 29070 accepted.
[1 : mcmc] Progress @ 2026-06-22 19:23:55 : 175901 steps taken, and 29054 accepted.
[3 : mcmc] Progress @ 2026-06-22 19:24:17 : 176314 steps taken, and 29332 accepted.
[2 : mcmc] Progress @ 2026-06-22 19:24:33 : 174376 steps taken, and 28873 accepted.
[0 : mcmc] Progress @ 2026-06-22 19:24:49 : 176159 steps taken, and 29089 accepted.
[1 : mcmc] Progress @ 2026-06-22 19:24:56 : 175989 steps taken, and 29073 accepted.
[3 : mcmc] Progress @ 2026-06-22 19:25:17 : 176411 steps taken, and 29355 accepted.
[2 : mcmc] Progress @ 2026-06-22 19:25:33 : 174492 steps taken, and 28899 accepted.
[0 : mcmc] Progress @ 2026-06-22 19:25:50 : 176259 steps taken, and 29111 accepted.
[1 : mcmc] Progress @ 2026-06-22 19:26:02 : 176093 steps taken, and 29094 accepted.
[3 : mcmc] Progress @ 2026-06-22 19:26:20 : 176537 steps taken, and 29380 accepted.
[2 : mcmc] Progress @ 2026-06-22 19:26:37 : 174574 steps taken, and 28923 accepted.
[0 : mcmc] Progress @ 2026-06-22 19:26:51 : 176383 steps taken, and 29137 accepted.
[1 : mcmc] Progress @ 2026-06-22 19:27:02 : 176199 steps taken, and 29117 accepted.
[3 : mcmc] Progress @ 2026-06-22 19:27:20 : 176634 steps taken, and 29403 accepted.
[2 : mcmc] Progress @ 2026-06-22 19:27:37 : 174686 steps taken, and 28948 accepted.
[0 : mcmc] Progress @ 2026-06-22 19:27:51 : 176491 steps taken, and 29160 accepted.
[1 : mcmc] Progress @ 2026-06-22 19:28:03 : 176282 steps taken, and 29134 accepted.
[3 : mcmc] Progress @ 2026-06-22 19:28:26 : 176711 steps taken, and 29422 accepted.
[2 : mcmc] Progress @ 2026-06-22 19:28:46 : 174783 steps taken, and 28971 accepted.
[0 : mcmc] Progress @ 2026-06-22 19:28:51 : 176590 steps taken, and 29177 accepted.
[1 : mcmc] Progress @ 2026-06-22 19:29:05 : 176379 steps taken, and 29156 accepted.
[3 : mcmc] Progress @ 2026-06-22 19:29:29 : 176826 steps taken, and 29452 accepted.
[2 : mcmc] Progress @ 2026-06-22 19:29:50 : 174904 steps taken, and 28992 accepted.
[0 : mcmc] Progress @ 2026-06-22 19:29:51 : 176673 steps taken, and 29190 accepted.
[1 : mcmc] Progress @ 2026-06-22 19:30:05 : 176470 steps taken, and 29178 accepted.
[3 : mcmc] Progress @ 2026-06-22 19:30:37 : 176931 steps taken, and 29477 accepted.
[2 : mcmc] Progress @ 2026-06-22 19:30:50 : 175006 steps taken, and 29016 accepted.
[0 : mcmc] Progress @ 2026-06-22 19:30:57 : 176808 steps taken, and 29216 accepted.
[1 : mcmc] Progress @ 2026-06-22 19:31:09 : 176577 steps taken, and 29202 accepted.
[3 : mcmc] Progress @ 2026-06-22 19:31:38 : 177010 steps taken, and 29496 accepted.
[2 : mcmc] Progress @ 2026-06-22 19:31:54 : 175078 steps taken, and 29030 accepted.
[0 : mcmc] Progress @ 2026-06-22 19:32:04 : 176883 steps taken, and 29231 accepted.
[1 : mcmc] Progress @ 2026-06-22 19:32:09 : 176697 steps taken, and 29228 accepted.
[3 : mcmc] Progress @ 2026-06-22 19:32:38 : 177157 steps taken, and 29517 accepted.
[2 : mcmc] Progress @ 2026-06-22 19:33:01 : 175222 steps taken, and 29057 accepted.
[0 : mcmc] Progress @ 2026-06-22 19:33:05 : 176988 steps taken, and 29257 accepted.
[1 : mcmc] Progress @ 2026-06-22 19:33:13 : 176785 steps taken, and 29249 accepted.
[3 : mcmc] Progress @ 2026-06-22 19:33:38 : 177226 steps taken, and 29530 accepted.
[0 : mcmc] Progress @ 2026-06-22 19:34:05 : 177087 steps taken, and 29273 accepted.
[2 : mcmc] Progress @ 2026-06-22 19:34:06 : 175328 steps taken, and 29078 accepted.
[1 : mcmc] Progress @ 2026-06-22 19:34:14 : 176887 steps taken, and 29265 accepted.
[3 : mcmc] Progress @ 2026-06-22 19:34:39 : 177329 steps taken, and 29552 accepted.
[2 : mcmc] Progress @ 2026-06-22 19:35:06 : 175442 steps taken, and 29099 accepted.
[0 : mcmc] Progress @ 2026-06-22 19:35:14 : 177200 steps taken, and 29297 accepted.
[1 : mcmc] Progress @ 2026-06-22 19:35:20 : 176980 steps taken, and 29286 accepted.
[3 : mcmc] Progress @ 2026-06-22 19:35:40 : 177434 steps taken, and 29579 accepted.
[2 : mcmc] Progress @ 2026-06-22 19:36:07 : 175552 steps taken, and 29119 accepted.
[0 : mcmc] Progress @ 2026-06-22 19:36:14 : 177270 steps taken, and 29317 accepted.
[1 : mcmc] Progress @ 2026-06-22 19:36:24 : 177100 steps taken, and 29309 accepted.
[3 : mcmc] Progress @ 2026-06-22 19:36:44 : 177553 steps taken, and 29603 accepted.
[2 : mcmc] Progress @ 2026-06-22 19:37:13 : 175643 steps taken, and 29135 accepted.
[0 : mcmc] Progress @ 2026-06-22 19:37:14 : 177377 steps taken, and 29339 accepted.
[1 : mcmc] Progress @ 2026-06-22 19:37:28 : 177204 steps taken, and 29330 accepted.
[3 : mcmc] Progress @ 2026-06-22 19:37:44 : 177662 steps taken, and 29624 accepted.
[0 : mcmc] Progress @ 2026-06-22 19:38:16 : 177489 steps taken, and 29357 accepted.
[2 : mcmc] Progress @ 2026-06-22 19:38:18 : 175717 steps taken, and 29147 accepted.
[1 : mcmc] Progress @ 2026-06-22 19:38:33 : 177303 steps taken, and 29348 accepted.
[3 : mcmc] Progress @ 2026-06-22 19:38:45 : 177781 steps taken, and 29642 accepted.
[0 : mcmc] Progress @ 2026-06-22 19:39:22 : 177617 steps taken, and 29388 accepted.
[2 : mcmc] Progress @ 2026-06-22 19:39:22 : 175824 steps taken, and 29170 accepted.
[1 : mcmc] Progress @ 2026-06-22 19:39:39 : 177408 steps taken, and 29369 accepted.
[3 : mcmc] Progress @ 2026-06-22 19:39:46 : 177877 steps taken, and 29655 accepted.
[0 : mcmc] Progress @ 2026-06-22 19:40:22 : 177710 steps taken, and 29410 accepted.
[2 : mcmc] Progress @ 2026-06-22 19:40:23 : 175912 steps taken, and 29189 accepted.
[1 : mcmc] Progress @ 2026-06-22 19:40:40 : 177532 steps taken, and 29392 accepted.
[3 : mcmc] Progress @ 2026-06-22 19:40:47 : 177987 steps taken, and 29680 accepted.
[2 : mcmc] Progress @ 2026-06-22 19:41:27 : 176015 steps taken, and 29209 accepted.
[0 : mcmc] Progress @ 2026-06-22 19:41:29 : 177791 steps taken, and 29419 accepted.
[1 : mcmc] Progress @ 2026-06-22 19:41:43 : 177646 steps taken, and 29415 accepted.
[3 : mcmc] Progress @ 2026-06-22 19:41:55 : 178076 steps taken, and 29700 accepted.
[2 : mcmc] Progress @ 2026-06-22 19:42:27 : 176099 steps taken, and 29224 accepted.
[0 : mcmc] Progress @ 2026-06-22 19:42:33 : 177888 steps taken, and 29439 accepted.
[1 : mcmc] Progress @ 2026-06-22 19:42:47 : 177740 steps taken, and 29437 accepted.
[3 : mcmc] Progress @ 2026-06-22 19:43:00 : 178194 steps taken, and 29722 accepted.
[2 : mcmc] Progress @ 2026-06-22 19:43:28 : 176212 steps taken, and 29245 accepted.
[0 : mcmc] Progress @ 2026-06-22 19:43:33 : 177985 steps taken, and 29463 accepted.
[1 : mcmc] Progress @ 2026-06-22 19:43:52 : 177856 steps taken, and 29459 accepted.
[3 : mcmc] Progress @ 2026-06-22 19:44:00 : 178309 steps taken, and 29749 accepted.
[2 : mcmc] Progress @ 2026-06-22 19:44:29 : 176304 steps taken, and 29264 accepted.
[0 : mcmc] Progress @ 2026-06-22 19:44:36 : 178071 steps taken, and 29478 accepted.
[1 : mcmc] Progress @ 2026-06-22 19:45:01 : 177953 steps taken, and 29479 accepted.
[3 : mcmc] Progress @ 2026-06-22 19:45:04 : 178405 steps taken, and 29773 accepted.
[2 : mcmc] Progress @ 2026-06-22 19:45:35 : 176407 steps taken, and 29282 accepted.
[0 : mcmc] Progress @ 2026-06-22 19:45:37 : 178191 steps taken, and 29503 accepted.
[3 : mcmc] Progress @ 2026-06-22 19:46:04 : 178503 steps taken, and 29794 accepted.
[1 : mcmc] Progress @ 2026-06-22 19:46:04 : 178078 steps taken, and 29503 accepted.
[2 : mcmc] Progress @ 2026-06-22 19:46:38 : 176563 steps taken, and 29312 accepted.
[0 : mcmc] Progress @ 2026-06-22 19:46:44 : 178309 steps taken, and 29524 accepted.
[3 : mcmc] Progress @ 2026-06-22 19:47:04 : 178608 steps taken, and 29808 accepted.
[1 : mcmc] Progress @ 2026-06-22 19:47:05 : 178175 steps taken, and 29524 accepted.
[2 : mcmc] Progress @ 2026-06-22 19:47:38 : 176659 steps taken, and 29327 accepted.
[0 : mcmc] Progress @ 2026-06-22 19:47:46 : 178421 steps taken, and 29548 accepted.
[3 : mcmc] Progress @ 2026-06-22 19:48:05 : 178657 steps taken, and 29817 accepted.
[1 : mcmc] Progress @ 2026-06-22 19:48:13 : 178258 steps taken, and 29543 accepted.
[2 : mcmc] Progress @ 2026-06-22 19:48:42 : 176758 steps taken, and 29352 accepted.
[0 : mcmc] Progress @ 2026-06-22 19:48:53 : 178505 steps taken, and 29569 accepted.
[3 : mcmc] Progress @ 2026-06-22 19:49:10 : 178791 steps taken, and 29842 accepted.
[1 : mcmc] Progress @ 2026-06-22 19:49:13 : 178340 steps taken, and 29561 accepted.
[2 : mcmc] Progress @ 2026-06-22 19:49:42 : 176823 steps taken, and 29371 accepted.
[0 : mcmc] Progress @ 2026-06-22 19:49:53 : 178587 steps taken, and 29587 accepted.
[3 : mcmc] Progress @ 2026-06-22 19:50:12 : 178872 steps taken, and 29862 accepted.
[1 : mcmc] Progress @ 2026-06-22 19:50:16 : 178446 steps taken, and 29582 accepted.
[2 : mcmc] Progress @ 2026-06-22 19:50:46 : 176923 steps taken, and 29395 accepted.
[0 : mcmc] Progress @ 2026-06-22 19:50:53 : 178692 steps taken, and 29606 accepted.
[3 : mcmc] Progress @ 2026-06-22 19:51:20 : 178964 steps taken, and 29883 accepted.
[1 : mcmc] Progress @ 2026-06-22 19:51:24 : 178602 steps taken, and 29614 accepted.
[2 : mcmc] Progress @ 2026-06-22 19:51:52 : 177012 steps taken, and 29412 accepted.
[0 : mcmc] Progress @ 2026-06-22 19:51:53 : 178777 steps taken, and 29625 accepted.
[1 : mcmc] Progress @ 2026-06-22 19:52:24 : 178682 steps taken, and 29633 accepted.
[3 : mcmc] Progress @ 2026-06-22 19:52:26 : 179036 steps taken, and 29895 accepted.
[2 : mcmc] Progress @ 2026-06-22 19:52:52 : 177114 steps taken, and 29433 accepted.
[0 : mcmc] Progress @ 2026-06-22 19:52:53 : 178933 steps taken, and 29652 accepted.
[1 : mcmc] Progress @ 2026-06-22 19:53:31 : 178787 steps taken, and 29655 accepted.
[3 : mcmc] Progress @ 2026-06-22 19:53:32 : 179182 steps taken, and 29927 accepted.
[0 : mcmc] Progress @ 2026-06-22 19:53:55 : 179041 steps taken, and 29670 accepted.
[2 : mcmc] Progress @ 2026-06-22 19:53:56 : 177211 steps taken, and 29450 accepted.
[3 : mcmc] Progress @ 2026-06-22 19:54:33 : 179282 steps taken, and 29950 accepted.
[1 : mcmc] Progress @ 2026-06-22 19:54:34 : 178915 steps taken, and 29678 accepted.
[2 : mcmc] Progress @ 2026-06-22 19:54:57 : 177308 steps taken, and 29468 accepted.
[0 : mcmc] Progress @ 2026-06-22 19:54:58 : 179119 steps taken, and 29682 accepted.
[1 : mcmc] Progress @ 2026-06-22 19:55:37 : 179022 steps taken, and 29697 accepted.
[3 : mcmc] Progress @ 2026-06-22 19:55:37 : 179375 steps taken, and 29974 accepted.
[2 : mcmc] Progress @ 2026-06-22 19:56:01 : 177403 steps taken, and 29490 accepted.
[0 : mcmc] Progress @ 2026-06-22 19:56:03 : 179264 steps taken, and 29709 accepted.
[3 : mcmc] Learn + convergence test @ 30000 samples accepted.
[3 : mcmc] Ready to check convergence and learn a new proposal covmat (waiting for the rest...)
[1 : mcmc] Progress @ 2026-06-22 19:56:37 : 179143 steps taken, and 29724 accepted.
[3 : mcmc] Progress @ 2026-06-22 19:56:40 : 179485 steps taken, and 30000 accepted.
[2 : mcmc] Progress @ 2026-06-22 19:57:01 : 177515 steps taken, and 29507 accepted.
[0 : mcmc] Progress @ 2026-06-22 19:57:05 : 179363 steps taken, and 29725 accepted.
[1 : mcmc] Progress @ 2026-06-22 19:57:37 : 179225 steps taken, and 29741 accepted.
[3 : mcmc] Progress @ 2026-06-22 19:57:40 : 179575 steps taken, and 30022 accepted.
[2 : mcmc] Progress @ 2026-06-22 19:58:01 : 177608 steps taken, and 29527 accepted.
[0 : mcmc] Progress @ 2026-06-22 19:58:05 : 179459 steps taken, and 29744 accepted.
[3 : mcmc] Progress @ 2026-06-22 19:58:40 : 179680 steps taken, and 30042 accepted.
[1 : mcmc] Progress @ 2026-06-22 19:58:43 : 179336 steps taken, and 29766 accepted.
[0 : mcmc] Progress @ 2026-06-22 19:59:05 : 179565 steps taken, and 29761 accepted.
[2 : mcmc] Progress @ 2026-06-22 19:59:07 : 177725 steps taken, and 29555 accepted.
[3 : mcmc] Progress @ 2026-06-22 19:59:40 : 179772 steps taken, and 30058 accepted.
[1 : mcmc] Progress @ 2026-06-22 19:59:43 : 179434 steps taken, and 29782 accepted.
[0 : mcmc] Progress @ 2026-06-22 20:00:07 : 179671 steps taken, and 29777 accepted.
[2 : mcmc] Progress @ 2026-06-22 20:00:07 : 177829 steps taken, and 29569 accepted.
[3 : mcmc] Progress @ 2026-06-22 20:00:40 : 179851 steps taken, and 30074 accepted.
[1 : mcmc] Progress @ 2026-06-22 20:00:51 : 179553 steps taken, and 29804 accepted.
[0 : mcmc] Progress @ 2026-06-22 20:01:14 : 179777 steps taken, and 29796 accepted.
[2 : mcmc] Progress @ 2026-06-22 20:01:15 : 177932 steps taken, and 29583 accepted.
[3 : mcmc] Progress @ 2026-06-22 20:01:43 : 179997 steps taken, and 30101 accepted.
[1 : mcmc] Progress @ 2026-06-22 20:01:52 : 179684 steps taken, and 29833 accepted.
[0 : mcmc] Progress @ 2026-06-22 20:02:14 : 179884 steps taken, and 29822 accepted.
[2 : mcmc] Progress @ 2026-06-22 20:02:15 : 178038 steps taken, and 29607 accepted.
[3 : mcmc] Progress @ 2026-06-22 20:02:49 : 180099 steps taken, and 30119 accepted.
[1 : mcmc] Progress @ 2026-06-22 20:02:54 : 179762 steps taken, and 29852 accepted.
[0 : mcmc] Progress @ 2026-06-22 20:03:14 : 179998 steps taken, and 29838 accepted.
[2 : mcmc] Progress @ 2026-06-22 20:03:17 : 178142 steps taken, and 29628 accepted.
[3 : mcmc] Progress @ 2026-06-22 20:03:49 : 180193 steps taken, and 30139 accepted.
[1 : mcmc] Progress @ 2026-06-22 20:03:54 : 179881 steps taken, and 29869 accepted.
[0 : mcmc] Progress @ 2026-06-22 20:04:14 : 180081 steps taken, and 29856 accepted.
[2 : mcmc] Progress @ 2026-06-22 20:04:23 : 178268 steps taken, and 29646 accepted.
[3 : mcmc] Progress @ 2026-06-22 20:04:57 : 180292 steps taken, and 30164 accepted.
[1 : mcmc] Progress @ 2026-06-22 20:04:58 : 179959 steps taken, and 29886 accepted.
[0 : mcmc] Progress @ 2026-06-22 20:05:14 : 180181 steps taken, and 29880 accepted.
[2 : mcmc] Progress @ 2026-06-22 20:05:24 : 178396 steps taken, and 29669 accepted.
[3 : mcmc] Progress @ 2026-06-22 20:06:00 : 180408 steps taken, and 30187 accepted.
[1 : mcmc] Progress @ 2026-06-22 20:06:03 : 180074 steps taken, and 29913 accepted.
[0 : mcmc] Progress @ 2026-06-22 20:06:18 : 180271 steps taken, and 29898 accepted.
[2 : mcmc] Progress @ 2026-06-22 20:06:24 : 178499 steps taken, and 29686 accepted.
[3 : mcmc] Progress @ 2026-06-22 20:07:03 : 180531 steps taken, and 30213 accepted.
[1 : mcmc] Progress @ 2026-06-22 20:07:03 : 180156 steps taken, and 29933 accepted.
[0 : mcmc] Progress @ 2026-06-22 20:07:19 : 180395 steps taken, and 29918 accepted.
[2 : mcmc] Progress @ 2026-06-22 20:07:27 : 178596 steps taken, and 29706 accepted.
[1 : mcmc] Progress @ 2026-06-22 20:08:03 : 180270 steps taken, and 29959 accepted.
[3 : mcmc] Progress @ 2026-06-22 20:08:08 : 180641 steps taken, and 30237 accepted.
[0 : mcmc] Progress @ 2026-06-22 20:08:26 : 180488 steps taken, and 29941 accepted.
[2 : mcmc] Progress @ 2026-06-22 20:08:31 : 178727 steps taken, and 29729 accepted.
[1 : mcmc] Progress @ 2026-06-22 20:09:04 : 180361 steps taken, and 29978 accepted.
[3 : mcmc] Progress @ 2026-06-22 20:09:11 : 180746 steps taken, and 30261 accepted.
[0 : mcmc] Progress @ 2026-06-22 20:09:30 : 180594 steps taken, and 29968 accepted.
[2 : mcmc] Progress @ 2026-06-22 20:09:31 : 178841 steps taken, and 29749 accepted.
[1 : mcmc] Progress @ 2026-06-22 20:10:04 : 180463 steps taken, and 29999 accepted.
[1 : mcmc] Learn + convergence test @ 30000 samples accepted.
[1 : mcmc] Ready to check convergence and learn a new proposal covmat (waiting for the rest...)
[3 : mcmc] Progress @ 2026-06-22 20:10:15 : 180838 steps taken, and 30278 accepted.
[0 : mcmc] Progress @ 2026-06-22 20:10:30 : 180683 steps taken, and 29985 accepted.
[2 : mcmc] Progress @ 2026-06-22 20:10:39 : 178935 steps taken, and 29766 accepted.
[1 : mcmc] Progress @ 2026-06-22 20:11:11 : 180604 steps taken, and 30025 accepted.
[3 : mcmc] Progress @ 2026-06-22 20:11:15 : 180957 steps taken, and 30299 accepted.
[0 : mcmc] Learn + convergence test @ 30000 samples accepted.
[0 : mcmc] Ready to check convergence and learn a new proposal covmat (waiting for the rest...)
[0 : mcmc] Progress @ 2026-06-22 20:11:34 : 180788 steps taken, and 30010 accepted.
[2 : mcmc] Progress @ 2026-06-22 20:11:44 : 179028 steps taken, and 29787 accepted.
[1 : mcmc] Progress @ 2026-06-22 20:12:19 : 180704 steps taken, and 30047 accepted.
[3 : mcmc] Progress @ 2026-06-22 20:12:21 : 181033 steps taken, and 30315 accepted.
[0 : mcmc] Progress @ 2026-06-22 20:12:38 : 180866 steps taken, and 30022 accepted.
[2 : mcmc] Progress @ 2026-06-22 20:12:47 : 179134 steps taken, and 29808 accepted.
[1 : mcmc] Progress @ 2026-06-22 20:13:19 : 180806 steps taken, and 30075 accepted.
[3 : mcmc] Progress @ 2026-06-22 20:13:24 : 181169 steps taken, and 30340 accepted.
[0 : mcmc] Progress @ 2026-06-22 20:13:46 : 180996 steps taken, and 30053 accepted.
[2 : mcmc] Progress @ 2026-06-22 20:13:48 : 179210 steps taken, and 29827 accepted.
[1 : mcmc] Progress @ 2026-06-22 20:14:19 : 180895 steps taken, and 30095 accepted.
[3 : mcmc] Progress @ 2026-06-22 20:14:28 : 181308 steps taken, and 30363 accepted.
[0 : mcmc] Progress @ 2026-06-22 20:14:47 : 181092 steps taken, and 30073 accepted.
[2 : mcmc] Progress @ 2026-06-22 20:14:49 : 179312 steps taken, and 29847 accepted.
[1 : mcmc] Progress @ 2026-06-22 20:15:21 : 180999 steps taken, and 30117 accepted.
[3 : mcmc] Progress @ 2026-06-22 20:15:31 : 181401 steps taken, and 30377 accepted.
[2 : mcmc] Progress @ 2026-06-22 20:15:49 : 179449 steps taken, and 29871 accepted.
[0 : mcmc] Progress @ 2026-06-22 20:15:53 : 181184 steps taken, and 30095 accepted.
[1 : mcmc] Progress @ 2026-06-22 20:16:28 : 181136 steps taken, and 30144 accepted.
[3 : mcmc] Progress @ 2026-06-22 20:16:31 : 181509 steps taken, and 30400 accepted.
[2 : mcmc] Progress @ 2026-06-22 20:16:51 : 179526 steps taken, and 29888 accepted.
[0 : mcmc] Progress @ 2026-06-22 20:16:59 : 181315 steps taken, and 30120 accepted.
[1 : mcmc] Progress @ 2026-06-22 20:17:28 : 181225 steps taken, and 30167 accepted.
[3 : mcmc] Progress @ 2026-06-22 20:17:38 : 181613 steps taken, and 30422 accepted.
[2 : mcmc] Progress @ 2026-06-22 20:17:58 : 179606 steps taken, and 29906 accepted.
[0 : mcmc] Progress @ 2026-06-22 20:18:00 : 181391 steps taken, and 30136 accepted.
[1 : mcmc] Progress @ 2026-06-22 20:18:37 : 181310 steps taken, and 30183 accepted.
[3 : mcmc] Progress @ 2026-06-22 20:18:39 : 181729 steps taken, and 30447 accepted.
[2 : mcmc] Progress @ 2026-06-22 20:18:58 : 179731 steps taken, and 29935 accepted.
[0 : mcmc] Progress @ 2026-06-22 20:19:00 : 181490 steps taken, and 30159 accepted.
[1 : mcmc] Progress @ 2026-06-22 20:19:39 : 181435 steps taken, and 30205 accepted.
[3 : mcmc] Progress @ 2026-06-22 20:19:44 : 181827 steps taken, and 30466 accepted.
[2 : mcmc] Progress @ 2026-06-22 20:20:02 : 179825 steps taken, and 29956 accepted.
[0 : mcmc] Progress @ 2026-06-22 20:20:02 : 181576 steps taken, and 30176 accepted.
[1 : mcmc] Progress @ 2026-06-22 20:20:41 : 181563 steps taken, and 30226 accepted.
[3 : mcmc] Progress @ 2026-06-22 20:20:49 : 181911 steps taken, and 30482 accepted.
[2 : mcmc] Progress @ 2026-06-22 20:21:02 : 179939 steps taken, and 29979 accepted.
[0 : mcmc] Progress @ 2026-06-22 20:21:05 : 181690 steps taken, and 30199 accepted.
[1 : mcmc] Progress @ 2026-06-22 20:21:49 : 181694 steps taken, and 30254 accepted.
[3 : mcmc] Progress @ 2026-06-22 20:21:50 : 182009 steps taken, and 30498 accepted.
[2 : mcmc] Learn + convergence test @ 30000 samples accepted.
[2 : mcmc] Ready to check convergence and learn a new proposal covmat (waiting for the rest...)
[0 : mcmc] All chains are ready to check convergence and learn a new proposal covmat
[0 : mcmc]  - Acceptance rate: 0.616 = avg([0.6148, 0.6160, 0.6149, 0.6177])
[0 : mcmc]  - Convergence of means: R-1 = 0.035156 after 120969 accepted steps = sum([30212, 30257, 30000, 30500])
[0 : mcmc]  - Updated covariance matrix of proposal pdf.
[2 : mcmc] Progress @ 2026-06-22 20:22:05 : 180056 steps taken, and 30002 accepted.
[0 : mcmc] Progress @ 2026-06-22 20:22:09 : 181789 steps taken, and 30214 accepted.
[1 : mcmc] Progress @ 2026-06-22 20:22:54 : 181759 steps taken, and 30267 accepted.
[3 : mcmc] Progress @ 2026-06-22 20:22:57 : 182115 steps taken, and 30522 accepted.
[0 : mcmc] Progress @ 2026-06-22 20:23:09 : 181865 steps taken, and 30233 accepted.
[2 : mcmc] Progress @ 2026-06-22 20:23:10 : 180136 steps taken, and 30014 accepted.
[3 : mcmc] Progress @ 2026-06-22 20:23:58 : 182221 steps taken, and 30540 accepted.
[1 : mcmc] Progress @ 2026-06-22 20:24:01 : 181868 steps taken, and 30288 accepted.
[2 : mcmc] Progress @ 2026-06-22 20:24:10 : 180256 steps taken, and 30038 accepted.
[0 : mcmc] Progress @ 2026-06-22 20:24:12 : 181954 steps taken, and 30254 accepted.
[1 : mcmc] Progress @ 2026-06-22 20:25:01 : 181976 steps taken, and 30309 accepted.
[3 : mcmc] Progress @ 2026-06-22 20:25:03 : 182303 steps taken, and 30557 accepted.
[2 : mcmc] Progress @ 2026-06-22 20:25:11 : 180373 steps taken, and 30062 accepted.
[0 : mcmc] Progress @ 2026-06-22 20:25:13 : 182049 steps taken, and 30275 accepted.
[1 : mcmc] Progress @ 2026-06-22 20:26:06 : 182094 steps taken, and 30330 accepted.
[3 : mcmc] Progress @ 2026-06-22 20:26:08 : 182419 steps taken, and 30582 accepted.
[2 : mcmc] Progress @ 2026-06-22 20:26:19 : 180470 steps taken, and 30082 accepted.
[0 : mcmc] Progress @ 2026-06-22 20:26:20 : 182143 steps taken, and 30293 accepted.
[1 : mcmc] Progress @ 2026-06-22 20:27:08 : 182178 steps taken, and 30345 accepted.
[3 : mcmc] Progress @ 2026-06-22 20:27:08 : 182539 steps taken, and 30606 accepted.
[0 : mcmc] Progress @ 2026-06-22 20:27:20 : 182263 steps taken, and 30318 accepted.
[2 : mcmc] Progress @ 2026-06-22 20:27:20 : 180569 steps taken, and 30101 accepted.
[3 : mcmc] Progress @ 2026-06-22 20:28:11 : 182649 steps taken, and 30623 accepted.
[1 : mcmc] Progress @ 2026-06-22 20:28:13 : 182283 steps taken, and 30370 accepted.
[2 : mcmc] Progress @ 2026-06-22 20:28:20 : 180704 steps taken, and 30126 accepted.
[0 : mcmc] Progress @ 2026-06-22 20:28:21 : 182343 steps taken, and 30334 accepted.
[3 : mcmc] Progress @ 2026-06-22 20:29:18 : 182737 steps taken, and 30644 accepted.
[1 : mcmc] Progress @ 2026-06-22 20:29:19 : 182397 steps taken, and 30395 accepted.
[2 : mcmc] Progress @ 2026-06-22 20:29:22 : 180792 steps taken, and 30143 accepted.
[0 : mcmc] Progress @ 2026-06-22 20:29:25 : 182441 steps taken, and 30353 accepted.
[3 : mcmc] Progress @ 2026-06-22 20:30:23 : 182834 steps taken, and 30668 accepted.
[2 : mcmc] Progress @ 2026-06-22 20:30:23 : 180882 steps taken, and 30160 accepted.
[1 : mcmc] Progress @ 2026-06-22 20:30:25 : 182494 steps taken, and 30410 accepted.
[0 : mcmc] Progress @ 2026-06-22 20:30:25 : 182541 steps taken, and 30372 accepted.
[3 : mcmc] Progress @ 2026-06-22 20:31:23 : 182948 steps taken, and 30694 accepted.
[2 : mcmc] Progress @ 2026-06-22 20:31:23 : 180998 steps taken, and 30184 accepted.
[1 : mcmc] Progress @ 2026-06-22 20:31:26 : 182600 steps taken, and 30433 accepted.
[0 : mcmc] Progress @ 2026-06-22 20:31:29 : 182647 steps taken, and 30393 accepted.
[3 : mcmc] Progress @ 2026-06-22 20:32:23 : 183025 steps taken, and 30707 accepted.
[1 : mcmc] Progress @ 2026-06-22 20:32:30 : 182710 steps taken, and 30457 accepted.
[2 : mcmc] Progress @ 2026-06-22 20:32:31 : 181090 steps taken, and 30199 accepted.
[0 : mcmc] Progress @ 2026-06-22 20:32:37 : 182757 steps taken, and 30419 accepted.
[3 : mcmc] Progress @ 2026-06-22 20:33:24 : 183132 steps taken, and 30731 accepted.
[2 : mcmc] Progress @ 2026-06-22 20:33:31 : 181205 steps taken, and 30225 accepted.
[1 : mcmc] Progress @ 2026-06-22 20:33:34 : 182816 steps taken, and 30475 accepted.
[0 : mcmc] Progress @ 2026-06-22 20:33:37 : 182845 steps taken, and 30439 accepted.
[3 : mcmc] Progress @ 2026-06-22 20:34:26 : 183211 steps taken, and 30750 accepted.
[1 : mcmc] Progress @ 2026-06-22 20:34:34 : 182912 steps taken, and 30495 accepted.
[2 : mcmc] Progress @ 2026-06-22 20:34:35 : 181342 steps taken, and 30248 accepted.
[0 : mcmc] Progress @ 2026-06-22 20:34:41 : 182936 steps taken, and 30457 accepted.
[3 : mcmc] Progress @ 2026-06-22 20:35:32 : 183343 steps taken, and 30774 accepted.
[1 : mcmc] Progress @ 2026-06-22 20:35:34 : 183032 steps taken, and 30516 accepted.
[2 : mcmc] Progress @ 2026-06-22 20:35:41 : 181446 steps taken, and 30271 accepted.
[0 : mcmc] Progress @ 2026-06-22 20:35:44 : 183019 steps taken, and 30474 accepted.
[3 : mcmc] Progress @ 2026-06-22 20:36:34 : 183433 steps taken, and 30788 accepted.
[1 : mcmc] Progress @ 2026-06-22 20:36:36 : 183092 steps taken, and 30525 accepted.
[0 : mcmc] Progress @ 2026-06-22 20:36:46 : 183127 steps taken, and 30496 accepted.
[2 : mcmc] Progress @ 2026-06-22 20:36:49 : 181551 steps taken, and 30290 accepted.
[3 : mcmc] Progress @ 2026-06-22 20:37:38 : 183547 steps taken, and 30811 accepted.
[1 : mcmc] Progress @ 2026-06-22 20:37:41 : 183206 steps taken, and 30541 accepted.
[0 : mcmc] Progress @ 2026-06-22 20:37:46 : 183249 steps taken, and 30514 accepted.
[2 : mcmc] Progress @ 2026-06-22 20:37:49 : 181640 steps taken, and 30311 accepted.
[3 : mcmc] Progress @ 2026-06-22 20:38:38 : 183646 steps taken, and 30831 accepted.
[1 : mcmc] Progress @ 2026-06-22 20:38:41 : 183326 steps taken, and 30567 accepted.
[0 : mcmc] Progress @ 2026-06-22 20:38:49 : 183347 steps taken, and 30539 accepted.
[2 : mcmc] Progress @ 2026-06-22 20:38:55 : 181760 steps taken, and 30338 accepted.
[3 : mcmc] Progress @ 2026-06-22 20:39:38 : 183742 steps taken, and 30849 accepted.
[1 : mcmc] Progress @ 2026-06-22 20:39:44 : 183423 steps taken, and 30588 accepted.
[0 : mcmc] Progress @ 2026-06-22 20:39:54 : 183440 steps taken, and 30562 accepted.
[2 : mcmc] Progress @ 2026-06-22 20:39:55 : 181869 steps taken, and 30362 accepted.
[3 : mcmc] Progress @ 2026-06-22 20:40:43 : 183834 steps taken, and 30872 accepted.
[1 : mcmc] Progress @ 2026-06-22 20:40:45 : 183554 steps taken, and 30610 accepted.
[0 : mcmc] Progress @ 2026-06-22 20:40:55 : 183548 steps taken, and 30583 accepted.
[2 : mcmc] Progress @ 2026-06-22 20:40:55 : 181938 steps taken, and 30379 accepted.
[3 : mcmc] Progress @ 2026-06-22 20:41:47 : 183941 steps taken, and 30891 accepted.
[1 : mcmc] Progress @ 2026-06-22 20:41:51 : 183674 steps taken, and 30639 accepted.
[0 : mcmc] Progress @ 2026-06-22 20:41:57 : 183658 steps taken, and 30605 accepted.
[2 : mcmc] Progress @ 2026-06-22 20:41:59 : 182058 steps taken, and 30403 accepted.
[3 : mcmc] Progress @ 2026-06-22 20:42:54 : 184037 steps taken, and 30912 accepted.
[1 : mcmc] Progress @ 2026-06-22 20:42:59 : 183766 steps taken, and 30660 accepted.
[0 : mcmc] Progress @ 2026-06-22 20:43:01 : 183767 steps taken, and 30628 accepted.
[2 : mcmc] Progress @ 2026-06-22 20:43:05 : 182145 steps taken, and 30423 accepted.
[3 : mcmc] Progress @ 2026-06-22 20:43:56 : 184139 steps taken, and 30936 accepted.
[1 : mcmc] Progress @ 2026-06-22 20:44:01 : 183864 steps taken, and 30682 accepted.
[0 : mcmc] Progress @ 2026-06-22 20:44:01 : 183878 steps taken, and 30646 accepted.
[2 : mcmc] Progress @ 2026-06-22 20:44:08 : 182282 steps taken, and 30453 accepted.
[3 : mcmc] Progress @ 2026-06-22 20:44:56 : 184231 steps taken, and 30951 accepted.
[1 : mcmc] Progress @ 2026-06-22 20:45:02 : 183974 steps taken, and 30708 accepted.
[0 : mcmc] Progress @ 2026-06-22 20:45:04 : 183962 steps taken, and 30659 accepted.
[2 : mcmc] Progress @ 2026-06-22 20:45:13 : 182352 steps taken, and 30471 accepted.
[3 : mcmc] Progress @ 2026-06-22 20:45:56 : 184345 steps taken, and 30975 accepted.
[1 : mcmc] Progress @ 2026-06-22 20:46:02 : 184103 steps taken, and 30728 accepted.
[0 : mcmc] Progress @ 2026-06-22 20:46:09 : 184072 steps taken, and 30682 accepted.
[2 : mcmc] Progress @ 2026-06-22 20:46:13 : 182476 steps taken, and 30494 accepted.
[3 : mcmc] Progress @ 2026-06-22 20:47:04 : 184451 steps taken, and 31000 accepted.
[1 : mcmc] Progress @ 2026-06-22 20:47:05 : 184197 steps taken, and 30739 accepted.
[0 : mcmc] Progress @ 2026-06-22 20:47:13 : 184183 steps taken, and 30708 accepted.
[2 : mcmc] Progress @ 2026-06-22 20:47:14 : 182610 steps taken, and 30518 accepted.
[1 : mcmc] Progress @ 2026-06-22 20:48:05 : 184291 steps taken, and 30757 accepted.
[3 : mcmc] Progress @ 2026-06-22 20:48:08 : 184548 steps taken, and 31018 accepted.
[2 : mcmc] Progress @ 2026-06-22 20:48:14 : 182740 steps taken, and 30542 accepted.
[0 : mcmc] Progress @ 2026-06-22 20:48:16 : 184279 steps taken, and 30727 accepted.
[1 : mcmc] Progress @ 2026-06-22 20:49:09 : 184369 steps taken, and 30776 accepted.
[3 : mcmc] Progress @ 2026-06-22 20:49:16 : 184653 steps taken, and 31036 accepted.
[0 : mcmc] Progress @ 2026-06-22 20:49:18 : 184385 steps taken, and 30744 accepted.
[2 : mcmc] Progress @ 2026-06-22 20:49:20 : 182805 steps taken, and 30554 accepted.
[1 : mcmc] Progress @ 2026-06-22 20:50:17 : 184488 steps taken, and 30800 accepted.
[3 : mcmc] Progress @ 2026-06-22 20:50:17 : 184764 steps taken, and 31059 accepted.
[2 : mcmc] Progress @ 2026-06-22 20:50:20 : 182939 steps taken, and 30581 accepted.
[0 : mcmc] Progress @ 2026-06-22 20:50:20 : 184498 steps taken, and 30760 accepted.
[0 : mcmc] Progress @ 2026-06-22 20:51:23 : 184600 steps taken, and 30777 accepted.
[1 : mcmc] Progress @ 2026-06-22 20:51:25 : 184631 steps taken, and 30825 accepted.
[2 : mcmc] Progress @ 2026-06-22 20:51:26 : 183037 steps taken, and 30598 accepted.
[3 : mcmc] Progress @ 2026-06-22 20:51:26 : 184899 steps taken, and 31080 accepted.
[0 : mcmc] Progress @ 2026-06-22 20:52:27 : 184730 steps taken, and 30795 accepted.
[2 : mcmc] Progress @ 2026-06-22 20:52:28 : 183132 steps taken, and 30613 accepted.
[1 : mcmc] Progress @ 2026-06-22 20:52:30 : 184733 steps taken, and 30845 accepted.
[3 : mcmc] Progress @ 2026-06-22 20:52:33 : 184992 steps taken, and 31106 accepted.
[0 : mcmc] Progress @ 2026-06-22 20:53:27 : 184829 steps taken, and 30813 accepted.
[2 : mcmc] Progress @ 2026-06-22 20:53:33 : 183254 steps taken, and 30635 accepted.
[1 : mcmc] Progress @ 2026-06-22 20:53:34 : 184826 steps taken, and 30866 accepted.
[3 : mcmc] Progress @ 2026-06-22 20:53:39 : 185101 steps taken, and 31133 accepted.
[2 : mcmc] Progress @ 2026-06-22 20:54:33 : 183340 steps taken, and 30658 accepted.
[0 : mcmc] Progress @ 2026-06-22 20:54:33 : 184936 steps taken, and 30832 accepted.
[1 : mcmc] Progress @ 2026-06-22 20:54:39 : 184928 steps taken, and 30887 accepted.
[3 : mcmc] Progress @ 2026-06-22 20:54:39 : 185191 steps taken, and 31150 accepted.
[0 : mcmc] Progress @ 2026-06-22 20:55:33 : 185044 steps taken, and 30853 accepted.
[2 : mcmc] Progress @ 2026-06-22 20:55:34 : 183433 steps taken, and 30677 accepted.
[1 : mcmc] Progress @ 2026-06-22 20:55:39 : 185050 steps taken, and 30915 accepted.
[3 : mcmc] Progress @ 2026-06-22 20:55:40 : 185300 steps taken, and 31177 accepted.
[2 : mcmc] Progress @ 2026-06-22 20:56:37 : 183517 steps taken, and 30695 accepted.
[0 : mcmc] Progress @ 2026-06-22 20:56:40 : 185134 steps taken, and 30872 accepted.
[1 : mcmc] Progress @ 2026-06-22 20:56:44 : 185147 steps taken, and 30931 accepted.
[3 : mcmc] Progress @ 2026-06-22 20:56:45 : 185369 steps taken, and 31191 accepted.
[3 : mcmc] Learn + convergence test @ 31200 samples accepted.
[3 : mcmc] Ready to check convergence and learn a new proposal covmat (waiting for the rest...)
[2 : mcmc] Progress @ 2026-06-22 20:57:38 : 183626 steps taken, and 30719 accepted.
[0 : mcmc] Progress @ 2026-06-22 20:57:40 : 185246 steps taken, and 30894 accepted.
[1 : mcmc] Progress @ 2026-06-22 20:57:48 : 185244 steps taken, and 30946 accepted.
[3 : mcmc] Progress @ 2026-06-22 20:57:48 : 185490 steps taken, and 31214 accepted.
[0 : mcmc] Progress @ 2026-06-22 20:58:40 : 185341 steps taken, and 30907 accepted.
[2 : mcmc] Progress @ 2026-06-22 20:58:42 : 183742 steps taken, and 30741 accepted.
[3 : mcmc] Progress @ 2026-06-22 20:58:49 : 185593 steps taken, and 31235 accepted.
[1 : mcmc] Progress @ 2026-06-22 20:58:54 : 185349 steps taken, and 30967 accepted.
[0 : mcmc] Progress @ 2026-06-22 20:59:41 : 185440 steps taken, and 30928 accepted.
[2 : mcmc] Progress @ 2026-06-22 20:59:42 : 183867 steps taken, and 30761 accepted.
[3 : mcmc] Progress @ 2026-06-22 20:59:55 : 185672 steps taken, and 31253 accepted.
[1 : mcmc] Progress @ 2026-06-22 21:00:00 : 185449 steps taken, and 30986 accepted.
[2 : mcmc] Progress @ 2026-06-22 21:00:42 : 183956 steps taken, and 30778 accepted.
[0 : mcmc] Progress @ 2026-06-22 21:00:45 : 185557 steps taken, and 30950 accepted.
[3 : mcmc] Progress @ 2026-06-22 21:00:56 : 185766 steps taken, and 31274 accepted.
[1 : mcmc] Progress @ 2026-06-22 21:01:04 : 185582 steps taken, and 31007 accepted.
[2 : mcmc] Progress @ 2026-06-22 21:01:42 : 184055 steps taken, and 30796 accepted.
[0 : mcmc] Progress @ 2026-06-22 21:01:45 : 185685 steps taken, and 30979 accepted.
[3 : mcmc] Progress @ 2026-06-22 21:01:56 : 185867 steps taken, and 31291 accepted.
[1 : mcmc] Progress @ 2026-06-22 21:02:06 : 185678 steps taken, and 31023 accepted.
[2 : mcmc] Progress @ 2026-06-22 21:02:47 : 184146 steps taken, and 30815 accepted.
[0 : mcmc] Progress @ 2026-06-22 21:02:49 : 185808 steps taken, and 31005 accepted.
[3 : mcmc] Progress @ 2026-06-22 21:02:56 : 185955 steps taken, and 31306 accepted.
[1 : mcmc] Progress @ 2026-06-22 21:03:06 : 185787 steps taken, and 31045 accepted.
[0 : mcmc] Progress @ 2026-06-22 21:03:50 : 185896 steps taken, and 31022 accepted.
[2 : mcmc] Progress @ 2026-06-22 21:03:52 : 184261 steps taken, and 30843 accepted.
[3 : mcmc] Progress @ 2026-06-22 21:03:57 : 186057 steps taken, and 31328 accepted.
[1 : mcmc] Progress @ 2026-06-22 21:04:15 : 185900 steps taken, and 31071 accepted.
[2 : mcmc] Progress @ 2026-06-22 21:04:52 : 184353 steps taken, and 30864 accepted.
[0 : mcmc] Progress @ 2026-06-22 21:04:53 : 185972 steps taken, and 31036 accepted.
[3 : mcmc] Progress @ 2026-06-22 21:05:03 : 186168 steps taken, and 31353 accepted.
[1 : mcmc] Progress @ 2026-06-22 21:05:20 : 185993 steps taken, and 31086 accepted.
[0 : mcmc] Progress @ 2026-06-22 21:05:54 : 186080 steps taken, and 31058 accepted.
[2 : mcmc] Progress @ 2026-06-22 21:06:01 : 184475 steps taken, and 30890 accepted.
[3 : mcmc] Progress @ 2026-06-22 21:06:03 : 186258 steps taken, and 31372 accepted.
[1 : mcmc] Progress @ 2026-06-22 21:06:21 : 186127 steps taken, and 31109 accepted.
[0 : mcmc] Progress @ 2026-06-22 21:06:58 : 186198 steps taken, and 31073 accepted.
[2 : mcmc] Progress @ 2026-06-22 21:07:01 : 184573 steps taken, and 30907 accepted.
[3 : mcmc] Progress @ 2026-06-22 21:07:06 : 186379 steps taken, and 31394 accepted.
[1 : mcmc] Progress @ 2026-06-22 21:07:23 : 186231 steps taken, and 31133 accepted.
[0 : mcmc] Progress @ 2026-06-22 21:07:59 : 186309 steps taken, and 31090 accepted.
[2 : mcmc] Progress @ 2026-06-22 21:08:04 : 184672 steps taken, and 30930 accepted.
[3 : mcmc] Progress @ 2026-06-22 21:08:08 : 186464 steps taken, and 31406 accepted.
[1 : mcmc] Progress @ 2026-06-22 21:08:24 : 186318 steps taken, and 31149 accepted.
[2 : mcmc] Progress @ 2026-06-22 21:09:06 : 184790 steps taken, and 30951 accepted.
[0 : mcmc] Progress @ 2026-06-22 21:09:07 : 186433 steps taken, and 31116 accepted.
[3 : mcmc] Progress @ 2026-06-22 21:09:08 : 186564 steps taken, and 31427 accepted.
[1 : mcmc] Progress @ 2026-06-22 21:09:30 : 186437 steps taken, and 31177 accepted.
[3 : mcmc] Progress @ 2026-06-22 21:10:08 : 186652 steps taken, and 31447 accepted.
[1 : mcmc] Learn + convergence test @ 31200 samples accepted.
[1 : mcmc] Ready to check convergence and learn a new proposal covmat (waiting for the rest...)
[2 : mcmc] Progress @ 2026-06-22 21:10:12 : 184888 steps taken, and 30970 accepted.
[0 : mcmc] Progress @ 2026-06-22 21:10:15 : 186553 steps taken, and 31144 accepted.
[1 : mcmc] Progress @ 2026-06-22 21:10:31 : 186554 steps taken, and 31203 accepted.
[3 : mcmc] Progress @ 2026-06-22 21:11:08 : 186758 steps taken, and 31465 accepted.
[0 : mcmc] Progress @ 2026-06-22 21:11:16 : 186655 steps taken, and 31165 accepted.
[2 : mcmc] Progress @ 2026-06-22 21:11:20 : 184995 steps taken, and 30989 accepted.
[1 : mcmc] Progress @ 2026-06-22 21:11:32 : 186659 steps taken, and 31223 accepted.
[3 : mcmc] Progress @ 2026-06-22 21:12:11 : 186848 steps taken, and 31486 accepted.
[0 : mcmc] Progress @ 2026-06-22 21:12:20 : 186749 steps taken, and 31185 accepted.
[2 : mcmc] Progress @ 2026-06-22 21:12:25 : 185076 steps taken, and 31006 accepted.
[1 : mcmc] Progress @ 2026-06-22 21:12:40 : 186790 steps taken, and 31253 accepted.
[0 : mcmc] Learn + convergence test @ 31200 samples accepted.
[0 : mcmc] Ready to check convergence and learn a new proposal covmat (waiting for the rest...)
[3 : mcmc] Progress @ 2026-06-22 21:13:17 : 186961 steps taken, and 31516 accepted.
[0 : mcmc] Progress @ 2026-06-22 21:13:21 : 186845 steps taken, and 31207 accepted.
[2 : mcmc] Progress @ 2026-06-22 21:13:25 : 185180 steps taken, and 31026 accepted.
[1 : mcmc] Progress @ 2026-06-22 21:13:40 : 186884 steps taken, and 31270 accepted.
[0 : mcmc] Progress @ 2026-06-22 21:14:21 : 186939 steps taken, and 31228 accepted.
[3 : mcmc] Progress @ 2026-06-22 21:14:22 : 187066 steps taken, and 31537 accepted.
[2 : mcmc] Progress @ 2026-06-22 21:14:25 : 185273 steps taken, and 31044 accepted.
[1 : mcmc] Progress @ 2026-06-22 21:14:40 : 186982 steps taken, and 31286 accepted.
[0 : mcmc] Progress @ 2026-06-22 21:15:22 : 187050 steps taken, and 31248 accepted.
[3 : mcmc] Progress @ 2026-06-22 21:15:29 : 187178 steps taken, and 31561 accepted.
[2 : mcmc] Progress @ 2026-06-22 21:15:31 : 185377 steps taken, and 31065 accepted.
[1 : mcmc] Progress @ 2026-06-22 21:15:43 : 187088 steps taken, and 31307 accepted.
[0 : mcmc] Progress @ 2026-06-22 21:16:27 : 187141 steps taken, and 31265 accepted.
[3 : mcmc] Progress @ 2026-06-22 21:16:29 : 187273 steps taken, and 31582 accepted.
[2 : mcmc] Progress @ 2026-06-22 21:16:32 : 185539 steps taken, and 31099 accepted.
[1 : mcmc] Progress @ 2026-06-22 21:16:45 : 187195 steps taken, and 31332 accepted.
[0 : mcmc] Progress @ 2026-06-22 21:17:29 : 187242 steps taken, and 31288 accepted.
[2 : mcmc] Progress @ 2026-06-22 21:17:36 : 185622 steps taken, and 31112 accepted.
[3 : mcmc] Progress @ 2026-06-22 21:17:36 : 187364 steps taken, and 31600 accepted.
[1 : mcmc] Progress @ 2026-06-22 21:17:48 : 187292 steps taken, and 31351 accepted.
[0 : mcmc] Progress @ 2026-06-22 21:18:34 : 187317 steps taken, and 31303 accepted.
[3 : mcmc] Progress @ 2026-06-22 21:18:37 : 187466 steps taken, and 31620 accepted.
[2 : mcmc] Progress @ 2026-06-22 21:18:43 : 185719 steps taken, and 31130 accepted.
[1 : mcmc] Progress @ 2026-06-22 21:18:52 : 187406 steps taken, and 31373 accepted.
[0 : mcmc] Progress @ 2026-06-22 21:19:38 : 187457 steps taken, and 31334 accepted.
[3 : mcmc] Progress @ 2026-06-22 21:19:44 : 187563 steps taken, and 31639 accepted.
[2 : mcmc] Progress @ 2026-06-22 21:19:49 : 185799 steps taken, and 31146 accepted.
[1 : mcmc] Progress @ 2026-06-22 21:19:54 : 187512 steps taken, and 31394 accepted.
[0 : mcmc] Progress @ 2026-06-22 21:20:41 : 187585 steps taken, and 31355 accepted.
[3 : mcmc] Progress @ 2026-06-22 21:20:45 : 187671 steps taken, and 31664 accepted.
[2 : mcmc] Progress @ 2026-06-22 21:20:52 : 185910 steps taken, and 31169 accepted.
[1 : mcmc] Progress @ 2026-06-22 21:20:55 : 187601 steps taken, and 31410 accepted.
[0 : mcmc] Progress @ 2026-06-22 21:21:41 : 187662 steps taken, and 31374 accepted.
[3 : mcmc] Progress @ 2026-06-22 21:21:47 : 187817 steps taken, and 31688 accepted.
[2 : mcmc] Progress @ 2026-06-22 21:21:56 : 186035 steps taken, and 31197 accepted.
[2 : mcmc] Learn + convergence test @ 31200 samples accepted.
[2 : mcmc] Ready to check convergence and learn a new proposal covmat (waiting for the rest...)
[1 : mcmc] Progress @ 2026-06-22 21:21:59 : 187712 steps taken, and 31427 accepted.
[0 : mcmc] All chains are ready to check convergence and learn a new proposal covmat
[0 : mcmc]  - Acceptance rate: 0.614 = avg([0.6115, 0.6135, 0.6131, 0.6178])
[0 : mcmc]  - Convergence of means: R-1 = 0.033533 after 125709 accepted steps = sum([31384, 31428, 31200, 31697])
[0 : mcmc]  - Updated covariance matrix of proposal pdf.
[0 : mcmc] Progress @ 2026-06-22 21:22:46 : 187799 steps taken, and 31405 accepted.
[3 : mcmc] Progress @ 2026-06-22 21:22:47 : 187932 steps taken, and 31718 accepted.
[2 : mcmc] Progress @ 2026-06-22 21:22:57 : 186145 steps taken, and 31213 accepted.
[1 : mcmc] Progress @ 2026-06-22 21:23:02 : 187789 steps taken, and 31443 accepted.
[0 : mcmc] Progress @ 2026-06-22 21:23:49 : 187838 steps taken, and 31414 accepted.
[3 : mcmc] Progress @ 2026-06-22 21:23:50 : 188024 steps taken, and 31740 accepted.
[2 : mcmc] Progress @ 2026-06-22 21:23:57 : 186248 steps taken, and 31236 accepted.
[1 : mcmc] Progress @ 2026-06-22 21:24:04 : 187908 steps taken, and 31464 accepted.
[0 : mcmc] Progress @ 2026-06-22 21:24:53 : 187966 steps taken, and 31443 accepted.
[3 : mcmc] Progress @ 2026-06-22 21:24:55 : 188126 steps taken, and 31758 accepted.
[2 : mcmc] Progress @ 2026-06-22 21:25:02 : 186336 steps taken, and 31255 accepted.
[1 : mcmc] Progress @ 2026-06-22 21:25:05 : 188004 steps taken, and 31483 accepted.
[3 : mcmc] Progress @ 2026-06-22 21:25:55 : 188256 steps taken, and 31785 accepted.
[0 : mcmc] Progress @ 2026-06-22 21:25:57 : 188075 steps taken, and 31464 accepted.
[2 : mcmc] Progress @ 2026-06-22 21:26:03 : 186451 steps taken, and 31279 accepted.
[1 : mcmc] Progress @ 2026-06-22 21:26:05 : 188101 steps taken, and 31505 accepted.
[3 : mcmc] Progress @ 2026-06-22 21:26:55 : 188334 steps taken, and 31801 accepted.
[0 : mcmc] Progress @ 2026-06-22 21:26:57 : 188198 steps taken, and 31483 accepted.
[1 : mcmc] Progress @ 2026-06-22 21:27:05 : 188182 steps taken, and 31522 accepted.
[2 : mcmc] Progress @ 2026-06-22 21:27:10 : 186530 steps taken, and 31298 accepted.
[3 : mcmc] Progress @ 2026-06-22 21:27:55 : 188414 steps taken, and 31819 accepted.
[0 : mcmc] Progress @ 2026-06-22 21:28:00 : 188283 steps taken, and 31502 accepted.
[1 : mcmc] Progress @ 2026-06-22 21:28:06 : 188275 steps taken, and 31543 accepted.
[2 : mcmc] Progress @ 2026-06-22 21:28:11 : 186641 steps taken, and 31317 accepted.
[3 : mcmc] Progress @ 2026-06-22 21:29:00 : 188532 steps taken, and 31845 accepted.
[0 : mcmc] Progress @ 2026-06-22 21:29:03 : 188385 steps taken, and 31524 accepted.
[2 : mcmc] Progress @ 2026-06-22 21:29:11 : 186741 steps taken, and 31337 accepted.
[1 : mcmc] Progress @ 2026-06-22 21:29:13 : 188382 steps taken, and 31568 accepted.
[3 : mcmc] Progress @ 2026-06-22 21:30:04 : 188603 steps taken, and 31860 accepted.
[0 : mcmc] Progress @ 2026-06-22 21:30:08 : 188522 steps taken, and 31554 accepted.
[2 : mcmc] Progress @ 2026-06-22 21:30:11 : 186840 steps taken, and 31363 accepted.
[1 : mcmc] Progress @ 2026-06-22 21:30:19 : 188483 steps taken, and 31592 accepted.
[3 : mcmc] Progress @ 2026-06-22 21:31:05 : 188722 steps taken, and 31880 accepted.
[0 : mcmc] Progress @ 2026-06-22 21:31:14 : 188617 steps taken, and 31572 accepted.
[2 : mcmc] Progress @ 2026-06-22 21:31:19 : 186951 steps taken, and 31385 accepted.
[1 : mcmc] Progress @ 2026-06-22 21:31:19 : 188582 steps taken, and 31607 accepted.
[3 : mcmc] Progress @ 2026-06-22 21:32:06 : 188810 steps taken, and 31901 accepted.
[0 : mcmc] Progress @ 2026-06-22 21:32:14 : 188693 steps taken, and 31587 accepted.
[1 : mcmc] Progress @ 2026-06-22 21:32:21 : 188667 steps taken, and 31628 accepted.
[2 : mcmc] Progress @ 2026-06-22 21:32:22 : 187025 steps taken, and 31398 accepted.
[3 : mcmc] Progress @ 2026-06-22 21:33:09 : 188934 steps taken, and 31919 accepted.
[0 : mcmc] Progress @ 2026-06-22 21:33:21 : 188809 steps taken, and 31608 accepted.
[2 : mcmc] Progress @ 2026-06-22 21:33:22 : 187149 steps taken, and 31431 accepted.
[1 : mcmc] Progress @ 2026-06-22 21:33:25 : 188786 steps taken, and 31655 accepted.
[3 : mcmc] Progress @ 2026-06-22 21:34:11 : 189025 steps taken, and 31933 accepted.
[0 : mcmc] Progress @ 2026-06-22 21:34:22 : 188890 steps taken, and 31631 accepted.
[1 : mcmc] Progress @ 2026-06-22 21:34:29 : 188885 steps taken, and 31679 accepted.
[2 : mcmc] Progress @ 2026-06-22 21:34:30 : 187257 steps taken, and 31450 accepted.
[3 : mcmc] Progress @ 2026-06-22 21:35:11 : 189105 steps taken, and 31948 accepted.
[0 : mcmc] Progress @ 2026-06-22 21:35:30 : 189000 steps taken, and 31655 accepted.
[1 : mcmc] Progress @ 2026-06-22 21:35:33 : 188990 steps taken, and 31700 accepted.
[2 : mcmc] Progress @ 2026-06-22 21:35:38 : 187364 steps taken, and 31467 accepted.
[3 : mcmc] Progress @ 2026-06-22 21:36:20 : 189240 steps taken, and 31972 accepted.
[0 : mcmc] Progress @ 2026-06-22 21:36:37 : 189098 steps taken, and 31674 accepted.
[1 : mcmc] Progress @ 2026-06-22 21:36:39 : 189101 steps taken, and 31724 accepted.
[2 : mcmc] Progress @ 2026-06-22 21:36:45 : 187484 steps taken, and 31486 accepted.
[3 : mcmc] Progress @ 2026-06-22 21:37:28 : 189331 steps taken, and 31989 accepted.
[0 : mcmc] Progress @ 2026-06-22 21:37:40 : 189186 steps taken, and 31688 accepted.
[1 : mcmc] Progress @ 2026-06-22 21:37:44 : 189225 steps taken, and 31745 accepted.
[2 : mcmc] Progress @ 2026-06-22 21:37:48 : 187570 steps taken, and 31505 accepted.
[3 : mcmc] Progress @ 2026-06-22 21:38:28 : 189444 steps taken, and 32009 accepted.
[0 : mcmc] Progress @ 2026-06-22 21:38:41 : 189326 steps taken, and 31718 accepted.
[2 : mcmc] Progress @ 2026-06-22 21:38:49 : 187687 steps taken, and 31526 accepted.
[1 : mcmc] Progress @ 2026-06-22 21:38:52 : 189326 steps taken, and 31765 accepted.
[3 : mcmc] Progress @ 2026-06-22 21:39:28 : 189508 steps taken, and 32024 accepted.
[0 : mcmc] Progress @ 2026-06-22 21:39:48 : 189424 steps taken, and 31744 accepted.
[2 : mcmc] Progress @ 2026-06-22 21:39:49 : 187806 steps taken, and 31553 accepted.
[1 : mcmc] Progress @ 2026-06-22 21:39:52 : 189459 steps taken, and 31788 accepted.
[3 : mcmc] Progress @ 2026-06-22 21:40:36 : 189637 steps taken, and 32050 accepted.
[0 : mcmc] Progress @ 2026-06-22 21:40:48 : 189508 steps taken, and 31762 accepted.
[2 : mcmc] Progress @ 2026-06-22 21:40:53 : 187906 steps taken, and 31566 accepted.
[1 : mcmc] Progress @ 2026-06-22 21:41:00 : 189560 steps taken, and 31807 accepted.
[3 : mcmc] Progress @ 2026-06-22 21:41:41 : 189732 steps taken, and 32073 accepted.
[0 : mcmc] Progress @ 2026-06-22 21:41:49 : 189630 steps taken, and 31782 accepted.
[2 : mcmc] Progress @ 2026-06-22 21:42:00 : 188007 steps taken, and 31586 accepted.
[1 : mcmc] Progress @ 2026-06-22 21:42:04 : 189659 steps taken, and 31826 accepted.
[3 : mcmc] Progress @ 2026-06-22 21:42:41 : 189835 steps taken, and 32087 accepted.
[0 : mcmc] Progress @ 2026-06-22 21:42:49 : 189728 steps taken, and 31803 accepted.
[1 : mcmc] Progress @ 2026-06-22 21:43:04 : 189753 steps taken, and 31849 accepted.
[2 : mcmc] Progress @ 2026-06-22 21:43:08 : 188097 steps taken, and 31606 accepted.
[3 : mcmc] Progress @ 2026-06-22 21:43:42 : 189958 steps taken, and 32111 accepted.
[0 : mcmc] Progress @ 2026-06-22 21:43:49 : 189823 steps taken, and 31824 accepted.
[2 : mcmc] Progress @ 2026-06-22 21:44:08 : 188187 steps taken, and 31626 accepted.
[1 : mcmc] Progress @ 2026-06-22 21:44:13 : 189839 steps taken, and 31867 accepted.
[3 : mcmc] Progress @ 2026-06-22 21:44:47 : 190038 steps taken, and 32131 accepted.
[0 : mcmc] Progress @ 2026-06-22 21:44:49 : 189933 steps taken, and 31851 accepted.
[2 : mcmc] Progress @ 2026-06-22 21:45:12 : 188278 steps taken, and 31646 accepted.
[1 : mcmc] Progress @ 2026-06-22 21:45:13 : 189941 steps taken, and 31884 accepted.
[3 : mcmc] Progress @ 2026-06-22 21:45:48 : 190155 steps taken, and 32156 accepted.
[0 : mcmc] Progress @ 2026-06-22 21:45:54 : 190004 steps taken, and 31865 accepted.
[1 : mcmc] Progress @ 2026-06-22 21:46:17 : 190072 steps taken, and 31912 accepted.
[2 : mcmc] Progress @ 2026-06-22 21:46:20 : 188371 steps taken, and 31666 accepted.
[0 : mcmc] Progress @ 2026-06-22 21:46:54 : 190105 steps taken, and 31890 accepted.
[3 : mcmc] Progress @ 2026-06-22 21:46:54 : 190249 steps taken, and 32174 accepted.
[1 : mcmc] Progress @ 2026-06-22 21:47:24 : 190154 steps taken, and 31928 accepted.
[2 : mcmc] Progress @ 2026-06-22 21:47:25 : 188522 steps taken, and 31696 accepted.
[0 : mcmc] Progress @ 2026-06-22 21:47:54 : 190206 steps taken, and 31902 accepted.
[3 : mcmc] Progress @ 2026-06-22 21:47:55 : 190339 steps taken, and 32198 accepted.
[1 : mcmc] Progress @ 2026-06-22 21:48:25 : 190238 steps taken, and 31944 accepted.
[2 : mcmc] Progress @ 2026-06-22 21:48:26 : 188599 steps taken, and 31717 accepted.
[0 : mcmc] Progress @ 2026-06-22 21:48:56 : 190346 steps taken, and 31922 accepted.
[3 : mcmc] Progress @ 2026-06-22 21:49:00 : 190429 steps taken, and 32216 accepted.
[1 : mcmc] Progress @ 2026-06-22 21:49:28 : 190353 steps taken, and 31965 accepted.
[2 : mcmc] Progress @ 2026-06-22 21:49:30 : 188690 steps taken, and 31739 accepted.
[0 : mcmc] Progress @ 2026-06-22 21:49:56 : 190430 steps taken, and 31938 accepted.
[3 : mcmc] Progress @ 2026-06-22 21:50:01 : 190507 steps taken, and 32231 accepted.
[1 : mcmc] Progress @ 2026-06-22 21:50:29 : 190447 steps taken, and 31984 accepted.
[2 : mcmc] Progress @ 2026-06-22 21:50:34 : 188813 steps taken, and 31763 accepted.
[0 : mcmc] Progress @ 2026-06-22 21:50:56 : 190557 steps taken, and 31965 accepted.
[3 : mcmc] Progress @ 2026-06-22 21:51:01 : 190597 steps taken, and 32255 accepted.
[1 : mcmc] Progress @ 2026-06-22 21:51:37 : 190557 steps taken, and 32003 accepted.
[2 : mcmc] Progress @ 2026-06-22 21:51:38 : 188910 steps taken, and 31782 accepted.
[0 : mcmc] Progress @ 2026-06-22 21:52:01 : 190646 steps taken, and 31981 accepted.
[3 : mcmc] Progress @ 2026-06-22 21:52:09 : 190709 steps taken, and 32278 accepted.
[2 : mcmc] Progress @ 2026-06-22 21:52:38 : 188996 steps taken, and 31799 accepted.
[1 : mcmc] Progress @ 2026-06-22 21:52:45 : 190674 steps taken, and 32025 accepted.
[0 : mcmc] Progress @ 2026-06-22 21:53:04 : 190729 steps taken, and 31997 accepted.
[3 : mcmc] Progress @ 2026-06-22 21:53:10 : 190796 steps taken, and 32295 accepted.
[2 : mcmc] Progress @ 2026-06-22 21:53:38 : 189098 steps taken, and 31819 accepted.
[1 : mcmc] Progress @ 2026-06-22 21:53:48 : 190761 steps taken, and 32042 accepted.
[0 : mcmc] Progress @ 2026-06-22 21:54:05 : 190818 steps taken, and 32016 accepted.
[3 : mcmc] Progress @ 2026-06-22 21:54:10 : 190878 steps taken, and 32310 accepted.
[2 : mcmc] Progress @ 2026-06-22 21:54:38 : 189193 steps taken, and 31840 accepted.
[1 : mcmc] Progress @ 2026-06-22 21:54:56 : 190878 steps taken, and 32063 accepted.
[0 : mcmc] Progress @ 2026-06-22 21:55:10 : 190950 steps taken, and 32044 accepted.
[3 : mcmc] Progress @ 2026-06-22 21:55:11 : 190955 steps taken, and 32324 accepted.
[2 : mcmc] Progress @ 2026-06-22 21:55:38 : 189277 steps taken, and 31862 accepted.
[1 : mcmc] Progress @ 2026-06-22 21:56:02 : 190949 steps taken, and 32075 accepted.
[0 : mcmc] Progress @ 2026-06-22 21:56:14 : 191014 steps taken, and 32060 accepted.
[3 : mcmc] Progress @ 2026-06-22 21:56:15 : 191068 steps taken, and 32344 accepted.
[2 : mcmc] Progress @ 2026-06-22 21:56:43 : 189364 steps taken, and 31882 accepted.
[1 : mcmc] Progress @ 2026-06-22 21:57:03 : 191057 steps taken, and 32099 accepted.
[0 : mcmc] Progress @ 2026-06-22 21:57:14 : 191127 steps taken, and 32090 accepted.
[3 : mcmc] Progress @ 2026-06-22 21:57:24 : 191171 steps taken, and 32361 accepted.
[2 : mcmc] Progress @ 2026-06-22 21:57:44 : 189455 steps taken, and 31904 accepted.
[1 : mcmc] Progress @ 2026-06-22 21:58:04 : 191219 steps taken, and 32128 accepted.
[0 : mcmc] Progress @ 2026-06-22 21:58:23 : 191213 steps taken, and 32111 accepted.
[3 : mcmc] Progress @ 2026-06-22 21:58:25 : 191256 steps taken, and 32377 accepted.
[2 : mcmc] Progress @ 2026-06-22 21:58:48 : 189554 steps taken, and 31925 accepted.
[1 : mcmc] Progress @ 2026-06-22 21:59:08 : 191305 steps taken, and 32140 accepted.
[3 : mcmc] Learn + convergence test @ 32400 samples accepted.
[3 : mcmc] Ready to check convergence and learn a new proposal covmat (waiting for the rest...)
[0 : mcmc] Progress @ 2026-06-22 21:59:23 : 191310 steps taken, and 32130 accepted.
[3 : mcmc] Progress @ 2026-06-22 21:59:33 : 191392 steps taken, and 32404 accepted.
[2 : mcmc] Progress @ 2026-06-22 21:59:48 : 189664 steps taken, and 31946 accepted.
[1 : mcmc] Progress @ 2026-06-22 22:00:13 : 191426 steps taken, and 32165 accepted.
[0 : mcmc] Progress @ 2026-06-22 22:00:26 : 191414 steps taken, and 32150 accepted.
[3 : mcmc] Progress @ 2026-06-22 22:00:37 : 191470 steps taken, and 32419 accepted.
[2 : mcmc] Progress @ 2026-06-22 22:00:52 : 189722 steps taken, and 31956 accepted.
[1 : mcmc] Progress @ 2026-06-22 22:01:13 : 191545 steps taken, and 32187 accepted.
[0 : mcmc] Progress @ 2026-06-22 22:01:27 : 191492 steps taken, and 32166 accepted.
[3 : mcmc] Progress @ 2026-06-22 22:01:37 : 191552 steps taken, and 32436 accepted.
[2 : mcmc] Progress @ 2026-06-22 22:01:52 : 189816 steps taken, and 31980 accepted.
[1 : mcmc] Progress @ 2026-06-22 22:02:22 : 191653 steps taken, and 32214 accepted.
[0 : mcmc] Progress @ 2026-06-22 22:02:35 : 191582 steps taken, and 32185 accepted.
[3 : mcmc] Progress @ 2026-06-22 22:02:40 : 191663 steps taken, and 32461 accepted.
[2 : mcmc] Progress @ 2026-06-22 22:02:55 : 189927 steps taken, and 32006 accepted.
[1 : mcmc] Progress @ 2026-06-22 22:03:23 : 191746 steps taken, and 32234 accepted.
[0 : mcmc] Progress @ 2026-06-22 22:03:35 : 191700 steps taken, and 32210 accepted.
[3 : mcmc] Progress @ 2026-06-22 22:03:46 : 191776 steps taken, and 32483 accepted.
[2 : mcmc] Progress @ 2026-06-22 22:04:01 : 190013 steps taken, and 32024 accepted.
[1 : mcmc] Progress @ 2026-06-22 22:04:29 : 191820 steps taken, and 32250 accepted.
[0 : mcmc] Progress @ 2026-06-22 22:04:35 : 191817 steps taken, and 32227 accepted.
[3 : mcmc] Progress @ 2026-06-22 22:04:46 : 191868 steps taken, and 32503 accepted.
[2 : mcmc] Progress @ 2026-06-22 22:05:03 : 190086 steps taken, and 32035 accepted.
[1 : mcmc] Progress @ 2026-06-22 22:05:35 : 191954 steps taken, and 32276 accepted.
[0 : mcmc] Progress @ 2026-06-22 22:05:41 : 191899 steps taken, and 32248 accepted.
[3 : mcmc] Progress @ 2026-06-22 22:05:53 : 192010 steps taken, and 32525 accepted.
[2 : mcmc] Progress @ 2026-06-22 22:06:08 : 190226 steps taken, and 32055 accepted.
[1 : mcmc] Progress @ 2026-06-22 22:06:36 : 192047 steps taken, and 32294 accepted.
[0 : mcmc] Progress @ 2026-06-22 22:06:46 : 191989 steps taken, and 32269 accepted.
[3 : mcmc] Progress @ 2026-06-22 22:06:56 : 192097 steps taken, and 32546 accepted.
[2 : mcmc] Progress @ 2026-06-22 22:07:09 : 190296 steps taken, and 32066 accepted.
[1 : mcmc] Progress @ 2026-06-22 22:07:38 : 192145 steps taken, and 32316 accepted.
[0 : mcmc] Progress @ 2026-06-22 22:07:49 : 192091 steps taken, and 32288 accepted.
[3 : mcmc] Progress @ 2026-06-22 22:07:57 : 192199 steps taken, and 32569 accepted.
[2 : mcmc] Progress @ 2026-06-22 22:08:17 : 190391 steps taken, and 32088 accepted.
[1 : mcmc] Progress @ 2026-06-22 22:08:38 : 192261 steps taken, and 32339 accepted.
[0 : mcmc] Progress @ 2026-06-22 22:08:57 : 192212 steps taken, and 32318 accepted.
[3 : mcmc] Progress @ 2026-06-22 22:09:03 : 192307 steps taken, and 32587 accepted.
[2 : mcmc] Progress @ 2026-06-22 22:09:17 : 190488 steps taken, and 32111 accepted.
[1 : mcmc] Progress @ 2026-06-22 22:09:45 : 192334 steps taken, and 32357 accepted.
[3 : mcmc] Progress @ 2026-06-22 22:10:04 : 192438 steps taken, and 32612 accepted.
[0 : mcmc] Progress @ 2026-06-22 22:10:06 : 192289 steps taken, and 32336 accepted.
[2 : mcmc] Progress @ 2026-06-22 22:10:20 : 190591 steps taken, and 32135 accepted.
[1 : mcmc] Progress @ 2026-06-22 22:10:51 : 192434 steps taken, and 32375 accepted.
[3 : mcmc] Progress @ 2026-06-22 22:11:06 : 192535 steps taken, and 32632 accepted.
[0 : mcmc] Progress @ 2026-06-22 22:11:13 : 192401 steps taken, and 32357 accepted.
[2 : mcmc] Progress @ 2026-06-22 22:11:21 : 190690 steps taken, and 32154 accepted.
[1 : mcmc] Learn + convergence test @ 32400 samples accepted.
[1 : mcmc] Ready to check convergence and learn a new proposal covmat (waiting for the rest...)
[1 : mcmc] Progress @ 2026-06-22 22:11:51 : 192563 steps taken, and 32401 accepted.
[3 : mcmc] Progress @ 2026-06-22 22:12:07 : 192639 steps taken, and 32650 accepted.
[0 : mcmc] Progress @ 2026-06-22 22:12:15 : 192524 steps taken, and 32380 accepted.
[2 : mcmc] Progress @ 2026-06-22 22:12:22 : 190797 steps taken, and 32181 accepted.
[1 : mcmc] Progress @ 2026-06-22 22:12:57 : 192646 steps taken, and 32421 accepted.
[0 : mcmc] Learn + convergence test @ 32400 samples accepted.
[0 : mcmc] Ready to check convergence and learn a new proposal covmat (waiting for the rest...)
[3 : mcmc] Progress @ 2026-06-22 22:13:07 : 192767 steps taken, and 32679 accepted.
[0 : mcmc] Progress @ 2026-06-22 22:13:21 : 192646 steps taken, and 32404 accepted.
[2 : mcmc] Progress @ 2026-06-22 22:13:28 : 190931 steps taken, and 32204 accepted.
[1 : mcmc] Progress @ 2026-06-22 22:13:57 : 192770 steps taken, and 32446 accepted.
[3 : mcmc] Progress @ 2026-06-22 22:14:11 : 192850 steps taken, and 32700 accepted.
[0 : mcmc] Progress @ 2026-06-22 22:14:22 : 192707 steps taken, and 32417 accepted.
[2 : mcmc] Progress @ 2026-06-22 22:14:33 : 191025 steps taken, and 32219 accepted.
[1 : mcmc] Progress @ 2026-06-22 22:15:04 : 192852 steps taken, and 32463 accepted.
[3 : mcmc] Progress @ 2026-06-22 22:15:11 : 192941 steps taken, and 32717 accepted.
[0 : mcmc] Progress @ 2026-06-22 22:15:31 : 192861 steps taken, and 32447 accepted.
[2 : mcmc] Progress @ 2026-06-22 22:15:36 : 191121 steps taken, and 32238 accepted.
[1 : mcmc] Progress @ 2026-06-22 22:16:13 : 192975 steps taken, and 32493 accepted.
[3 : mcmc] Progress @ 2026-06-22 22:16:14 : 193019 steps taken, and 32737 accepted.
[0 : mcmc] Progress @ 2026-06-22 22:16:32 : 192937 steps taken, and 32463 accepted.
[2 : mcmc] Progress @ 2026-06-22 22:16:42 : 191252 steps taken, and 32256 accepted.
[1 : mcmc] Progress @ 2026-06-22 22:17:13 : 193096 steps taken, and 32517 accepted.
[3 : mcmc] Progress @ 2026-06-22 22:17:23 : 193145 steps taken, and 32764 accepted.
[0 : mcmc] Progress @ 2026-06-22 22:17:33 : 193035 steps taken, and 32478 accepted.
[2 : mcmc] Progress @ 2026-06-22 22:17:47 : 191346 steps taken, and 32275 accepted.
[1 : mcmc] Progress @ 2026-06-22 22:18:21 : 193186 steps taken, and 32533 accepted.
[3 : mcmc] Progress @ 2026-06-22 22:18:25 : 193283 steps taken, and 32797 accepted.
[0 : mcmc] Progress @ 2026-06-22 22:18:33 : 193159 steps taken, and 32503 accepted.
[2 : mcmc] Progress @ 2026-06-22 22:18:47 : 191465 steps taken, and 32301 accepted.
[1 : mcmc] Progress @ 2026-06-22 22:19:25 : 193280 steps taken, and 32550 accepted.
[3 : mcmc] Progress @ 2026-06-22 22:19:29 : 193383 steps taken, and 32817 accepted.
[0 : mcmc] Progress @ 2026-06-22 22:19:40 : 193257 steps taken, and 32522 accepted.
[2 : mcmc] Progress @ 2026-06-22 22:19:51 : 191528 steps taken, and 32314 accepted.
[1 : mcmc] Progress @ 2026-06-22 22:20:30 : 193365 steps taken, and 32567 accepted.
[3 : mcmc] Progress @ 2026-06-22 22:20:33 : 193488 steps taken, and 32840 accepted.
[0 : mcmc] Progress @ 2026-06-22 22:20:46 : 193341 steps taken, and 32540 accepted.
[2 : mcmc] Progress @ 2026-06-22 22:20:52 : 191625 steps taken, and 32334 accepted.
[1 : mcmc] Progress @ 2026-06-22 22:21:36 : 193482 steps taken, and 32594 accepted.
[3 : mcmc] Progress @ 2026-06-22 22:21:38 : 193590 steps taken, and 32862 accepted.
[0 : mcmc] Progress @ 2026-06-22 22:21:52 : 193454 steps taken, and 32565 accepted.
[2 : mcmc] Progress @ 2026-06-22 22:21:59 : 191711 steps taken, and 32353 accepted.
[1 : mcmc] Progress @ 2026-06-22 22:22:38 : 193568 steps taken, and 32608 accepted.
[3 : mcmc] Progress @ 2026-06-22 22:22:40 : 193668 steps taken, and 32878 accepted.
[0 : mcmc] Progress @ 2026-06-22 22:22:57 : 193561 steps taken, and 32590 accepted.
[2 : mcmc] Progress @ 2026-06-22 22:23:04 : 191819 steps taken, and 32374 accepted.
[1 : mcmc] Progress @ 2026-06-22 22:23:43 : 193669 steps taken, and 32629 accepted.
[3 : mcmc] Progress @ 2026-06-22 22:23:46 : 193763 steps taken, and 32900 accepted.
[0 : mcmc] Progress @ 2026-06-22 22:23:58 : 193632 steps taken, and 32605 accepted.
[2 : mcmc] Progress @ 2026-06-22 22:24:12 : 191902 steps taken, and 32389 accepted.
[2 : mcmc] Learn + convergence test @ 32400 samples accepted.
[2 : mcmc] Ready to check convergence and learn a new proposal covmat (waiting for the rest...)
[0 : mcmc] All chains are ready to check convergence and learn a new proposal covmat
[1 : mcmc] Progress @ 2026-06-22 22:24:45 : 193777 steps taken, and 32654 accepted.
[3 : mcmc] Progress @ 2026-06-22 22:24:47 : 193875 steps taken, and 32924 accepted.
[0 : mcmc]  - Acceptance rate: 0.613 = avg([0.6113, 0.6128, 0.6128, 0.6169])
[0 : mcmc]  - Convergence of means: R-1 = 0.028358 after 130601 accepted steps = sum([32621, 32655, 32400, 32925])
[0 : mcmc]  - Updated covariance matrix of proposal pdf.
[0 : mcmc] Progress @ 2026-06-22 22:25:00 : 193722 steps taken, and 32622 accepted.
[2 : mcmc] Progress @ 2026-06-22 22:25:12 : 192013 steps taken, and 32412 accepted.
[1 : mcmc] Progress @ 2026-06-22 22:25:46 : 193862 steps taken, and 32670 accepted.
[3 : mcmc] Progress @ 2026-06-22 22:25:49 : 193972 steps taken, and 32943 accepted.
[0 : mcmc] Progress @ 2026-06-22 22:26:03 : 193822 steps taken, and 32644 accepted.
[2 : mcmc] Progress @ 2026-06-22 22:26:20 : 192140 steps taken, and 32436 accepted.
[3 : mcmc] Progress @ 2026-06-22 22:26:50 : 194058 steps taken, and 32965 accepted.
[1 : mcmc] Progress @ 2026-06-22 22:26:55 : 193990 steps taken, and 32700 accepted.
[0 : mcmc] Progress @ 2026-06-22 22:27:03 : 193897 steps taken, and 32661 accepted.
[2 : mcmc] Progress @ 2026-06-22 22:27:20 : 192201 steps taken, and 32453 accepted.
[3 : mcmc] Progress @ 2026-06-22 22:27:51 : 194140 steps taken, and 32985 accepted.
[0 : mcmc] Progress @ 2026-06-22 22:28:03 : 194019 steps taken, and 32686 accepted.
[1 : mcmc] Progress @ 2026-06-22 22:28:04 : 194054 steps taken, and 32716 accepted.
[2 : mcmc] Progress @ 2026-06-22 22:28:21 : 192277 steps taken, and 32468 accepted.
[3 : mcmc] Progress @ 2026-06-22 22:28:51 : 194249 steps taken, and 33004 accepted.
[1 : mcmc] Progress @ 2026-06-22 22:29:05 : 194154 steps taken, and 32735 accepted.
[0 : mcmc] Progress @ 2026-06-22 22:29:07 : 194098 steps taken, and 32701 accepted.
[2 : mcmc] Progress @ 2026-06-22 22:29:21 : 192374 steps taken, and 32492 accepted.
[3 : mcmc] Progress @ 2026-06-22 22:29:51 : 194350 steps taken, and 33026 accepted.
[1 : mcmc] Progress @ 2026-06-22 22:30:06 : 194254 steps taken, and 32755 accepted.
[0 : mcmc] Progress @ 2026-06-22 22:30:15 : 194202 steps taken, and 32721 accepted.
[2 : mcmc] Progress @ 2026-06-22 22:30:25 : 192472 steps taken, and 32516 accepted.
[3 : mcmc] Progress @ 2026-06-22 22:30:55 : 194418 steps taken, and 33039 accepted.
[1 : mcmc] Progress @ 2026-06-22 22:31:08 : 194382 steps taken, and 32782 accepted.
[0 : mcmc] Progress @ 2026-06-22 22:31:23 : 194290 steps taken, and 32732 accepted.
[2 : mcmc] Progress @ 2026-06-22 22:31:27 : 192560 steps taken, and 32536 accepted.
[3 : mcmc] Progress @ 2026-06-22 22:31:59 : 194528 steps taken, and 33057 accepted.
[1 : mcmc] Progress @ 2026-06-22 22:32:16 : 194484 steps taken, and 32803 accepted.
[0 : mcmc] Progress @ 2026-06-22 22:32:23 : 194392 steps taken, and 32749 accepted.
[2 : mcmc] Progress @ 2026-06-22 22:32:36 : 192637 steps taken, and 32555 accepted.
[3 : mcmc] Progress @ 2026-06-22 22:33:04 : 194608 steps taken, and 33078 accepted.
[1 : mcmc] Progress @ 2026-06-22 22:33:17 : 194589 steps taken, and 32824 accepted.
[0 : mcmc] Progress @ 2026-06-22 22:33:24 : 194493 steps taken, and 32766 accepted.
[2 : mcmc] Progress @ 2026-06-22 22:33:36 : 192806 steps taken, and 32592 accepted.
[3 : mcmc] Progress @ 2026-06-22 22:34:07 : 194715 steps taken, and 33103 accepted.
[1 : mcmc] Progress @ 2026-06-22 22:34:17 : 194700 steps taken, and 32845 accepted.
[0 : mcmc] Progress @ 2026-06-22 22:34:28 : 194590 steps taken, and 32788 accepted.
[2 : mcmc] Progress @ 2026-06-22 22:34:43 : 192899 steps taken, and 32614 accepted.
[3 : mcmc] Progress @ 2026-06-22 22:35:07 : 194813 steps taken, and 33126 accepted.
[1 : mcmc] Progress @ 2026-06-22 22:35:22 : 194787 steps taken, and 32868 accepted.
[0 : mcmc] Progress @ 2026-06-22 22:35:34 : 194690 steps taken, and 32809 accepted.
[2 : mcmc] Progress @ 2026-06-22 22:35:44 : 193015 steps taken, and 32641 accepted.
[3 : mcmc] Progress @ 2026-06-22 22:36:11 : 194915 steps taken, and 33145 accepted.
[1 : mcmc] Progress @ 2026-06-22 22:36:31 : 194892 steps taken, and 32890 accepted.
[0 : mcmc] Progress @ 2026-06-22 22:36:40 : 194795 steps taken, and 32835 accepted.
[2 : mcmc] Progress @ 2026-06-22 22:36:44 : 193114 steps taken, and 32659 accepted.
[3 : mcmc] Progress @ 2026-06-22 22:37:19 : 195041 steps taken, and 33166 accepted.
[1 : mcmc] Progress @ 2026-06-22 22:37:31 : 195025 steps taken, and 32919 accepted.
[0 : mcmc] Progress @ 2026-06-22 22:37:44 : 194907 steps taken, and 32855 accepted.
[2 : mcmc] Progress @ 2026-06-22 22:37:46 : 193186 steps taken, and 32674 accepted.
[3 : mcmc] Progress @ 2026-06-22 22:38:23 : 195137 steps taken, and 33185 accepted.
[1 : mcmc] Progress @ 2026-06-22 22:38:35 : 195141 steps taken, and 32939 accepted.
[0 : mcmc] Progress @ 2026-06-22 22:38:44 : 194986 steps taken, and 32872 accepted.
[2 : mcmc] Progress @ 2026-06-22 22:38:46 : 193322 steps taken, and 32703 accepted.
[3 : mcmc] Progress @ 2026-06-22 22:39:25 : 195262 steps taken, and 33205 accepted.
[1 : mcmc] Progress @ 2026-06-22 22:39:40 : 195264 steps taken, and 32958 accepted.
[0 : mcmc] Progress @ 2026-06-22 22:39:52 : 195104 steps taken, and 32893 accepted.
[2 : mcmc] Progress @ 2026-06-22 22:39:54 : 193428 steps taken, and 32727 accepted.
[3 : mcmc] Progress @ 2026-06-22 22:40:31 : 195358 steps taken, and 33223 accepted.
[1 : mcmc] Progress @ 2026-06-22 22:40:40 : 195346 steps taken, and 32975 accepted.
[0 : mcmc] Progress @ 2026-06-22 22:40:53 : 195217 steps taken, and 32923 accepted.
[2 : mcmc] Progress @ 2026-06-22 22:40:59 : 193529 steps taken, and 32748 accepted.
[3 : mcmc] Progress @ 2026-06-22 22:41:34 : 195484 steps taken, and 33248 accepted.
[1 : mcmc] Progress @ 2026-06-22 22:41:43 : 195434 steps taken, and 32994 accepted.
[0 : mcmc] Progress @ 2026-06-22 22:41:56 : 195327 steps taken, and 32945 accepted.
[2 : mcmc] Progress @ 2026-06-22 22:41:59 : 193617 steps taken, and 32771 accepted.
[3 : mcmc] Progress @ 2026-06-22 22:42:40 : 195575 steps taken, and 33262 accepted.
[1 : mcmc] Progress @ 2026-06-22 22:42:45 : 195528 steps taken, and 33018 accepted.
[0 : mcmc] Progress @ 2026-06-22 22:43:00 : 195437 steps taken, and 32970 accepted.
[2 : mcmc] Progress @ 2026-06-22 22:43:02 : 193708 steps taken, and 32791 accepted.
[3 : mcmc] Progress @ 2026-06-22 22:43:43 : 195697 steps taken, and 33288 accepted.
[1 : mcmc] Progress @ 2026-06-22 22:43:46 : 195636 steps taken, and 33039 accepted.
[0 : mcmc] Progress @ 2026-06-22 22:44:06 : 195570 steps taken, and 32991 accepted.
[2 : mcmc] Progress @ 2026-06-22 22:44:08 : 193785 steps taken, and 32803 accepted.
[3 : mcmc] Progress @ 2026-06-22 22:44:43 : 195791 steps taken, and 33307 accepted.
[1 : mcmc] Progress @ 2026-06-22 22:44:53 : 195730 steps taken, and 33064 accepted.
[2 : mcmc] Progress @ 2026-06-22 22:45:08 : 193918 steps taken, and 32833 accepted.
[0 : mcmc] Progress @ 2026-06-22 22:45:11 : 195665 steps taken, and 33009 accepted.
[3 : mcmc] Progress @ 2026-06-22 22:45:43 : 195865 steps taken, and 33329 accepted.
[1 : mcmc] Progress @ 2026-06-22 22:45:56 : 195834 steps taken, and 33093 accepted.
[0 : mcmc] Progress @ 2026-06-22 22:46:13 : 195786 steps taken, and 33033 accepted.
[2 : mcmc] Progress @ 2026-06-22 22:46:17 : 193987 steps taken, and 32847 accepted.
[3 : mcmc] Progress @ 2026-06-22 22:46:43 : 195965 steps taken, and 33350 accepted.
[1 : mcmc] Progress @ 2026-06-22 22:47:01 : 195929 steps taken, and 33115 accepted.
[0 : mcmc] Progress @ 2026-06-22 22:47:17 : 195884 steps taken, and 33059 accepted.
[2 : mcmc] Progress @ 2026-06-22 22:47:20 : 194101 steps taken, and 32866 accepted.
[3 : mcmc] Progress @ 2026-06-22 22:47:46 : 196042 steps taken, and 33365 accepted.
[1 : mcmc] Progress @ 2026-06-22 22:48:03 : 196039 steps taken, and 33136 accepted.
[0 : mcmc] Progress @ 2026-06-22 22:48:21 : 195945 steps taken, and 33068 accepted.
[2 : mcmc] Progress @ 2026-06-22 22:48:28 : 194213 steps taken, and 32891 accepted.
[3 : mcmc] Progress @ 2026-06-22 22:48:48 : 196147 steps taken, and 33385 accepted.
[1 : mcmc] Progress @ 2026-06-22 22:49:08 : 196157 steps taken, and 33158 accepted.
[0 : mcmc] Progress @ 2026-06-22 22:49:25 : 196075 steps taken, and 33091 accepted.
[2 : mcmc] Progress @ 2026-06-22 22:49:33 : 194311 steps taken, and 32915 accepted.
[3 : mcmc] Progress @ 2026-06-22 22:49:50 : 196253 steps taken, and 33406 accepted.
[1 : mcmc] Progress @ 2026-06-22 22:50:16 : 196219 steps taken, and 33171 accepted.
[0 : mcmc] Progress @ 2026-06-22 22:50:29 : 196175 steps taken, and 33113 accepted.
[2 : mcmc] Progress @ 2026-06-22 22:50:37 : 194418 steps taken, and 32941 accepted.
[3 : mcmc] Progress @ 2026-06-22 22:50:50 : 196329 steps taken, and 33415 accepted.
[1 : mcmc] Progress @ 2026-06-22 22:51:22 : 196371 steps taken, and 33202 accepted.
[0 : mcmc] Progress @ 2026-06-22 22:51:32 : 196286 steps taken, and 33132 accepted.
[2 : mcmc] Progress @ 2026-06-22 22:51:42 : 194562 steps taken, and 32971 accepted.
[3 : mcmc] Progress @ 2026-06-22 22:51:55 : 196447 steps taken, and 33444 accepted.
[1 : mcmc] Progress @ 2026-06-22 22:52:22 : 196461 steps taken, and 33216 accepted.
[0 : mcmc] Progress @ 2026-06-22 22:52:32 : 196380 steps taken, and 33149 accepted.
[2 : mcmc] Progress @ 2026-06-22 22:52:46 : 194657 steps taken, and 32994 accepted.
[3 : mcmc] Progress @ 2026-06-22 22:52:55 : 196519 steps taken, and 33456 accepted.
[1 : mcmc] Progress @ 2026-06-22 22:53:30 : 196557 steps taken, and 33234 accepted.
[0 : mcmc] Progress @ 2026-06-22 22:53:32 : 196486 steps taken, and 33174 accepted.
[2 : mcmc] Progress @ 2026-06-22 22:53:48 : 194757 steps taken, and 33012 accepted.
[3 : mcmc] Progress @ 2026-06-22 22:53:58 : 196635 steps taken, and 33480 accepted.
[1 : mcmc] Progress @ 2026-06-22 22:54:30 : 196650 steps taken, and 33253 accepted.
[0 : mcmc] Progress @ 2026-06-22 22:54:40 : 196562 steps taken, and 33190 accepted.
[2 : mcmc] Progress @ 2026-06-22 22:54:49 : 194850 steps taken, and 33028 accepted.
[3 : mcmc] Progress @ 2026-06-22 22:55:05 : 196739 steps taken, and 33500 accepted.
[1 : mcmc] Progress @ 2026-06-22 22:55:33 : 196781 steps taken, and 33279 accepted.
[0 : mcmc] Progress @ 2026-06-22 22:55:47 : 196665 steps taken, and 33214 accepted.
[2 : mcmc] Progress @ 2026-06-22 22:55:49 : 194953 steps taken, and 33050 accepted.
[3 : mcmc] Progress @ 2026-06-22 22:56:08 : 196852 steps taken, and 33517 accepted.
[1 : mcmc] Progress @ 2026-06-22 22:56:35 : 196902 steps taken, and 33300 accepted.
[0 : mcmc] Progress @ 2026-06-22 22:56:47 : 196788 steps taken, and 33236 accepted.
[2 : mcmc] Progress @ 2026-06-22 22:56:54 : 195056 steps taken, and 33070 accepted.
[3 : mcmc] Progress @ 2026-06-22 22:57:08 : 196957 steps taken, and 33540 accepted.
[1 : mcmc] Progress @ 2026-06-22 22:57:43 : 197001 steps taken, and 33320 accepted.
[0 : mcmc] Progress @ 2026-06-22 22:57:53 : 196878 steps taken, and 33252 accepted.
[2 : mcmc] Progress @ 2026-06-22 22:57:57 : 195132 steps taken, and 33090 accepted.
[3 : mcmc] Progress @ 2026-06-22 22:58:13 : 197021 steps taken, and 33555 accepted.
[1 : mcmc] Progress @ 2026-06-22 22:58:43 : 197102 steps taken, and 33343 accepted.
[2 : mcmc] Progress @ 2026-06-22 22:58:57 : 195240 steps taken, and 33108 accepted.
[0 : mcmc] Progress @ 2026-06-22 22:58:59 : 196981 steps taken, and 33275 accepted.
[3 : mcmc] Progress @ 2026-06-22 22:59:16 : 197108 steps taken, and 33569 accepted.
[1 : mcmc] Progress @ 2026-06-22 22:59:50 : 197220 steps taken, and 33365 accepted.
[2 : mcmc] Progress @ 2026-06-22 22:59:59 : 195347 steps taken, and 33131 accepted.
[0 : mcmc] Progress @ 2026-06-22 22:59:59 : 197085 steps taken, and 33291 accepted.
[3 : mcmc] Progress @ 2026-06-22 23:00:16 : 197234 steps taken, and 33595 accepted.
[3 : mcmc] Learn + convergence test @ 33600 samples accepted.
[3 : mcmc] Ready to check convergence and learn a new proposal covmat (waiting for the rest...)
[1 : mcmc] Progress @ 2026-06-22 23:00:54 : 197317 steps taken, and 33385 accepted.
[0 : mcmc] Progress @ 2026-06-22 23:01:00 : 197161 steps taken, and 33308 accepted.
[2 : mcmc] Progress @ 2026-06-22 23:01:04 : 195421 steps taken, and 33149 accepted.
[3 : mcmc] Progress @ 2026-06-22 23:01:17 : 197335 steps taken, and 33613 accepted.
[1 : mcmc] Progress @ 2026-06-22 23:01:55 : 197434 steps taken, and 33409 accepted.
[0 : mcmc] Progress @ 2026-06-22 23:02:00 : 197258 steps taken, and 33326 accepted.
[2 : mcmc] Progress @ 2026-06-22 23:02:08 : 195527 steps taken, and 33166 accepted.
[3 : mcmc] Progress @ 2026-06-22 23:02:21 : 197407 steps taken, and 33627 accepted.
[1 : mcmc] Progress @ 2026-06-22 23:02:56 : 197498 steps taken, and 33422 accepted.
[0 : mcmc] Progress @ 2026-06-22 23:03:03 : 197334 steps taken, and 33345 accepted.
[2 : mcmc] Progress @ 2026-06-22 23:03:11 : 195632 steps taken, and 33190 accepted.
[3 : mcmc] Progress @ 2026-06-22 23:03:24 : 197467 steps taken, and 33642 accepted.
[1 : mcmc] Progress @ 2026-06-22 23:04:02 : 197609 steps taken, and 33445 accepted.
[0 : mcmc] Progress @ 2026-06-22 23:04:06 : 197438 steps taken, and 33364 accepted.
[2 : mcmc] Progress @ 2026-06-22 23:04:17 : 195735 steps taken, and 33218 accepted.
[3 : mcmc] Progress @ 2026-06-22 23:04:32 : 197637 steps taken, and 33669 accepted.
[1 : mcmc] Progress @ 2026-06-22 23:05:05 : 197742 steps taken, and 33470 accepted.
[0 : mcmc] Progress @ 2026-06-22 23:05:10 : 197559 steps taken, and 33382 accepted.
[2 : mcmc] Progress @ 2026-06-22 23:05:17 : 195848 steps taken, and 33236 accepted.
[3 : mcmc] Progress @ 2026-06-22 23:05:32 : 197723 steps taken, and 33690 accepted.
[1 : mcmc] Progress @ 2026-06-22 23:06:09 : 197832 steps taken, and 33487 accepted.
[0 : mcmc] Progress @ 2026-06-22 23:06:18 : 197681 steps taken, and 33411 accepted.
[2 : mcmc] Progress @ 2026-06-22 23:06:19 : 195944 steps taken, and 33259 accepted.
[3 : mcmc] Progress @ 2026-06-22 23:06:35 : 197842 steps taken, and 33709 accepted.
[1 : mcmc] Progress @ 2026-06-22 23:07:12 : 197947 steps taken, and 33510 accepted.
[0 : mcmc] Progress @ 2026-06-22 23:07:18 : 197801 steps taken, and 33433 accepted.
[2 : mcmc] Progress @ 2026-06-22 23:07:19 : 196041 steps taken, and 33279 accepted.
[3 : mcmc] Progress @ 2026-06-22 23:07:37 : 197957 steps taken, and 33740 accepted.
[1 : mcmc] Progress @ 2026-06-22 23:08:15 : 198027 steps taken, and 33525 accepted.
[0 : mcmc] Progress @ 2026-06-22 23:08:19 : 197932 steps taken, and 33460 accepted.
[2 : mcmc] Progress @ 2026-06-22 23:08:23 : 196147 steps taken, and 33298 accepted.
[3 : mcmc] Progress @ 2026-06-22 23:08:42 : 198063 steps taken, and 33765 accepted.
[1 : mcmc] Progress @ 2026-06-22 23:09:23 : 198157 steps taken, and 33551 accepted.
[0 : mcmc] Progress @ 2026-06-22 23:09:27 : 198036 steps taken, and 33481 accepted.
[2 : mcmc] Progress @ 2026-06-22 23:09:28 : 196221 steps taken, and 33313 accepted.
[3 : mcmc] Progress @ 2026-06-22 23:09:51 : 198147 steps taken, and 33785 accepted.
[1 : mcmc] Progress @ 2026-06-22 23:10:23 : 198322 steps taken, and 33576 accepted.
[2 : mcmc] Progress @ 2026-06-22 23:10:31 : 196352 steps taken, and 33342 accepted.
[0 : mcmc] Progress @ 2026-06-22 23:10:35 : 198135 steps taken, and 33497 accepted.
[3 : mcmc] Progress @ 2026-06-22 23:10:59 : 198299 steps taken, and 33815 accepted.
[1 : mcmc] Progress @ 2026-06-22 23:11:25 : 198395 steps taken, and 33586 accepted.
[2 : mcmc] Progress @ 2026-06-22 23:11:35 : 196452 steps taken, and 33366 accepted.
[0 : mcmc] Progress @ 2026-06-22 23:11:36 : 198220 steps taken, and 33516 accepted.
[1 : mcmc] Learn + convergence test @ 33600 samples accepted.
[1 : mcmc] Ready to check convergence and learn a new proposal covmat (waiting for the rest...)
[3 : mcmc] Progress @ 2026-06-22 23:12:07 : 198397 steps taken, and 33836 accepted.
[1 : mcmc] Progress @ 2026-06-22 23:12:27 : 198502 steps taken, and 33611 accepted.
[2 : mcmc] Progress @ 2026-06-22 23:12:40 : 196562 steps taken, and 33387 accepted.
[0 : mcmc] Progress @ 2026-06-22 23:12:42 : 198325 steps taken, and 33537 accepted.
[3 : mcmc] Progress @ 2026-06-22 23:13:09 : 198505 steps taken, and 33862 accepted.
[1 : mcmc] Progress @ 2026-06-22 23:13:27 : 198608 steps taken, and 33639 accepted.
[2 : mcmc] Progress @ 2026-06-22 23:13:40 : 196656 steps taken, and 33409 accepted.
[0 : mcmc] Progress @ 2026-06-22 23:13:44 : 198434 steps taken, and 33561 accepted.
[3 : mcmc] Progress @ 2026-06-22 23:14:18 : 198612 steps taken, and 33884 accepted.
[1 : mcmc] Progress @ 2026-06-22 23:14:30 : 198705 steps taken, and 33660 accepted.
[2 : mcmc] Progress @ 2026-06-22 23:14:47 : 196766 steps taken, and 33428 accepted.
[0 : mcmc] Progress @ 2026-06-22 23:14:52 : 198538 steps taken, and 33580 accepted.
[3 : mcmc] Progress @ 2026-06-22 23:15:19 : 198748 steps taken, and 33907 accepted.
[1 : mcmc] Progress @ 2026-06-22 23:15:30 : 198843 steps taken, and 33688 accepted.
[2 : mcmc] Progress @ 2026-06-22 23:15:47 : 196873 steps taken, and 33448 accepted.
[0 : mcmc] Progress @ 2026-06-22 23:15:59 : 198634 steps taken, and 33597 accepted.
[0 : mcmc] Learn + convergence test @ 33600 samples accepted.
[0 : mcmc] Ready to check convergence and learn a new proposal covmat (waiting for the rest...)
[3 : mcmc] Progress @ 2026-06-22 23:16:19 : 198872 steps taken, and 33936 accepted.
[1 : mcmc] Progress @ 2026-06-22 23:16:30 : 198957 steps taken, and 33713 accepted.
[2 : mcmc] Progress @ 2026-06-22 23:16:47 : 196968 steps taken, and 33467 accepted.
[0 : mcmc] Progress @ 2026-06-22 23:16:59 : 198739 steps taken, and 33619 accepted.
[3 : mcmc] Progress @ 2026-06-22 23:17:24 : 198960 steps taken, and 33953 accepted.
[1 : mcmc] Progress @ 2026-06-22 23:17:31 : 199054 steps taken, and 33736 accepted.
[2 : mcmc] Progress @ 2026-06-22 23:17:51 : 197067 steps taken, and 33489 accepted.
[0 : mcmc] Progress @ 2026-06-22 23:18:05 : 198830 steps taken, and 33636 accepted.
[3 : mcmc] Progress @ 2026-06-22 23:18:25 : 199046 steps taken, and 33972 accepted.
[1 : mcmc] Progress @ 2026-06-22 23:18:34 : 199170 steps taken, and 33759 accepted.
[2 : mcmc] Progress @ 2026-06-22 23:18:56 : 197232 steps taken, and 33522 accepted.
[0 : mcmc] Progress @ 2026-06-22 23:19:05 : 198920 steps taken, and 33651 accepted.
[3 : mcmc] Progress @ 2026-06-22 23:19:25 : 199167 steps taken, and 33996 accepted.
[1 : mcmc] Progress @ 2026-06-22 23:19:34 : 199254 steps taken, and 33778 accepted.
[2 : mcmc] Progress @ 2026-06-22 23:19:56 : 197339 steps taken, and 33540 accepted.
[0 : mcmc] Progress @ 2026-06-22 23:20:06 : 199003 steps taken, and 33668 accepted.
[3 : mcmc] Progress @ 2026-06-22 23:20:25 : 199256 steps taken, and 34008 accepted.
[1 : mcmc] Progress @ 2026-06-22 23:20:37 : 199348 steps taken, and 33795 accepted.
[2 : mcmc] Progress @ 2026-06-22 23:20:58 : 197431 steps taken, and 33560 accepted.
[0 : mcmc] Progress @ 2026-06-22 23:21:13 : 199138 steps taken, and 33695 accepted.
[3 : mcmc] Progress @ 2026-06-22 23:21:28 : 199344 steps taken, and 34025 accepted.
[1 : mcmc] Progress @ 2026-06-22 23:21:42 : 199450 steps taken, and 33822 accepted.
[2 : mcmc] Progress @ 2026-06-22 23:22:01 : 197551 steps taken, and 33583 accepted.
[0 : mcmc] Progress @ 2026-06-22 23:22:13 : 199296 steps taken, and 33722 accepted.
[3 : mcmc] Progress @ 2026-06-22 23:22:29 : 199469 steps taken, and 34050 accepted.
[2 : mcmc] Learn + convergence test @ 33600 samples accepted.
[2 : mcmc] Ready to check convergence and learn a new proposal covmat (waiting for the rest...)
[0 : mcmc] All chains are ready to check convergence and learn a new proposal covmat
[0 : mcmc]  - Acceptance rate: 0.613 = avg([0.6102, 0.6128, 0.6139, 0.6149])
[0 : mcmc]  - Convergence of means: R-1 = 0.026718 after 135227 accepted steps = sum([33725, 33847, 33600, 34055])
[0 : mcmc]  - Updated covariance matrix of proposal pdf.
[1 : mcmc] Progress @ 2026-06-22 23:22:51 : 199582 steps taken, and 33850 accepted.
[2 : mcmc] Progress @ 2026-06-22 23:23:10 : 197643 steps taken, and 33603 accepted.
[0 : mcmc] Progress @ 2026-06-22 23:23:14 : 199345 steps taken, and 33731 accepted.
[3 : mcmc] Progress @ 2026-06-22 23:23:31 : 199554 steps taken, and 34069 accepted.
[1 : mcmc] Progress @ 2026-06-22 23:23:52 : 199691 steps taken, and 33869 accepted.
[0 : mcmc] Progress @ 2026-06-22 23:24:14 : 199439 steps taken, and 33749 accepted.
[2 : mcmc] Progress @ 2026-06-22 23:24:15 : 197750 steps taken, and 33629 accepted.
[3 : mcmc] Progress @ 2026-06-22 23:24:34 : 199660 steps taken, and 34087 accepted.
[1 : mcmc] Progress @ 2026-06-22 23:24:56 : 199800 steps taken, and 33892 accepted.
[0 : mcmc] Progress @ 2026-06-22 23:25:14 : 199556 steps taken, and 33771 accepted.
[2 : mcmc] Progress @ 2026-06-22 23:25:22 : 197849 steps taken, and 33648 accepted.
[3 : mcmc] Progress @ 2026-06-22 23:25:34 : 199804 steps taken, and 34117 accepted.
[1 : mcmc] Progress @ 2026-06-22 23:25:56 : 199913 steps taken, and 33910 accepted.
[0 : mcmc] Progress @ 2026-06-22 23:26:20 : 199621 steps taken, and 33783 accepted.
[2 : mcmc] Progress @ 2026-06-22 23:26:22 : 197952 steps taken, and 33671 accepted.
[3 : mcmc] Progress @ 2026-06-22 23:26:41 : 199893 steps taken, and 34132 accepted.
[1 : mcmc] Progress @ 2026-06-22 23:26:58 : 200004 steps taken, and 33918 accepted.
[2 : mcmc] Progress @ 2026-06-22 23:27:23 : 198034 steps taken, and 33688 accepted.
[0 : mcmc] Progress @ 2026-06-22 23:27:23 : 199719 steps taken, and 33805 accepted.
[3 : mcmc] Progress @ 2026-06-22 23:27:44 : 200029 steps taken, and 34162 accepted.
[1 : mcmc] Progress @ 2026-06-22 23:28:06 : 200126 steps taken, and 33940 accepted.
[2 : mcmc] Progress @ 2026-06-22 23:28:23 : 198107 steps taken, and 33703 accepted.
[0 : mcmc] Progress @ 2026-06-22 23:28:23 : 199855 steps taken, and 33833 accepted.
[3 : mcmc] Progress @ 2026-06-22 23:28:50 : 200108 steps taken, and 34177 accepted.
[1 : mcmc] Progress @ 2026-06-22 23:29:08 : 200223 steps taken, and 33964 accepted.
[2 : mcmc] Progress @ 2026-06-22 23:29:23 : 198222 steps taken, and 33734 accepted.
[0 : mcmc] Progress @ 2026-06-22 23:29:23 : 199938 steps taken, and 33854 accepted.
[3 : mcmc] Progress @ 2026-06-22 23:29:50 : 200239 steps taken, and 34199 accepted.
[1 : mcmc] Progress @ 2026-06-22 23:30:09 : 200303 steps taken, and 33980 accepted.
[2 : mcmc] Progress @ 2026-06-22 23:30:25 : 198351 steps taken, and 33764 accepted.
[0 : mcmc] Progress @ 2026-06-22 23:30:29 : 200030 steps taken, and 33872 accepted.
[3 : mcmc] Progress @ 2026-06-22 23:30:50 : 200351 steps taken, and 34223 accepted.
[1 : mcmc] Progress @ 2026-06-22 23:31:17 : 200419 steps taken, and 34005 accepted.
[2 : mcmc] Progress @ 2026-06-22 23:31:25 : 198426 steps taken, and 33781 accepted.
[0 : mcmc] Progress @ 2026-06-22 23:31:35 : 200107 steps taken, and 33889 accepted.
[3 : mcmc] Progress @ 2026-06-22 23:31:51 : 200442 steps taken, and 34244 accepted.
[1 : mcmc] Progress @ 2026-06-22 23:32:18 : 200502 steps taken, and 34025 accepted.
[2 : mcmc] Progress @ 2026-06-22 23:32:29 : 198534 steps taken, and 33797 accepted.
[0 : mcmc] Progress @ 2026-06-22 23:32:44 : 200237 steps taken, and 33915 accepted.
[3 : mcmc] Progress @ 2026-06-22 23:32:51 : 200541 steps taken, and 34266 accepted.
[1 : mcmc] Progress @ 2026-06-22 23:33:18 : 200626 steps taken, and 34055 accepted.
[2 : mcmc] Progress @ 2026-06-22 23:33:33 : 198653 steps taken, and 33815 accepted.
[0 : mcmc] Progress @ 2026-06-22 23:33:44 : 200347 steps taken, and 33938 accepted.
[3 : mcmc] Progress @ 2026-06-22 23:33:57 : 200634 steps taken, and 34289 accepted.
[1 : mcmc] Progress @ 2026-06-22 23:34:27 : 200744 steps taken, and 34078 accepted.
[2 : mcmc] Progress @ 2026-06-22 23:34:34 : 198739 steps taken, and 33836 accepted.
[0 : mcmc] Progress @ 2026-06-22 23:34:52 : 200468 steps taken, and 33960 accepted.
[3 : mcmc] Progress @ 2026-06-22 23:35:00 : 200728 steps taken, and 34310 accepted.
[1 : mcmc] Progress @ 2026-06-22 23:35:35 : 200855 steps taken, and 34098 accepted.
[2 : mcmc] Progress @ 2026-06-22 23:35:35 : 198838 steps taken, and 33852 accepted.
[0 : mcmc] Progress @ 2026-06-22 23:35:52 : 200591 steps taken, and 33983 accepted.
[3 : mcmc] Progress @ 2026-06-22 23:36:03 : 200824 steps taken, and 34328 accepted.
[1 : mcmc] Progress @ 2026-06-22 23:36:35 : 200964 steps taken, and 34122 accepted.
[2 : mcmc] Progress @ 2026-06-22 23:36:35 : 198939 steps taken, and 33869 accepted.
[0 : mcmc] Progress @ 2026-06-22 23:36:59 : 200692 steps taken, and 34003 accepted.
[3 : mcmc] Progress @ 2026-06-22 23:37:05 : 200957 steps taken, and 34355 accepted.
[2 : mcmc] Progress @ 2026-06-22 23:37:35 : 199045 steps taken, and 33890 accepted.
[1 : mcmc] Progress @ 2026-06-22 23:37:38 : 201070 steps taken, and 34142 accepted.
[0 : mcmc] Progress @ 2026-06-22 23:38:02 : 200832 steps taken, and 34029 accepted.
[3 : mcmc] Progress @ 2026-06-22 23:38:05 : 201051 steps taken, and 34373 accepted.
[2 : mcmc] Progress @ 2026-06-22 23:38:35 : 199157 steps taken, and 33914 accepted.
[1 : mcmc] Progress @ 2026-06-22 23:38:39 : 201166 steps taken, and 34160 accepted.
[3 : mcmc] Progress @ 2026-06-22 23:39:06 : 201141 steps taken, and 34396 accepted.
[0 : mcmc] Progress @ 2026-06-22 23:39:09 : 200951 steps taken, and 34051 accepted.
[2 : mcmc] Progress @ 2026-06-22 23:39:35 : 199226 steps taken, and 33929 accepted.
[1 : mcmc] Progress @ 2026-06-22 23:39:41 : 201294 steps taken, and 34189 accepted.
[3 : mcmc] Progress @ 2026-06-22 23:40:06 : 201236 steps taken, and 34422 accepted.
[0 : mcmc] Progress @ 2026-06-22 23:40:12 : 201035 steps taken, and 34069 accepted.
[2 : mcmc] Progress @ 2026-06-22 23:40:35 : 199320 steps taken, and 33947 accepted.
[1 : mcmc] Progress @ 2026-06-22 23:40:46 : 201362 steps taken, and 34209 accepted.
[3 : mcmc] Progress @ 2026-06-22 23:41:06 : 201325 steps taken, and 34436 accepted.
[0 : mcmc] Progress @ 2026-06-22 23:41:12 : 201135 steps taken, and 34091 accepted.
[2 : mcmc] Progress @ 2026-06-22 23:41:36 : 199411 steps taken, and 33964 accepted.
[1 : mcmc] Progress @ 2026-06-22 23:41:50 : 201470 steps taken, and 34234 accepted.
[3 : mcmc] Progress @ 2026-06-22 23:42:10 : 201433 steps taken, and 34454 accepted.
[0 : mcmc] Progress @ 2026-06-22 23:42:18 : 201211 steps taken, and 34107 accepted.
[2 : mcmc] Progress @ 2026-06-22 23:42:43 : 199498 steps taken, and 33987 accepted.
[1 : mcmc] Progress @ 2026-06-22 23:42:56 : 201579 steps taken, and 34263 accepted.
[3 : mcmc] Progress @ 2026-06-22 23:43:10 : 201514 steps taken, and 34472 accepted.
[0 : mcmc] Progress @ 2026-06-22 23:43:24 : 201341 steps taken, and 34130 accepted.
[2 : mcmc] Progress @ 2026-06-22 23:43:47 : 199580 steps taken, and 34003 accepted.
[1 : mcmc] Progress @ 2026-06-22 23:43:56 : 201673 steps taken, and 34280 accepted.
[3 : mcmc] Progress @ 2026-06-22 23:44:13 : 201623 steps taken, and 34497 accepted.
[0 : mcmc] Progress @ 2026-06-22 23:44:28 : 201483 steps taken, and 34158 accepted.
[2 : mcmc] Progress @ 2026-06-22 23:44:47 : 199699 steps taken, and 34025 accepted.
[1 : mcmc] Progress @ 2026-06-22 23:44:57 : 201766 steps taken, and 34296 accepted.
[3 : mcmc] Progress @ 2026-06-22 23:45:18 : 201748 steps taken, and 34519 accepted.
[0 : mcmc] Progress @ 2026-06-22 23:45:29 : 201563 steps taken, and 34176 accepted.
[2 : mcmc] Progress @ 2026-06-22 23:45:47 : 199807 steps taken, and 34050 accepted.
[1 : mcmc] Progress @ 2026-06-22 23:46:00 : 201868 steps taken, and 34319 accepted.
[3 : mcmc] Progress @ 2026-06-22 23:46:23 : 201841 steps taken, and 34540 accepted.
[0 : mcmc] Progress @ 2026-06-22 23:46:29 : 201666 steps taken, and 34196 accepted.
[2 : mcmc] Progress @ 2026-06-22 23:46:55 : 199902 steps taken, and 34065 accepted.
[1 : mcmc] Progress @ 2026-06-22 23:47:03 : 201997 steps taken, and 34342 accepted.
[3 : mcmc] Progress @ 2026-06-22 23:47:25 : 201925 steps taken, and 34557 accepted.
[0 : mcmc] Progress @ 2026-06-22 23:47:35 : 201778 steps taken, and 34222 accepted.
[2 : mcmc] Progress @ 2026-06-22 23:47:59 : 200016 steps taken, and 34084 accepted.
[1 : mcmc] Progress @ 2026-06-22 23:48:04 : 202083 steps taken, and 34353 accepted.
[3 : mcmc] Progress @ 2026-06-22 23:48:25 : 202072 steps taken, and 34581 accepted.
[0 : mcmc] Progress @ 2026-06-22 23:48:42 : 201862 steps taken, and 34239 accepted.
[2 : mcmc] Progress @ 2026-06-22 23:49:02 : 200124 steps taken, and 34106 accepted.
[1 : mcmc] Progress @ 2026-06-22 23:49:12 : 202220 steps taken, and 34381 accepted.
[3 : mcmc] Progress @ 2026-06-22 23:49:29 : 202153 steps taken, and 34598 accepted.
[0 : mcmc] Progress @ 2026-06-22 23:49:42 : 201975 steps taken, and 34263 accepted.
[2 : mcmc] Progress @ 2026-06-22 23:50:03 : 200222 steps taken, and 34124 accepted.
[1 : mcmc] Progress @ 2026-06-22 23:50:14 : 202316 steps taken, and 34404 accepted.
[3 : mcmc] Progress @ 2026-06-22 23:50:37 : 202301 steps taken, and 34624 accepted.
[0 : mcmc] Progress @ 2026-06-22 23:50:51 : 202097 steps taken, and 34283 accepted.
[2 : mcmc] Progress @ 2026-06-22 23:51:05 : 200313 steps taken, and 34143 accepted.
[1 : mcmc] Progress @ 2026-06-22 23:51:14 : 202416 steps taken, and 34427 accepted.
[3 : mcmc] Progress @ 2026-06-22 23:51:38 : 202382 steps taken, and 34637 accepted.
[0 : mcmc] Progress @ 2026-06-22 23:51:58 : 202219 steps taken, and 34304 accepted.
[2 : mcmc] Progress @ 2026-06-22 23:52:06 : 200425 steps taken, and 34168 accepted.
[1 : mcmc] Progress @ 2026-06-22 23:52:17 : 202528 steps taken, and 34447 accepted.
[3 : mcmc] Progress @ 2026-06-22 23:52:43 : 202500 steps taken, and 34659 accepted.
[0 : mcmc] Progress @ 2026-06-22 23:53:05 : 202342 steps taken, and 34320 accepted.
[2 : mcmc] Progress @ 2026-06-22 23:53:07 : 200514 steps taken, and 34184 accepted.
[1 : mcmc] Progress @ 2026-06-22 23:53:20 : 202648 steps taken, and 34461 accepted.
[3 : mcmc] Progress @ 2026-06-22 23:53:44 : 202591 steps taken, and 34681 accepted.
[0 : mcmc] Progress @ 2026-06-22 23:54:07 : 202467 steps taken, and 34343 accepted.
[2 : mcmc] Progress @ 2026-06-22 23:54:15 : 200625 steps taken, and 34208 accepted.
[1 : mcmc] Progress @ 2026-06-22 23:54:29 : 202746 steps taken, and 34481 accepted.
[3 : mcmc] Progress @ 2026-06-22 23:54:48 : 202731 steps taken, and 34710 accepted.
[2 : mcmc] Progress @ 2026-06-22 23:55:15 : 200716 steps taken, and 34229 accepted.
[0 : mcmc] Progress @ 2026-06-22 23:55:15 : 202559 steps taken, and 34359 accepted.
[1 : mcmc] Progress @ 2026-06-22 23:55:30 : 202865 steps taken, and 34508 accepted.
[3 : mcmc] Progress @ 2026-06-22 23:55:56 : 202860 steps taken, and 34730 accepted.
[0 : mcmc] Progress @ 2026-06-22 23:56:17 : 202656 steps taken, and 34381 accepted.
[2 : mcmc] Progress @ 2026-06-22 23:56:18 : 200821 steps taken, and 34253 accepted.
[1 : mcmc] Progress @ 2026-06-22 23:56:34 : 202960 steps taken, and 34531 accepted.
[3 : mcmc] Progress @ 2026-06-22 23:56:56 : 202953 steps taken, and 34750 accepted.
[2 : mcmc] Progress @ 2026-06-22 23:57:20 : 200902 steps taken, and 34271 accepted.
[0 : mcmc] Progress @ 2026-06-22 23:57:21 : 202758 steps taken, and 34406 accepted.
[1 : mcmc] Progress @ 2026-06-22 23:57:37 : 203091 steps taken, and 34555 accepted.
[3 : mcmc] Progress @ 2026-06-22 23:57:58 : 203049 steps taken, and 34773 accepted.
[0 : mcmc] Progress @ 2026-06-22 23:58:21 : 202855 steps taken, and 34426 accepted.
[2 : mcmc] Progress @ 2026-06-22 23:58:22 : 201013 steps taken, and 34291 accepted.
[1 : mcmc] Progress @ 2026-06-22 23:58:37 : 203236 steps taken, and 34585 accepted.
[3 : mcmc] Progress @ 2026-06-22 23:58:59 : 203160 steps taken, and 34796 accepted.
[3 : mcmc] Learn + convergence test @ 34800 samples accepted.
[3 : mcmc] Ready to check convergence and learn a new proposal covmat (waiting for the rest...)
[0 : mcmc] Progress @ 2026-06-22 23:59:28 : 202957 steps taken, and 34450 accepted.
[2 : mcmc] Progress @ 2026-06-22 23:59:30 : 201124 steps taken, and 34316 accepted.
[1 : mcmc] Progress @ 2026-06-22 23:59:43 : 203324 steps taken, and 34601 accepted.
[3 : mcmc] Progress @ 2026-06-22 23:59:59 : 203241 steps taken, and 34811 accepted.
[2 : mcmc] Progress @ 2026-06-23 00:00:30 : 201208 steps taken, and 34338 accepted.
[0 : mcmc] Progress @ 2026-06-23 00:00:33 : 203084 steps taken, and 34473 accepted.
[1 : mcmc] Progress @ 2026-06-23 00:00:49 : 203419 steps taken, and 34611 accepted.
[3 : mcmc] Progress @ 2026-06-23 00:01:02 : 203352 steps taken, and 34834 accepted.
[0 : mcmc] Progress @ 2026-06-23 00:01:35 : 203165 steps taken, and 34492 accepted.
[2 : mcmc] Progress @ 2026-06-23 00:01:36 : 201324 steps taken, and 34360 accepted.
[1 : mcmc] Progress @ 2026-06-23 00:01:57 : 203541 steps taken, and 34638 accepted.
[3 : mcmc] Progress @ 2026-06-23 00:02:03 : 203461 steps taken, and 34850 accepted.
[2 : mcmc] Progress @ 2026-06-23 00:02:36 : 201423 steps taken, and 34383 accepted.
[0 : mcmc] Progress @ 2026-06-23 00:02:42 : 203265 steps taken, and 34515 accepted.
[1 : mcmc] Progress @ 2026-06-23 00:02:57 : 203666 steps taken, and 34656 accepted.
[3 : mcmc] Progress @ 2026-06-23 00:03:07 : 203566 steps taken, and 34871 accepted.
[2 : mcmc] Progress @ 2026-06-23 00:03:41 : 201514 steps taken, and 34402 accepted.
[0 : mcmc] Progress @ 2026-06-23 00:03:42 : 203404 steps taken, and 34545 accepted.
[1 : mcmc] Progress @ 2026-06-23 00:04:05 : 203765 steps taken, and 34674 accepted.
[3 : mcmc] Progress @ 2026-06-23 00:04:11 : 203657 steps taken, and 34892 accepted.
[0 : mcmc] Progress @ 2026-06-23 00:04:46 : 203514 steps taken, and 34567 accepted.
[2 : mcmc] Progress @ 2026-06-23 00:04:47 : 201636 steps taken, and 34432 accepted.
[1 : mcmc] Progress @ 2026-06-23 00:05:06 : 203890 steps taken, and 34699 accepted.
[3 : mcmc] Progress @ 2026-06-23 00:05:13 : 203737 steps taken, and 34907 accepted.
[0 : mcmc] Progress @ 2026-06-23 00:05:50 : 203602 steps taken, and 34587 accepted.
[2 : mcmc] Progress @ 2026-06-23 00:05:50 : 201702 steps taken, and 34443 accepted.
[1 : mcmc] Progress @ 2026-06-23 00:06:12 : 203972 steps taken, and 34714 accepted.
[3 : mcmc] Progress @ 2026-06-23 00:06:13 : 203821 steps taken, and 34922 accepted.
[2 : mcmc] Progress @ 2026-06-23 00:06:50 : 201820 steps taken, and 34471 accepted.
[0 : mcmc] Progress @ 2026-06-23 00:06:56 : 203677 steps taken, and 34602 accepted.
[3 : mcmc] Progress @ 2026-06-23 00:07:14 : 203929 steps taken, and 34945 accepted.
[1 : mcmc] Progress @ 2026-06-23 00:07:15 : 204112 steps taken, and 34744 accepted.
[2 : mcmc] Progress @ 2026-06-23 00:07:54 : 201890 steps taken, and 34484 accepted.
[0 : mcmc] Progress @ 2026-06-23 00:07:56 : 203847 steps taken, and 34632 accepted.
[1 : mcmc] Progress @ 2026-06-23 00:08:15 : 204180 steps taken, and 34760 accepted.
[3 : mcmc] Progress @ 2026-06-23 00:08:15 : 204020 steps taken, and 34964 accepted.
[2 : mcmc] Progress @ 2026-06-23 00:08:54 : 201978 steps taken, and 34500 accepted.
[0 : mcmc] Progress @ 2026-06-23 00:09:03 : 203946 steps taken, and 34659 accepted.
[1 : mcmc] Progress @ 2026-06-23 00:09:16 : 204259 steps taken, and 34779 accepted.
[3 : mcmc] Progress @ 2026-06-23 00:09:18 : 204116 steps taken, and 34983 accepted.
[2 : mcmc] Progress @ 2026-06-23 00:09:54 : 202104 steps taken, and 34530 accepted.
[1 : mcmc] Learn + convergence test @ 34800 samples accepted.
[1 : mcmc] Ready to check convergence and learn a new proposal covmat (waiting for the rest...)
[0 : mcmc] Progress @ 2026-06-23 00:10:12 : 204082 steps taken, and 34678 accepted.
[1 : mcmc] Progress @ 2026-06-23 00:10:17 : 204371 steps taken, and 34803 accepted.
[3 : mcmc] Progress @ 2026-06-23 00:10:18 : 204233 steps taken, and 35006 accepted.
[2 : mcmc] Progress @ 2026-06-23 00:10:54 : 202201 steps taken, and 34550 accepted.
[1 : mcmc] Progress @ 2026-06-23 00:11:18 : 204455 steps taken, and 34824 accepted.
[0 : mcmc] Progress @ 2026-06-23 00:11:18 : 204166 steps taken, and 34694 accepted.
[3 : mcmc] Progress @ 2026-06-23 00:11:26 : 204378 steps taken, and 35029 accepted.
[2 : mcmc] Progress @ 2026-06-23 00:11:59 : 202331 steps taken, and 34574 accepted.
[0 : mcmc] Progress @ 2026-06-23 00:12:20 : 204269 steps taken, and 34712 accepted.
[3 : mcmc] Progress @ 2026-06-23 00:12:26 : 204442 steps taken, and 35041 accepted.
[1 : mcmc] Progress @ 2026-06-23 00:12:26 : 204562 steps taken, and 34842 accepted.
[2 : mcmc] Progress @ 2026-06-23 00:13:07 : 202451 steps taken, and 34594 accepted.
[0 : mcmc] Progress @ 2026-06-23 00:13:20 : 204372 steps taken, and 34732 accepted.
[3 : mcmc] Progress @ 2026-06-23 00:13:26 : 204544 steps taken, and 35061 accepted.
[1 : mcmc] Progress @ 2026-06-23 00:13:32 : 204650 steps taken, and 34861 accepted.
[2 : mcmc] Progress @ 2026-06-23 00:14:16 : 202558 steps taken, and 34614 accepted.
[0 : mcmc] Progress @ 2026-06-23 00:14:25 : 204467 steps taken, and 34751 accepted.
[3 : mcmc] Progress @ 2026-06-23 00:14:28 : 204649 steps taken, and 35083 accepted.
[1 : mcmc] Progress @ 2026-06-23 00:14:39 : 204755 steps taken, and 34882 accepted.
[2 : mcmc] Progress @ 2026-06-23 00:15:21 : 202634 steps taken, and 34628 accepted.
[3 : mcmc] Progress @ 2026-06-23 00:15:28 : 204744 steps taken, and 35102 accepted.
[0 : mcmc] Progress @ 2026-06-23 00:15:29 : 204599 steps taken, and 34779 accepted.
[1 : mcmc] Progress @ 2026-06-23 00:15:44 : 204872 steps taken, and 34905 accepted.
[0 : mcmc] Learn + convergence test @ 34800 samples accepted.
[0 : mcmc] Ready to check convergence and learn a new proposal covmat (waiting for the rest...)
[2 : mcmc] Progress @ 2026-06-23 00:16:25 : 202722 steps taken, and 34649 accepted.
[3 : mcmc] Progress @ 2026-06-23 00:16:28 : 204832 steps taken, and 35125 accepted.
[0 : mcmc] Progress @ 2026-06-23 00:16:36 : 204735 steps taken, and 34802 accepted.
[1 : mcmc] Progress @ 2026-06-23 00:16:51 : 204965 steps taken, and 34923 accepted.
[2 : mcmc] Progress @ 2026-06-23 00:17:25 : 202799 steps taken, and 34665 accepted.
[3 : mcmc] Progress @ 2026-06-23 00:17:33 : 204933 steps taken, and 35141 accepted.
[0 : mcmc] Progress @ 2026-06-23 00:17:36 : 204819 steps taken, and 34819 accepted.
[1 : mcmc] Progress @ 2026-06-23 00:17:51 : 205057 steps taken, and 34938 accepted.
[2 : mcmc] Progress @ 2026-06-23 00:18:29 : 202926 steps taken, and 34696 accepted.
[3 : mcmc] Progress @ 2026-06-23 00:18:33 : 205065 steps taken, and 35169 accepted.
[0 : mcmc] Progress @ 2026-06-23 00:18:36 : 204903 steps taken, and 34838 accepted.
[1 : mcmc] Progress @ 2026-06-23 00:18:56 : 205153 steps taken, and 34958 accepted.
[2 : mcmc] Progress @ 2026-06-23 00:19:35 : 203043 steps taken, and 34717 accepted.
[3 : mcmc] Progress @ 2026-06-23 00:19:37 : 205130 steps taken, and 35182 accepted.
[0 : mcmc] Progress @ 2026-06-23 00:19:37 : 204995 steps taken, and 34859 accepted.
[1 : mcmc] Progress @ 2026-06-23 00:19:59 : 205270 steps taken, and 34981 accepted.
[2 : mcmc] Progress @ 2026-06-23 00:20:39 : 203146 steps taken, and 34738 accepted.
[0 : mcmc] Progress @ 2026-06-23 00:20:45 : 205130 steps taken, and 34890 accepted.
[3 : mcmc] Progress @ 2026-06-23 00:20:46 : 205277 steps taken, and 35218 accepted.
[1 : mcmc] Progress @ 2026-06-23 00:21:08 : 205344 steps taken, and 34997 accepted.
[2 : mcmc] Progress @ 2026-06-23 00:21:41 : 203262 steps taken, and 34757 accepted.
[0 : mcmc] Progress @ 2026-06-23 00:21:53 : 205229 steps taken, and 34903 accepted.
[3 : mcmc] Progress @ 2026-06-23 00:21:53 : 205356 steps taken, and 35228 accepted.
[1 : mcmc] Progress @ 2026-06-23 00:22:16 : 205449 steps taken, and 35022 accepted.
[2 : mcmc] Progress @ 2026-06-23 00:22:41 : 203321 steps taken, and 34768 accepted.
[3 : mcmc] Progress @ 2026-06-23 00:22:53 : 205451 steps taken, and 35252 accepted.
[0 : mcmc] Progress @ 2026-06-23 00:22:56 : 205322 steps taken, and 34921 accepted.
[1 : mcmc] Progress @ 2026-06-23 00:23:21 : 205541 steps taken, and 35041 accepted.
[2 : mcmc] Progress @ 2026-06-23 00:23:48 : 203416 steps taken, and 34790 accepted.
[3 : mcmc] Progress @ 2026-06-23 00:23:58 : 205556 steps taken, and 35273 accepted.
[0 : mcmc] Progress @ 2026-06-23 00:24:03 : 205417 steps taken, and 34940 accepted.
[2 : mcmc] Learn + convergence test @ 34800 samples accepted.
[2 : mcmc] Ready to check convergence and learn a new proposal covmat (waiting for the rest...)
[0 : mcmc] All chains are ready to check convergence and learn a new proposal covmat
[0 : mcmc]  - Acceptance rate: 0.612 = avg([0.6096, 0.6109, 0.6127, 0.6140])
[0 : mcmc]  - Convergence of means: R-1 = 0.023479 after 140088 accepted steps = sum([34945, 35063, 34800, 35280])
[0 : mcmc]  - Updated covariance matrix of proposal pdf.
[1 : mcmc] Progress @ 2026-06-23 00:24:29 : 205697 steps taken, and 35071 accepted.
[2 : mcmc] Progress @ 2026-06-23 00:24:48 : 203539 steps taken, and 34812 accepted.
[3 : mcmc] Progress @ 2026-06-23 00:24:59 : 205634 steps taken, and 35287 accepted.
[0 : mcmc] Progress @ 2026-06-23 00:25:07 : 205537 steps taken, and 34970 accepted.
[1 : mcmc] Progress @ 2026-06-23 00:25:31 : 205792 steps taken, and 35092 accepted.
[2 : mcmc] Progress @ 2026-06-23 00:25:53 : 203625 steps taken, and 34833 accepted.
[3 : mcmc] Progress @ 2026-06-23 00:25:59 : 205768 steps taken, and 35310 accepted.
[0 : mcmc] Progress @ 2026-06-23 00:26:09 : 205646 steps taken, and 34985 accepted.
[1 : mcmc] Progress @ 2026-06-23 00:26:31 : 205882 steps taken, and 35106 accepted.
[2 : mcmc] Progress @ 2026-06-23 00:26:55 : 203740 steps taken, and 34859 accepted.
[3 : mcmc] Progress @ 2026-06-23 00:27:08 : 205868 steps taken, and 35331 accepted.
[0 : mcmc] Progress @ 2026-06-23 00:27:11 : 205729 steps taken, and 35003 accepted.
[1 : mcmc] Progress @ 2026-06-23 00:27:36 : 205951 steps taken, and 35121 accepted.
[2 : mcmc] Progress @ 2026-06-23 00:27:55 : 203827 steps taken, and 34877 accepted.
[0 : mcmc] Progress @ 2026-06-23 00:28:11 : 205831 steps taken, and 35027 accepted.
[3 : mcmc] Progress @ 2026-06-23 00:28:17 : 205973 steps taken, and 35353 accepted.
[1 : mcmc] Progress @ 2026-06-23 00:28:37 : 206070 steps taken, and 35144 accepted.
[2 : mcmc] Progress @ 2026-06-23 00:28:59 : 203926 steps taken, and 34897 accepted.
[0 : mcmc] Progress @ 2026-06-23 00:29:17 : 205923 steps taken, and 35047 accepted.
[3 : mcmc] Progress @ 2026-06-23 00:29:17 : 206091 steps taken, and 35374 accepted.
[1 : mcmc] Progress @ 2026-06-23 00:29:42 : 206147 steps taken, and 35162 accepted.
[2 : mcmc] Progress @ 2026-06-23 00:30:00 : 204000 steps taken, and 34915 accepted.
[3 : mcmc] Progress @ 2026-06-23 00:30:21 : 206219 steps taken, and 35398 accepted.
[0 : mcmc] Progress @ 2026-06-23 00:30:21 : 206018 steps taken, and 35072 accepted.
[1 : mcmc] Progress @ 2026-06-23 00:30:44 : 206245 steps taken, and 35181 accepted.
[2 : mcmc] Progress @ 2026-06-23 00:31:08 : 204114 steps taken, and 34936 accepted.
[0 : mcmc] Progress @ 2026-06-23 00:31:22 : 206122 steps taken, and 35092 accepted.
[3 : mcmc] Progress @ 2026-06-23 00:31:26 : 206319 steps taken, and 35419 accepted.
[1 : mcmc] Progress @ 2026-06-23 00:31:44 : 206352 steps taken, and 35201 accepted.
[2 : mcmc] Progress @ 2026-06-23 00:32:08 : 204208 steps taken, and 34955 accepted.
[0 : mcmc] Progress @ 2026-06-23 00:32:24 : 206215 steps taken, and 35107 accepted.
[3 : mcmc] Progress @ 2026-06-23 00:32:30 : 206442 steps taken, and 35442 accepted.
[1 : mcmc] Progress @ 2026-06-23 00:32:52 : 206500 steps taken, and 35227 accepted.
[2 : mcmc] Progress @ 2026-06-23 00:33:11 : 204315 steps taken, and 34977 accepted.
[0 : mcmc] Progress @ 2026-06-23 00:33:24 : 206316 steps taken, and 35121 accepted.
[3 : mcmc] Progress @ 2026-06-23 00:33:30 : 206537 steps taken, and 35461 accepted.
[1 : mcmc] Progress @ 2026-06-23 00:33:58 : 206607 steps taken, and 35250 accepted.
[2 : mcmc] Progress @ 2026-06-23 00:34:12 : 204406 steps taken, and 34995 accepted.
[0 : mcmc] Progress @ 2026-06-23 00:34:24 : 206407 steps taken, and 35137 accepted.
[3 : mcmc] Progress @ 2026-06-23 00:34:38 : 206644 steps taken, and 35479 accepted.
[1 : mcmc] Progress @ 2026-06-23 00:35:03 : 206707 steps taken, and 35269 accepted.
[2 : mcmc] Progress @ 2026-06-23 00:35:15 : 204523 steps taken, and 35012 accepted.
[0 : mcmc] Progress @ 2026-06-23 00:35:25 : 206517 steps taken, and 35159 accepted.
[3 : mcmc] Progress @ 2026-06-23 00:35:41 : 206746 steps taken, and 35499 accepted.
[1 : mcmc] Progress @ 2026-06-23 00:36:03 : 206801 steps taken, and 35286 accepted.
[2 : mcmc] Progress @ 2026-06-23 00:36:18 : 204603 steps taken, and 35024 accepted.
[0 : mcmc] Progress @ 2026-06-23 00:36:25 : 206607 steps taken, and 35181 accepted.
[3 : mcmc] Progress @ 2026-06-23 00:36:41 : 206888 steps taken, and 35529 accepted.
[1 : mcmc] Progress @ 2026-06-23 00:37:05 : 206905 steps taken, and 35305 accepted.
[2 : mcmc] Progress @ 2026-06-23 00:37:19 : 204689 steps taken, and 35039 accepted.
[0 : mcmc] Progress @ 2026-06-23 00:37:29 : 206675 steps taken, and 35192 accepted.
[3 : mcmc] Progress @ 2026-06-23 00:37:43 : 206957 steps taken, and 35544 accepted.
[1 : mcmc] Progress @ 2026-06-23 00:38:10 : 206994 steps taken, and 35325 accepted.
[2 : mcmc] Progress @ 2026-06-23 00:38:21 : 204807 steps taken, and 35062 accepted.
[0 : mcmc] Progress @ 2026-06-23 00:38:29 : 206774 steps taken, and 35216 accepted.
[3 : mcmc] Progress @ 2026-06-23 00:38:47 : 207077 steps taken, and 35573 accepted.
[1 : mcmc] Progress @ 2026-06-23 00:39:11 : 207078 steps taken, and 35345 accepted.
[2 : mcmc] Progress @ 2026-06-23 00:39:22 : 204908 steps taken, and 35082 accepted.
[0 : mcmc] Progress @ 2026-06-23 00:39:37 : 206890 steps taken, and 35242 accepted.
[3 : mcmc] Progress @ 2026-06-23 00:39:47 : 207168 steps taken, and 35592 accepted.
[1 : mcmc] Progress @ 2026-06-23 00:40:11 : 207217 steps taken, and 35371 accepted.
[2 : mcmc] Progress @ 2026-06-23 00:40:22 : 205014 steps taken, and 35104 accepted.
[0 : mcmc] Progress @ 2026-06-23 00:40:44 : 206998 steps taken, and 35268 accepted.
[3 : mcmc] Progress @ 2026-06-23 00:40:47 : 207275 steps taken, and 35607 accepted.
[1 : mcmc] Progress @ 2026-06-23 00:41:12 : 207314 steps taken, and 35387 accepted.
[2 : mcmc] Progress @ 2026-06-23 00:41:23 : 205117 steps taken, and 35120 accepted.
[0 : mcmc] Progress @ 2026-06-23 00:41:52 : 207097 steps taken, and 35283 accepted.
[3 : mcmc] Progress @ 2026-06-23 00:41:53 : 207371 steps taken, and 35619 accepted.
[1 : mcmc] Progress @ 2026-06-23 00:42:15 : 207391 steps taken, and 35401 accepted.
[2 : mcmc] Progress @ 2026-06-23 00:42:31 : 205210 steps taken, and 35141 accepted.
[0 : mcmc] Progress @ 2026-06-23 00:42:53 : 207191 steps taken, and 35298 accepted.
[3 : mcmc] Progress @ 2026-06-23 00:43:00 : 207507 steps taken, and 35651 accepted.
[1 : mcmc] Progress @ 2026-06-23 00:43:17 : 207482 steps taken, and 35419 accepted.
[2 : mcmc] Progress @ 2026-06-23 00:43:35 : 205307 steps taken, and 35159 accepted.
[0 : mcmc] Progress @ 2026-06-23 00:44:01 : 207331 steps taken, and 35325 accepted.
[3 : mcmc] Progress @ 2026-06-23 00:44:01 : 207605 steps taken, and 35673 accepted.
[1 : mcmc] Progress @ 2026-06-23 00:44:17 : 207597 steps taken, and 35444 accepted.
[2 : mcmc] Progress @ 2026-06-23 00:44:39 : 205413 steps taken, and 35185 accepted.
[0 : mcmc] Progress @ 2026-06-23 00:45:01 : 207427 steps taken, and 35345 accepted.
[3 : mcmc] Progress @ 2026-06-23 00:45:02 : 207680 steps taken, and 35691 accepted.
[1 : mcmc] Progress @ 2026-06-23 00:45:22 : 207675 steps taken, and 35461 accepted.
[2 : mcmc] Progress @ 2026-06-23 00:45:44 : 205543 steps taken, and 35204 accepted.
[0 : mcmc] Progress @ 2026-06-23 00:46:01 : 207506 steps taken, and 35363 accepted.
[3 : mcmc] Progress @ 2026-06-23 00:46:11 : 207777 steps taken, and 35715 accepted.
[1 : mcmc] Progress @ 2026-06-23 00:46:29 : 207815 steps taken, and 35486 accepted.
[2 : mcmc] Progress @ 2026-06-23 00:46:53 : 205618 steps taken, and 35222 accepted.
[0 : mcmc] Progress @ 2026-06-23 00:47:06 : 207606 steps taken, and 35386 accepted.
[3 : mcmc] Progress @ 2026-06-23 00:47:11 : 207916 steps taken, and 35746 accepted.
[1 : mcmc] Progress @ 2026-06-23 00:47:35 : 207952 steps taken, and 35517 accepted.
[2 : mcmc] Progress @ 2026-06-23 00:48:02 : 205738 steps taken, and 35247 accepted.
[0 : mcmc] Progress @ 2026-06-23 00:48:07 : 207661 steps taken, and 35398 accepted.
[3 : mcmc] Progress @ 2026-06-23 00:48:14 : 208026 steps taken, and 35768 accepted.
[1 : mcmc] Progress @ 2026-06-23 00:48:40 : 208011 steps taken, and 35527 accepted.
[2 : mcmc] Progress @ 2026-06-23 00:49:09 : 205893 steps taken, and 35271 accepted.
[0 : mcmc] Progress @ 2026-06-23 00:49:12 : 207786 steps taken, and 35424 accepted.
[3 : mcmc] Progress @ 2026-06-23 00:49:17 : 208110 steps taken, and 35783 accepted.
[1 : mcmc] Progress @ 2026-06-23 00:49:43 : 208114 steps taken, and 35544 accepted.
[2 : mcmc] Progress @ 2026-06-23 00:50:12 : 205996 steps taken, and 35289 accepted.
[0 : mcmc] Progress @ 2026-06-23 00:50:13 : 207897 steps taken, and 35448 accepted.
[3 : mcmc] Progress @ 2026-06-23 00:50:19 : 208205 steps taken, and 35800 accepted.
[1 : mcmc] Progress @ 2026-06-23 00:50:43 : 208249 steps taken, and 35570 accepted.
[2 : mcmc] Progress @ 2026-06-23 00:51:12 : 206074 steps taken, and 35309 accepted.
[0 : mcmc] Progress @ 2026-06-23 00:51:18 : 207994 steps taken, and 35467 accepted.
[3 : mcmc] Progress @ 2026-06-23 00:51:20 : 208315 steps taken, and 35822 accepted.
[1 : mcmc] Progress @ 2026-06-23 00:51:49 : 208343 steps taken, and 35589 accepted.
[2 : mcmc] Progress @ 2026-06-23 00:52:12 : 206165 steps taken, and 35326 accepted.
[0 : mcmc] Progress @ 2026-06-23 00:52:20 : 208117 steps taken, and 35493 accepted.
[3 : mcmc] Progress @ 2026-06-23 00:52:28 : 208411 steps taken, and 35843 accepted.
[1 : mcmc] Progress @ 2026-06-23 00:52:58 : 208460 steps taken, and 35613 accepted.
[2 : mcmc] Progress @ 2026-06-23 00:53:18 : 206261 steps taken, and 35348 accepted.
[0 : mcmc] Progress @ 2026-06-23 00:53:21 : 208207 steps taken, and 35511 accepted.
[3 : mcmc] Progress @ 2026-06-23 00:53:29 : 208500 steps taken, and 35861 accepted.
[1 : mcmc] Progress @ 2026-06-23 00:54:04 : 208578 steps taken, and 35637 accepted.
[2 : mcmc] Progress @ 2026-06-23 00:54:25 : 206350 steps taken, and 35365 accepted.
[0 : mcmc] Progress @ 2026-06-23 00:54:27 : 208318 steps taken, and 35528 accepted.
[3 : mcmc] Progress @ 2026-06-23 00:54:29 : 208581 steps taken, and 35878 accepted.
[1 : mcmc] Progress @ 2026-06-23 00:55:07 : 208710 steps taken, and 35663 accepted.
[2 : mcmc] Progress @ 2026-06-23 00:55:29 : 206460 steps taken, and 35389 accepted.
[3 : mcmc] Progress @ 2026-06-23 00:55:30 : 208641 steps taken, and 35891 accepted.
[0 : mcmc] Progress @ 2026-06-23 00:55:34 : 208407 steps taken, and 35541 accepted.
[1 : mcmc] Progress @ 2026-06-23 00:56:07 : 208812 steps taken, and 35685 accepted.
[2 : mcmc] Progress @ 2026-06-23 00:56:29 : 206543 steps taken, and 35407 accepted.
[3 : mcmc] Progress @ 2026-06-23 00:56:37 : 208770 steps taken, and 35914 accepted.
[0 : mcmc] Progress @ 2026-06-23 00:56:40 : 208494 steps taken, and 35551 accepted.
[1 : mcmc] Progress @ 2026-06-23 00:57:07 : 208917 steps taken, and 35708 accepted.
[2 : mcmc] Progress @ 2026-06-23 00:57:30 : 206634 steps taken, and 35426 accepted.
[3 : mcmc] Progress @ 2026-06-23 00:57:39 : 208869 steps taken, and 35935 accepted.
[0 : mcmc] Progress @ 2026-06-23 00:57:46 : 208655 steps taken, and 35582 accepted.
[1 : mcmc] Progress @ 2026-06-23 00:58:14 : 209007 steps taken, and 35727 accepted.
[2 : mcmc] Progress @ 2026-06-23 00:58:32 : 206731 steps taken, and 35448 accepted.
[3 : mcmc] Progress @ 2026-06-23 00:58:40 : 208975 steps taken, and 35965 accepted.
[0 : mcmc] Progress @ 2026-06-23 00:58:52 : 208760 steps taken, and 35609 accepted.
[1 : mcmc] Progress @ 2026-06-23 00:59:16 : 209112 steps taken, and 35745 accepted.
[2 : mcmc] Progress @ 2026-06-23 00:59:40 : 206840 steps taken, and 35472 accepted.
[3 : mcmc] Progress @ 2026-06-23 00:59:41 : 209068 steps taken, and 35980 accepted.
[0 : mcmc] Progress @ 2026-06-23 00:59:56 : 208863 steps taken, and 35629 accepted.
[1 : mcmc] Progress @ 2026-06-23 01:00:16 : 209205 steps taken, and 35765 accepted.
[3 : mcmc] Progress @ 2026-06-23 01:00:42 : 209164 steps taken, and 35998 accepted.
[2 : mcmc] Progress @ 2026-06-23 01:00:47 : 207000 steps taken, and 35496 accepted.
[3 : mcmc] Learn + convergence test @ 36000 samples accepted.
[3 : mcmc] Ready to check convergence and learn a new proposal covmat (waiting for the rest...)
[0 : mcmc] Progress @ 2026-06-23 01:00:59 : 208976 steps taken, and 35654 accepted.
[1 : mcmc] Progress @ 2026-06-23 01:01:19 : 209283 steps taken, and 35780 accepted.
[2 : mcmc] Progress @ 2026-06-23 01:01:48 : 207083 steps taken, and 35513 accepted.
[3 : mcmc] Progress @ 2026-06-23 01:01:49 : 209267 steps taken, and 36025 accepted.
[0 : mcmc] Progress @ 2026-06-23 01:02:05 : 209048 steps taken, and 35673 accepted.
[1 : mcmc] Progress @ 2026-06-23 01:02:20 : 209399 steps taken, and 35799 accepted.
[3 : mcmc] Progress @ 2026-06-23 01:02:49 : 209369 steps taken, and 36046 accepted.
[2 : mcmc] Progress @ 2026-06-23 01:02:50 : 207179 steps taken, and 35535 accepted.
[0 : mcmc] Progress @ 2026-06-23 01:03:07 : 209158 steps taken, and 35695 accepted.
[1 : mcmc] Progress @ 2026-06-23 01:03:24 : 209473 steps taken, and 35810 accepted.
[2 : mcmc] Progress @ 2026-06-23 01:03:50 : 207274 steps taken, and 35554 accepted.
[3 : mcmc] Progress @ 2026-06-23 01:03:57 : 209499 steps taken, and 36066 accepted.
[0 : mcmc] Progress @ 2026-06-23 01:04:11 : 209251 steps taken, and 35716 accepted.
[1 : mcmc] Progress @ 2026-06-23 01:04:24 : 209595 steps taken, and 35833 accepted.
[2 : mcmc] Progress @ 2026-06-23 01:04:50 : 207367 steps taken, and 35567 accepted.
[3 : mcmc] Progress @ 2026-06-23 01:05:05 : 209579 steps taken, and 36081 accepted.
[0 : mcmc] Progress @ 2026-06-23 01:05:12 : 209371 steps taken, and 35747 accepted.
[1 : mcmc] Progress @ 2026-06-23 01:05:26 : 209707 steps taken, and 35854 accepted.
[2 : mcmc] Progress @ 2026-06-23 01:05:54 : 207452 steps taken, and 35583 accepted.
[3 : mcmc] Progress @ 2026-06-23 01:06:06 : 209693 steps taken, and 36099 accepted.
[0 : mcmc] Progress @ 2026-06-23 01:06:12 : 209438 steps taken, and 35763 accepted.
[1 : mcmc] Progress @ 2026-06-23 01:06:27 : 209801 steps taken, and 35874 accepted.
[2 : mcmc] Progress @ 2026-06-23 01:06:54 : 207575 steps taken, and 35604 accepted.
[3 : mcmc] Progress @ 2026-06-23 01:07:06 : 209816 steps taken, and 36125 accepted.
[0 : mcmc] Progress @ 2026-06-23 01:07:14 : 209531 steps taken, and 35779 accepted.
[1 : mcmc] Progress @ 2026-06-23 01:07:28 : 209923 steps taken, and 35899 accepted.
[2 : mcmc] Progress @ 2026-06-23 01:07:57 : 207671 steps taken, and 35618 accepted.
[3 : mcmc] Progress @ 2026-06-23 01:08:08 : 209903 steps taken, and 36146 accepted.
[0 : mcmc] Progress @ 2026-06-23 01:08:21 : 209631 steps taken, and 35806 accepted.
[1 : mcmc] Progress @ 2026-06-23 01:08:32 : 209996 steps taken, and 35919 accepted.
[2 : mcmc] Progress @ 2026-06-23 01:08:58 : 207793 steps taken, and 35640 accepted.
[3 : mcmc] Progress @ 2026-06-23 01:09:11 : 210010 steps taken, and 36169 accepted.
[0 : mcmc] Progress @ 2026-06-23 01:09:25 : 209756 steps taken, and 35830 accepted.
[1 : mcmc] Progress @ 2026-06-23 01:09:35 : 210110 steps taken, and 35943 accepted.
[2 : mcmc] Progress @ 2026-06-23 01:10:06 : 207901 steps taken, and 35656 accepted.
[3 : mcmc] Progress @ 2026-06-23 01:10:11 : 210120 steps taken, and 36194 accepted.
[0 : mcmc] Progress @ 2026-06-23 01:10:27 : 209869 steps taken, and 35852 accepted.
[1 : mcmc] Progress @ 2026-06-23 01:10:38 : 210223 steps taken, and 35962 accepted.
[2 : mcmc] Progress @ 2026-06-23 01:11:07 : 208010 steps taken, and 35679 accepted.
[3 : mcmc] Progress @ 2026-06-23 01:11:12 : 210212 steps taken, and 36221 accepted.
[0 : mcmc] Progress @ 2026-06-23 01:11:27 : 209963 steps taken, and 35868 accepted.
[1 : mcmc] Progress @ 2026-06-23 01:11:38 : 210327 steps taken, and 35982 accepted.
[2 : mcmc] Progress @ 2026-06-23 01:12:09 : 208109 steps taken, and 35701 accepted.
[3 : mcmc] Progress @ 2026-06-23 01:12:19 : 210291 steps taken, and 36238 accepted.
[0 : mcmc] Progress @ 2026-06-23 01:12:28 : 210056 steps taken, and 35890 accepted.
[1 : mcmc] Progress @ 2026-06-23 01:12:43 : 210423 steps taken, and 35995 accepted.
[1 : mcmc] Learn + convergence test @ 36000 samples accepted.
[1 : mcmc] Ready to check convergence and learn a new proposal covmat (waiting for the rest...)
[2 : mcmc] Progress @ 2026-06-23 01:13:14 : 208201 steps taken, and 35724 accepted.
[3 : mcmc] Progress @ 2026-06-23 01:13:24 : 210420 steps taken, and 36265 accepted.
[0 : mcmc] Progress @ 2026-06-23 01:13:30 : 210182 steps taken, and 35909 accepted.
[1 : mcmc] Progress @ 2026-06-23 01:13:47 : 210527 steps taken, and 36018 accepted.
[2 : mcmc] Progress @ 2026-06-23 01:14:14 : 208281 steps taken, and 35744 accepted.
[3 : mcmc] Progress @ 2026-06-23 01:14:25 : 210530 steps taken, and 36285 accepted.
[0 : mcmc] Progress @ 2026-06-23 01:14:30 : 210276 steps taken, and 35930 accepted.
[1 : mcmc] Progress @ 2026-06-23 01:14:55 : 210623 steps taken, and 36035 accepted.
[2 : mcmc] Progress @ 2026-06-23 01:15:15 : 208412 steps taken, and 35774 accepted.
[3 : mcmc] Progress @ 2026-06-23 01:15:27 : 210637 steps taken, and 36311 accepted.
[0 : mcmc] Progress @ 2026-06-23 01:15:34 : 210394 steps taken, and 35952 accepted.
[1 : mcmc] Progress @ 2026-06-23 01:15:59 : 210748 steps taken, and 36068 accepted.
[2 : mcmc] Progress @ 2026-06-23 01:16:16 : 208492 steps taken, and 35789 accepted.
[3 : mcmc] Progress @ 2026-06-23 01:16:28 : 210705 steps taken, and 36324 accepted.
[0 : mcmc] Progress @ 2026-06-23 01:16:36 : 210501 steps taken, and 35970 accepted.
[1 : mcmc] Progress @ 2026-06-23 01:17:02 : 210877 steps taken, and 36096 accepted.
[2 : mcmc] Progress @ 2026-06-23 01:17:17 : 208604 steps taken, and 35816 accepted.
[3 : mcmc] Progress @ 2026-06-23 01:17:29 : 210848 steps taken, and 36355 accepted.
[0 : mcmc] Progress @ 2026-06-23 01:17:36 : 210614 steps taken, and 35992 accepted.
[0 : mcmc] Learn + convergence test @ 36000 samples accepted.
[0 : mcmc] Ready to check convergence and learn a new proposal covmat (waiting for the rest...)
[1 : mcmc] Progress @ 2026-06-23 01:18:06 : 210977 steps taken, and 36115 accepted.
[2 : mcmc] Progress @ 2026-06-23 01:18:24 : 208706 steps taken, and 35836 accepted.
[3 : mcmc] Progress @ 2026-06-23 01:18:29 : 210925 steps taken, and 36372 accepted.
[0 : mcmc] Progress @ 2026-06-23 01:18:36 : 210707 steps taken, and 36011 accepted.
[1 : mcmc] Progress @ 2026-06-23 01:19:07 : 211077 steps taken, and 36135 accepted.
[2 : mcmc] Progress @ 2026-06-23 01:19:24 : 208807 steps taken, and 35858 accepted.
[3 : mcmc] Progress @ 2026-06-23 01:19:33 : 211007 steps taken, and 36385 accepted.
[0 : mcmc] Progress @ 2026-06-23 01:19:41 : 210804 steps taken, and 36032 accepted.
[1 : mcmc] Progress @ 2026-06-23 01:20:07 : 211187 steps taken, and 36153 accepted.
[2 : mcmc] Progress @ 2026-06-23 01:20:32 : 208915 steps taken, and 35873 accepted.
[3 : mcmc] Progress @ 2026-06-23 01:20:36 : 211148 steps taken, and 36408 accepted.
[0 : mcmc] Progress @ 2026-06-23 01:20:41 : 210897 steps taken, and 36049 accepted.
[1 : mcmc] Progress @ 2026-06-23 01:21:07 : 211308 steps taken, and 36181 accepted.
[2 : mcmc] Progress @ 2026-06-23 01:21:34 : 209050 steps taken, and 35899 accepted.
[3 : mcmc] Progress @ 2026-06-23 01:21:36 : 211248 steps taken, and 36431 accepted.
[0 : mcmc] Progress @ 2026-06-23 01:21:47 : 211029 steps taken, and 36082 accepted.
[1 : mcmc] Progress @ 2026-06-23 01:22:10 : 211374 steps taken, and 36196 accepted.
[2 : mcmc] Progress @ 2026-06-23 01:22:34 : 209143 steps taken, and 35916 accepted.
[3 : mcmc] Progress @ 2026-06-23 01:22:44 : 211332 steps taken, and 36452 accepted.
[0 : mcmc] Progress @ 2026-06-23 01:22:51 : 211125 steps taken, and 36105 accepted.
[1 : mcmc] Progress @ 2026-06-23 01:23:18 : 211488 steps taken, and 36225 accepted.
[2 : mcmc] Progress @ 2026-06-23 01:23:38 : 209265 steps taken, and 35943 accepted.
[3 : mcmc] Progress @ 2026-06-23 01:23:44 : 211474 steps taken, and 36476 accepted.
[0 : mcmc] Progress @ 2026-06-23 01:23:53 : 211221 steps taken, and 36125 accepted.
[1 : mcmc] Progress @ 2026-06-23 01:24:25 : 211602 steps taken, and 36253 accepted.
[2 : mcmc] Progress @ 2026-06-23 01:24:38 : 209402 steps taken, and 35970 accepted.
[3 : mcmc] Progress @ 2026-06-23 01:24:44 : 211584 steps taken, and 36496 accepted.
[0 : mcmc] Progress @ 2026-06-23 01:24:56 : 211304 steps taken, and 36142 accepted.
[1 : mcmc] Progress @ 2026-06-23 01:25:31 : 211757 steps taken, and 36279 accepted.
[2 : mcmc] Progress @ 2026-06-23 01:25:45 : 209454 steps taken, and 35984 accepted.
[3 : mcmc] Progress @ 2026-06-23 01:25:45 : 211688 steps taken, and 36518 accepted.
[0 : mcmc] Progress @ 2026-06-23 01:25:59 : 211419 steps taken, and 36162 accepted.
[2 : mcmc] Learn + convergence test @ 36000 samples accepted.
[2 : mcmc] Ready to check convergence and learn a new proposal covmat (waiting for the rest...)
[1 : mcmc] Progress @ 2026-06-23 01:26:34 : 211807 steps taken, and 36290 accepted.
[0 : mcmc] All chains are ready to check convergence and learn a new proposal covmat
[0 : mcmc]  - Acceptance rate: 0.611 = avg([0.6094, 0.6091, 0.6110, 0.6145])
[0 : mcmc]  - Convergence of means: R-1 = 0.025950 after 145011 accepted steps = sum([36182, 36291, 36000, 36538])
[0 : mcmc]  - Updated covariance matrix of proposal pdf.
[3 : mcmc] Progress @ 2026-06-23 01:26:51 : 211781 steps taken, and 36539 accepted.
[2 : mcmc] Progress @ 2026-06-23 01:26:52 : 209542 steps taken, and 36002 accepted.
[0 : mcmc] Progress @ 2026-06-23 01:27:06 : 211570 steps taken, and 36190 accepted.
[1 : mcmc] Progress @ 2026-06-23 01:27:42 : 211944 steps taken, and 36317 accepted.
[2 : mcmc] Progress @ 2026-06-23 01:27:52 : 209713 steps taken, and 36028 accepted.
[3 : mcmc] Progress @ 2026-06-23 01:27:59 : 211906 steps taken, and 36564 accepted.
[0 : mcmc] Progress @ 2026-06-23 01:28:06 : 211728 steps taken, and 36213 accepted.
[1 : mcmc] Progress @ 2026-06-23 01:28:42 : 212049 steps taken, and 36342 accepted.
[2 : mcmc] Progress @ 2026-06-23 01:28:54 : 209794 steps taken, and 36043 accepted.
[3 : mcmc] Progress @ 2026-06-23 01:29:02 : 211992 steps taken, and 36582 accepted.
[0 : mcmc] Progress @ 2026-06-23 01:29:07 : 211813 steps taken, and 36224 accepted.
[1 : mcmc] Progress @ 2026-06-23 01:29:48 : 212140 steps taken, and 36363 accepted.
[2 : mcmc] Progress @ 2026-06-23 01:29:55 : 209881 steps taken, and 36060 accepted.
[3 : mcmc] Progress @ 2026-06-23 01:30:05 : 212112 steps taken, and 36602 accepted.
[0 : mcmc] Progress @ 2026-06-23 01:30:13 : 211927 steps taken, and 36245 accepted.
[1 : mcmc] Progress @ 2026-06-23 01:30:53 : 212271 steps taken, and 36388 accepted.
[2 : mcmc] Progress @ 2026-06-23 01:31:00 : 209997 steps taken, and 36085 accepted.
[3 : mcmc] Progress @ 2026-06-23 01:31:08 : 212202 steps taken, and 36624 accepted.
[0 : mcmc] Progress @ 2026-06-23 01:31:18 : 212034 steps taken, and 36269 accepted.
[1 : mcmc] Progress @ 2026-06-23 01:31:57 : 212380 steps taken, and 36405 accepted.
[2 : mcmc] Progress @ 2026-06-23 01:32:03 : 210115 steps taken, and 36105 accepted.
[3 : mcmc] Progress @ 2026-06-23 01:32:10 : 212302 steps taken, and 36648 accepted.
[0 : mcmc] Progress @ 2026-06-23 01:32:20 : 212170 steps taken, and 36297 accepted.
[1 : mcmc] Progress @ 2026-06-23 01:33:02 : 212478 steps taken, and 36427 accepted.
[2 : mcmc] Progress @ 2026-06-23 01:33:10 : 210205 steps taken, and 36123 accepted.
[3 : mcmc] Progress @ 2026-06-23 01:33:17 : 212410 steps taken, and 36668 accepted.
[0 : mcmc] Progress @ 2026-06-23 01:33:22 : 212255 steps taken, and 36314 accepted.
[1 : mcmc] Progress @ 2026-06-23 01:34:02 : 212587 steps taken, and 36447 accepted.
[2 : mcmc] Progress @ 2026-06-23 01:34:19 : 210376 steps taken, and 36152 accepted.
[3 : mcmc] Progress @ 2026-06-23 01:34:24 : 212516 steps taken, and 36686 accepted.
[0 : mcmc] Progress @ 2026-06-23 01:34:26 : 212340 steps taken, and 36335 accepted.
[1 : mcmc] Progress @ 2026-06-23 01:35:04 : 212682 steps taken, and 36467 accepted.
[2 : mcmc] Progress @ 2026-06-23 01:35:23 : 210471 steps taken, and 36172 accepted.
[3 : mcmc] Progress @ 2026-06-23 01:35:27 : 212636 steps taken, and 36708 accepted.
[0 : mcmc] Progress @ 2026-06-23 01:35:28 : 212483 steps taken, and 36366 accepted.
[1 : mcmc] Progress @ 2026-06-23 01:36:06 : 212775 steps taken, and 36491 accepted.
[2 : mcmc] Progress @ 2026-06-23 01:36:23 : 210619 steps taken, and 36198 accepted.
[3 : mcmc] Progress @ 2026-06-23 01:36:29 : 212750 steps taken, and 36727 accepted.
[0 : mcmc] Progress @ 2026-06-23 01:36:30 : 212570 steps taken, and 36384 accepted.
[1 : mcmc] Progress @ 2026-06-23 01:37:13 : 212859 steps taken, and 36511 accepted.
[2 : mcmc] Progress @ 2026-06-23 01:37:25 : 210694 steps taken, and 36215 accepted.
[3 : mcmc] Progress @ 2026-06-23 01:37:30 : 212831 steps taken, and 36745 accepted.
[0 : mcmc] Progress @ 2026-06-23 01:37:39 : 212693 steps taken, and 36409 accepted.
[1 : mcmc] Progress @ 2026-06-23 01:38:17 : 212991 steps taken, and 36531 accepted.
[2 : mcmc] Progress @ 2026-06-23 01:38:27 : 210789 steps taken, and 36239 accepted.
[3 : mcmc] Progress @ 2026-06-23 01:38:34 : 212924 steps taken, and 36763 accepted.
[0 : mcmc] Progress @ 2026-06-23 01:38:45 : 212805 steps taken, and 36428 accepted.
[1 : mcmc] Progress @ 2026-06-23 01:39:19 : 213086 steps taken, and 36551 accepted.
[2 : mcmc] Progress @ 2026-06-23 01:39:28 : 210875 steps taken, and 36258 accepted.
[3 : mcmc] Progress @ 2026-06-23 01:39:38 : 213032 steps taken, and 36788 accepted.
[0 : mcmc] Progress @ 2026-06-23 01:39:46 : 212885 steps taken, and 36441 accepted.
[1 : mcmc] Progress @ 2026-06-23 01:40:21 : 213201 steps taken, and 36572 accepted.
[2 : mcmc] Progress @ 2026-06-23 01:40:29 : 210994 steps taken, and 36277 accepted.
[3 : mcmc] Progress @ 2026-06-23 01:40:46 : 213145 steps taken, and 36815 accepted.
[0 : mcmc] Progress @ 2026-06-23 01:40:51 : 212968 steps taken, and 36458 accepted.
[1 : mcmc] Progress @ 2026-06-23 01:41:28 : 213288 steps taken, and 36586 accepted.
[2 : mcmc] Progress @ 2026-06-23 01:41:30 : 211083 steps taken, and 36300 accepted.
[3 : mcmc] Progress @ 2026-06-23 01:41:54 : 213237 steps taken, and 36836 accepted.
[0 : mcmc] Progress @ 2026-06-23 01:41:58 : 213100 steps taken, and 36483 accepted.
[1 : mcmc] Progress @ 2026-06-23 01:42:28 : 213380 steps taken, and 36606 accepted.
[2 : mcmc] Progress @ 2026-06-23 01:42:33 : 211203 steps taken, and 36329 accepted.
[0 : mcmc] Progress @ 2026-06-23 01:42:59 : 213183 steps taken, and 36501 accepted.
[3 : mcmc] Progress @ 2026-06-23 01:42:59 : 213346 steps taken, and 36855 accepted.
[1 : mcmc] Progress @ 2026-06-23 01:43:29 : 213480 steps taken, and 36627 accepted.
[2 : mcmc] Progress @ 2026-06-23 01:43:37 : 211292 steps taken, and 36350 accepted.
[3 : mcmc] Progress @ 2026-06-23 01:44:03 : 213462 steps taken, and 36881 accepted.
[0 : mcmc] Progress @ 2026-06-23 01:44:04 : 213308 steps taken, and 36528 accepted.
[1 : mcmc] Progress @ 2026-06-23 01:44:38 : 213605 steps taken, and 36654 accepted.
[2 : mcmc] Progress @ 2026-06-23 01:44:41 : 211398 steps taken, and 36374 accepted.
[3 : mcmc] Progress @ 2026-06-23 01:45:06 : 213550 steps taken, and 36900 accepted.
[0 : mcmc] Progress @ 2026-06-23 01:45:10 : 213453 steps taken, and 36564 accepted.
[1 : mcmc] Progress @ 2026-06-23 01:45:42 : 213735 steps taken, and 36681 accepted.
[2 : mcmc] Progress @ 2026-06-23 01:45:43 : 211511 steps taken, and 36395 accepted.
[3 : mcmc] Progress @ 2026-06-23 01:46:06 : 213677 steps taken, and 36927 accepted.
[0 : mcmc] Progress @ 2026-06-23 01:46:17 : 213555 steps taken, and 36588 accepted.
[2 : mcmc] Progress @ 2026-06-23 01:46:48 : 211627 steps taken, and 36422 accepted.
[1 : mcmc] Progress @ 2026-06-23 01:46:49 : 213829 steps taken, and 36699 accepted.
[3 : mcmc] Progress @ 2026-06-23 01:47:07 : 213754 steps taken, and 36940 accepted.
[0 : mcmc] Progress @ 2026-06-23 01:47:25 : 213729 steps taken, and 36625 accepted.
[1 : mcmc] Progress @ 2026-06-23 01:47:49 : 213922 steps taken, and 36718 accepted.
[2 : mcmc] Progress @ 2026-06-23 01:47:56 : 211731 steps taken, and 36448 accepted.
[3 : mcmc] Progress @ 2026-06-23 01:48:12 : 213865 steps taken, and 36963 accepted.
[0 : mcmc] Progress @ 2026-06-23 01:48:31 : 213781 steps taken, and 36640 accepted.
[1 : mcmc] Progress @ 2026-06-23 01:48:52 : 214011 steps taken, and 36736 accepted.
[2 : mcmc] Progress @ 2026-06-23 01:49:02 : 211905 steps taken, and 36482 accepted.
[3 : mcmc] Progress @ 2026-06-23 01:49:22 : 213977 steps taken, and 36987 accepted.
[0 : mcmc] Progress @ 2026-06-23 01:49:40 : 213889 steps taken, and 36666 accepted.
[1 : mcmc] Progress @ 2026-06-23 01:49:54 : 214080 steps taken, and 36751 accepted.
[2 : mcmc] Progress @ 2026-06-23 01:50:05 : 211964 steps taken, and 36493 accepted.
[3 : mcmc] Progress @ 2026-06-23 01:50:24 : 214089 steps taken, and 37015 accepted.
[0 : mcmc] Progress @ 2026-06-23 01:50:42 : 214000 steps taken, and 36691 accepted.
[1 : mcmc] Progress @ 2026-06-23 01:50:59 : 214201 steps taken, and 36778 accepted.
[2 : mcmc] Progress @ 2026-06-23 01:51:05 : 212085 steps taken, and 36516 accepted.
[3 : mcmc] Progress @ 2026-06-23 01:51:24 : 214171 steps taken, and 37037 accepted.
[0 : mcmc] Progress @ 2026-06-23 01:51:43 : 214067 steps taken, and 36707 accepted.
[1 : mcmc] Progress @ 2026-06-23 01:52:02 : 214322 steps taken, and 36798 accepted.
[2 : mcmc] Progress @ 2026-06-23 01:52:07 : 212169 steps taken, and 36534 accepted.
[3 : mcmc] Progress @ 2026-06-23 01:52:25 : 214262 steps taken, and 37060 accepted.
[0 : mcmc] Progress @ 2026-06-23 01:52:47 : 214159 steps taken, and 36722 accepted.
[1 : mcmc] Progress @ 2026-06-23 01:53:03 : 214446 steps taken, and 36819 accepted.
[2 : mcmc] Progress @ 2026-06-23 01:53:10 : 212261 steps taken, and 36555 accepted.
[3 : mcmc] Progress @ 2026-06-23 01:53:32 : 214367 steps taken, and 37079 accepted.
[0 : mcmc] Progress @ 2026-06-23 01:53:53 : 214270 steps taken, and 36743 accepted.
[1 : mcmc] Progress @ 2026-06-23 01:54:06 : 214558 steps taken, and 36842 accepted.
[2 : mcmc] Progress @ 2026-06-23 01:54:15 : 212392 steps taken, and 36579 accepted.
[3 : mcmc] Progress @ 2026-06-23 01:54:32 : 214475 steps taken, and 37098 accepted.
[0 : mcmc] Progress @ 2026-06-23 01:54:53 : 214388 steps taken, and 36770 accepted.
[1 : mcmc] Progress @ 2026-06-23 01:55:06 : 214661 steps taken, and 36859 accepted.
[2 : mcmc] Progress @ 2026-06-23 01:55:15 : 212495 steps taken, and 36599 accepted.
[3 : mcmc] Progress @ 2026-06-23 01:55:32 : 214576 steps taken, and 37119 accepted.
[0 : mcmc] Progress @ 2026-06-23 01:56:01 : 214504 steps taken, and 36788 accepted.
[1 : mcmc] Progress @ 2026-06-23 01:56:08 : 214755 steps taken, and 36871 accepted.
[2 : mcmc] Progress @ 2026-06-23 01:56:15 : 212604 steps taken, and 36623 accepted.
[3 : mcmc] Progress @ 2026-06-23 01:56:38 : 214691 steps taken, and 37143 accepted.
[0 : mcmc] Progress @ 2026-06-23 01:57:10 : 214584 steps taken, and 36805 accepted.
[1 : mcmc] Progress @ 2026-06-23 01:57:16 : 214839 steps taken, and 36889 accepted.
[2 : mcmc] Progress @ 2026-06-23 01:57:16 : 212690 steps taken, and 36641 accepted.
[3 : mcmc] Progress @ 2026-06-23 01:57:43 : 214777 steps taken, and 37159 accepted.
[0 : mcmc] Progress @ 2026-06-23 01:58:13 : 214723 steps taken, and 36833 accepted.
[2 : mcmc] Progress @ 2026-06-23 01:58:21 : 212804 steps taken, and 36663 accepted.
[1 : mcmc] Progress @ 2026-06-23 01:58:23 : 214982 steps taken, and 36924 accepted.
[3 : mcmc] Progress @ 2026-06-23 01:58:43 : 214897 steps taken, and 37186 accepted.
[0 : mcmc] Progress @ 2026-06-23 01:59:14 : 214790 steps taken, and 36845 accepted.
[2 : mcmc] Progress @ 2026-06-23 01:59:25 : 212893 steps taken, and 36679 accepted.
[1 : mcmc] Progress @ 2026-06-23 01:59:26 : 215085 steps taken, and 36949 accepted.
[3 : mcmc] Progress @ 2026-06-23 01:59:47 : 214962 steps taken, and 37198 accepted.
[3 : mcmc] Learn + convergence test @ 37200 samples accepted.
[3 : mcmc] Ready to check convergence and learn a new proposal covmat (waiting for the rest...)
[0 : mcmc] Progress @ 2026-06-23 02:00:19 : 214874 steps taken, and 36863 accepted.
[2 : mcmc] Progress @ 2026-06-23 02:00:27 : 213002 steps taken, and 36704 accepted.
[1 : mcmc] Progress @ 2026-06-23 02:00:28 : 215175 steps taken, and 36966 accepted.
[3 : mcmc] Progress @ 2026-06-23 02:00:47 : 215058 steps taken, and 37216 accepted.
[0 : mcmc] Progress @ 2026-06-23 02:01:23 : 215006 steps taken, and 36885 accepted.
[1 : mcmc] Progress @ 2026-06-23 02:01:28 : 215284 steps taken, and 36988 accepted.
[2 : mcmc] Progress @ 2026-06-23 02:01:29 : 213114 steps taken, and 36722 accepted.
[3 : mcmc] Progress @ 2026-06-23 02:01:47 : 215223 steps taken, and 37242 accepted.
[0 : mcmc] Progress @ 2026-06-23 02:02:25 : 215103 steps taken, and 36903 accepted.
[1 : mcmc] Progress @ 2026-06-23 02:02:36 : 215371 steps taken, and 37008 accepted.
[2 : mcmc] Progress @ 2026-06-23 02:02:37 : 213221 steps taken, and 36739 accepted.
[3 : mcmc] Progress @ 2026-06-23 02:02:47 : 215293 steps taken, and 37259 accepted.
[0 : mcmc] Progress @ 2026-06-23 02:03:26 : 215234 steps taken, and 36922 accepted.
[1 : mcmc] Progress @ 2026-06-23 02:03:36 : 215491 steps taken, and 37033 accepted.
[2 : mcmc] Progress @ 2026-06-23 02:03:37 : 213336 steps taken, and 36763 accepted.
[3 : mcmc] Progress @ 2026-06-23 02:03:54 : 215397 steps taken, and 37280 accepted.
[0 : mcmc] Progress @ 2026-06-23 02:04:34 : 215331 steps taken, and 36940 accepted.
[1 : mcmc] Progress @ 2026-06-23 02:04:40 : 215588 steps taken, and 37053 accepted.
[2 : mcmc] Progress @ 2026-06-23 02:04:44 : 213431 steps taken, and 36781 accepted.
[3 : mcmc] Progress @ 2026-06-23 02:04:55 : 215501 steps taken, and 37307 accepted.
[0 : mcmc] Progress @ 2026-06-23 02:05:36 : 215416 steps taken, and 36959 accepted.
[2 : mcmc] Progress @ 2026-06-23 02:05:44 : 213560 steps taken, and 36800 accepted.
[1 : mcmc] Progress @ 2026-06-23 02:05:48 : 215677 steps taken, and 37066 accepted.
[3 : mcmc] Progress @ 2026-06-23 02:05:58 : 215608 steps taken, and 37328 accepted.
[0 : mcmc] Progress @ 2026-06-23 02:06:41 : 215524 steps taken, and 36985 accepted.
[2 : mcmc] Progress @ 2026-06-23 02:06:45 : 213666 steps taken, and 36823 accepted.
[1 : mcmc] Progress @ 2026-06-23 02:06:48 : 215786 steps taken, and 37092 accepted.
[3 : mcmc] Progress @ 2026-06-23 02:07:05 : 215715 steps taken, and 37351 accepted.
[0 : mcmc] Progress @ 2026-06-23 02:07:45 : 215640 steps taken, and 37010 accepted.
[2 : mcmc] Progress @ 2026-06-23 02:07:46 : 213754 steps taken, and 36840 accepted.
[1 : mcmc] Progress @ 2026-06-23 02:07:49 : 215867 steps taken, and 37107 accepted.
[3 : mcmc] Progress @ 2026-06-23 02:08:13 : 215831 steps taken, and 37372 accepted.
[1 : mcmc] Progress @ 2026-06-23 02:08:49 : 215957 steps taken, and 37123 accepted.
[2 : mcmc] Progress @ 2026-06-23 02:08:52 : 213869 steps taken, and 36861 accepted.
[0 : mcmc] Progress @ 2026-06-23 02:08:54 : 215758 steps taken, and 37032 accepted.
[3 : mcmc] Progress @ 2026-06-23 02:09:17 : 215937 steps taken, and 37388 accepted.
[1 : mcmc] Progress @ 2026-06-23 02:09:49 : 216071 steps taken, and 37146 accepted.
[2 : mcmc] Progress @ 2026-06-23 02:09:53 : 213982 steps taken, and 36883 accepted.
[0 : mcmc] Progress @ 2026-06-23 02:09:54 : 215862 steps taken, and 37046 accepted.
[3 : mcmc] Progress @ 2026-06-23 02:10:19 : 216092 steps taken, and 37411 accepted.
[1 : mcmc] Progress @ 2026-06-23 02:10:49 : 216169 steps taken, and 37164 accepted.
[2 : mcmc] Progress @ 2026-06-23 02:10:55 : 214090 steps taken, and 36905 accepted.
[0 : mcmc] Progress @ 2026-06-23 02:10:58 : 215966 steps taken, and 37068 accepted.
[3 : mcmc] Progress @ 2026-06-23 02:11:19 : 216228 steps taken, and 37437 accepted.
[1 : mcmc] Progress @ 2026-06-23 02:11:49 : 216270 steps taken, and 37191 accepted.
[2 : mcmc] Progress @ 2026-06-23 02:11:57 : 214189 steps taken, and 36928 accepted.
[0 : mcmc] Progress @ 2026-06-23 02:12:02 : 216031 steps taken, and 37079 accepted.
[1 : mcmc] Learn + convergence test @ 37200 samples accepted.
[1 : mcmc] Ready to check convergence and learn a new proposal covmat (waiting for the rest...)
[3 : mcmc] Progress @ 2026-06-23 02:12:19 : 216317 steps taken, and 37458 accepted.
[1 : mcmc] Progress @ 2026-06-23 02:12:49 : 216361 steps taken, and 37208 accepted.
[2 : mcmc] Progress @ 2026-06-23 02:13:00 : 214278 steps taken, and 36945 accepted.
[0 : mcmc] Progress @ 2026-06-23 02:13:09 : 216139 steps taken, and 37100 accepted.
[3 : mcmc] Progress @ 2026-06-23 02:13:25 : 216398 steps taken, and 37477 accepted.
[1 : mcmc] Progress @ 2026-06-23 02:13:56 : 216454 steps taken, and 37228 accepted.
[2 : mcmc] Progress @ 2026-06-23 02:14:00 : 214383 steps taken, and 36966 accepted.
[0 : mcmc] Progress @ 2026-06-23 02:14:12 : 216259 steps taken, and 37124 accepted.
[3 : mcmc] Progress @ 2026-06-23 02:14:26 : 216525 steps taken, and 37505 accepted.
[1 : mcmc] Progress @ 2026-06-23 02:14:58 : 216580 steps taken, and 37257 accepted.
[2 : mcmc] Progress @ 2026-06-23 02:15:08 : 214477 steps taken, and 36980 accepted.
[0 : mcmc] Progress @ 2026-06-23 02:15:16 : 216385 steps taken, and 37152 accepted.
[3 : mcmc] Progress @ 2026-06-23 02:15:26 : 216617 steps taken, and 37522 accepted.
[1 : mcmc] Progress @ 2026-06-23 02:16:00 : 216655 steps taken, and 37267 accepted.
[2 : mcmc] Progress @ 2026-06-23 02:16:08 : 214599 steps taken, and 37003 accepted.
[0 : mcmc] Progress @ 2026-06-23 02:16:17 : 216503 steps taken, and 37178 accepted.
[3 : mcmc] Progress @ 2026-06-23 02:16:26 : 216723 steps taken, and 37545 accepted.
[1 : mcmc] Progress @ 2026-06-23 02:17:00 : 216780 steps taken, and 37300 accepted.
[2 : mcmc] Progress @ 2026-06-23 02:17:11 : 214683 steps taken, and 37020 accepted.
[0 : mcmc] Progress @ 2026-06-23 02:17:26 : 216594 steps taken, and 37199 accepted.
[3 : mcmc] Progress @ 2026-06-23 02:17:27 : 216865 steps taken, and 37575 accepted.
[0 : mcmc] Learn + convergence test @ 37200 samples accepted.
[0 : mcmc] Ready to check convergence and learn a new proposal covmat (waiting for the rest...)
[1 : mcmc] Progress @ 2026-06-23 02:18:09 : 216909 steps taken, and 37328 accepted.
[2 : mcmc] Progress @ 2026-06-23 02:18:11 : 214801 steps taken, and 37043 accepted.
[3 : mcmc] Progress @ 2026-06-23 02:18:28 : 216941 steps taken, and 37592 accepted.
[0 : mcmc] Progress @ 2026-06-23 02:18:33 : 216705 steps taken, and 37222 accepted.
[1 : mcmc] Progress @ 2026-06-23 02:19:09 : 217015 steps taken, and 37349 accepted.
[2 : mcmc] Progress @ 2026-06-23 02:19:14 : 214906 steps taken, and 37061 accepted.
[3 : mcmc] Progress @ 2026-06-23 02:19:30 : 217053 steps taken, and 37614 accepted.
[0 : mcmc] Progress @ 2026-06-23 02:19:33 : 216806 steps taken, and 37244 accepted.
[1 : mcmc] Progress @ 2026-06-23 02:20:10 : 217097 steps taken, and 37369 accepted.
[2 : mcmc] Progress @ 2026-06-23 02:20:16 : 215019 steps taken, and 37082 accepted.
[3 : mcmc] Progress @ 2026-06-23 02:20:39 : 217139 steps taken, and 37635 accepted.
[0 : mcmc] Progress @ 2026-06-23 02:20:39 : 216934 steps taken, and 37271 accepted.
[1 : mcmc] Progress @ 2026-06-23 02:21:17 : 217220 steps taken, and 37398 accepted.
[2 : mcmc] Progress @ 2026-06-23 02:21:19 : 215145 steps taken, and 37104 accepted.
[0 : mcmc] Progress @ 2026-06-23 02:21:39 : 217069 steps taken, and 37291 accepted.
[3 : mcmc] Progress @ 2026-06-23 02:21:44 : 217256 steps taken, and 37657 accepted.
[2 : mcmc] Progress @ 2026-06-23 02:22:24 : 215243 steps taken, and 37126 accepted.
[1 : mcmc] Progress @ 2026-06-23 02:22:24 : 217337 steps taken, and 37422 accepted.
[0 : mcmc] Progress @ 2026-06-23 02:22:42 : 217142 steps taken, and 37303 accepted.
[3 : mcmc] Progress @ 2026-06-23 02:22:52 : 217353 steps taken, and 37677 accepted.
[1 : mcmc] Progress @ 2026-06-23 02:23:25 : 217431 steps taken, and 37440 accepted.
[2 : mcmc] Progress @ 2026-06-23 02:23:32 : 215328 steps taken, and 37143 accepted.
[0 : mcmc] Progress @ 2026-06-23 02:23:47 : 217269 steps taken, and 37329 accepted.
[3 : mcmc] Progress @ 2026-06-23 02:23:52 : 217450 steps taken, and 37700 accepted.
[1 : mcmc] Progress @ 2026-06-23 02:24:25 : 217536 steps taken, and 37465 accepted.
[2 : mcmc] Progress @ 2026-06-23 02:24:37 : 215426 steps taken, and 37159 accepted.
[0 : mcmc] Progress @ 2026-06-23 02:24:50 : 217414 steps taken, and 37357 accepted.
[3 : mcmc] Progress @ 2026-06-23 02:25:00 : 217586 steps taken, and 37732 accepted.
[1 : mcmc] Progress @ 2026-06-23 02:25:27 : 217625 steps taken, and 37482 accepted.
[2 : mcmc] Progress @ 2026-06-23 02:25:44 : 215518 steps taken, and 37178 accepted.
[0 : mcmc] Progress @ 2026-06-23 02:25:55 : 217536 steps taken, and 37381 accepted.
[3 : mcmc] Progress @ 2026-06-23 02:26:01 : 217680 steps taken, and 37749 accepted.
[2 : mcmc] Learn + convergence test @ 37200 samples accepted.
[2 : mcmc] Ready to check convergence and learn a new proposal covmat (waiting for the rest...)
[0 : mcmc] All chains are ready to check convergence and learn a new proposal covmat
[0 : mcmc]  - Acceptance rate: 0.610 = avg([0.6085, 0.6091, 0.6093, 0.6144])
[0 : mcmc]  - Convergence of means: R-1 = 0.024111 after 149851 accepted steps = sum([37397, 37500, 37200, 37754])
[0 : mcmc]  - Updated covariance matrix of proposal pdf.
[1 : mcmc] Progress @ 2026-06-23 02:26:34 : 217737 steps taken, and 37505 accepted.
[2 : mcmc] Progress @ 2026-06-23 02:26:44 : 215647 steps taken, and 37205 accepted.
[0 : mcmc] Progress @ 2026-06-23 02:27:01 : 217678 steps taken, and 37410 accepted.
[3 : mcmc] Progress @ 2026-06-23 02:27:03 : 217761 steps taken, and 37767 accepted.
[1 : mcmc] Progress @ 2026-06-23 02:27:40 : 217842 steps taken, and 37526 accepted.
[2 : mcmc] Progress @ 2026-06-23 02:27:46 : 215741 steps taken, and 37222 accepted.
[3 : mcmc] Progress @ 2026-06-23 02:28:04 : 217867 steps taken, and 37789 accepted.
[0 : mcmc] Progress @ 2026-06-23 02:28:06 : 217780 steps taken, and 37434 accepted.
[1 : mcmc] Progress @ 2026-06-23 02:28:44 : 217944 steps taken, and 37552 accepted.
[2 : mcmc] Progress @ 2026-06-23 02:28:48 : 215835 steps taken, and 37236 accepted.
[3 : mcmc] Progress @ 2026-06-23 02:29:04 : 217967 steps taken, and 37807 accepted.
[0 : mcmc] Progress @ 2026-06-23 02:29:06 : 217882 steps taken, and 37455 accepted.
[1 : mcmc] Progress @ 2026-06-23 02:29:50 : 218047 steps taken, and 37574 accepted.
[2 : mcmc] Progress @ 2026-06-23 02:29:55 : 215968 steps taken, and 37267 accepted.
[0 : mcmc] Progress @ 2026-06-23 02:30:06 : 217982 steps taken, and 37475 accepted.
[3 : mcmc] Progress @ 2026-06-23 02:30:09 : 218064 steps taken, and 37831 accepted.
[1 : mcmc] Progress @ 2026-06-23 02:30:51 : 218149 steps taken, and 37591 accepted.
[2 : mcmc] Progress @ 2026-06-23 02:30:55 : 216077 steps taken, and 37291 accepted.
[0 : mcmc] Progress @ 2026-06-23 02:31:10 : 218119 steps taken, and 37509 accepted.
[3 : mcmc] Progress @ 2026-06-23 02:31:11 : 218151 steps taken, and 37853 accepted.
[2 : mcmc] Progress @ 2026-06-23 02:31:58 : 216179 steps taken, and 37313 accepted.
[1 : mcmc] Progress @ 2026-06-23 02:31:58 : 218274 steps taken, and 37616 accepted.
[0 : mcmc] Progress @ 2026-06-23 02:32:10 : 218178 steps taken, and 37523 accepted.
[3 : mcmc] Progress @ 2026-06-23 02:32:11 : 218260 steps taken, and 37876 accepted.
[2 : mcmc] Progress @ 2026-06-23 02:32:58 : 216296 steps taken, and 37331 accepted.
[1 : mcmc] Progress @ 2026-06-23 02:32:58 : 218381 steps taken, and 37635 accepted.
[0 : mcmc] Progress @ 2026-06-23 02:33:12 : 218286 steps taken, and 37549 accepted.
[3 : mcmc] Progress @ 2026-06-23 02:33:12 : 218357 steps taken, and 37900 accepted.
[1 : mcmc] Progress @ 2026-06-23 02:34:03 : 218457 steps taken, and 37653 accepted.
[2 : mcmc] Progress @ 2026-06-23 02:34:06 : 216381 steps taken, and 37354 accepted.
[0 : mcmc] Progress @ 2026-06-23 02:34:12 : 218403 steps taken, and 37574 accepted.
[3 : mcmc] Progress @ 2026-06-23 02:34:18 : 218441 steps taken, and 37918 accepted.
[2 : mcmc] Progress @ 2026-06-23 02:35:10 : 216479 steps taken, and 37372 accepted.
[1 : mcmc] Progress @ 2026-06-23 02:35:10 : 218579 steps taken, and 37672 accepted.
[0 : mcmc] Progress @ 2026-06-23 02:35:12 : 218516 steps taken, and 37599 accepted.
[3 : mcmc] Progress @ 2026-06-23 02:35:21 : 218545 steps taken, and 37936 accepted.
[2 : mcmc] Progress @ 2026-06-23 02:36:10 : 216587 steps taken, and 37391 accepted.
[1 : mcmc] Progress @ 2026-06-23 02:36:10 : 218661 steps taken, and 37688 accepted.
[0 : mcmc] Progress @ 2026-06-23 02:36:15 : 218613 steps taken, and 37623 accepted.
[3 : mcmc] Progress @ 2026-06-23 02:36:23 : 218656 steps taken, and 37961 accepted.
[2 : mcmc] Progress @ 2026-06-23 02:37:10 : 216685 steps taken, and 37408 accepted.
[1 : mcmc] Progress @ 2026-06-23 02:37:15 : 218763 steps taken, and 37705 accepted.
[0 : mcmc] Progress @ 2026-06-23 02:37:16 : 218750 steps taken, and 37651 accepted.
[3 : mcmc] Progress @ 2026-06-23 02:37:23 : 218755 steps taken, and 37982 accepted.
[2 : mcmc] Progress @ 2026-06-23 02:38:14 : 216799 steps taken, and 37426 accepted.
[0 : mcmc] Progress @ 2026-06-23 02:38:18 : 218833 steps taken, and 37667 accepted.
[1 : mcmc] Progress @ 2026-06-23 02:38:21 : 218835 steps taken, and 37721 accepted.
[3 : mcmc] Progress @ 2026-06-23 02:38:28 : 218852 steps taken, and 38006 accepted.
[0 : mcmc] Progress @ 2026-06-23 02:39:18 : 218916 steps taken, and 37688 accepted.
[2 : mcmc] Progress @ 2026-06-23 02:39:19 : 216897 steps taken, and 37444 accepted.
[1 : mcmc] Progress @ 2026-06-23 02:39:21 : 218951 steps taken, and 37745 accepted.
[3 : mcmc] Progress @ 2026-06-23 02:39:33 : 218955 steps taken, and 38034 accepted.
[2 : mcmc] Progress @ 2026-06-23 02:40:19 : 216995 steps taken, and 37466 accepted.
[1 : mcmc] Progress @ 2026-06-23 02:40:21 : 219051 steps taken, and 37769 accepted.
[0 : mcmc] Progress @ 2026-06-23 02:40:25 : 219023 steps taken, and 37708 accepted.
[3 : mcmc] Progress @ 2026-06-23 02:40:39 : 219079 steps taken, and 38061 accepted.
[2 : mcmc] Progress @ 2026-06-23 02:41:24 : 217128 steps taken, and 37493 accepted.
[1 : mcmc] Progress @ 2026-06-23 02:41:28 : 219142 steps taken, and 37792 accepted.
[0 : mcmc] Progress @ 2026-06-23 02:41:34 : 219136 steps taken, and 37736 accepted.
[3 : mcmc] Progress @ 2026-06-23 02:41:43 : 219163 steps taken, and 38078 accepted.
[2 : mcmc] Progress @ 2026-06-23 02:42:26 : 217210 steps taken, and 37505 accepted.
[1 : mcmc] Progress @ 2026-06-23 02:42:28 : 219235 steps taken, and 37810 accepted.
[0 : mcmc] Progress @ 2026-06-23 02:42:34 : 219260 steps taken, and 37759 accepted.
[3 : mcmc] Progress @ 2026-06-23 02:42:47 : 219256 steps taken, and 38098 accepted.
[2 : mcmc] Progress @ 2026-06-23 02:43:27 : 217293 steps taken, and 37523 accepted.
[1 : mcmc] Progress @ 2026-06-23 02:43:28 : 219328 steps taken, and 37835 accepted.
[0 : mcmc] Progress @ 2026-06-23 02:43:36 : 219372 steps taken, and 37778 accepted.
[3 : mcmc] Progress @ 2026-06-23 02:43:52 : 219346 steps taken, and 38115 accepted.
[2 : mcmc] Progress @ 2026-06-23 02:44:27 : 217413 steps taken, and 37553 accepted.
[1 : mcmc] Progress @ 2026-06-23 02:44:28 : 219439 steps taken, and 37852 accepted.
[0 : mcmc] Progress @ 2026-06-23 02:44:40 : 219491 steps taken, and 37804 accepted.
[3 : mcmc] Progress @ 2026-06-23 02:44:56 : 219473 steps taken, and 38136 accepted.
[1 : mcmc] Progress @ 2026-06-23 02:45:31 : 219562 steps taken, and 37872 accepted.
[2 : mcmc] Progress @ 2026-06-23 02:45:31 : 217493 steps taken, and 37573 accepted.
[0 : mcmc] Progress @ 2026-06-23 02:45:43 : 219592 steps taken, and 37824 accepted.
[3 : mcmc] Progress @ 2026-06-23 02:45:58 : 219564 steps taken, and 38154 accepted.
[1 : mcmc] Progress @ 2026-06-23 02:46:35 : 219675 steps taken, and 37895 accepted.
[2 : mcmc] Progress @ 2026-06-23 02:46:39 : 217591 steps taken, and 37595 accepted.
[0 : mcmc] Progress @ 2026-06-23 02:46:43 : 219696 steps taken, and 37849 accepted.
[3 : mcmc] Progress @ 2026-06-23 02:47:04 : 219675 steps taken, and 38180 accepted.
[1 : mcmc] Progress @ 2026-06-23 02:47:36 : 219756 steps taken, and 37913 accepted.
[2 : mcmc] Progress @ 2026-06-23 02:47:39 : 217724 steps taken, and 37620 accepted.
[0 : mcmc] Progress @ 2026-06-23 02:47:43 : 219787 steps taken, and 37867 accepted.
[3 : mcmc] Progress @ 2026-06-23 02:48:04 : 219815 steps taken, and 38207 accepted.
[1 : mcmc] Progress @ 2026-06-23 02:48:36 : 219852 steps taken, and 37934 accepted.
[2 : mcmc] Progress @ 2026-06-23 02:48:43 : 217823 steps taken, and 37635 accepted.
[0 : mcmc] Progress @ 2026-06-23 02:48:51 : 219891 steps taken, and 37887 accepted.
[3 : mcmc] Progress @ 2026-06-23 02:49:04 : 219887 steps taken, and 38225 accepted.
[1 : mcmc] Progress @ 2026-06-23 02:49:36 : 219942 steps taken, and 37950 accepted.
[2 : mcmc] Progress @ 2026-06-23 02:49:43 : 217918 steps taken, and 37659 accepted.
[0 : mcmc] Progress @ 2026-06-23 02:49:52 : 219984 steps taken, and 37905 accepted.
[3 : mcmc] Progress @ 2026-06-23 02:50:07 : 219988 steps taken, and 38249 accepted.
[1 : mcmc] Progress @ 2026-06-23 02:50:38 : 220040 steps taken, and 37966 accepted.
[2 : mcmc] Progress @ 2026-06-23 02:50:44 : 217991 steps taken, and 37672 accepted.
[0 : mcmc] Progress @ 2026-06-23 02:50:52 : 220072 steps taken, and 37921 accepted.
[3 : mcmc] Progress @ 2026-06-23 02:51:11 : 220085 steps taken, and 38271 accepted.
[1 : mcmc] Progress @ 2026-06-23 02:51:46 : 220145 steps taken, and 37982 accepted.
[2 : mcmc] Progress @ 2026-06-23 02:51:46 : 218093 steps taken, and 37692 accepted.
[0 : mcmc] Progress @ 2026-06-23 02:51:54 : 220192 steps taken, and 37944 accepted.
[3 : mcmc] Progress @ 2026-06-23 02:52:16 : 220202 steps taken, and 38293 accepted.
[1 : mcmc] Progress @ 2026-06-23 02:52:46 : 220254 steps taken, and 38002 accepted.
[0 : mcmc] Progress @ 2026-06-23 02:52:54 : 220296 steps taken, and 37965 accepted.
[2 : mcmc] Progress @ 2026-06-23 02:52:54 : 218198 steps taken, and 37712 accepted.
[3 : mcmc] Progress @ 2026-06-23 02:53:18 : 220309 steps taken, and 38318 accepted.
[1 : mcmc] Progress @ 2026-06-23 02:53:46 : 220376 steps taken, and 38023 accepted.
[2 : mcmc] Progress @ 2026-06-23 02:53:54 : 218326 steps taken, and 37733 accepted.
[0 : mcmc] Progress @ 2026-06-23 02:54:02 : 220381 steps taken, and 37980 accepted.
[3 : mcmc] Progress @ 2026-06-23 02:54:19 : 220432 steps taken, and 38339 accepted.
[1 : mcmc] Progress @ 2026-06-23 02:54:51 : 220460 steps taken, and 38044 accepted.
[2 : mcmc] Progress @ 2026-06-23 02:54:54 : 218424 steps taken, and 37750 accepted.
[0 : mcmc] Progress @ 2026-06-23 02:55:06 : 220502 steps taken, and 38002 accepted.
[3 : mcmc] Progress @ 2026-06-23 02:55:22 : 220522 steps taken, and 38360 accepted.
[1 : mcmc] Progress @ 2026-06-23 02:55:52 : 220604 steps taken, and 38074 accepted.
[2 : mcmc] Progress @ 2026-06-23 02:55:54 : 218553 steps taken, and 37778 accepted.
[0 : mcmc] Progress @ 2026-06-23 02:56:08 : 220596 steps taken, and 38022 accepted.
[3 : mcmc] Progress @ 2026-06-23 02:56:22 : 220649 steps taken, and 38383 accepted.
[1 : mcmc] Progress @ 2026-06-23 02:56:52 : 220726 steps taken, and 38103 accepted.
[2 : mcmc] Progress @ 2026-06-23 02:56:54 : 218652 steps taken, and 37793 accepted.
[0 : mcmc] Progress @ 2026-06-23 02:57:11 : 220701 steps taken, and 38044 accepted.
[3 : mcmc] Learn + convergence test @ 38400 samples accepted.
[3 : mcmc] Ready to check convergence and learn a new proposal covmat (waiting for the rest...)
[3 : mcmc] Progress @ 2026-06-23 02:57:26 : 220752 steps taken, and 38406 accepted.
[1 : mcmc] Progress @ 2026-06-23 02:57:52 : 220815 steps taken, and 38124 accepted.
[2 : mcmc] Progress @ 2026-06-23 02:57:59 : 218780 steps taken, and 37818 accepted.
[0 : mcmc] Progress @ 2026-06-23 02:58:14 : 220786 steps taken, and 38065 accepted.
[3 : mcmc] Progress @ 2026-06-23 02:58:26 : 220866 steps taken, and 38427 accepted.
[1 : mcmc] Progress @ 2026-06-23 02:58:55 : 220902 steps taken, and 38138 accepted.
[2 : mcmc] Progress @ 2026-06-23 02:59:07 : 218886 steps taken, and 37836 accepted.
[0 : mcmc] Progress @ 2026-06-23 02:59:21 : 220925 steps taken, and 38090 accepted.
[3 : mcmc] Progress @ 2026-06-23 02:59:27 : 220969 steps taken, and 38448 accepted.
[1 : mcmc] Progress @ 2026-06-23 03:00:02 : 221021 steps taken, and 38160 accepted.
[2 : mcmc] Progress @ 2026-06-23 03:00:10 : 218977 steps taken, and 37857 accepted.
[0 : mcmc] Progress @ 2026-06-23 03:00:27 : 221048 steps taken, and 38116 accepted.
[3 : mcmc] Progress @ 2026-06-23 03:00:27 : 221053 steps taken, and 38468 accepted.
[2 : mcmc] Progress @ 2026-06-23 03:01:10 : 219089 steps taken, and 37878 accepted.
[1 : mcmc] Progress @ 2026-06-23 03:01:10 : 221140 steps taken, and 38177 accepted.
[3 : mcmc] Progress @ 2026-06-23 03:01:28 : 221149 steps taken, and 38490 accepted.
[0 : mcmc] Progress @ 2026-06-23 03:01:28 : 221167 steps taken, and 38139 accepted.
[2 : mcmc] Progress @ 2026-06-23 03:02:10 : 219225 steps taken, and 37900 accepted.
[1 : mcmc] Progress @ 2026-06-23 03:02:16 : 221283 steps taken, and 38203 accepted.
[3 : mcmc] Progress @ 2026-06-23 03:02:28 : 221300 steps taken, and 38513 accepted.
[0 : mcmc] Progress @ 2026-06-23 03:02:32 : 221288 steps taken, and 38155 accepted.
[2 : mcmc] Progress @ 2026-06-23 03:03:14 : 219337 steps taken, and 37926 accepted.
[1 : mcmc] Progress @ 2026-06-23 03:03:19 : 221410 steps taken, and 38227 accepted.
[3 : mcmc] Progress @ 2026-06-23 03:03:35 : 221391 steps taken, and 38529 accepted.
[0 : mcmc] Progress @ 2026-06-23 03:03:40 : 221387 steps taken, and 38177 accepted.
[2 : mcmc] Progress @ 2026-06-23 03:04:14 : 219463 steps taken, and 37951 accepted.
[1 : mcmc] Progress @ 2026-06-23 03:04:19 : 221506 steps taken, and 38251 accepted.
[3 : mcmc] Progress @ 2026-06-23 03:04:35 : 221485 steps taken, and 38550 accepted.
[0 : mcmc] Progress @ 2026-06-23 03:04:47 : 221549 steps taken, and 38211 accepted.
[1 : mcmc] Progress @ 2026-06-23 03:05:19 : 221597 steps taken, and 38269 accepted.
[2 : mcmc] Progress @ 2026-06-23 03:05:22 : 219560 steps taken, and 37972 accepted.
[3 : mcmc] Progress @ 2026-06-23 03:05:39 : 221597 steps taken, and 38571 accepted.
[0 : mcmc] Progress @ 2026-06-23 03:05:51 : 221666 steps taken, and 38235 accepted.
[1 : mcmc] Progress @ 2026-06-23 03:06:25 : 221689 steps taken, and 38295 accepted.
[2 : mcmc] Progress @ 2026-06-23 03:06:26 : 219680 steps taken, and 38000 accepted.
[3 : mcmc] Progress @ 2026-06-23 03:06:39 : 221696 steps taken, and 38588 accepted.
[0 : mcmc] Progress @ 2026-06-23 03:06:59 : 221761 steps taken, and 38256 accepted.
[2 : mcmc] Progress @ 2026-06-23 03:07:26 : 219780 steps taken, and 38019 accepted.
[1 : mcmc] Progress @ 2026-06-23 03:07:32 : 221820 steps taken, and 38326 accepted.
[3 : mcmc] Progress @ 2026-06-23 03:07:40 : 221811 steps taken, and 38616 accepted.
[0 : mcmc] Progress @ 2026-06-23 03:08:01 : 221902 steps taken, and 38283 accepted.
[2 : mcmc] Progress @ 2026-06-23 03:08:28 : 219907 steps taken, and 38049 accepted.
[1 : mcmc] Progress @ 2026-06-23 03:08:32 : 221918 steps taken, and 38345 accepted.
[3 : mcmc] Progress @ 2026-06-23 03:08:42 : 221903 steps taken, and 38631 accepted.
[0 : mcmc] Progress @ 2026-06-23 03:09:01 : 221999 steps taken, and 38301 accepted.
[2 : mcmc] Progress @ 2026-06-23 03:09:35 : 220029 steps taken, and 38073 accepted.
[1 : mcmc] Progress @ 2026-06-23 03:09:39 : 222015 steps taken, and 38366 accepted.
[3 : mcmc] Progress @ 2026-06-23 03:09:42 : 222022 steps taken, and 38659 accepted.
[0 : mcmc] Progress @ 2026-06-23 03:10:09 : 222112 steps taken, and 38328 accepted.
[1 : mcmc] Progress @ 2026-06-23 03:10:40 : 222097 steps taken, and 38387 accepted.
[2 : mcmc] Progress @ 2026-06-23 03:10:41 : 220113 steps taken, and 38092 accepted.
[3 : mcmc] Progress @ 2026-06-23 03:10:42 : 222113 steps taken, and 38674 accepted.
[1 : mcmc] Learn + convergence test @ 38400 samples accepted.
[1 : mcmc] Ready to check convergence and learn a new proposal covmat (waiting for the rest...)
[0 : mcmc] Progress @ 2026-06-23 03:11:16 : 222236 steps taken, and 38351 accepted.
[2 : mcmc] Progress @ 2026-06-23 03:11:42 : 220226 steps taken, and 38114 accepted.
[1 : mcmc] Progress @ 2026-06-23 03:11:42 : 222198 steps taken, and 38408 accepted.
[3 : mcmc] Progress @ 2026-06-23 03:11:42 : 222227 steps taken, and 38693 accepted.
[0 : mcmc] Progress @ 2026-06-23 03:12:18 : 222314 steps taken, and 38368 accepted.
[2 : mcmc] Progress @ 2026-06-23 03:12:42 : 220316 steps taken, and 38136 accepted.
[3 : mcmc] Progress @ 2026-06-23 03:12:44 : 222303 steps taken, and 38709 accepted.
[1 : mcmc] Progress @ 2026-06-23 03:12:48 : 222312 steps taken, and 38428 accepted.
[0 : mcmc] Learn + convergence test @ 38400 samples accepted.
[0 : mcmc] Ready to check convergence and learn a new proposal covmat (waiting for the rest...)
[0 : mcmc] Progress @ 2026-06-23 03:13:19 : 222463 steps taken, and 38404 accepted.
[3 : mcmc] Progress @ 2026-06-23 03:13:48 : 222413 steps taken, and 38732 accepted.
[2 : mcmc] Progress @ 2026-06-23 03:13:50 : 220451 steps taken, and 38168 accepted.
[1 : mcmc] Progress @ 2026-06-23 03:13:52 : 222449 steps taken, and 38452 accepted.
[0 : mcmc] Progress @ 2026-06-23 03:14:27 : 222597 steps taken, and 38430 accepted.
[3 : mcmc] Progress @ 2026-06-23 03:14:48 : 222501 steps taken, and 38753 accepted.
[2 : mcmc] Progress @ 2026-06-23 03:14:51 : 220541 steps taken, and 38186 accepted.
[1 : mcmc] Progress @ 2026-06-23 03:14:52 : 222516 steps taken, and 38468 accepted.
[0 : mcmc] Progress @ 2026-06-23 03:15:33 : 222709 steps taken, and 38449 accepted.
[3 : mcmc] Progress @ 2026-06-23 03:15:49 : 222591 steps taken, and 38772 accepted.
[2 : mcmc] Progress @ 2026-06-23 03:15:51 : 220639 steps taken, and 38200 accepted.
[1 : mcmc] Progress @ 2026-06-23 03:15:54 : 222634 steps taken, and 38490 accepted.
[0 : mcmc] Progress @ 2026-06-23 03:16:35 : 222776 steps taken, and 38457 accepted.
[2 : mcmc] Progress @ 2026-06-23 03:16:52 : 220756 steps taken, and 38222 accepted.
[1 : mcmc] Progress @ 2026-06-23 03:16:55 : 222739 steps taken, and 38506 accepted.
[3 : mcmc] Progress @ 2026-06-23 03:16:56 : 222686 steps taken, and 38789 accepted.
[0 : mcmc] Progress @ 2026-06-23 03:17:42 : 222905 steps taken, and 38483 accepted.
[1 : mcmc] Progress @ 2026-06-23 03:17:56 : 222829 steps taken, and 38527 accepted.
[2 : mcmc] Progress @ 2026-06-23 03:17:56 : 220860 steps taken, and 38241 accepted.
[3 : mcmc] Progress @ 2026-06-23 03:18:04 : 222808 steps taken, and 38814 accepted.
[0 : mcmc] Progress @ 2026-06-23 03:18:50 : 223059 steps taken, and 38510 accepted.
[2 : mcmc] Progress @ 2026-06-23 03:18:56 : 220966 steps taken, and 38259 accepted.
[1 : mcmc] Progress @ 2026-06-23 03:18:56 : 222928 steps taken, and 38551 accepted.
[3 : mcmc] Progress @ 2026-06-23 03:19:13 : 222925 steps taken, and 38836 accepted.
[0 : mcmc] Progress @ 2026-06-23 03:19:53 : 223184 steps taken, and 38542 accepted.
[2 : mcmc] Progress @ 2026-06-23 03:19:56 : 221064 steps taken, and 38281 accepted.
[1 : mcmc] Progress @ 2026-06-23 03:19:56 : 223020 steps taken, and 38570 accepted.
[3 : mcmc] Progress @ 2026-06-23 03:20:13 : 223017 steps taken, and 38859 accepted.
[0 : mcmc] Progress @ 2026-06-23 03:20:53 : 223263 steps taken, and 38558 accepted.
[1 : mcmc] Progress @ 2026-06-23 03:20:56 : 223109 steps taken, and 38592 accepted.
[2 : mcmc] Progress @ 2026-06-23 03:21:05 : 221185 steps taken, and 38305 accepted.
[3 : mcmc] Progress @ 2026-06-23 03:21:13 : 223178 steps taken, and 38887 accepted.
[0 : mcmc] Progress @ 2026-06-23 03:22:01 : 223347 steps taken, and 38576 accepted.
[1 : mcmc] Progress @ 2026-06-23 03:22:02 : 223206 steps taken, and 38612 accepted.
[2 : mcmc] Progress @ 2026-06-23 03:22:12 : 221310 steps taken, and 38328 accepted.
[3 : mcmc] Progress @ 2026-06-23 03:22:13 : 223244 steps taken, and 38900 accepted.
[0 : mcmc] Progress @ 2026-06-23 03:23:01 : 223472 steps taken, and 38603 accepted.
[1 : mcmc] Progress @ 2026-06-23 03:23:09 : 223344 steps taken, and 38639 accepted.
[3 : mcmc] Progress @ 2026-06-23 03:23:14 : 223325 steps taken, and 38918 accepted.
[2 : mcmc] Progress @ 2026-06-23 03:23:17 : 221414 steps taken, and 38350 accepted.
[0 : mcmc] Progress @ 2026-06-23 03:24:01 : 223565 steps taken, and 38623 accepted.
[1 : mcmc] Progress @ 2026-06-23 03:24:17 : 223453 steps taken, and 38663 accepted.
[2 : mcmc] Progress @ 2026-06-23 03:24:17 : 221495 steps taken, and 38364 accepted.
[3 : mcmc] Progress @ 2026-06-23 03:24:22 : 223435 steps taken, and 38941 accepted.
[0 : mcmc] Progress @ 2026-06-23 03:25:01 : 223692 steps taken, and 38649 accepted.
[2 : mcmc] Progress @ 2026-06-23 03:25:23 : 221632 steps taken, and 38396 accepted.
[1 : mcmc] Progress @ 2026-06-23 03:25:24 : 223536 steps taken, and 38680 accepted.
[3 : mcmc] Progress @ 2026-06-23 03:25:25 : 223551 steps taken, and 38966 accepted.
[2 : mcmc] Learn + convergence test @ 38400 samples accepted.
[2 : mcmc] Ready to check convergence and learn a new proposal covmat (waiting for the rest...)
[0 : mcmc] All chains are ready to check convergence and learn a new proposal covmat
[0 : mcmc]  - Acceptance rate: 0.610 = avg([0.6092, 0.6078, 0.6080, 0.6145])
[0 : mcmc]  - Convergence of means: R-1 = 0.020299 after 154712 accepted steps = sum([38659, 38685, 38400, 38968])
[0 : mcmc]  - Updated covariance matrix of proposal pdf.
[0 : mcmc] Progress @ 2026-06-23 03:26:02 : 223778 steps taken, and 38669 accepted.
[1 : mcmc] Progress @ 2026-06-23 03:26:24 : 223630 steps taken, and 38696 accepted.
[2 : mcmc] Progress @ 2026-06-23 03:26:27 : 221696 steps taken, and 38410 accepted.
[3 : mcmc] Progress @ 2026-06-23 03:26:28 : 223649 steps taken, and 38988 accepted.
[0 : mcmc] Progress @ 2026-06-23 03:27:03 : 223860 steps taken, and 38682 accepted.
[1 : mcmc] Progress @ 2026-06-23 03:27:25 : 223733 steps taken, and 38723 accepted.
[2 : mcmc] Progress @ 2026-06-23 03:27:27 : 221793 steps taken, and 38427 accepted.
[3 : mcmc] Progress @ 2026-06-23 03:27:31 : 223743 steps taken, and 39009 accepted.
[0 : mcmc] Progress @ 2026-06-23 03:28:05 : 223968 steps taken, and 38704 accepted.
[2 : mcmc] Progress @ 2026-06-23 03:28:27 : 221909 steps taken, and 38450 accepted.
[1 : mcmc] Progress @ 2026-06-23 03:28:31 : 223836 steps taken, and 38739 accepted.
[3 : mcmc] Progress @ 2026-06-23 03:28:38 : 223874 steps taken, and 39033 accepted.
[0 : mcmc] Progress @ 2026-06-23 03:29:08 : 224062 steps taken, and 38723 accepted.
[2 : mcmc] Progress @ 2026-06-23 03:29:29 : 222013 steps taken, and 38467 accepted.
[1 : mcmc] Progress @ 2026-06-23 03:29:34 : 223951 steps taken, and 38760 accepted.
[3 : mcmc] Progress @ 2026-06-23 03:29:41 : 223980 steps taken, and 39054 accepted.
[0 : mcmc] Progress @ 2026-06-23 03:30:14 : 224179 steps taken, and 38751 accepted.
[2 : mcmc] Progress @ 2026-06-23 03:30:32 : 222118 steps taken, and 38488 accepted.
[1 : mcmc] Progress @ 2026-06-23 03:30:34 : 224061 steps taken, and 38781 accepted.
[3 : mcmc] Progress @ 2026-06-23 03:30:41 : 224071 steps taken, and 39075 accepted.
[0 : mcmc] Progress @ 2026-06-23 03:31:15 : 224299 steps taken, and 38771 accepted.
[2 : mcmc] Progress @ 2026-06-23 03:31:32 : 222212 steps taken, and 38513 accepted.
[1 : mcmc] Progress @ 2026-06-23 03:31:41 : 224157 steps taken, and 38798 accepted.
[3 : mcmc] Progress @ 2026-06-23 03:31:45 : 224157 steps taken, and 39096 accepted.
[0 : mcmc] Progress @ 2026-06-23 03:32:15 : 224391 steps taken, and 38794 accepted.
[2 : mcmc] Progress @ 2026-06-23 03:32:40 : 222310 steps taken, and 38533 accepted.
[3 : mcmc] Progress @ 2026-06-23 03:32:45 : 224302 steps taken, and 39117 accepted.
[1 : mcmc] Progress @ 2026-06-23 03:32:48 : 224256 steps taken, and 38815 accepted.
[0 : mcmc] Progress @ 2026-06-23 03:33:15 : 224481 steps taken, and 38815 accepted.
[2 : mcmc] Progress @ 2026-06-23 03:33:40 : 222426 steps taken, and 38557 accepted.
[1 : mcmc] Progress @ 2026-06-23 03:33:48 : 224346 steps taken, and 38835 accepted.
[3 : mcmc] Progress @ 2026-06-23 03:33:53 : 224426 steps taken, and 39147 accepted.
[0 : mcmc] Progress @ 2026-06-23 03:34:19 : 224585 steps taken, and 38838 accepted.
[2 : mcmc] Progress @ 2026-06-23 03:34:46 : 222540 steps taken, and 38581 accepted.
[1 : mcmc] Progress @ 2026-06-23 03:34:53 : 224466 steps taken, and 38861 accepted.
[3 : mcmc] Progress @ 2026-06-23 03:34:59 : 224544 steps taken, and 39170 accepted.
[0 : mcmc] Progress @ 2026-06-23 03:35:23 : 224690 steps taken, and 38862 accepted.
[2 : mcmc] Progress @ 2026-06-23 03:35:47 : 222640 steps taken, and 38599 accepted.
[1 : mcmc] Progress @ 2026-06-23 03:35:56 : 224577 steps taken, and 38884 accepted.
[3 : mcmc] Progress @ 2026-06-23 03:35:59 : 224637 steps taken, and 39192 accepted.
[0 : mcmc] Progress @ 2026-06-23 03:36:23 : 224796 steps taken, and 38884 accepted.
[2 : mcmc] Progress @ 2026-06-23 03:36:48 : 222753 steps taken, and 38622 accepted.
[1 : mcmc] Progress @ 2026-06-23 03:36:56 : 224686 steps taken, and 38906 accepted.
[3 : mcmc] Progress @ 2026-06-23 03:36:59 : 224731 steps taken, and 39210 accepted.
[0 : mcmc] Progress @ 2026-06-23 03:37:23 : 224890 steps taken, and 38908 accepted.
[2 : mcmc] Progress @ 2026-06-23 03:37:52 : 222844 steps taken, and 38642 accepted.
[1 : mcmc] Progress @ 2026-06-23 03:37:56 : 224782 steps taken, and 38925 accepted.
[3 : mcmc] Progress @ 2026-06-23 03:38:05 : 224875 steps taken, and 39233 accepted.
[0 : mcmc] Progress @ 2026-06-23 03:38:24 : 224952 steps taken, and 38923 accepted.
[2 : mcmc] Progress @ 2026-06-23 03:38:53 : 222948 steps taken, and 38670 accepted.
[1 : mcmc] Progress @ 2026-06-23 03:38:57 : 224846 steps taken, and 38937 accepted.
[3 : mcmc] Progress @ 2026-06-23 03:39:11 : 224987 steps taken, and 39260 accepted.
[0 : mcmc] Progress @ 2026-06-23 03:39:30 : 225087 steps taken, and 38952 accepted.
[1 : mcmc] Progress @ 2026-06-23 03:39:57 : 225003 steps taken, and 38970 accepted.
[2 : mcmc] Progress @ 2026-06-23 03:40:00 : 223049 steps taken, and 38690 accepted.
[3 : mcmc] Progress @ 2026-06-23 03:40:11 : 225088 steps taken, and 39280 accepted.
[0 : mcmc] Progress @ 2026-06-23 03:40:30 : 225197 steps taken, and 38972 accepted.
[1 : mcmc] Progress @ 2026-06-23 03:40:57 : 225096 steps taken, and 38989 accepted.
[2 : mcmc] Progress @ 2026-06-23 03:41:07 : 223173 steps taken, and 38717 accepted.
[3 : mcmc] Progress @ 2026-06-23 03:41:11 : 225177 steps taken, and 39297 accepted.
[0 : mcmc] Progress @ 2026-06-23 03:41:30 : 225297 steps taken, and 38995 accepted.
[1 : mcmc] Progress @ 2026-06-23 03:42:03 : 225188 steps taken, and 39009 accepted.
[2 : mcmc] Progress @ 2026-06-23 03:42:12 : 223281 steps taken, and 38736 accepted.
[3 : mcmc] Progress @ 2026-06-23 03:42:13 : 225269 steps taken, and 39316 accepted.
[0 : mcmc] Progress @ 2026-06-23 03:42:33 : 225423 steps taken, and 39018 accepted.
[1 : mcmc] Progress @ 2026-06-23 03:43:09 : 225295 steps taken, and 39023 accepted.
[3 : mcmc] Progress @ 2026-06-23 03:43:17 : 225392 steps taken, and 39336 accepted.
[2 : mcmc] Progress @ 2026-06-23 03:43:20 : 223399 steps taken, and 38753 accepted.
[0 : mcmc] Progress @ 2026-06-23 03:43:34 : 225519 steps taken, and 39035 accepted.
[1 : mcmc] Progress @ 2026-06-23 03:44:13 : 225452 steps taken, and 39036 accepted.
[3 : mcmc] Progress @ 2026-06-23 03:44:17 : 225578 steps taken, and 39363 accepted.
[2 : mcmc] Progress @ 2026-06-23 03:44:20 : 223498 steps taken, and 38777 accepted.
[0 : mcmc] Progress @ 2026-06-23 03:44:36 : 225626 steps taken, and 39054 accepted.
[3 : mcmc] Progress @ 2026-06-23 03:45:17 : 225653 steps taken, and 39376 accepted.
[1 : mcmc] Progress @ 2026-06-23 03:45:18 : 225555 steps taken, and 39050 accepted.
[2 : mcmc] Progress @ 2026-06-23 03:45:23 : 223603 steps taken, and 38797 accepted.
[0 : mcmc] Progress @ 2026-06-23 03:45:36 : 225729 steps taken, and 39074 accepted.
[3 : mcmc] Progress @ 2026-06-23 03:46:17 : 225749 steps taken, and 39400 accepted.
[1 : mcmc] Progress @ 2026-06-23 03:46:23 : 225704 steps taken, and 39079 accepted.
[2 : mcmc] Progress @ 2026-06-23 03:46:25 : 223696 steps taken, and 38816 accepted.
[0 : mcmc] Progress @ 2026-06-23 03:46:45 : 225820 steps taken, and 39087 accepted.
[3 : mcmc] Progress @ 2026-06-23 03:47:24 : 225892 steps taken, and 39425 accepted.
[2 : mcmc] Progress @ 2026-06-23 03:47:25 : 223769 steps taken, and 38832 accepted.
[1 : mcmc] Progress @ 2026-06-23 03:47:31 : 225836 steps taken, and 39107 accepted.
[0 : mcmc] Progress @ 2026-06-23 03:47:48 : 225950 steps taken, and 39112 accepted.
[3 : mcmc] Progress @ 2026-06-23 03:48:26 : 225983 steps taken, and 39445 accepted.
[2 : mcmc] Progress @ 2026-06-23 03:48:30 : 223899 steps taken, and 38857 accepted.
[1 : mcmc] Progress @ 2026-06-23 03:48:34 : 225919 steps taken, and 39126 accepted.
[0 : mcmc] Progress @ 2026-06-23 03:48:56 : 226057 steps taken, and 39131 accepted.
[3 : mcmc] Progress @ 2026-06-23 03:49:30 : 226084 steps taken, and 39470 accepted.
[1 : mcmc] Progress @ 2026-06-23 03:49:34 : 226037 steps taken, and 39148 accepted.
[2 : mcmc] Progress @ 2026-06-23 03:49:38 : 224007 steps taken, and 38881 accepted.
[0 : mcmc] Progress @ 2026-06-23 03:49:58 : 226141 steps taken, and 39148 accepted.
[3 : mcmc] Progress @ 2026-06-23 03:50:30 : 226204 steps taken, and 39498 accepted.
[1 : mcmc] Progress @ 2026-06-23 03:50:38 : 226115 steps taken, and 39165 accepted.
[2 : mcmc] Progress @ 2026-06-23 03:50:39 : 224091 steps taken, and 38901 accepted.
[0 : mcmc] Progress @ 2026-06-23 03:51:04 : 226251 steps taken, and 39173 accepted.
[3 : mcmc] Progress @ 2026-06-23 03:51:33 : 226279 steps taken, and 39510 accepted.
[1 : mcmc] Progress @ 2026-06-23 03:51:39 : 226207 steps taken, and 39184 accepted.
[2 : mcmc] Progress @ 2026-06-23 03:51:39 : 224188 steps taken, and 38919 accepted.
[0 : mcmc] Progress @ 2026-06-23 03:52:05 : 226345 steps taken, and 39193 accepted.
[3 : mcmc] Progress @ 2026-06-23 03:52:35 : 226398 steps taken, and 39532 accepted.
[1 : mcmc] Progress @ 2026-06-23 03:52:46 : 226333 steps taken, and 39214 accepted.
[2 : mcmc] Progress @ 2026-06-23 03:52:47 : 224316 steps taken, and 38945 accepted.
[0 : mcmc] Progress @ 2026-06-23 03:53:06 : 226425 steps taken, and 39207 accepted.
[3 : mcmc] Progress @ 2026-06-23 03:53:37 : 226500 steps taken, and 39553 accepted.
[1 : mcmc] Progress @ 2026-06-23 03:53:47 : 226426 steps taken, and 39235 accepted.
[2 : mcmc] Progress @ 2026-06-23 03:53:47 : 224404 steps taken, and 38962 accepted.
[0 : mcmc] Progress @ 2026-06-23 03:54:06 : 226519 steps taken, and 39227 accepted.
[3 : mcmc] Progress @ 2026-06-23 03:54:45 : 226610 steps taken, and 39577 accepted.
[1 : mcmc] Progress @ 2026-06-23 03:54:47 : 226523 steps taken, and 39257 accepted.
[2 : mcmc] Progress @ 2026-06-23 03:54:52 : 224502 steps taken, and 38983 accepted.
[0 : mcmc] Progress @ 2026-06-23 03:55:07 : 226605 steps taken, and 39245 accepted.
[3 : mcmc] Progress @ 2026-06-23 03:55:52 : 226706 steps taken, and 39598 accepted.
[1 : mcmc] Progress @ 2026-06-23 03:55:55 : 226640 steps taken, and 39275 accepted.
[2 : mcmc] Progress @ 2026-06-23 03:56:00 : 224583 steps taken, and 39000 accepted.
[0 : mcmc] Progress @ 2026-06-23 03:56:07 : 226725 steps taken, and 39270 accepted.
[3 : mcmc] Learn + convergence test @ 39600 samples accepted.
[3 : mcmc] Ready to check convergence and learn a new proposal covmat (waiting for the rest...)
[1 : mcmc] Progress @ 2026-06-23 03:56:57 : 226755 steps taken, and 39301 accepted.
[3 : mcmc] Progress @ 2026-06-23 03:56:57 : 226805 steps taken, and 39616 accepted.
[2 : mcmc] Progress @ 2026-06-23 03:57:05 : 224702 steps taken, and 39020 accepted.
[0 : mcmc] Progress @ 2026-06-23 03:57:09 : 226823 steps taken, and 39286 accepted.
[1 : mcmc] Progress @ 2026-06-23 03:57:58 : 226876 steps taken, and 39321 accepted.
[3 : mcmc] Progress @ 2026-06-23 03:58:04 : 226896 steps taken, and 39635 accepted.
[2 : mcmc] Progress @ 2026-06-23 03:58:06 : 224789 steps taken, and 39042 accepted.
[0 : mcmc] Progress @ 2026-06-23 03:58:16 : 226927 steps taken, and 39308 accepted.
[1 : mcmc] Progress @ 2026-06-23 03:58:58 : 226955 steps taken, and 39336 accepted.
[2 : mcmc] Progress @ 2026-06-23 03:59:06 : 224889 steps taken, and 39059 accepted.
[3 : mcmc] Progress @ 2026-06-23 03:59:11 : 227035 steps taken, and 39656 accepted.
[0 : mcmc] Progress @ 2026-06-23 03:59:24 : 227056 steps taken, and 39333 accepted.
[1 : mcmc] Progress @ 2026-06-23 04:00:01 : 227015 steps taken, and 39347 accepted.
[2 : mcmc] Progress @ 2026-06-23 04:00:09 : 225008 steps taken, and 39082 accepted.
[3 : mcmc] Progress @ 2026-06-23 04:00:12 : 227132 steps taken, and 39676 accepted.
[0 : mcmc] Progress @ 2026-06-23 04:00:29 : 227153 steps taken, and 39349 accepted.
[1 : mcmc] Progress @ 2026-06-23 04:01:01 : 227152 steps taken, and 39374 accepted.
[2 : mcmc] Progress @ 2026-06-23 04:01:12 : 225121 steps taken, and 39104 accepted.
[3 : mcmc] Progress @ 2026-06-23 04:01:15 : 227233 steps taken, and 39698 accepted.
[0 : mcmc] Progress @ 2026-06-23 04:01:36 : 227258 steps taken, and 39368 accepted.
[1 : mcmc] Progress @ 2026-06-23 04:02:01 : 227252 steps taken, and 39395 accepted.
[2 : mcmc] Progress @ 2026-06-23 04:02:12 : 225215 steps taken, and 39121 accepted.
[3 : mcmc] Progress @ 2026-06-23 04:02:15 : 227331 steps taken, and 39724 accepted.
[0 : mcmc] Progress @ 2026-06-23 04:02:38 : 227350 steps taken, and 39385 accepted.
[1 : mcmc] Progress @ 2026-06-23 04:03:08 : 227347 steps taken, and 39411 accepted.
[3 : mcmc] Progress @ 2026-06-23 04:03:15 : 227478 steps taken, and 39750 accepted.
[2 : mcmc] Progress @ 2026-06-23 04:03:20 : 225334 steps taken, and 39147 accepted.
[0 : mcmc] Progress @ 2026-06-23 04:03:39 : 227432 steps taken, and 39402 accepted.
[1 : mcmc] Progress @ 2026-06-23 04:04:12 : 227482 steps taken, and 39448 accepted.
[3 : mcmc] Progress @ 2026-06-23 04:04:15 : 227557 steps taken, and 39768 accepted.
[2 : mcmc] Progress @ 2026-06-23 04:04:21 : 225429 steps taken, and 39167 accepted.
[0 : mcmc] Progress @ 2026-06-23 04:04:41 : 227531 steps taken, and 39426 accepted.
[1 : mcmc] Progress @ 2026-06-23 04:05:14 : 227540 steps taken, and 39460 accepted.
[2 : mcmc] Progress @ 2026-06-23 04:05:21 : 225533 steps taken, and 39190 accepted.
[3 : mcmc] Progress @ 2026-06-23 04:05:22 : 227674 steps taken, and 39790 accepted.
[0 : mcmc] Progress @ 2026-06-23 04:05:44 : 227641 steps taken, and 39454 accepted.
[1 : mcmc] Progress @ 2026-06-23 04:06:14 : 227693 steps taken, and 39484 accepted.
[2 : mcmc] Progress @ 2026-06-23 04:06:26 : 225612 steps taken, and 39207 accepted.
[3 : mcmc] Progress @ 2026-06-23 04:06:28 : 227789 steps taken, and 39813 accepted.
[0 : mcmc] Progress @ 2026-06-23 04:06:47 : 227768 steps taken, and 39483 accepted.
[1 : mcmc] Progress @ 2026-06-23 04:07:22 : 227796 steps taken, and 39504 accepted.
[2 : mcmc] Progress @ 2026-06-23 04:07:26 : 225722 steps taken, and 39230 accepted.
[3 : mcmc] Progress @ 2026-06-23 04:07:33 : 227931 steps taken, and 39849 accepted.
[0 : mcmc] Progress @ 2026-06-23 04:07:50 : 227878 steps taken, and 39510 accepted.
[1 : mcmc] Progress @ 2026-06-23 04:08:26 : 227905 steps taken, and 39526 accepted.
[2 : mcmc] Progress @ 2026-06-23 04:08:28 : 225849 steps taken, and 39255 accepted.
[3 : mcmc] Progress @ 2026-06-23 04:08:35 : 228026 steps taken, and 39870 accepted.
[0 : mcmc] Progress @ 2026-06-23 04:08:50 : 227979 steps taken, and 39534 accepted.
[1 : mcmc] Progress @ 2026-06-23 04:09:27 : 228017 steps taken, and 39553 accepted.
[2 : mcmc] Progress @ 2026-06-23 04:09:28 : 225941 steps taken, and 39274 accepted.
[3 : mcmc] Progress @ 2026-06-23 04:09:35 : 228092 steps taken, and 39884 accepted.
[0 : mcmc] Progress @ 2026-06-23 04:09:50 : 228112 steps taken, and 39563 accepted.
[1 : mcmc] Progress @ 2026-06-23 04:10:30 : 228124 steps taken, and 39580 accepted.
[2 : mcmc] Progress @ 2026-06-23 04:10:32 : 226038 steps taken, and 39295 accepted.
[3 : mcmc] Progress @ 2026-06-23 04:10:38 : 228202 steps taken, and 39905 accepted.
[0 : mcmc] Progress @ 2026-06-23 04:10:50 : 228200 steps taken, and 39577 accepted.
[3 : mcmc] Progress @ 2026-06-23 04:11:38 : 228345 steps taken, and 39934 accepted.
[1 : mcmc] Progress @ 2026-06-23 04:11:38 : 228237 steps taken, and 39595 accepted.
[2 : mcmc] Progress @ 2026-06-23 04:11:39 : 226153 steps taken, and 39319 accepted.
[0 : mcmc] Learn + convergence test @ 39600 samples accepted.
[0 : mcmc] Ready to check convergence and learn a new proposal covmat (waiting for the rest...)
[1 : mcmc] Learn + convergence test @ 39600 samples accepted.
[1 : mcmc] Ready to check convergence and learn a new proposal covmat (waiting for the rest...)
[0 : mcmc] Progress @ 2026-06-23 04:11:56 : 228300 steps taken, and 39603 accepted.
[3 : mcmc] Progress @ 2026-06-23 04:12:38 : 228440 steps taken, and 39949 accepted.
[2 : mcmc] Progress @ 2026-06-23 04:12:40 : 226255 steps taken, and 39341 accepted.
[1 : mcmc] Progress @ 2026-06-23 04:12:44 : 228333 steps taken, and 39611 accepted.
[0 : mcmc] Progress @ 2026-06-23 04:13:01 : 228412 steps taken, and 39626 accepted.
[2 : mcmc] Progress @ 2026-06-23 04:13:40 : 226352 steps taken, and 39365 accepted.
[3 : mcmc] Progress @ 2026-06-23 04:13:46 : 228539 steps taken, and 39967 accepted.
[1 : mcmc] Progress @ 2026-06-23 04:13:50 : 228476 steps taken, and 39638 accepted.
[0 : mcmc] Progress @ 2026-06-23 04:14:01 : 228507 steps taken, and 39649 accepted.
[3 : mcmc] Progress @ 2026-06-23 04:14:46 : 228658 steps taken, and 39988 accepted.
[2 : mcmc] Progress @ 2026-06-23 04:14:48 : 226470 steps taken, and 39385 accepted.
[1 : mcmc] Progress @ 2026-06-23 04:14:57 : 228538 steps taken, and 39649 accepted.
[0 : mcmc] Progress @ 2026-06-23 04:15:01 : 228608 steps taken, and 39670 accepted.
[3 : mcmc] Progress @ 2026-06-23 04:15:50 : 228748 steps taken, and 40010 accepted.
[2 : mcmc] Progress @ 2026-06-23 04:15:56 : 226569 steps taken, and 39404 accepted.
[0 : mcmc] Progress @ 2026-06-23 04:16:01 : 228692 steps taken, and 39686 accepted.
[1 : mcmc] Progress @ 2026-06-23 04:16:05 : 228680 steps taken, and 39684 accepted.
[3 : mcmc] Progress @ 2026-06-23 04:16:55 : 228839 steps taken, and 40030 accepted.
[2 : mcmc] Progress @ 2026-06-23 04:16:56 : 226659 steps taken, and 39420 accepted.
[0 : mcmc] Progress @ 2026-06-23 04:17:01 : 228780 steps taken, and 39702 accepted.
[1 : mcmc] Progress @ 2026-06-23 04:17:09 : 228769 steps taken, and 39701 accepted.
[3 : mcmc] Progress @ 2026-06-23 04:17:55 : 228953 steps taken, and 40055 accepted.
[0 : mcmc] Progress @ 2026-06-23 04:18:02 : 228869 steps taken, and 39717 accepted.
[2 : mcmc] Progress @ 2026-06-23 04:18:02 : 226796 steps taken, and 39441 accepted.
[1 : mcmc] Progress @ 2026-06-23 04:18:10 : 228870 steps taken, and 39719 accepted.
[3 : mcmc] Progress @ 2026-06-23 04:19:00 : 229062 steps taken, and 40079 accepted.
[0 : mcmc] Progress @ 2026-06-23 04:19:05 : 228987 steps taken, and 39744 accepted.
[2 : mcmc] Progress @ 2026-06-23 04:19:07 : 226915 steps taken, and 39464 accepted.
[1 : mcmc] Progress @ 2026-06-23 04:19:15 : 228992 steps taken, and 39740 accepted.
[0 : mcmc] Progress @ 2026-06-23 04:20:05 : 229075 steps taken, and 39763 accepted.
[3 : mcmc] Progress @ 2026-06-23 04:20:08 : 229206 steps taken, and 40108 accepted.
[2 : mcmc] Progress @ 2026-06-23 04:20:15 : 227022 steps taken, and 39489 accepted.
[1 : mcmc] Progress @ 2026-06-23 04:20:21 : 229098 steps taken, and 39759 accepted.
[0 : mcmc] Progress @ 2026-06-23 04:21:05 : 229211 steps taken, and 39793 accepted.
[3 : mcmc] Progress @ 2026-06-23 04:21:11 : 229266 steps taken, and 40120 accepted.
[2 : mcmc] Progress @ 2026-06-23 04:21:15 : 227126 steps taken, and 39507 accepted.
[1 : mcmc] Progress @ 2026-06-23 04:21:22 : 229184 steps taken, and 39781 accepted.
[0 : mcmc] Progress @ 2026-06-23 04:22:10 : 229285 steps taken, and 39809 accepted.
[3 : mcmc] Progress @ 2026-06-23 04:22:15 : 229409 steps taken, and 40155 accepted.
[2 : mcmc] Progress @ 2026-06-23 04:22:23 : 227244 steps taken, and 39533 accepted.
[1 : mcmc] Progress @ 2026-06-23 04:22:29 : 229316 steps taken, and 39814 accepted.
[0 : mcmc] Progress @ 2026-06-23 04:23:15 : 229365 steps taken, and 39824 accepted.
[3 : mcmc] Progress @ 2026-06-23 04:23:15 : 229504 steps taken, and 40175 accepted.
[2 : mcmc] Progress @ 2026-06-23 04:23:26 : 227384 steps taken, and 39561 accepted.
[1 : mcmc] Progress @ 2026-06-23 04:23:29 : 229394 steps taken, and 39830 accepted.
[0 : mcmc] Progress @ 2026-06-23 04:24:20 : 229500 steps taken, and 39856 accepted.
[3 : mcmc] Progress @ 2026-06-23 04:24:24 : 229593 steps taken, and 40197 accepted.
[1 : mcmc] Progress @ 2026-06-23 04:24:33 : 229500 steps taken, and 39849 accepted.
[2 : mcmc] Progress @ 2026-06-23 04:24:34 : 227482 steps taken, and 39582 accepted.
[3 : mcmc] Progress @ 2026-06-23 04:25:24 : 229699 steps taken, and 40218 accepted.
[2 : mcmc] Learn + convergence test @ 39600 samples accepted.
[2 : mcmc] Ready to check convergence and learn a new proposal covmat (waiting for the rest...)
[0 : mcmc] Progress @ 2026-06-23 04:25:27 : 229595 steps taken, and 39876 accepted.
[0 : mcmc] All chains are ready to check convergence and learn a new proposal covmat
[0 : mcmc]  - Acceptance rate: 0.610 = avg([0.6101, 0.6060, 0.6080, 0.6141])
[0 : mcmc]  - Convergence of means: R-1 = 0.020879 after 159567 accepted steps = sum([39876, 39872, 39600, 40219])
[0 : mcmc]  - Updated covariance matrix of proposal pdf.
[2 : mcmc] Progress @ 2026-06-23 04:25:35 : 227559 steps taken, and 39600 accepted.
[1 : mcmc] Progress @ 2026-06-23 04:25:35 : 229604 steps taken, and 39873 accepted.
[0 : mcmc] Progress @ 2026-06-23 04:26:28 : 229696 steps taken, and 39898 accepted.
[3 : mcmc] Progress @ 2026-06-23 04:26:28 : 229812 steps taken, and 40235 accepted.
[1 : mcmc] Progress @ 2026-06-23 04:26:35 : 229733 steps taken, and 39903 accepted.
[2 : mcmc] Progress @ 2026-06-23 04:26:36 : 227684 steps taken, and 39622 accepted.
[0 : mcmc] Progress @ 2026-06-23 04:27:29 : 229792 steps taken, and 39922 accepted.
[3 : mcmc] Progress @ 2026-06-23 04:27:32 : 229900 steps taken, and 40251 accepted.
[1 : mcmc] Progress @ 2026-06-23 04:27:35 : 229846 steps taken, and 39919 accepted.
[2 : mcmc] Progress @ 2026-06-23 04:27:36 : 227814 steps taken, and 39645 accepted.
[0 : mcmc] Progress @ 2026-06-23 04:28:30 : 229871 steps taken, and 39938 accepted.
[3 : mcmc] Progress @ 2026-06-23 04:28:35 : 230011 steps taken, and 40278 accepted.
[1 : mcmc] Progress @ 2026-06-23 04:28:39 : 229964 steps taken, and 39942 accepted.
[2 : mcmc] Progress @ 2026-06-23 04:28:43 : 227904 steps taken, and 39658 accepted.
[0 : mcmc] Progress @ 2026-06-23 04:29:32 : 229974 steps taken, and 39963 accepted.
[3 : mcmc] Progress @ 2026-06-23 04:29:39 : 230081 steps taken, and 40292 accepted.
[1 : mcmc] Progress @ 2026-06-23 04:29:39 : 230102 steps taken, and 39973 accepted.
[2 : mcmc] Progress @ 2026-06-23 04:29:49 : 227975 steps taken, and 39670 accepted.
[3 : mcmc] Progress @ 2026-06-23 04:30:39 : 230260 steps taken, and 40320 accepted.
[0 : mcmc] Progress @ 2026-06-23 04:30:41 : 230089 steps taken, and 39981 accepted.
[1 : mcmc] Progress @ 2026-06-23 04:30:43 : 230199 steps taken, and 39992 accepted.
[2 : mcmc] Progress @ 2026-06-23 04:30:51 : 228071 steps taken, and 39691 accepted.
[3 : mcmc] Progress @ 2026-06-23 04:31:40 : 230414 steps taken, and 40343 accepted.
[0 : mcmc] Progress @ 2026-06-23 04:31:44 : 230179 steps taken, and 39996 accepted.
[1 : mcmc] Progress @ 2026-06-23 04:31:50 : 230318 steps taken, and 40016 accepted.
[2 : mcmc] Progress @ 2026-06-23 04:31:56 : 228192 steps taken, and 39718 accepted.
[3 : mcmc] Progress @ 2026-06-23 04:32:41 : 230513 steps taken, and 40365 accepted.
[0 : mcmc] Progress @ 2026-06-23 04:32:47 : 230308 steps taken, and 40024 accepted.
[1 : mcmc] Progress @ 2026-06-23 04:32:55 : 230442 steps taken, and 40043 accepted.
[2 : mcmc] Progress @ 2026-06-23 04:33:03 : 228300 steps taken, and 39744 accepted.
[3 : mcmc] Progress @ 2026-06-23 04:33:47 : 230616 steps taken, and 40388 accepted.
[0 : mcmc] Progress @ 2026-06-23 04:33:48 : 230428 steps taken, and 40053 accepted.
[1 : mcmc] Progress @ 2026-06-23 04:33:57 : 230505 steps taken, and 40060 accepted.
[2 : mcmc] Progress @ 2026-06-23 04:34:10 : 228389 steps taken, and 39760 accepted.
[3 : mcmc] Progress @ 2026-06-23 04:34:48 : 230736 steps taken, and 40414 accepted.
[0 : mcmc] Progress @ 2026-06-23 04:34:55 : 230547 steps taken, and 40081 accepted.
[1 : mcmc] Progress @ 2026-06-23 04:35:00 : 230613 steps taken, and 40086 accepted.
[2 : mcmc] Progress @ 2026-06-23 04:35:14 : 228502 steps taken, and 39782 accepted.
[3 : mcmc] Progress @ 2026-06-23 04:35:55 : 230890 steps taken, and 40446 accepted.
[0 : mcmc] Progress @ 2026-06-23 04:36:02 : 230626 steps taken, and 40100 accepted.
[1 : mcmc] Progress @ 2026-06-23 04:36:03 : 230719 steps taken, and 40107 accepted.
[2 : mcmc] Progress @ 2026-06-23 04:36:14 : 228597 steps taken, and 39801 accepted.
[3 : mcmc] Progress @ 2026-06-23 04:36:59 : 230992 steps taken, and 40472 accepted.
[0 : mcmc] Progress @ 2026-06-23 04:37:02 : 230746 steps taken, and 40125 accepted.
[1 : mcmc] Progress @ 2026-06-23 04:37:05 : 230819 steps taken, and 40124 accepted.
[2 : mcmc] Progress @ 2026-06-23 04:37:22 : 228710 steps taken, and 39824 accepted.
[0 : mcmc] Progress @ 2026-06-23 04:38:05 : 230910 steps taken, and 40153 accepted.
[3 : mcmc] Progress @ 2026-06-23 04:38:07 : 231091 steps taken, and 40494 accepted.
[1 : mcmc] Progress @ 2026-06-23 04:38:08 : 230929 steps taken, and 40150 accepted.
[2 : mcmc] Progress @ 2026-06-23 04:38:23 : 228812 steps taken, and 39848 accepted.
[0 : mcmc] Progress @ 2026-06-23 04:39:06 : 230994 steps taken, and 40173 accepted.
[1 : mcmc] Progress @ 2026-06-23 04:39:08 : 231031 steps taken, and 40172 accepted.
[3 : mcmc] Progress @ 2026-06-23 04:39:13 : 231171 steps taken, and 40513 accepted.
[2 : mcmc] Progress @ 2026-06-23 04:39:24 : 228917 steps taken, and 39867 accepted.
[0 : mcmc] Progress @ 2026-06-23 04:40:10 : 231117 steps taken, and 40200 accepted.
[1 : mcmc] Progress @ 2026-06-23 04:40:13 : 231160 steps taken, and 40193 accepted.
[3 : mcmc] Progress @ 2026-06-23 04:40:14 : 231288 steps taken, and 40536 accepted.
[2 : mcmc] Progress @ 2026-06-23 04:40:30 : 229023 steps taken, and 39890 accepted.
[0 : mcmc] Progress @ 2026-06-23 04:41:10 : 231178 steps taken, and 40214 accepted.
[1 : mcmc] Progress @ 2026-06-23 04:41:17 : 231246 steps taken, and 40212 accepted.
[3 : mcmc] Progress @ 2026-06-23 04:41:22 : 231400 steps taken, and 40560 accepted.
[2 : mcmc] Progress @ 2026-06-23 04:41:31 : 229138 steps taken, and 39915 accepted.
[0 : mcmc] Progress @ 2026-06-23 04:42:15 : 231333 steps taken, and 40243 accepted.
[1 : mcmc] Progress @ 2026-06-23 04:42:19 : 231348 steps taken, and 40233 accepted.
[3 : mcmc] Progress @ 2026-06-23 04:42:25 : 231506 steps taken, and 40586 accepted.
[2 : mcmc] Progress @ 2026-06-23 04:42:31 : 229228 steps taken, and 39931 accepted.
[0 : mcmc] Progress @ 2026-06-23 04:43:15 : 231451 steps taken, and 40264 accepted.
[1 : mcmc] Progress @ 2026-06-23 04:43:20 : 231469 steps taken, and 40259 accepted.
[3 : mcmc] Progress @ 2026-06-23 04:43:25 : 231596 steps taken, and 40609 accepted.
[2 : mcmc] Progress @ 2026-06-23 04:43:32 : 229323 steps taken, and 39955 accepted.
[0 : mcmc] Progress @ 2026-06-23 04:44:20 : 231530 steps taken, and 40281 accepted.
[1 : mcmc] Progress @ 2026-06-23 04:44:21 : 231544 steps taken, and 40277 accepted.
[3 : mcmc] Progress @ 2026-06-23 04:44:25 : 231720 steps taken, and 40624 accepted.
[2 : mcmc] Progress @ 2026-06-23 04:44:32 : 229410 steps taken, and 39969 accepted.
[1 : mcmc] Progress @ 2026-06-23 04:45:22 : 231609 steps taken, and 40291 accepted.
[0 : mcmc] Progress @ 2026-06-23 04:45:26 : 231637 steps taken, and 40302 accepted.
[3 : mcmc] Progress @ 2026-06-23 04:45:29 : 231824 steps taken, and 40646 accepted.
[2 : mcmc] Progress @ 2026-06-23 04:45:32 : 229527 steps taken, and 39994 accepted.
[0 : mcmc] Progress @ 2026-06-23 04:46:27 : 231764 steps taken, and 40333 accepted.
[1 : mcmc] Progress @ 2026-06-23 04:46:31 : 231728 steps taken, and 40311 accepted.
[2 : mcmc] Progress @ 2026-06-23 04:46:35 : 229668 steps taken, and 40024 accepted.
[3 : mcmc] Progress @ 2026-06-23 04:46:37 : 231922 steps taken, and 40667 accepted.
[0 : mcmc] Progress @ 2026-06-23 04:47:29 : 231867 steps taken, and 40350 accepted.
[1 : mcmc] Progress @ 2026-06-23 04:47:33 : 231859 steps taken, and 40327 accepted.
[2 : mcmc] Progress @ 2026-06-23 04:47:35 : 229761 steps taken, and 40049 accepted.
[3 : mcmc] Progress @ 2026-06-23 04:47:39 : 232010 steps taken, and 40683 accepted.
[0 : mcmc] Progress @ 2026-06-23 04:48:29 : 231985 steps taken, and 40374 accepted.
[1 : mcmc] Progress @ 2026-06-23 04:48:33 : 232005 steps taken, and 40354 accepted.
[3 : mcmc] Progress @ 2026-06-23 04:48:39 : 232108 steps taken, and 40705 accepted.
[2 : mcmc] Progress @ 2026-06-23 04:48:39 : 229830 steps taken, and 40064 accepted.
[0 : mcmc] Progress @ 2026-06-23 04:49:37 : 232082 steps taken, and 40391 accepted.
[1 : mcmc] Progress @ 2026-06-23 04:49:41 : 232106 steps taken, and 40378 accepted.
[2 : mcmc] Progress @ 2026-06-23 04:49:43 : 229932 steps taken, and 40082 accepted.
[3 : mcmc] Progress @ 2026-06-23 04:49:46 : 232222 steps taken, and 40722 accepted.
[0 : mcmc] Progress @ 2026-06-23 04:50:41 : 232178 steps taken, and 40412 accepted.
[1 : mcmc] Progress @ 2026-06-23 04:50:41 : 232200 steps taken, and 40400 accepted.
[2 : mcmc] Progress @ 2026-06-23 04:50:44 : 230035 steps taken, and 40101 accepted.
[3 : mcmc] Progress @ 2026-06-23 04:50:47 : 232301 steps taken, and 40742 accepted.
[1 : mcmc] Progress @ 2026-06-23 04:51:44 : 232321 steps taken, and 40424 accepted.
[0 : mcmc] Progress @ 2026-06-23 04:51:46 : 232286 steps taken, and 40435 accepted.
[2 : mcmc] Progress @ 2026-06-23 04:51:47 : 230156 steps taken, and 40121 accepted.
[3 : mcmc] Progress @ 2026-06-23 04:51:47 : 232415 steps taken, and 40762 accepted.
[1 : mcmc] Progress @ 2026-06-23 04:52:44 : 232423 steps taken, and 40444 accepted.
[0 : mcmc] Progress @ 2026-06-23 04:52:46 : 232389 steps taken, and 40451 accepted.
[2 : mcmc] Progress @ 2026-06-23 04:52:52 : 230227 steps taken, and 40135 accepted.
[3 : mcmc] Progress @ 2026-06-23 04:52:55 : 232504 steps taken, and 40777 accepted.
[1 : mcmc] Progress @ 2026-06-23 04:53:46 : 232485 steps taken, and 40457 accepted.
[0 : mcmc] Progress @ 2026-06-23 04:53:47 : 232479 steps taken, and 40471 accepted.
[2 : mcmc] Progress @ 2026-06-23 04:53:52 : 230375 steps taken, and 40167 accepted.
[3 : mcmc] Progress @ 2026-06-23 04:53:56 : 232573 steps taken, and 40792 accepted.
[3 : mcmc] Learn + convergence test @ 40800 samples accepted.
[3 : mcmc] Ready to check convergence and learn a new proposal covmat (waiting for the rest...)
[0 : mcmc] Progress @ 2026-06-23 04:54:47 : 232571 steps taken, and 40492 accepted.
[1 : mcmc] Progress @ 2026-06-23 04:54:53 : 232610 steps taken, and 40486 accepted.
[2 : mcmc] Progress @ 2026-06-23 04:54:56 : 230455 steps taken, and 40186 accepted.
[3 : mcmc] Progress @ 2026-06-23 04:54:58 : 232702 steps taken, and 40814 accepted.
[0 : mcmc] Progress @ 2026-06-23 04:55:47 : 232652 steps taken, and 40512 accepted.
[1 : mcmc] Progress @ 2026-06-23 04:55:55 : 232744 steps taken, and 40503 accepted.
[2 : mcmc] Progress @ 2026-06-23 04:55:56 : 230552 steps taken, and 40206 accepted.
[3 : mcmc] Progress @ 2026-06-23 04:55:58 : 232764 steps taken, and 40829 accepted.
[0 : mcmc] Progress @ 2026-06-23 04:56:49 : 232755 steps taken, and 40534 accepted.
[3 : mcmc] Progress @ 2026-06-23 04:56:58 : 232867 steps taken, and 40853 accepted.
[1 : mcmc] Progress @ 2026-06-23 04:56:59 : 232882 steps taken, and 40527 accepted.
[2 : mcmc] Progress @ 2026-06-23 04:57:02 : 230648 steps taken, and 40224 accepted.
[0 : mcmc] Progress @ 2026-06-23 04:57:54 : 232847 steps taken, and 40558 accepted.
[3 : mcmc] Progress @ 2026-06-23 04:58:01 : 232961 steps taken, and 40869 accepted.
[1 : mcmc] Progress @ 2026-06-23 04:58:02 : 233003 steps taken, and 40553 accepted.
[2 : mcmc] Progress @ 2026-06-23 04:58:04 : 230763 steps taken, and 40241 accepted.
[0 : mcmc] Progress @ 2026-06-23 04:58:55 : 232930 steps taken, and 40577 accepted.
[3 : mcmc] Progress @ 2026-06-23 04:59:01 : 233082 steps taken, and 40891 accepted.
[1 : mcmc] Progress @ 2026-06-23 04:59:06 : 233099 steps taken, and 40571 accepted.
[2 : mcmc] Progress @ 2026-06-23 04:59:08 : 230864 steps taken, and 40265 accepted.
[0 : mcmc] Progress @ 2026-06-23 04:59:59 : 233030 steps taken, and 40601 accepted.
[3 : mcmc] Progress @ 2026-06-23 05:00:04 : 233163 steps taken, and 40911 accepted.
[1 : mcmc] Progress @ 2026-06-23 05:00:06 : 233188 steps taken, and 40591 accepted.
[2 : mcmc] Progress @ 2026-06-23 05:00:08 : 230978 steps taken, and 40287 accepted.
[3 : mcmc] Progress @ 2026-06-23 05:01:04 : 233280 steps taken, and 40933 accepted.
[0 : mcmc] Progress @ 2026-06-23 05:01:07 : 233169 steps taken, and 40632 accepted.
[2 : mcmc] Progress @ 2026-06-23 05:01:08 : 231103 steps taken, and 40313 accepted.
[1 : mcmc] Progress @ 2026-06-23 05:01:14 : 233282 steps taken, and 40617 accepted.
[3 : mcmc] Progress @ 2026-06-23 05:02:04 : 233376 steps taken, and 40956 accepted.
[0 : mcmc] Progress @ 2026-06-23 05:02:07 : 233275 steps taken, and 40649 accepted.
[2 : mcmc] Progress @ 2026-06-23 05:02:14 : 231226 steps taken, and 40340 accepted.
[1 : mcmc] Progress @ 2026-06-23 05:02:21 : 233395 steps taken, and 40643 accepted.
[3 : mcmc] Progress @ 2026-06-23 05:03:04 : 233487 steps taken, and 40973 accepted.
[0 : mcmc] Progress @ 2026-06-23 05:03:07 : 233393 steps taken, and 40669 accepted.
[2 : mcmc] Progress @ 2026-06-23 05:03:14 : 231325 steps taken, and 40363 accepted.
[1 : mcmc] Progress @ 2026-06-23 05:03:29 : 233506 steps taken, and 40663 accepted.
[0 : mcmc] Progress @ 2026-06-23 05:04:07 : 233479 steps taken, and 40687 accepted.
[3 : mcmc] Progress @ 2026-06-23 05:04:09 : 233563 steps taken, and 40991 accepted.
[2 : mcmc] Progress @ 2026-06-23 05:04:20 : 231410 steps taken, and 40383 accepted.
[1 : mcmc] Progress @ 2026-06-23 05:04:31 : 233589 steps taken, and 40678 accepted.
[0 : mcmc] Progress @ 2026-06-23 05:05:08 : 233555 steps taken, and 40705 accepted.
[3 : mcmc] Progress @ 2026-06-23 05:05:09 : 233673 steps taken, and 41010 accepted.
[2 : mcmc] Progress @ 2026-06-23 05:05:26 : 231548 steps taken, and 40419 accepted.
[1 : mcmc] Progress @ 2026-06-23 05:05:33 : 233693 steps taken, and 40703 accepted.
[0 : mcmc] Progress @ 2026-06-23 05:06:13 : 233658 steps taken, and 40726 accepted.
[3 : mcmc] Progress @ 2026-06-23 05:06:13 : 233792 steps taken, and 41034 accepted.
[2 : mcmc] Progress @ 2026-06-23 05:06:26 : 231627 steps taken, and 40436 accepted.
[1 : mcmc] Progress @ 2026-06-23 05:06:34 : 233804 steps taken, and 40721 accepted.
[0 : mcmc] Progress @ 2026-06-23 05:07:16 : 233755 steps taken, and 40744 accepted.
[3 : mcmc] Progress @ 2026-06-23 05:07:18 : 233903 steps taken, and 41059 accepted.
[1 : mcmc] Progress @ 2026-06-23 05:07:34 : 233886 steps taken, and 40739 accepted.
[2 : mcmc] Progress @ 2026-06-23 05:07:34 : 231721 steps taken, and 40458 accepted.
[0 : mcmc] Progress @ 2026-06-23 05:08:16 : 233865 steps taken, and 40764 accepted.
[3 : mcmc] Progress @ 2026-06-23 05:08:23 : 233976 steps taken, and 41071 accepted.
[2 : mcmc] Progress @ 2026-06-23 05:08:34 : 231847 steps taken, and 40482 accepted.
[1 : mcmc] Progress @ 2026-06-23 05:08:36 : 233986 steps taken, and 40763 accepted.
[0 : mcmc] Progress @ 2026-06-23 05:09:23 : 234003 steps taken, and 40789 accepted.
[3 : mcmc] Progress @ 2026-06-23 05:09:24 : 234089 steps taken, and 41093 accepted.
[1 : mcmc] Progress @ 2026-06-23 05:09:39 : 234104 steps taken, and 40784 accepted.
[2 : mcmc] Progress @ 2026-06-23 05:09:43 : 231939 steps taken, and 40497 accepted.
[0 : mcmc] Learn + convergence test @ 40800 samples accepted.
[0 : mcmc] Ready to check convergence and learn a new proposal covmat (waiting for the rest...)
[0 : mcmc] Progress @ 2026-06-23 05:10:23 : 234128 steps taken, and 40813 accepted.
[1 : mcmc] Learn + convergence test @ 40800 samples accepted.
[1 : mcmc] Ready to check convergence and learn a new proposal covmat (waiting for the rest...)
[3 : mcmc] Progress @ 2026-06-23 05:10:28 : 234189 steps taken, and 41110 accepted.
[1 : mcmc] Progress @ 2026-06-23 05:10:40 : 234240 steps taken, and 40805 accepted.
[2 : mcmc] Progress @ 2026-06-23 05:10:47 : 232037 steps taken, and 40518 accepted.
[0 : mcmc] Progress @ 2026-06-23 05:11:24 : 234208 steps taken, and 40831 accepted.
[3 : mcmc] Progress @ 2026-06-23 05:11:28 : 234341 steps taken, and 41138 accepted.
[1 : mcmc] Progress @ 2026-06-23 05:11:46 : 234305 steps taken, and 40816 accepted.
[2 : mcmc] Progress @ 2026-06-23 05:11:49 : 232141 steps taken, and 40538 accepted.
[0 : mcmc] Progress @ 2026-06-23 05:12:25 : 234351 steps taken, and 40858 accepted.
[3 : mcmc] Progress @ 2026-06-23 05:12:32 : 234437 steps taken, and 41157 accepted.
[1 : mcmc] Progress @ 2026-06-23 05:12:49 : 234403 steps taken, and 40839 accepted.
[2 : mcmc] Progress @ 2026-06-23 05:12:58 : 232305 steps taken, and 40565 accepted.
[0 : mcmc] Progress @ 2026-06-23 05:13:32 : 234416 steps taken, and 40872 accepted.
[3 : mcmc] Progress @ 2026-06-23 05:13:36 : 234532 steps taken, and 41172 accepted.
[1 : mcmc] Progress @ 2026-06-23 05:13:57 : 234538 steps taken, and 40860 accepted.
[2 : mcmc] Progress @ 2026-06-23 05:14:03 : 232437 steps taken, and 40595 accepted.
[0 : mcmc] Progress @ 2026-06-23 05:14:32 : 234583 steps taken, and 40903 accepted.
[3 : mcmc] Progress @ 2026-06-23 05:14:36 : 234649 steps taken, and 41196 accepted.
[1 : mcmc] Progress @ 2026-06-23 05:14:57 : 234636 steps taken, and 40880 accepted.
[2 : mcmc] Progress @ 2026-06-23 05:15:03 : 232555 steps taken, and 40625 accepted.
[0 : mcmc] Progress @ 2026-06-23 05:15:36 : 234669 steps taken, and 40919 accepted.
[3 : mcmc] Progress @ 2026-06-23 05:15:37 : 234745 steps taken, and 41214 accepted.
[1 : mcmc] Progress @ 2026-06-23 05:15:57 : 234734 steps taken, and 40899 accepted.
[2 : mcmc] Progress @ 2026-06-23 05:16:07 : 232622 steps taken, and 40641 accepted.
[3 : mcmc] Progress @ 2026-06-23 05:16:41 : 234837 steps taken, and 41233 accepted.
[0 : mcmc] Progress @ 2026-06-23 05:16:41 : 234759 steps taken, and 40935 accepted.
[1 : mcmc] Progress @ 2026-06-23 05:16:57 : 234829 steps taken, and 40919 accepted.
[2 : mcmc] Progress @ 2026-06-23 05:17:16 : 232731 steps taken, and 40661 accepted.
[3 : mcmc] Progress @ 2026-06-23 05:17:41 : 234938 steps taken, and 41251 accepted.
[0 : mcmc] Progress @ 2026-06-23 05:17:45 : 234894 steps taken, and 40954 accepted.
[1 : mcmc] Progress @ 2026-06-23 05:17:58 : 234911 steps taken, and 40935 accepted.
[2 : mcmc] Progress @ 2026-06-23 05:18:16 : 232830 steps taken, and 40682 accepted.
[3 : mcmc] Progress @ 2026-06-23 05:18:43 : 235063 steps taken, and 41274 accepted.
[0 : mcmc] Progress @ 2026-06-23 05:18:49 : 234994 steps taken, and 40978 accepted.
[1 : mcmc] Progress @ 2026-06-23 05:19:06 : 235039 steps taken, and 40962 accepted.
[2 : mcmc] Progress @ 2026-06-23 05:19:19 : 232931 steps taken, and 40697 accepted.
[3 : mcmc] Progress @ 2026-06-23 05:19:48 : 235167 steps taken, and 41296 accepted.
[0 : mcmc] Progress @ 2026-06-23 05:19:53 : 235090 steps taken, and 40999 accepted.
[1 : mcmc] Progress @ 2026-06-23 05:20:13 : 235150 steps taken, and 40985 accepted.
[2 : mcmc] Progress @ 2026-06-23 05:20:23 : 233037 steps taken, and 40717 accepted.
[3 : mcmc] Progress @ 2026-06-23 05:20:51 : 235273 steps taken, and 41317 accepted.
[0 : mcmc] Progress @ 2026-06-23 05:20:53 : 235188 steps taken, and 41018 accepted.
[1 : mcmc] Progress @ 2026-06-23 05:21:13 : 235264 steps taken, and 41006 accepted.
[2 : mcmc] Progress @ 2026-06-23 05:21:23 : 233124 steps taken, and 40733 accepted.
[3 : mcmc] Progress @ 2026-06-23 05:21:55 : 235372 steps taken, and 41332 accepted.
[0 : mcmc] Progress @ 2026-06-23 05:21:59 : 235302 steps taken, and 41041 accepted.
[1 : mcmc] Progress @ 2026-06-23 05:22:18 : 235387 steps taken, and 41029 accepted.
[2 : mcmc] Progress @ 2026-06-23 05:22:27 : 233224 steps taken, and 40755 accepted.
[3 : mcmc] Progress @ 2026-06-23 05:23:02 : 235487 steps taken, and 41353 accepted.
[0 : mcmc] Progress @ 2026-06-23 05:23:07 : 235385 steps taken, and 41057 accepted.
[1 : mcmc] Progress @ 2026-06-23 05:23:18 : 235500 steps taken, and 41051 accepted.
[2 : mcmc] Progress @ 2026-06-23 05:23:33 : 233335 steps taken, and 40780 accepted.
[3 : mcmc] Progress @ 2026-06-23 05:24:05 : 235589 steps taken, and 41367 accepted.
[0 : mcmc] Progress @ 2026-06-23 05:24:10 : 235537 steps taken, and 41083 accepted.
[2 : mcmc] Learn + convergence test @ 40800 samples accepted.
[2 : mcmc] Ready to check convergence and learn a new proposal covmat (waiting for the rest...)
[1 : mcmc] Progress @ 2026-06-23 05:24:25 : 235582 steps taken, and 41068 accepted.
[0 : mcmc] All chains are ready to check convergence and learn a new proposal covmat
[0 : mcmc]  - Acceptance rate: 0.609 = avg([0.6101, 0.6054, 0.6080, 0.6122])
[0 : mcmc]  - Convergence of means: R-1 = 0.020372 after 164341 accepted steps = sum([41094, 41069, 40800, 41378])
[0 : mcmc]  - Updated covariance matrix of proposal pdf.
[2 : mcmc] Progress @ 2026-06-23 05:24:38 : 233442 steps taken, and 40801 accepted.
[3 : mcmc] Progress @ 2026-06-23 05:25:07 : 235679 steps taken, and 41390 accepted.
[0 : mcmc] Progress @ 2026-06-23 05:25:10 : 235643 steps taken, and 41110 accepted.
[1 : mcmc] Progress @ 2026-06-23 05:25:30 : 235696 steps taken, and 41098 accepted.
[2 : mcmc] Progress @ 2026-06-23 05:25:41 : 233557 steps taken, and 40825 accepted.
[3 : mcmc] Progress @ 2026-06-23 05:26:10 : 235793 steps taken, and 41413 accepted.
[0 : mcmc] Progress @ 2026-06-23 05:26:18 : 235770 steps taken, and 41142 accepted.
[1 : mcmc] Progress @ 2026-06-23 05:26:34 : 235843 steps taken, and 41125 accepted.
[2 : mcmc] Progress @ 2026-06-23 05:26:43 : 233643 steps taken, and 40844 accepted.
[3 : mcmc] Progress @ 2026-06-23 05:27:15 : 235901 steps taken, and 41436 accepted.
[0 : mcmc] Progress @ 2026-06-23 05:27:18 : 235862 steps taken, and 41160 accepted.
[1 : mcmc] Progress @ 2026-06-23 05:27:34 : 235931 steps taken, and 41146 accepted.
[2 : mcmc] Progress @ 2026-06-23 05:27:43 : 233740 steps taken, and 40860 accepted.
[3 : mcmc] Progress @ 2026-06-23 05:28:17 : 235981 steps taken, and 41457 accepted.
[0 : mcmc] Progress @ 2026-06-23 05:28:18 : 236001 steps taken, and 41183 accepted.
[1 : mcmc] Progress @ 2026-06-23 05:28:36 : 236048 steps taken, and 41170 accepted.
[2 : mcmc] Progress @ 2026-06-23 05:28:46 : 233822 steps taken, and 40874 accepted.
[3 : mcmc] Progress @ 2026-06-23 05:29:19 : 236085 steps taken, and 41480 accepted.
[0 : mcmc] Progress @ 2026-06-23 05:29:22 : 236084 steps taken, and 41201 accepted.
[1 : mcmc] Progress @ 2026-06-23 05:29:43 : 236132 steps taken, and 41185 accepted.
[2 : mcmc] Progress @ 2026-06-23 05:29:50 : 233935 steps taken, and 40904 accepted.
[3 : mcmc] Progress @ 2026-06-23 05:30:20 : 236221 steps taken, and 41508 accepted.
[0 : mcmc] Progress @ 2026-06-23 05:30:23 : 236216 steps taken, and 41220 accepted.
[1 : mcmc] Progress @ 2026-06-23 05:30:48 : 236249 steps taken, and 41215 accepted.
[2 : mcmc] Progress @ 2026-06-23 05:30:50 : 234033 steps taken, and 40927 accepted.
[0 : mcmc] Progress @ 2026-06-23 05:31:24 : 236353 steps taken, and 41244 accepted.
[3 : mcmc] Progress @ 2026-06-23 05:31:26 : 236279 steps taken, and 41520 accepted.
[1 : mcmc] Progress @ 2026-06-23 05:31:48 : 236336 steps taken, and 41236 accepted.
[2 : mcmc] Progress @ 2026-06-23 05:31:52 : 234125 steps taken, and 40946 accepted.
[0 : mcmc] Progress @ 2026-06-23 05:32:24 : 236478 steps taken, and 41263 accepted.
[3 : mcmc] Progress @ 2026-06-23 05:32:26 : 236373 steps taken, and 41543 accepted.
[1 : mcmc] Progress @ 2026-06-23 05:32:48 : 236441 steps taken, and 41256 accepted.
[2 : mcmc] Progress @ 2026-06-23 05:32:54 : 234190 steps taken, and 40958 accepted.
[0 : mcmc] Progress @ 2026-06-23 05:33:24 : 236543 steps taken, and 41278 accepted.
[3 : mcmc] Progress @ 2026-06-23 05:33:33 : 236485 steps taken, and 41571 accepted.
[1 : mcmc] Progress @ 2026-06-23 05:33:56 : 236534 steps taken, and 41273 accepted.
[2 : mcmc] Progress @ 2026-06-23 05:33:56 : 234314 steps taken, and 40984 accepted.
[0 : mcmc] Progress @ 2026-06-23 05:34:24 : 236642 steps taken, and 41296 accepted.
[3 : mcmc] Progress @ 2026-06-23 05:34:37 : 236582 steps taken, and 41588 accepted.
[1 : mcmc] Progress @ 2026-06-23 05:34:58 : 236655 steps taken, and 41300 accepted.
[2 : mcmc] Progress @ 2026-06-23 05:34:59 : 234407 steps taken, and 41001 accepted.
[0 : mcmc] Progress @ 2026-06-23 05:35:30 : 236759 steps taken, and 41319 accepted.
[3 : mcmc] Progress @ 2026-06-23 05:35:38 : 236669 steps taken, and 41602 accepted.
[1 : mcmc] Progress @ 2026-06-23 05:35:58 : 236770 steps taken, and 41318 accepted.
[2 : mcmc] Progress @ 2026-06-23 05:36:02 : 234522 steps taken, and 41015 accepted.
[0 : mcmc] Progress @ 2026-06-23 05:36:33 : 236803 steps taken, and 41326 accepted.
[3 : mcmc] Progress @ 2026-06-23 05:36:43 : 236754 steps taken, and 41617 accepted.
[1 : mcmc] Progress @ 2026-06-23 05:36:58 : 236860 steps taken, and 41338 accepted.
[2 : mcmc] Progress @ 2026-06-23 05:37:07 : 234662 steps taken, and 41048 accepted.
[0 : mcmc] Progress @ 2026-06-23 05:37:34 : 236929 steps taken, and 41346 accepted.
[3 : mcmc] Progress @ 2026-06-23 05:37:47 : 236863 steps taken, and 41641 accepted.
[1 : mcmc] Progress @ 2026-06-23 05:37:59 : 236982 steps taken, and 41361 accepted.
[2 : mcmc] Progress @ 2026-06-23 05:38:09 : 234737 steps taken, and 41069 accepted.
[0 : mcmc] Progress @ 2026-06-23 05:38:37 : 237057 steps taken, and 41374 accepted.
[3 : mcmc] Progress @ 2026-06-23 05:38:47 : 236959 steps taken, and 41667 accepted.
[1 : mcmc] Progress @ 2026-06-23 05:39:04 : 237069 steps taken, and 41380 accepted.
[2 : mcmc] Progress @ 2026-06-23 05:39:17 : 234876 steps taken, and 41093 accepted.
[0 : mcmc] Progress @ 2026-06-23 05:39:43 : 237184 steps taken, and 41403 accepted.
[3 : mcmc] Progress @ 2026-06-23 05:39:48 : 237030 steps taken, and 41679 accepted.
[1 : mcmc] Progress @ 2026-06-23 05:40:11 : 237227 steps taken, and 41411 accepted.
[2 : mcmc] Progress @ 2026-06-23 05:40:19 : 234969 steps taken, and 41112 accepted.
[0 : mcmc] Progress @ 2026-06-23 05:40:47 : 237314 steps taken, and 41433 accepted.
[3 : mcmc] Progress @ 2026-06-23 05:40:52 : 237161 steps taken, and 41709 accepted.
[1 : mcmc] Progress @ 2026-06-23 05:41:13 : 237317 steps taken, and 41428 accepted.
[2 : mcmc] Progress @ 2026-06-23 05:41:19 : 235057 steps taken, and 41126 accepted.
[0 : mcmc] Progress @ 2026-06-23 05:41:48 : 237370 steps taken, and 41445 accepted.
[3 : mcmc] Progress @ 2026-06-23 05:42:00 : 237308 steps taken, and 41737 accepted.
[1 : mcmc] Progress @ 2026-06-23 05:42:19 : 237414 steps taken, and 41445 accepted.
[2 : mcmc] Progress @ 2026-06-23 05:42:19 : 235182 steps taken, and 41153 accepted.
[0 : mcmc] Progress @ 2026-06-23 05:42:51 : 237498 steps taken, and 41468 accepted.
[3 : mcmc] Progress @ 2026-06-23 05:43:06 : 237382 steps taken, and 41751 accepted.
[2 : mcmc] Progress @ 2026-06-23 05:43:19 : 235274 steps taken, and 41174 accepted.
[1 : mcmc] Progress @ 2026-06-23 05:43:21 : 237529 steps taken, and 41469 accepted.
[0 : mcmc] Progress @ 2026-06-23 05:43:55 : 237608 steps taken, and 41487 accepted.
[3 : mcmc] Progress @ 2026-06-23 05:44:11 : 237478 steps taken, and 41769 accepted.
[2 : mcmc] Progress @ 2026-06-23 05:44:20 : 235381 steps taken, and 41195 accepted.
[1 : mcmc] Progress @ 2026-06-23 05:44:29 : 237661 steps taken, and 41496 accepted.
[0 : mcmc] Progress @ 2026-06-23 05:45:02 : 237718 steps taken, and 41504 accepted.
[3 : mcmc] Progress @ 2026-06-23 05:45:17 : 237577 steps taken, and 41793 accepted.
[2 : mcmc] Progress @ 2026-06-23 05:45:20 : 235475 steps taken, and 41217 accepted.
[1 : mcmc] Progress @ 2026-06-23 05:45:37 : 237763 steps taken, and 41513 accepted.
[0 : mcmc] Progress @ 2026-06-23 05:46:04 : 237830 steps taken, and 41529 accepted.
[2 : mcmc] Progress @ 2026-06-23 05:46:20 : 235618 steps taken, and 41247 accepted.
[3 : mcmc] Progress @ 2026-06-23 05:46:23 : 237696 steps taken, and 41814 accepted.
[1 : mcmc] Progress @ 2026-06-23 05:46:38 : 237872 steps taken, and 41528 accepted.
[0 : mcmc] Progress @ 2026-06-23 05:47:05 : 237898 steps taken, and 41539 accepted.
[2 : mcmc] Progress @ 2026-06-23 05:47:22 : 235732 steps taken, and 41268 accepted.
[3 : mcmc] Progress @ 2026-06-23 05:47:23 : 237819 steps taken, and 41838 accepted.
[1 : mcmc] Progress @ 2026-06-23 05:47:38 : 237969 steps taken, and 41547 accepted.
[0 : mcmc] Progress @ 2026-06-23 05:48:06 : 238036 steps taken, and 41564 accepted.
[2 : mcmc] Progress @ 2026-06-23 05:48:25 : 235824 steps taken, and 41285 accepted.
[3 : mcmc] Progress @ 2026-06-23 05:48:26 : 237900 steps taken, and 41857 accepted.
[1 : mcmc] Progress @ 2026-06-23 05:48:44 : 238083 steps taken, and 41572 accepted.
[0 : mcmc] Progress @ 2026-06-23 05:49:09 : 238131 steps taken, and 41583 accepted.
[3 : mcmc] Progress @ 2026-06-23 05:49:26 : 237990 steps taken, and 41875 accepted.
[2 : mcmc] Progress @ 2026-06-23 05:49:33 : 235932 steps taken, and 41308 accepted.
[1 : mcmc] Progress @ 2026-06-23 05:49:50 : 238168 steps taken, and 41591 accepted.
[0 : mcmc] Progress @ 2026-06-23 05:50:13 : 238229 steps taken, and 41605 accepted.
[3 : mcmc] Progress @ 2026-06-23 05:50:27 : 238064 steps taken, and 41893 accepted.
[2 : mcmc] Progress @ 2026-06-23 05:50:33 : 236035 steps taken, and 41330 accepted.
[1 : mcmc] Progress @ 2026-06-23 05:50:50 : 238254 steps taken, and 41610 accepted.
[0 : mcmc] Progress @ 2026-06-23 05:51:13 : 238334 steps taken, and 41628 accepted.
[3 : mcmc] Progress @ 2026-06-23 05:51:31 : 238184 steps taken, and 41916 accepted.
[2 : mcmc] Progress @ 2026-06-23 05:51:33 : 236085 steps taken, and 41339 accepted.
[1 : mcmc] Progress @ 2026-06-23 05:51:58 : 238372 steps taken, and 41636 accepted.
[0 : mcmc] Progress @ 2026-06-23 05:52:22 : 238455 steps taken, and 41647 accepted.
[3 : mcmc] Progress @ 2026-06-23 05:52:31 : 238286 steps taken, and 41938 accepted.
[2 : mcmc] Progress @ 2026-06-23 05:52:37 : 236217 steps taken, and 41366 accepted.
[1 : mcmc] Progress @ 2026-06-23 05:52:59 : 238457 steps taken, and 41652 accepted.
[0 : mcmc] Progress @ 2026-06-23 05:53:23 : 238551 steps taken, and 41667 accepted.
[3 : mcmc] Progress @ 2026-06-23 05:53:33 : 238367 steps taken, and 41956 accepted.
[2 : mcmc] Progress @ 2026-06-23 05:53:38 : 236324 steps taken, and 41390 accepted.
[1 : mcmc] Progress @ 2026-06-23 05:54:06 : 238569 steps taken, and 41676 accepted.
[0 : mcmc] Progress @ 2026-06-23 05:54:24 : 238651 steps taken, and 41689 accepted.
[3 : mcmc] Progress @ 2026-06-23 05:54:34 : 238490 steps taken, and 41979 accepted.
[2 : mcmc] Progress @ 2026-06-23 05:54:38 : 236418 steps taken, and 41407 accepted.
[1 : mcmc] Progress @ 2026-06-23 05:55:10 : 238679 steps taken, and 41699 accepted.
[0 : mcmc] Progress @ 2026-06-23 05:55:24 : 238754 steps taken, and 41705 accepted.
[2 : mcmc] Progress @ 2026-06-23 05:55:38 : 236505 steps taken, and 41423 accepted.
[3 : mcmc] Progress @ 2026-06-23 05:55:42 : 238574 steps taken, and 41999 accepted.
[3 : mcmc] Learn + convergence test @ 42000 samples accepted.
[3 : mcmc] Ready to check convergence and learn a new proposal covmat (waiting for the rest...)
[1 : mcmc] Progress @ 2026-06-23 05:56:10 : 238772 steps taken, and 41723 accepted.
[0 : mcmc] Progress @ 2026-06-23 05:56:27 : 238860 steps taken, and 41724 accepted.
[2 : mcmc] Progress @ 2026-06-23 05:56:40 : 236614 steps taken, and 41448 accepted.
[3 : mcmc] Progress @ 2026-06-23 05:56:45 : 238681 steps taken, and 42019 accepted.
[1 : mcmc] Progress @ 2026-06-23 05:57:10 : 238866 steps taken, and 41744 accepted.
[0 : mcmc] Progress @ 2026-06-23 05:57:27 : 238947 steps taken, and 41746 accepted.
[2 : mcmc] Progress @ 2026-06-23 05:57:41 : 236721 steps taken, and 41468 accepted.
[3 : mcmc] Progress @ 2026-06-23 05:57:45 : 238862 steps taken, and 42043 accepted.
[1 : mcmc] Progress @ 2026-06-23 05:58:10 : 238950 steps taken, and 41757 accepted.
[0 : mcmc] Progress @ 2026-06-23 05:58:27 : 239032 steps taken, and 41768 accepted.
[2 : mcmc] Progress @ 2026-06-23 05:58:43 : 236821 steps taken, and 41484 accepted.
[3 : mcmc] Progress @ 2026-06-23 05:58:51 : 238977 steps taken, and 42066 accepted.
[1 : mcmc] Progress @ 2026-06-23 05:59:11 : 239054 steps taken, and 41781 accepted.
[0 : mcmc] Progress @ 2026-06-23 05:59:27 : 239130 steps taken, and 41790 accepted.
[2 : mcmc] Progress @ 2026-06-23 05:59:52 : 236904 steps taken, and 41498 accepted.
[3 : mcmc] Progress @ 2026-06-23 05:59:56 : 239070 steps taken, and 42081 accepted.
[1 : mcmc] Progress @ 2026-06-23 06:00:11 : 239178 steps taken, and 41796 accepted.
[0 : mcmc] Progress @ 2026-06-23 06:00:33 : 239227 steps taken, and 41806 accepted.
[3 : mcmc] Progress @ 2026-06-23 06:00:56 : 239164 steps taken, and 42095 accepted.
[2 : mcmc] Progress @ 2026-06-23 06:00:57 : 237005 steps taken, and 41521 accepted.
[1 : mcmc] Progress @ 2026-06-23 06:01:12 : 239295 steps taken, and 41813 accepted.
[0 : mcmc] Progress @ 2026-06-23 06:01:37 : 239327 steps taken, and 41831 accepted.
[2 : mcmc] Progress @ 2026-06-23 06:01:57 : 237156 steps taken, and 41551 accepted.
[3 : mcmc] Progress @ 2026-06-23 06:01:58 : 239286 steps taken, and 42116 accepted.
[1 : mcmc] Progress @ 2026-06-23 06:02:14 : 239385 steps taken, and 41834 accepted.
[0 : mcmc] Progress @ 2026-06-23 06:02:38 : 239404 steps taken, and 41849 accepted.
[2 : mcmc] Progress @ 2026-06-23 06:02:57 : 237240 steps taken, and 41568 accepted.
[3 : mcmc] Progress @ 2026-06-23 06:02:59 : 239369 steps taken, and 42126 accepted.
[1 : mcmc] Progress @ 2026-06-23 06:03:15 : 239489 steps taken, and 41853 accepted.
[0 : mcmc] Progress @ 2026-06-23 06:03:38 : 239522 steps taken, and 41873 accepted.
[2 : mcmc] Progress @ 2026-06-23 06:03:57 : 237331 steps taken, and 41580 accepted.
[3 : mcmc] Progress @ 2026-06-23 06:03:59 : 239494 steps taken, and 42153 accepted.
[1 : mcmc] Progress @ 2026-06-23 06:04:15 : 239570 steps taken, and 41874 accepted.
[0 : mcmc] Progress @ 2026-06-23 06:04:38 : 239608 steps taken, and 41895 accepted.
[2 : mcmc] Progress @ 2026-06-23 06:05:02 : 237452 steps taken, and 41604 accepted.
[3 : mcmc] Progress @ 2026-06-23 06:05:02 : 239615 steps taken, and 42180 accepted.
[1 : mcmc] Progress @ 2026-06-23 06:05:16 : 239684 steps taken, and 41899 accepted.
[0 : mcmc] Progress @ 2026-06-23 06:05:41 : 239720 steps taken, and 41920 accepted.
[2 : mcmc] Progress @ 2026-06-23 06:06:09 : 237594 steps taken, and 41624 accepted.
[3 : mcmc] Progress @ 2026-06-23 06:06:09 : 239715 steps taken, and 42202 accepted.
[1 : mcmc] Progress @ 2026-06-23 06:06:19 : 239794 steps taken, and 41918 accepted.
[0 : mcmc] Progress @ 2026-06-23 06:06:42 : 239805 steps taken, and 41939 accepted.
[2 : mcmc] Progress @ 2026-06-23 06:07:09 : 237651 steps taken, and 41631 accepted.
[3 : mcmc] Progress @ 2026-06-23 06:07:17 : 239834 steps taken, and 42225 accepted.
[1 : mcmc] Progress @ 2026-06-23 06:07:19 : 239919 steps taken, and 41936 accepted.
[0 : mcmc] Progress @ 2026-06-23 06:07:42 : 239893 steps taken, and 41959 accepted.
[2 : mcmc] Progress @ 2026-06-23 06:08:11 : 237766 steps taken, and 41655 accepted.
[1 : mcmc] Progress @ 2026-06-23 06:08:19 : 240009 steps taken, and 41949 accepted.
[3 : mcmc] Progress @ 2026-06-23 06:08:25 : 239936 steps taken, and 42243 accepted.
[0 : mcmc] Progress @ 2026-06-23 06:08:50 : 240005 steps taken, and 41985 accepted.
[2 : mcmc] Progress @ 2026-06-23 06:09:20 : 237862 steps taken, and 41674 accepted.
[1 : mcmc] Progress @ 2026-06-23 06:09:22 : 240120 steps taken, and 41967 accepted.
[3 : mcmc] Progress @ 2026-06-23 06:09:25 : 240074 steps taken, and 42273 accepted.
[0 : mcmc] Learn + convergence test @ 42000 samples accepted.
[0 : mcmc] Ready to check convergence and learn a new proposal covmat (waiting for the rest...)
[0 : mcmc] Progress @ 2026-06-23 06:09:59 : 240096 steps taken, and 42004 accepted.
[2 : mcmc] Progress @ 2026-06-23 06:10:25 : 237990 steps taken, and 41707 accepted.
[3 : mcmc] Progress @ 2026-06-23 06:10:27 : 240144 steps taken, and 42285 accepted.
[1 : mcmc] Progress @ 2026-06-23 06:10:29 : 240239 steps taken, and 41989 accepted.
[0 : mcmc] Progress @ 2026-06-23 06:11:02 : 240198 steps taken, and 42030 accepted.
[1 : mcmc] Learn + convergence test @ 42000 samples accepted.
[1 : mcmc] Ready to check convergence and learn a new proposal covmat (waiting for the rest...)
[1 : mcmc] Progress @ 2026-06-23 06:11:33 : 240364 steps taken, and 42010 accepted.
[2 : mcmc] Progress @ 2026-06-23 06:11:34 : 238068 steps taken, and 41725 accepted.
[3 : mcmc] Progress @ 2026-06-23 06:11:35 : 240227 steps taken, and 42300 accepted.
[0 : mcmc] Progress @ 2026-06-23 06:12:02 : 240312 steps taken, and 42049 accepted.
[1 : mcmc] Progress @ 2026-06-23 06:12:33 : 240440 steps taken, and 42026 accepted.
[3 : mcmc] Progress @ 2026-06-23 06:12:37 : 240355 steps taken, and 42326 accepted.
[2 : mcmc] Progress @ 2026-06-23 06:12:41 : 238196 steps taken, and 41751 accepted.
[0 : mcmc] Progress @ 2026-06-23 06:13:03 : 240403 steps taken, and 42070 accepted.
[1 : mcmc] Progress @ 2026-06-23 06:13:33 : 240517 steps taken, and 42045 accepted.
[2 : mcmc] Progress @ 2026-06-23 06:13:42 : 238293 steps taken, and 41774 accepted.
[3 : mcmc] Progress @ 2026-06-23 06:13:43 : 240421 steps taken, and 42332 accepted.
[0 : mcmc] Progress @ 2026-06-23 06:14:07 : 240508 steps taken, and 42087 accepted.
[1 : mcmc] Progress @ 2026-06-23 06:14:36 : 240612 steps taken, and 42065 accepted.
[2 : mcmc] Progress @ 2026-06-23 06:14:42 : 238420 steps taken, and 41797 accepted.
[3 : mcmc] Progress @ 2026-06-23 06:14:52 : 240565 steps taken, and 42357 accepted.
[0 : mcmc] Progress @ 2026-06-23 06:15:11 : 240661 steps taken, and 42113 accepted.
[1 : mcmc] Progress @ 2026-06-23 06:15:36 : 240710 steps taken, and 42086 accepted.
[2 : mcmc] Progress @ 2026-06-23 06:15:42 : 238517 steps taken, and 41815 accepted.
[3 : mcmc] Progress @ 2026-06-23 06:15:57 : 240664 steps taken, and 42376 accepted.
[0 : mcmc] Progress @ 2026-06-23 06:16:11 : 240761 steps taken, and 42133 accepted.
[1 : mcmc] Progress @ 2026-06-23 06:16:39 : 240834 steps taken, and 42110 accepted.
[2 : mcmc] Progress @ 2026-06-23 06:16:48 : 238632 steps taken, and 41845 accepted.
[3 : mcmc] Progress @ 2026-06-23 06:16:57 : 240773 steps taken, and 42395 accepted.
[0 : mcmc] Progress @ 2026-06-23 06:17:16 : 240858 steps taken, and 42152 accepted.
[1 : mcmc] Progress @ 2026-06-23 06:17:43 : 240936 steps taken, and 42134 accepted.
[2 : mcmc] Progress @ 2026-06-23 06:17:49 : 238707 steps taken, and 41861 accepted.
[3 : mcmc] Progress @ 2026-06-23 06:17:57 : 240883 steps taken, and 42418 accepted.
[0 : mcmc] Progress @ 2026-06-23 06:18:18 : 240978 steps taken, and 42172 accepted.
[1 : mcmc] Progress @ 2026-06-23 06:18:49 : 241067 steps taken, and 42159 accepted.
[2 : mcmc] Progress @ 2026-06-23 06:18:53 : 238817 steps taken, and 41885 accepted.
[3 : mcmc] Progress @ 2026-06-23 06:18:59 : 240975 steps taken, and 42430 accepted.
[0 : mcmc] Progress @ 2026-06-23 06:19:23 : 241073 steps taken, and 42191 accepted.
[1 : mcmc] Progress @ 2026-06-23 06:19:51 : 241147 steps taken, and 42176 accepted.
[2 : mcmc] Progress @ 2026-06-23 06:19:56 : 238923 steps taken, and 41902 accepted.
[3 : mcmc] Progress @ 2026-06-23 06:20:06 : 241064 steps taken, and 42450 accepted.
[0 : mcmc] Progress @ 2026-06-23 06:20:24 : 241183 steps taken, and 42215 accepted.
[1 : mcmc] Progress @ 2026-06-23 06:20:52 : 241263 steps taken, and 42204 accepted.
[2 : mcmc] Progress @ 2026-06-23 06:20:59 : 239011 steps taken, and 41917 accepted.
[3 : mcmc] Progress @ 2026-06-23 06:21:10 : 241187 steps taken, and 42473 accepted.
[0 : mcmc] Progress @ 2026-06-23 06:21:24 : 241264 steps taken, and 42234 accepted.
[1 : mcmc] Progress @ 2026-06-23 06:21:57 : 241391 steps taken, and 42227 accepted.
[2 : mcmc] Progress @ 2026-06-23 06:22:07 : 239112 steps taken, and 41936 accepted.
[3 : mcmc] Progress @ 2026-06-23 06:22:13 : 241293 steps taken, and 42492 accepted.
[0 : mcmc] Progress @ 2026-06-23 06:22:24 : 241370 steps taken, and 42251 accepted.
[1 : mcmc] Progress @ 2026-06-23 06:22:57 : 241515 steps taken, and 42250 accepted.
[2 : mcmc] Progress @ 2026-06-23 06:23:07 : 239197 steps taken, and 41955 accepted.
[3 : mcmc] Progress @ 2026-06-23 06:23:14 : 241395 steps taken, and 42519 accepted.
[0 : mcmc] Progress @ 2026-06-23 06:23:27 : 241474 steps taken, and 42271 accepted.
[1 : mcmc] Progress @ 2026-06-23 06:24:00 : 241607 steps taken, and 42266 accepted.
[2 : mcmc] Progress @ 2026-06-23 06:24:09 : 239306 steps taken, and 41974 accepted.
[3 : mcmc] Progress @ 2026-06-23 06:24:14 : 241483 steps taken, and 42540 accepted.
[0 : mcmc] Progress @ 2026-06-23 06:24:33 : 241575 steps taken, and 42292 accepted.
[1 : mcmc] Progress @ 2026-06-23 06:25:01 : 241678 steps taken, and 42279 accepted.
[2 : mcmc] Progress @ 2026-06-23 06:25:10 : 239400 steps taken, and 41998 accepted.
[3 : mcmc] Progress @ 2026-06-23 06:25:21 : 241611 steps taken, and 42565 accepted.
[0 : mcmc] Progress @ 2026-06-23 06:25:35 : 241657 steps taken, and 42308 accepted.
[2 : mcmc] Learn + convergence test @ 42000 samples accepted.
[2 : mcmc] Ready to check convergence and learn a new proposal covmat (waiting for the rest...)
[0 : mcmc] All chains are ready to check convergence and learn a new proposal covmat
[0 : mcmc]  - Acceptance rate: 0.608 = avg([0.6089, 0.6046, 0.6086, 0.6108])
[0 : mcmc]  - Convergence of means: R-1 = 0.019061 after 169195 accepted steps = sum([42312, 42305, 42000, 42578])
[0 : mcmc]  - Updated covariance matrix of proposal pdf.
[1 : mcmc] Progress @ 2026-06-23 06:26:01 : 241812 steps taken, and 42313 accepted.
[2 : mcmc] Progress @ 2026-06-23 06:26:12 : 239474 steps taken, and 42013 accepted.
[3 : mcmc] Progress @ 2026-06-23 06:26:24 : 241722 steps taken, and 42588 accepted.
[0 : mcmc] Progress @ 2026-06-23 06:26:38 : 241761 steps taken, and 42330 accepted.
[1 : mcmc] Progress @ 2026-06-23 06:27:02 : 241916 steps taken, and 42332 accepted.
[2 : mcmc] Progress @ 2026-06-23 06:27:17 : 239594 steps taken, and 42036 accepted.
[3 : mcmc] Progress @ 2026-06-23 06:27:24 : 241800 steps taken, and 42601 accepted.
[0 : mcmc] Progress @ 2026-06-23 06:27:38 : 241867 steps taken, and 42352 accepted.
[1 : mcmc] Progress @ 2026-06-23 06:28:02 : 242037 steps taken, and 42350 accepted.
[2 : mcmc] Progress @ 2026-06-23 06:28:18 : 239697 steps taken, and 42057 accepted.
[3 : mcmc] Progress @ 2026-06-23 06:28:27 : 241917 steps taken, and 42624 accepted.
[0 : mcmc] Progress @ 2026-06-23 06:28:38 : 241982 steps taken, and 42372 accepted.
[1 : mcmc] Progress @ 2026-06-23 06:29:08 : 242108 steps taken, and 42362 accepted.
[2 : mcmc] Progress @ 2026-06-23 06:29:22 : 239830 steps taken, and 42081 accepted.
[3 : mcmc] Progress @ 2026-06-23 06:29:35 : 242020 steps taken, and 42650 accepted.
[0 : mcmc] Progress @ 2026-06-23 06:29:46 : 242093 steps taken, and 42394 accepted.
[1 : mcmc] Progress @ 2026-06-23 06:30:16 : 242246 steps taken, and 42395 accepted.
[2 : mcmc] Progress @ 2026-06-23 06:30:27 : 239904 steps taken, and 42096 accepted.
[3 : mcmc] Progress @ 2026-06-23 06:30:35 : 242120 steps taken, and 42668 accepted.
[0 : mcmc] Progress @ 2026-06-23 06:30:46 : 242215 steps taken, and 42418 accepted.
[1 : mcmc] Progress @ 2026-06-23 06:31:20 : 242312 steps taken, and 42408 accepted.
[2 : mcmc] Progress @ 2026-06-23 06:31:27 : 239990 steps taken, and 42114 accepted.
[3 : mcmc] Progress @ 2026-06-23 06:31:37 : 242216 steps taken, and 42687 accepted.
[0 : mcmc] Progress @ 2026-06-23 06:31:46 : 242296 steps taken, and 42436 accepted.
[1 : mcmc] Progress @ 2026-06-23 06:32:20 : 242402 steps taken, and 42428 accepted.
[2 : mcmc] Progress @ 2026-06-23 06:32:33 : 240120 steps taken, and 42140 accepted.
[3 : mcmc] Progress @ 2026-06-23 06:32:39 : 242344 steps taken, and 42707 accepted.
[0 : mcmc] Progress @ 2026-06-23 06:32:46 : 242392 steps taken, and 42460 accepted.
[1 : mcmc] Progress @ 2026-06-23 06:33:20 : 242497 steps taken, and 42453 accepted.
[2 : mcmc] Progress @ 2026-06-23 06:33:36 : 240217 steps taken, and 42153 accepted.
[3 : mcmc] Progress @ 2026-06-23 06:33:43 : 242457 steps taken, and 42728 accepted.
[0 : mcmc] Progress @ 2026-06-23 06:33:46 : 242481 steps taken, and 42480 accepted.
[1 : mcmc] Progress @ 2026-06-23 06:34:25 : 242609 steps taken, and 42478 accepted.
[2 : mcmc] Progress @ 2026-06-23 06:34:43 : 240332 steps taken, and 42179 accepted.
[3 : mcmc] Progress @ 2026-06-23 06:34:43 : 242544 steps taken, and 42743 accepted.
[0 : mcmc] Progress @ 2026-06-23 06:34:49 : 242565 steps taken, and 42499 accepted.
[1 : mcmc] Progress @ 2026-06-23 06:35:27 : 242729 steps taken, and 42509 accepted.
[3 : mcmc] Progress @ 2026-06-23 06:35:43 : 242640 steps taken, and 42763 accepted.
[2 : mcmc] Progress @ 2026-06-23 06:35:49 : 240448 steps taken, and 42206 accepted.
[0 : mcmc] Progress @ 2026-06-23 06:35:53 : 242697 steps taken, and 42522 accepted.
[1 : mcmc] Progress @ 2026-06-23 06:36:29 : 242817 steps taken, and 42525 accepted.
[3 : mcmc] Progress @ 2026-06-23 06:36:50 : 242734 steps taken, and 42783 accepted.
[2 : mcmc] Progress @ 2026-06-23 06:36:54 : 240555 steps taken, and 42225 accepted.
[0 : mcmc] Progress @ 2026-06-23 06:37:00 : 242822 steps taken, and 42548 accepted.
[1 : mcmc] Progress @ 2026-06-23 06:37:37 : 242912 steps taken, and 42547 accepted.
[3 : mcmc] Progress @ 2026-06-23 06:37:50 : 242842 steps taken, and 42800 accepted.
[2 : mcmc] Progress @ 2026-06-23 06:37:56 : 240656 steps taken, and 42245 accepted.
[0 : mcmc] Progress @ 2026-06-23 06:38:07 : 242927 steps taken, and 42572 accepted.
[1 : mcmc] Progress @ 2026-06-23 06:38:42 : 243007 steps taken, and 42566 accepted.
[3 : mcmc] Progress @ 2026-06-23 06:38:55 : 242922 steps taken, and 42817 accepted.
[2 : mcmc] Progress @ 2026-06-23 06:38:56 : 240751 steps taken, and 42262 accepted.
[0 : mcmc] Progress @ 2026-06-23 06:39:07 : 243049 steps taken, and 42594 accepted.
[1 : mcmc] Progress @ 2026-06-23 06:39:43 : 243148 steps taken, and 42600 accepted.
[3 : mcmc] Progress @ 2026-06-23 06:39:55 : 243084 steps taken, and 42844 accepted.
[2 : mcmc] Progress @ 2026-06-23 06:39:57 : 240872 steps taken, and 42283 accepted.
[0 : mcmc] Progress @ 2026-06-23 06:40:07 : 243170 steps taken, and 42618 accepted.
[1 : mcmc] Progress @ 2026-06-23 06:40:44 : 243210 steps taken, and 42614 accepted.
[3 : mcmc] Progress @ 2026-06-23 06:40:55 : 243189 steps taken, and 42865 accepted.
[2 : mcmc] Progress @ 2026-06-23 06:41:04 : 240965 steps taken, and 42304 accepted.
[0 : mcmc] Progress @ 2026-06-23 06:41:11 : 243263 steps taken, and 42638 accepted.
[1 : mcmc] Progress @ 2026-06-23 06:41:44 : 243307 steps taken, and 42634 accepted.
[3 : mcmc] Progress @ 2026-06-23 06:41:55 : 243280 steps taken, and 42886 accepted.
[2 : mcmc] Progress @ 2026-06-23 06:42:09 : 241070 steps taken, and 42322 accepted.
[0 : mcmc] Progress @ 2026-06-23 06:42:13 : 243370 steps taken, and 42664 accepted.
[1 : mcmc] Progress @ 2026-06-23 06:42:44 : 243424 steps taken, and 42658 accepted.
[3 : mcmc] Progress @ 2026-06-23 06:42:58 : 243362 steps taken, and 42903 accepted.
[2 : mcmc] Progress @ 2026-06-23 06:43:09 : 241176 steps taken, and 42345 accepted.
[0 : mcmc] Progress @ 2026-06-23 06:43:18 : 243475 steps taken, and 42683 accepted.
[1 : mcmc] Progress @ 2026-06-23 06:43:46 : 243510 steps taken, and 42675 accepted.
[3 : mcmc] Progress @ 2026-06-23 06:43:59 : 243473 steps taken, and 42918 accepted.
[2 : mcmc] Progress @ 2026-06-23 06:44:17 : 241272 steps taken, and 42365 accepted.
[0 : mcmc] Progress @ 2026-06-23 06:44:22 : 243584 steps taken, and 42709 accepted.
[1 : mcmc] Progress @ 2026-06-23 06:44:52 : 243619 steps taken, and 42700 accepted.
[3 : mcmc] Progress @ 2026-06-23 06:44:59 : 243573 steps taken, and 42938 accepted.
[2 : mcmc] Progress @ 2026-06-23 06:45:17 : 241384 steps taken, and 42391 accepted.
[0 : mcmc] Progress @ 2026-06-23 06:45:23 : 243701 steps taken, and 42730 accepted.
[1 : mcmc] Progress @ 2026-06-23 06:45:52 : 243716 steps taken, and 42720 accepted.
[3 : mcmc] Progress @ 2026-06-23 06:46:01 : 243665 steps taken, and 42958 accepted.
[0 : mcmc] Progress @ 2026-06-23 06:46:23 : 243804 steps taken, and 42749 accepted.
[2 : mcmc] Progress @ 2026-06-23 06:46:26 : 241493 steps taken, and 42417 accepted.
[1 : mcmc] Progress @ 2026-06-23 06:46:58 : 243818 steps taken, and 42737 accepted.
[3 : mcmc] Progress @ 2026-06-23 06:47:05 : 243795 steps taken, and 42989 accepted.
[0 : mcmc] Progress @ 2026-06-23 06:47:23 : 243901 steps taken, and 42772 accepted.
[2 : mcmc] Progress @ 2026-06-23 06:47:33 : 241613 steps taken, and 42444 accepted.
[1 : mcmc] Progress @ 2026-06-23 06:47:58 : 243943 steps taken, and 42757 accepted.
[3 : mcmc] Progress @ 2026-06-23 06:48:10 : 243856 steps taken, and 43005 accepted.
[0 : mcmc] Progress @ 2026-06-23 06:48:23 : 243999 steps taken, and 42792 accepted.
[2 : mcmc] Progress @ 2026-06-23 06:48:37 : 241722 steps taken, and 42467 accepted.
[1 : mcmc] Progress @ 2026-06-23 06:49:07 : 244069 steps taken, and 42782 accepted.
[3 : mcmc] Progress @ 2026-06-23 06:49:19 : 244036 steps taken, and 43038 accepted.
[0 : mcmc] Progress @ 2026-06-23 06:49:23 : 244090 steps taken, and 42813 accepted.
[2 : mcmc] Progress @ 2026-06-23 06:49:38 : 241814 steps taken, and 42484 accepted.
[1 : mcmc] Progress @ 2026-06-23 06:50:07 : 244165 steps taken, and 42806 accepted.
[3 : mcmc] Progress @ 2026-06-23 06:50:19 : 244097 steps taken, and 43051 accepted.
[0 : mcmc] Progress @ 2026-06-23 06:50:23 : 244183 steps taken, and 42828 accepted.
[2 : mcmc] Progress @ 2026-06-23 06:50:43 : 241897 steps taken, and 42503 accepted.
[1 : mcmc] Progress @ 2026-06-23 06:51:07 : 244266 steps taken, and 42827 accepted.
[3 : mcmc] Progress @ 2026-06-23 06:51:19 : 244221 steps taken, and 43076 accepted.
[0 : mcmc] Progress @ 2026-06-23 06:51:25 : 244277 steps taken, and 42850 accepted.
[2 : mcmc] Progress @ 2026-06-23 06:51:46 : 241969 steps taken, and 42516 accepted.
[1 : mcmc] Progress @ 2026-06-23 06:52:07 : 244361 steps taken, and 42850 accepted.
[3 : mcmc] Progress @ 2026-06-23 06:52:19 : 244272 steps taken, and 43082 accepted.
[0 : mcmc] Progress @ 2026-06-23 06:52:26 : 244399 steps taken, and 42873 accepted.
[2 : mcmc] Progress @ 2026-06-23 06:52:49 : 242088 steps taken, and 42541 accepted.
[1 : mcmc] Progress @ 2026-06-23 06:53:11 : 244475 steps taken, and 42872 accepted.
[3 : mcmc] Progress @ 2026-06-23 06:53:22 : 244395 steps taken, and 43110 accepted.
[0 : mcmc] Progress @ 2026-06-23 06:53:32 : 244505 steps taken, and 42891 accepted.
[2 : mcmc] Progress @ 2026-06-23 06:53:49 : 242178 steps taken, and 42567 accepted.
[1 : mcmc] Progress @ 2026-06-23 06:54:14 : 244599 steps taken, and 42902 accepted.
[3 : mcmc] Progress @ 2026-06-23 06:54:25 : 244503 steps taken, and 43134 accepted.
[0 : mcmc] Progress @ 2026-06-23 06:54:38 : 244600 steps taken, and 42907 accepted.
[2 : mcmc] Progress @ 2026-06-23 06:54:50 : 242278 steps taken, and 42585 accepted.
[1 : mcmc] Progress @ 2026-06-23 06:55:18 : 244698 steps taken, and 42918 accepted.
[3 : mcmc] Progress @ 2026-06-23 06:55:25 : 244596 steps taken, and 43151 accepted.
[0 : mcmc] Progress @ 2026-06-23 06:55:41 : 244708 steps taken, and 42929 accepted.
[2 : mcmc] Progress @ 2026-06-23 06:55:55 : 242385 steps taken, and 42605 accepted.
[1 : mcmc] Progress @ 2026-06-23 06:56:19 : 244799 steps taken, and 42944 accepted.
[3 : mcmc] Progress @ 2026-06-23 06:56:25 : 244710 steps taken, and 43172 accepted.
[0 : mcmc] Progress @ 2026-06-23 06:56:42 : 244819 steps taken, and 42947 accepted.
[2 : mcmc] Progress @ 2026-06-23 06:57:04 : 242524 steps taken, and 42632 accepted.
[1 : mcmc] Progress @ 2026-06-23 06:57:19 : 244890 steps taken, and 42962 accepted.
[3 : mcmc] Progress @ 2026-06-23 06:57:32 : 244807 steps taken, and 43196 accepted.
[0 : mcmc] Progress @ 2026-06-23 06:57:43 : 244928 steps taken, and 42971 accepted.
[3 : mcmc] Learn + convergence test @ 43200 samples accepted.
[3 : mcmc] Ready to check convergence and learn a new proposal covmat (waiting for the rest...)
[2 : mcmc] Progress @ 2026-06-23 06:58:10 : 242660 steps taken, and 42659 accepted.
[1 : mcmc] Progress @ 2026-06-23 06:58:26 : 244990 steps taken, and 42977 accepted.
[3 : mcmc] Progress @ 2026-06-23 06:58:40 : 244901 steps taken, and 43214 accepted.
[0 : mcmc] Progress @ 2026-06-23 06:58:45 : 245020 steps taken, and 42993 accepted.
[2 : mcmc] Progress @ 2026-06-23 06:59:13 : 242774 steps taken, and 42683 accepted.
[1 : mcmc] Progress @ 2026-06-23 06:59:26 : 245097 steps taken, and 42999 accepted.
[3 : mcmc] Progress @ 2026-06-23 06:59:42 : 245008 steps taken, and 43236 accepted.
[0 : mcmc] Progress @ 2026-06-23 06:59:48 : 245114 steps taken, and 43011 accepted.
[2 : mcmc] Progress @ 2026-06-23 07:00:14 : 242850 steps taken, and 42698 accepted.
[1 : mcmc] Progress @ 2026-06-23 07:00:28 : 245213 steps taken, and 43016 accepted.
[3 : mcmc] Progress @ 2026-06-23 07:00:43 : 245133 steps taken, and 43262 accepted.
[0 : mcmc] Progress @ 2026-06-23 07:00:48 : 245224 steps taken, and 43036 accepted.
[2 : mcmc] Progress @ 2026-06-23 07:01:14 : 242967 steps taken, and 42726 accepted.
[1 : mcmc] Progress @ 2026-06-23 07:01:31 : 245307 steps taken, and 43036 accepted.
[3 : mcmc] Progress @ 2026-06-23 07:01:43 : 245224 steps taken, and 43280 accepted.
[0 : mcmc] Progress @ 2026-06-23 07:01:50 : 245320 steps taken, and 43059 accepted.
[2 : mcmc] Progress @ 2026-06-23 07:02:19 : 243047 steps taken, and 42740 accepted.
[1 : mcmc] Progress @ 2026-06-23 07:02:31 : 245372 steps taken, and 43050 accepted.
[3 : mcmc] Progress @ 2026-06-23 07:02:43 : 245339 steps taken, and 43307 accepted.
[0 : mcmc] Progress @ 2026-06-23 07:02:57 : 245415 steps taken, and 43079 accepted.
[2 : mcmc] Progress @ 2026-06-23 07:03:19 : 243148 steps taken, and 42760 accepted.
[1 : mcmc] Progress @ 2026-06-23 07:03:34 : 245492 steps taken, and 43080 accepted.
[3 : mcmc] Progress @ 2026-06-23 07:03:50 : 245440 steps taken, and 43324 accepted.
[0 : mcmc] Progress @ 2026-06-23 07:03:57 : 245518 steps taken, and 43105 accepted.
[2 : mcmc] Progress @ 2026-06-23 07:04:25 : 243270 steps taken, and 42784 accepted.
[1 : mcmc] Progress @ 2026-06-23 07:04:34 : 245607 steps taken, and 43099 accepted.
[3 : mcmc] Progress @ 2026-06-23 07:04:50 : 245560 steps taken, and 43352 accepted.
[0 : mcmc] Progress @ 2026-06-23 07:04:58 : 245615 steps taken, and 43124 accepted.
[2 : mcmc] Progress @ 2026-06-23 07:05:25 : 243376 steps taken, and 42803 accepted.
[1 : mcmc] Progress @ 2026-06-23 07:05:34 : 245728 steps taken, and 43128 accepted.
[0 : mcmc] Progress @ 2026-06-23 07:05:58 : 245698 steps taken, and 43143 accepted.
[3 : mcmc] Progress @ 2026-06-23 07:05:58 : 245681 steps taken, and 43375 accepted.
[2 : mcmc] Progress @ 2026-06-23 07:06:32 : 243461 steps taken, and 42819 accepted.
[1 : mcmc] Progress @ 2026-06-23 07:06:39 : 245810 steps taken, and 43145 accepted.
[0 : mcmc] Progress @ 2026-06-23 07:06:58 : 245785 steps taken, and 43160 accepted.
[3 : mcmc] Progress @ 2026-06-23 07:07:02 : 245785 steps taken, and 43400 accepted.
[2 : mcmc] Progress @ 2026-06-23 07:07:33 : 243544 steps taken, and 42839 accepted.
[1 : mcmc] Progress @ 2026-06-23 07:07:39 : 245917 steps taken, and 43167 accepted.
[3 : mcmc] Progress @ 2026-06-23 07:08:02 : 245894 steps taken, and 43422 accepted.
[0 : mcmc] Progress @ 2026-06-23 07:08:06 : 245890 steps taken, and 43178 accepted.
[2 : mcmc] Progress @ 2026-06-23 07:08:33 : 243658 steps taken, and 42865 accepted.
[1 : mcmc] Progress @ 2026-06-23 07:08:44 : 245997 steps taken, and 43177 accepted.
[3 : mcmc] Progress @ 2026-06-23 07:09:05 : 246010 steps taken, and 43450 accepted.
[0 : mcmc] Progress @ 2026-06-23 07:09:06 : 245985 steps taken, and 43199 accepted.
[0 : mcmc] Learn + convergence test @ 43200 samples accepted.
[0 : mcmc] Ready to check convergence and learn a new proposal covmat (waiting for the rest...)
[2 : mcmc] Progress @ 2026-06-23 07:09:35 : 243751 steps taken, and 42881 accepted.
[1 : mcmc] Learn + convergence test @ 43200 samples accepted.
[1 : mcmc] Ready to check convergence and learn a new proposal covmat (waiting for the rest...)
[1 : mcmc] Progress @ 2026-06-23 07:09:53 : 246115 steps taken, and 43202 accepted.
[0 : mcmc] Progress @ 2026-06-23 07:10:07 : 246075 steps taken, and 43216 accepted.
[3 : mcmc] Progress @ 2026-06-23 07:10:09 : 246081 steps taken, and 43466 accepted.
[2 : mcmc] Progress @ 2026-06-23 07:10:35 : 243871 steps taken, and 42905 accepted.
[1 : mcmc] Progress @ 2026-06-23 07:10:59 : 246231 steps taken, and 43221 accepted.
[3 : mcmc] Progress @ 2026-06-23 07:11:12 : 246191 steps taken, and 43488 accepted.
[0 : mcmc] Progress @ 2026-06-23 07:11:14 : 246200 steps taken, and 43235 accepted.
[2 : mcmc] Progress @ 2026-06-23 07:11:36 : 243947 steps taken, and 42926 accepted.
[1 : mcmc] Progress @ 2026-06-23 07:11:59 : 246339 steps taken, and 43243 accepted.
[3 : mcmc] Progress @ 2026-06-23 07:12:12 : 246293 steps taken, and 43512 accepted.
[0 : mcmc] Progress @ 2026-06-23 07:12:20 : 246339 steps taken, and 43258 accepted.
[2 : mcmc] Progress @ 2026-06-23 07:12:45 : 244040 steps taken, and 42948 accepted.
[1 : mcmc] Progress @ 2026-06-23 07:13:01 : 246427 steps taken, and 43259 accepted.
[3 : mcmc] Progress @ 2026-06-23 07:13:14 : 246383 steps taken, and 43531 accepted.
[0 : mcmc] Progress @ 2026-06-23 07:13:20 : 246439 steps taken, and 43281 accepted.
[2 : mcmc] Progress @ 2026-06-23 07:13:50 : 244162 steps taken, and 42975 accepted.
[1 : mcmc] Progress @ 2026-06-23 07:14:01 : 246517 steps taken, and 43274 accepted.
[0 : mcmc] Progress @ 2026-06-23 07:14:20 : 246558 steps taken, and 43308 accepted.
[3 : mcmc] Progress @ 2026-06-23 07:14:21 : 246506 steps taken, and 43556 accepted.
[2 : mcmc] Progress @ 2026-06-23 07:14:54 : 244300 steps taken, and 43002 accepted.
[1 : mcmc] Progress @ 2026-06-23 07:15:07 : 246627 steps taken, and 43292 accepted.
[0 : mcmc] Progress @ 2026-06-23 07:15:28 : 246660 steps taken, and 43328 accepted.
[3 : mcmc] Progress @ 2026-06-23 07:15:29 : 246643 steps taken, and 43587 accepted.
[2 : mcmc] Progress @ 2026-06-23 07:16:02 : 244460 steps taken, and 43019 accepted.
[1 : mcmc] Progress @ 2026-06-23 07:16:15 : 246698 steps taken, and 43302 accepted.
[3 : mcmc] Progress @ 2026-06-23 07:16:29 : 246757 steps taken, and 43611 accepted.
[0 : mcmc] Progress @ 2026-06-23 07:16:36 : 246776 steps taken, and 43356 accepted.
[2 : mcmc] Progress @ 2026-06-23 07:17:03 : 244593 steps taken, and 43041 accepted.
[1 : mcmc] Progress @ 2026-06-23 07:17:24 : 246872 steps taken, and 43340 accepted.
[3 : mcmc] Progress @ 2026-06-23 07:17:30 : 246899 steps taken, and 43638 accepted.
[0 : mcmc] Progress @ 2026-06-23 07:17:36 : 246872 steps taken, and 43377 accepted.
[2 : mcmc] Progress @ 2026-06-23 07:18:11 : 244729 steps taken, and 43071 accepted.
[1 : mcmc] Progress @ 2026-06-23 07:18:29 : 246979 steps taken, and 43362 accepted.
[3 : mcmc] Progress @ 2026-06-23 07:18:32 : 247006 steps taken, and 43660 accepted.
[0 : mcmc] Progress @ 2026-06-23 07:18:36 : 247018 steps taken, and 43403 accepted.
[2 : mcmc] Progress @ 2026-06-23 07:19:15 : 244837 steps taken, and 43091 accepted.
[1 : mcmc] Progress @ 2026-06-23 07:19:34 : 247099 steps taken, and 43379 accepted.
[0 : mcmc] Progress @ 2026-06-23 07:19:37 : 247109 steps taken, and 43419 accepted.
[3 : mcmc] Progress @ 2026-06-23 07:19:41 : 247072 steps taken, and 43674 accepted.
[2 : mcmc] Progress @ 2026-06-23 07:20:20 : 244960 steps taken, and 43119 accepted.
[1 : mcmc] Progress @ 2026-06-23 07:20:39 : 247223 steps taken, and 43405 accepted.
[0 : mcmc] Progress @ 2026-06-23 07:20:41 : 247218 steps taken, and 43441 accepted.
[3 : mcmc] Progress @ 2026-06-23 07:20:41 : 247193 steps taken, and 43694 accepted.
[2 : mcmc] Progress @ 2026-06-23 07:21:20 : 245063 steps taken, and 43136 accepted.
[3 : mcmc] Progress @ 2026-06-23 07:21:42 : 247291 steps taken, and 43710 accepted.
[0 : mcmc] Progress @ 2026-06-23 07:21:43 : 247299 steps taken, and 43463 accepted.
[1 : mcmc] Progress @ 2026-06-23 07:21:47 : 247309 steps taken, and 43425 accepted.
[2 : mcmc] Progress @ 2026-06-23 07:22:20 : 245159 steps taken, and 43156 accepted.
[0 : mcmc] Progress @ 2026-06-23 07:22:47 : 247391 steps taken, and 43486 accepted.
[1 : mcmc] Progress @ 2026-06-23 07:22:47 : 247400 steps taken, and 43443 accepted.
[3 : mcmc] Progress @ 2026-06-23 07:22:48 : 247397 steps taken, and 43729 accepted.
[2 : mcmc] Progress @ 2026-06-23 07:23:24 : 245299 steps taken, and 43175 accepted.
[0 : mcmc] Progress @ 2026-06-23 07:23:48 : 247496 steps taken, and 43510 accepted.
[3 : mcmc] Progress @ 2026-06-23 07:23:48 : 247490 steps taken, and 43749 accepted.
[1 : mcmc] Progress @ 2026-06-23 07:23:51 : 247507 steps taken, and 43472 accepted.
[2 : mcmc] Progress @ 2026-06-23 07:24:28 : 245405 steps taken, and 43195 accepted.
[3 : mcmc] Progress @ 2026-06-23 07:24:49 : 247590 steps taken, and 43770 accepted.
[2 : mcmc] Learn + convergence test @ 43200 samples accepted.
[2 : mcmc] Ready to check convergence and learn a new proposal covmat (waiting for the rest...)
[1 : mcmc] Progress @ 2026-06-23 07:24:54 : 247629 steps taken, and 43494 accepted.
[0 : mcmc] Progress @ 2026-06-23 07:24:54 : 247659 steps taken, and 43544 accepted.
[0 : mcmc] All chains are ready to check convergence and learn a new proposal covmat
[0 : mcmc]  - Acceptance rate: 0.608 = avg([0.6084, 0.6043, 0.6072, 0.6110])
[0 : mcmc]  - Convergence of means: R-1 = 0.018088 after 174015 accepted steps = sum([43545, 43495, 43200, 43775])
[0 : mcmc]  - Convergence of bounds: R-1 = 0.064975 after 174015 accepted steps = sum([43545, 43495, 43200, 43775])
[0 : mcmc] The run has converged!
[0 : mcmc] Sampling complete after 174015 accepted steps.

  ΛCDM MCMC finished in 2591.9 min

  ΛCDM MCMC finished in 2591.9 min

  ΛCDM MCMC finished in 2591.9 min

  ΛCDM MCMC finished in 2591.9 min

=================================================================
  POST-PROCESSING CHAINS
=================================================================

=================================================================
  POST-PROCESSING CHAINS
=================================================================

=================================================================
  POST-PROCESSING CHAINS
=================================================================

=================================================================
  POST-PROCESSING CHAINS
=================================================================

  [SSEE] Posterior constraints (68% CI):
    H0              = 67.8734  [67.7662, 67.7662]
    logA            = 3.0411  [3.0282, 3.0282]
    tau             = 0.0531  [0.0465, 0.0465]
    sigma8          = 0.8135  [0.8084, 0.8084]

  [SSEE] Posterior constraints (68% CI):
    H0              = 67.8734  [67.7662, 67.7662]
    logA            = 3.0411  [3.0282, 3.0282]
    tau             = 0.0531  [0.0465, 0.0465]
    sigma8          = 0.8135  [0.8084, 0.8084]

  [SSEE] Posterior constraints (68% CI):
    H0              = 67.8734  [67.7662, 67.7662]
    logA            = 3.0411  [3.0282, 3.0282]

  [SSEE] Posterior constraints (68% CI):
    tau             = 0.0531  [0.0465, 0.0465]
    H0              = 67.8734  [67.7662, 67.7662]
    sigma8          = 0.8135  [0.8084, 0.8084]
    logA            = 3.0411  [3.0282, 3.0282]
    tau             = 0.0531  [0.0465, 0.0465]
    sigma8          = 0.8135  [0.8084, 0.8084]

  [LCDM] Posterior constraints (68% CI):
    H0              = 67.3460  [66.7746, 66.7746]
    logA            = 3.0443  [3.0306, 3.0306]
    tau             = 0.0541  [0.0471, 0.0471]
    sigma8          = 0.8112  [0.8055, 0.8055]
    ombh2           = 0.0224  [0.0222, 0.0222]
    omch2           = 0.1200  [0.1188, 0.1188]
    ns              = 0.9651  [0.9608, 0.9608]

  Table saved: /home/mike/Proyectos/SSEE/src/results/tables/b1_mcmc_constraints.txt

=================================================================
  B1 COMPLETE
=================================================================

  [LCDM] Posterior constraints (68% CI):
    H0              = 67.3460  [66.7746, 66.7746]
    logA            = 3.0443  [3.0306, 3.0306]

  [LCDM] Posterior constraints (68% CI):
    tau             = 0.0541  [0.0471, 0.0471]
    H0              = 67.3460  [66.7746, 66.7746]
    sigma8          = 0.8112  [0.8055, 0.8055]
    logA            = 3.0443  [3.0306, 3.0306]
    ombh2           = 0.0224  [0.0222, 0.0222]
    tau             = 0.0541  [0.0471, 0.0471]
    omch2           = 0.1200  [0.1188, 0.1188]
    sigma8          = 0.8112  [0.8055, 0.8055]

  [LCDM] Posterior constraints (68% CI):
    ns              = 0.9651  [0.9608, 0.9608]

  Table saved: /home/mike/Proyectos/SSEE/src/results/tables/b1_mcmc_constraints.txt

=================================================================
  B1 COMPLETE
=================================================================
    ombh2           = 0.0224  [0.0222, 0.0222]
    H0              = 67.3460  [66.7746, 66.7746]
    omch2           = 0.1200  [0.1188, 0.1188]
    logA            = 3.0443  [3.0306, 3.0306]
    ns              = 0.9651  [0.9608, 0.9608]

  Table saved: /home/mike/Proyectos/SSEE/src/results/tables/b1_mcmc_constraints.txt

=================================================================
  B1 COMPLETE
=================================================================
    tau             = 0.0541  [0.0471, 0.0471]
    sigma8          = 0.8112  [0.8055, 0.8055]
    ombh2           = 0.0224  [0.0222, 0.0222]
    omch2           = 0.1200  [0.1188, 0.1188]
    ns              = 0.9651  [0.9608, 0.9608]

  Table saved: /home/mike/Proyectos/SSEE/src/results/tables/b1_mcmc_constraints.txt

=================================================================
  B1 COMPLETE
=================================================================
