preflight  [1/3] __pycache__ borrados: 75
preflight  [2/3] núcleo(fuente) == CANONICAL_VALUES en 6 constantes
preflight  [3/3] ingredientes de esta corrida:
             SUM_MNU_EV       = 0.068490000
             OMEGA_B_H2       = 0.022417757
             OMEGA_C_H2       = 0.119514408
             OMEGA_NU_H2      = 0.000735345
             OMEGA_M_H2       = 0.142667510
             OMEGA_M_TOTAL    = 0.308880879
             W0               = -0.839949771
             WA               = -0.669974886
             H0_ALG           = 67.962137323
preflight  OK — luz verde para el cómputo
2026-09-19 09:35:12  lanzando kids_legacy/lcdmfijo  (4 cadenas MPI, reanudar=1)
[0 : output] Output to be read-from/written-into folder '/mnt/datos/SSEE_data/chains_p6/kids_legacy', with prefix 'lcdmfijo'
[0 : output] Found existing info files with the requested output prefix: '/mnt/datos/SSEE_data/chains_p6/kids_legacy/lcdmfijo'
[0 : output] Let's try to resume/load.
[0 : output] Found an old sample. Resuming.
[3 : p06_growth.cobaya_kids_legacy.loglike_lcdmfijo] Initialized external likelihood.
[1 : p06_growth.cobaya_kids_legacy.loglike_lcdmfijo] Initialized external likelihood.
[2 : p06_growth.cobaya_kids_legacy.loglike_lcdmfijo] Initialized external likelihood.
[0 : p06_growth.cobaya_kids_legacy.loglike_lcdmfijo] Initialized external likelihood.
[0 : mcmc] Resuming from previous sample!
[3 : samplecollection] Loaded 741 sample points from '/mnt/datos/SSEE_data/chains_p6/kids_legacy/lcdmfijo.4.txt'
[1 : samplecollection] Loaded 797 sample points from '/mnt/datos/SSEE_data/chains_p6/kids_legacy/lcdmfijo.2.txt'
[0 : samplecollection] Loaded 665 sample points from '/mnt/datos/SSEE_data/chains_p6/kids_legacy/lcdmfijo.1.txt'
[2 : samplecollection] Loaded 690 sample points from '/mnt/datos/SSEE_data/chains_p6/kids_legacy/lcdmfijo.3.txt'
[3 : mcmc] Initial point: logA:3.038393, logT_AGN:8.078858, A_scale:0.9447916, dz1:0.02280058, dz2:0.004578486, dz3:-0.0166203, dz4:-0.001685643, dz5:0.03002189, dz6:0.0584587
[1 : mcmc] Initial point: logA:3.022586, logT_AGN:7.989758, A_scale:2.96689, dz1:0.02587579, dz2:-0.003774586, dz3:-0.01028976, dz4:-0.002847365, dz5:0.02596649, dz6:0.05835558
[2 : mcmc] Initial point: logA:3.004491, logT_AGN:7.840845, A_scale:2.333887, dz1:0.03175053, dz2:-0.001589323, dz3:9.422855e-05, dz4:-0.007145497, dz5:0.02065961, dz6:0.0542734
[0 : mcmc] Initial point: logA:2.987311, logT_AGN:7.818395, A_scale:1.715481, dz1:0.01677464, dz2:0.004324148, dz3:-0.006939642, dz4:0.0008944869, dz5:0.01010362, dz6:0.05560078
[0 : mcmc] Oversampling with factors:
[0 : mcmc] * 1 : ['logA', 'logT_AGN']
[0 : mcmc] * 5 : ['A_scale', 'dz1', 'dz2', 'dz3', 'dz4', 'dz5', 'dz6']
[0 : mcmc] Covariance matrix from previous sample.
[0 : mcmc] Sampling!
[1 : mcmc] Progress @ 2026-09-19 09:35:29 : 1 steps taken, and 797 accepted.
[3 : mcmc] Progress @ 2026-09-19 09:35:29 : 1 steps taken, and 741 accepted.
[0 : mcmc] Progress @ 2026-09-19 09:35:39 : 1 steps taken, and 665 accepted.
[2 : mcmc] Progress @ 2026-09-19 09:35:39 : 1 steps taken, and 690 accepted.
[3 : mcmc] Progress @ 2026-09-19 09:36:35 : 55 steps taken, and 749 accepted.
[0 : mcmc] Progress @ 2026-09-19 09:36:39 : 33 steps taken, and 672 accepted.
[2 : mcmc] Progress @ 2026-09-19 09:36:40 : 15 steps taken, and 693 accepted.
[1 : mcmc] Progress @ 2026-09-19 09:36:41 : 44 steps taken, and 806 accepted.
[0 : mcmc] Progress @ 2026-09-19 09:37:40 : 47 steps taken, and 675 accepted.
[2 : mcmc] Progress @ 2026-09-19 09:37:41 : 48 steps taken, and 700 accepted.
[3 : mcmc] Progress @ 2026-09-19 09:37:49 : 122 steps taken, and 761 accepted.
[1 : mcmc] Progress @ 2026-09-19 09:37:53 : 86 steps taken, and 813 accepted.
[0 : mcmc] Progress @ 2026-09-19 09:38:40 : 80 steps taken, and 680 accepted.
[2 : mcmc] Progress @ 2026-09-19 09:38:41 : 61 steps taken, and 701 accepted.
[3 : mcmc] Progress @ 2026-09-19 09:38:49 : 170 steps taken, and 769 accepted.
[1 : mcmc] Progress @ 2026-09-19 09:39:06 : 131 steps taken, and 822 accepted.
[0 : mcmc] Progress @ 2026-09-19 09:39:40 : 113 steps taken, and 686 accepted.
[2 : mcmc] Progress @ 2026-09-19 09:39:42 : 93 steps taken, and 709 accepted.
[3 : mcmc] Progress @ 2026-09-19 09:39:50 : 217 steps taken, and 779 accepted.
[1 : mcmc] Progress @ 2026-09-19 09:40:14 : 170 steps taken, and 830 accepted.
[2 : mcmc] Progress @ 2026-09-19 09:40:42 : 125 steps taken, and 717 accepted.
[0 : mcmc] Progress @ 2026-09-19 09:40:42 : 128 steps taken, and 690 accepted.
[3 : mcmc] Progress @ 2026-09-19 09:40:59 : 278 steps taken, and 792 accepted.
[1 : mcmc] Progress @ 2026-09-19 09:41:14 : 237 steps taken, and 836 accepted.
[2 : mcmc] Progress @ 2026-09-19 09:41:43 : 139 steps taken, and 719 accepted.
[2 : mcmc] Learn + convergence test @ 720 samples accepted.
[2 : mcmc] Ready to check convergence and learn a new proposal covmat (waiting for the rest...)
[0 : mcmc] Progress @ 2026-09-19 09:41:57 : 172 steps taken, and 697 accepted.
[3 : mcmc] Progress @ 2026-09-19 09:41:59 : 327 steps taken, and 805 accepted.
[1 : mcmc] Progress @ 2026-09-19 09:42:24 : 279 steps taken, and 845 accepted.
[2 : mcmc] Progress @ 2026-09-19 09:42:46 : 181 steps taken, and 723 accepted.
[3 : mcmc] Progress @ 2026-09-19 09:42:59 : 373 steps taken, and 815 accepted.
[0 : mcmc] Progress @ 2026-09-19 09:43:20 : 205 steps taken, and 703 accepted.
[1 : mcmc] Progress @ 2026-09-19 09:43:31 : 335 steps taken, and 855 accepted.
[2 : mcmc] Progress @ 2026-09-19 09:43:46 : 229 steps taken, and 734 accepted.
[3 : mcmc] Progress @ 2026-09-19 09:43:59 : 421 steps taken, and 823 accepted.
[0 : mcmc] Progress @ 2026-09-19 09:44:21 : 219 steps taken, and 705 accepted.
[1 : mcmc] Progress @ 2026-09-19 09:44:39 : 374 steps taken, and 861 accepted.
[2 : mcmc] Progress @ 2026-09-19 09:44:47 : 276 steps taken, and 744 accepted.
[3 : mcmc] Progress @ 2026-09-19 09:45:00 : 490 steps taken, and 839 accepted.
[0 : mcmc] Progress @ 2026-09-19 09:45:21 : 252 steps taken, and 712 accepted.
[1 : mcmc] Progress @ 2026-09-19 09:45:44 : 426 steps taken, and 871 accepted.
[2 : mcmc] Progress @ 2026-09-19 09:45:54 : 313 steps taken, and 753 accepted.
[3 : mcmc] Progress @ 2026-09-19 09:46:00 : 517 steps taken, and 843 accepted.
[0 : mcmc] Progress @ 2026-09-19 09:46:22 : 266 steps taken, and 716 accepted.
[1 : mcmc] Progress @ 2026-09-19 09:46:44 : 473 steps taken, and 880 accepted.
[2 : mcmc] Progress @ 2026-09-19 09:46:54 : 342 steps taken, and 758 accepted.
[3 : mcmc] Progress @ 2026-09-19 09:47:00 : 564 steps taken, and 849 accepted.
[0 : mcmc] Progress @ 2026-09-19 09:47:23 : 280 steps taken, and 718 accepted.
[0 : mcmc] Learn + convergence test @ 720 samples accepted.
[0 : mcmc] Ready to check convergence and learn a new proposal covmat (waiting for the rest...)
[1 : mcmc] Progress @ 2026-09-19 09:47:45 : 520 steps taken, and 889 accepted.
[2 : mcmc] Progress @ 2026-09-19 09:47:57 : 390 steps taken, and 769 accepted.
[3 : mcmc] Progress @ 2026-09-19 09:48:01 : 612 steps taken, and 859 accepted.
[0 : mcmc] Progress @ 2026-09-19 09:48:32 : 303 steps taken, and 722 accepted.
[1 : mcmc] Progress @ 2026-09-19 09:48:46 : 557 steps taken, and 898 accepted.
[2 : mcmc] Progress @ 2026-09-19 09:48:57 : 435 steps taken, and 777 accepted.
[3 : mcmc] Progress @ 2026-09-19 09:49:04 : 644 steps taken, and 867 accepted.
[0 : mcmc] Progress @ 2026-09-19 09:49:33 : 364 steps taken, and 733 accepted.
[1 : mcmc] Progress @ 2026-09-19 09:49:46 : 591 steps taken, and 904 accepted.
[2 : mcmc] Progress @ 2026-09-19 09:50:06 : 492 steps taken, and 789 accepted.
[3 : mcmc] Progress @ 2026-09-19 09:50:22 : 693 steps taken, and 874 accepted.
[0 : mcmc] Progress @ 2026-09-19 09:50:34 : 395 steps taken, and 739 accepted.
[1 : mcmc] Progress @ 2026-09-19 09:50:46 : 624 steps taken, and 910 accepted.
[2 : mcmc] Progress @ 2026-09-19 09:51:13 : 527 steps taken, and 797 accepted.
[3 : mcmc] Progress @ 2026-09-19 09:51:23 : 726 steps taken, and 880 accepted.
[0 : mcmc] Progress @ 2026-09-19 09:51:38 : 436 steps taken, and 746 accepted.
[1 : mcmc] Progress @ 2026-09-19 09:51:58 : 666 steps taken, and 918 accepted.
[2 : mcmc] Progress @ 2026-09-19 09:52:28 : 574 steps taken, and 806 accepted.
[3 : mcmc] Progress @ 2026-09-19 09:52:35 : 749 steps taken, and 885 accepted.
[0 : mcmc] Progress @ 2026-09-19 09:52:38 : 482 steps taken, and 755 accepted.
[1 : mcmc] Progress @ 2026-09-19 09:52:58 : 699 steps taken, and 923 accepted.
[2 : mcmc] Progress @ 2026-09-19 09:53:33 : 627 steps taken, and 816 accepted.
[3 : mcmc] Progress @ 2026-09-19 09:53:36 : 781 steps taken, and 890 accepted.
[0 : mcmc] Progress @ 2026-09-19 09:53:38 : 528 steps taken, and 764 accepted.
[1 : mcmc] Progress @ 2026-09-19 09:53:58 : 753 steps taken, and 933 accepted.
[2 : mcmc] Progress @ 2026-09-19 09:54:33 : 672 steps taken, and 826 accepted.
[3 : mcmc] Progress @ 2026-09-19 09:54:37 : 815 steps taken, and 896 accepted.
[0 : mcmc] Progress @ 2026-09-19 09:54:50 : 569 steps taken, and 774 accepted.
[1 : mcmc] Progress @ 2026-09-19 09:55:22 : 788 steps taken, and 938 accepted.
[3 : mcmc] Progress @ 2026-09-19 09:55:38 : 849 steps taken, and 902 accepted.
[2 : mcmc] Progress @ 2026-09-19 09:55:45 : 734 steps taken, and 834 accepted.
[0 : mcmc] Progress @ 2026-09-19 09:55:52 : 618 steps taken, and 783 accepted.
[1 : mcmc] Progress @ 2026-09-19 09:56:30 : 828 steps taken, and 947 accepted.
[3 : mcmc] Progress @ 2026-09-19 09:56:40 : 884 steps taken, and 908 accepted.
[2 : mcmc] Progress @ 2026-09-19 09:56:45 : 759 steps taken, and 841 accepted.
[0 : mcmc] Progress @ 2026-09-19 09:56:53 : 639 steps taken, and 786 accepted.
[1 : mcmc] Progress @ 2026-09-19 09:57:30 : 871 steps taken, and 956 accepted.
[3 : mcmc] Progress @ 2026-09-19 09:57:40 : 917 steps taken, and 915 accepted.
[2 : mcmc] Progress @ 2026-09-19 09:57:45 : 815 steps taken, and 850 accepted.
[0 : mcmc] Progress @ 2026-09-19 09:58:16 : 675 steps taken, and 790 accepted.
[3 : mcmc] Progress @ 2026-09-19 09:58:41 : 963 steps taken, and 925 accepted.
[1 : mcmc] Progress @ 2026-09-19 09:58:45 : 893 steps taken, and 960 accepted.
[2 : mcmc] Progress @ 2026-09-19 09:58:55 : 852 steps taken, and 856 accepted.
[0 : mcmc] Progress @ 2026-09-19 09:59:16 : 717 steps taken, and 797 accepted.
[3 : mcmc] Progress @ 2026-09-19 09:59:42 : 997 steps taken, and 933 accepted.
[1 : mcmc] Progress @ 2026-09-19 09:59:45 : 925 steps taken, and 968 accepted.
[2 : mcmc] Progress @ 2026-09-19 10:00:00 : 889 steps taken, and 865 accepted.
[0 : mcmc] Progress @ 2026-09-19 10:00:17 : 744 steps taken, and 802 accepted.
[1 : mcmc] Progress @ 2026-09-19 10:00:46 : 939 steps taken, and 971 accepted.
[3 : mcmc] Progress @ 2026-09-19 10:00:59 : 1026 steps taken, and 940 accepted.
[2 : mcmc] Progress @ 2026-09-19 10:01:12 : 932 steps taken, and 872 accepted.
[0 : mcmc] Progress @ 2026-09-19 10:01:17 : 792 steps taken, and 811 accepted.
[3 : mcmc] Progress @ 2026-09-19 10:01:59 : 1058 steps taken, and 945 accepted.
[1 : mcmc] Progress @ 2026-09-19 10:02:00 : 981 steps taken, and 981 accepted.
[2 : mcmc] Progress @ 2026-09-19 10:02:12 : 964 steps taken, and 877 accepted.
[0 : mcmc] Progress @ 2026-09-19 10:02:18 : 839 steps taken, and 821 accepted.
[1 : mcmc] Progress @ 2026-09-19 10:03:00 : 1013 steps taken, and 988 accepted.
[2 : mcmc] Progress @ 2026-09-19 10:03:13 : 997 steps taken, and 881 accepted.
[3 : mcmc] Progress @ 2026-09-19 10:03:15 : 1085 steps taken, and 951 accepted.
[0 : mcmc] Progress @ 2026-09-19 10:03:32 : 864 steps taken, and 826 accepted.
[1 : mcmc] Progress @ 2026-09-19 10:04:01 : 1027 steps taken, and 990 accepted.
[2 : mcmc] Progress @ 2026-09-19 10:04:14 : 1011 steps taken, and 883 accepted.
[3 : mcmc] Progress @ 2026-09-19 10:04:16 : 1117 steps taken, and 957 accepted.
[0 : mcmc] Progress @ 2026-09-19 10:04:32 : 933 steps taken, and 843 accepted.
[1 : mcmc] Progress @ 2026-09-19 10:05:02 : 1059 steps taken, and 997 accepted.
[2 : mcmc] Progress @ 2026-09-19 10:05:14 : 1043 steps taken, and 891 accepted.
[3 : mcmc] Progress @ 2026-09-19 10:05:17 : 1131 steps taken, and 959 accepted.
[0 : mcmc] Progress @ 2026-09-19 10:05:32 : 971 steps taken, and 849 accepted.
[1 : mcmc] Progress @ 2026-09-19 10:06:14 : 1089 steps taken, and 1004 accepted.
[2 : mcmc] Progress @ 2026-09-19 10:06:15 : 1076 steps taken, and 896 accepted.
[3 : mcmc] Progress @ 2026-09-19 10:06:22 : 1149 steps taken, and 962 accepted.
[0 : mcmc] Progress @ 2026-09-19 10:06:51 : 1020 steps taken, and 857 accepted.
[1 : mcmc] Progress @ 2026-09-19 10:07:18 : 1140 steps taken, and 1013 accepted.
[3 : mcmc] Progress @ 2026-09-19 10:07:27 : 1166 steps taken, and 967 accepted.
[2 : mcmc] Progress @ 2026-09-19 10:07:35 : 1105 steps taken, and 901 accepted.
[0 : mcmc] Progress @ 2026-09-19 10:07:51 : 1052 steps taken, and 864 accepted.
[1 : mcmc] Progress @ 2026-09-19 10:08:18 : 1189 steps taken, and 1022 accepted.
[3 : mcmc] Progress @ 2026-09-19 10:08:28 : 1200 steps taken, and 972 accepted.
[2 : mcmc] Progress @ 2026-09-19 10:08:35 : 1139 steps taken, and 908 accepted.
[0 : mcmc] Progress @ 2026-09-19 10:09:05 : 1078 steps taken, and 868 accepted.
[1 : mcmc] Progress @ 2026-09-19 10:09:18 : 1235 steps taken, and 1033 accepted.
[2 : mcmc] Progress @ 2026-09-19 10:09:36 : 1173 steps taken, and 916 accepted.
[3 : mcmc] Progress @ 2026-09-19 10:09:50 : 1233 steps taken, and 979 accepted.
[0 : mcmc] Progress @ 2026-09-19 10:10:25 : 1112 steps taken, and 874 accepted.
[1 : mcmc] Progress @ 2026-09-19 10:10:26 : 1272 steps taken, and 1040 accepted.
[2 : mcmc] Progress @ 2026-09-19 10:10:38 : 1228 steps taken, and 926 accepted.
[3 : mcmc] Progress @ 2026-09-19 10:11:09 : 1282 steps taken, and 987 accepted.
[0 : mcmc] Progress @ 2026-09-19 10:11:26 : 1145 steps taken, and 880 accepted.
[1 : mcmc] Progress @ 2026-09-19 10:11:26 : 1319 steps taken, and 1049 accepted.
[2 : mcmc] Progress @ 2026-09-19 10:11:38 : 1242 steps taken, and 929 accepted.
[3 : mcmc] Progress @ 2026-09-19 10:12:10 : 1316 steps taken, and 993 accepted.
[1 : mcmc] Progress @ 2026-09-19 10:12:27 : 1366 steps taken, and 1058 accepted.
[0 : mcmc] Progress @ 2026-09-19 10:12:29 : 1180 steps taken, and 887 accepted.
[2 : mcmc] Progress @ 2026-09-19 10:12:44 : 1280 steps taken, and 935 accepted.
[3 : mcmc] Progress @ 2026-09-19 10:13:21 : 1358 steps taken, and 1001 accepted.
[1 : mcmc] Progress @ 2026-09-19 10:13:27 : 1417 steps taken, and 1068 accepted.
[2 : mcmc] Progress @ 2026-09-19 10:13:50 : 1317 steps taken, and 943 accepted.
[0 : mcmc] Progress @ 2026-09-19 10:13:51 : 1193 steps taken, and 891 accepted.
[3 : mcmc] Progress @ 2026-09-19 10:14:22 : 1371 steps taken, and 1002 accepted.
[1 : mcmc] Progress @ 2026-09-19 10:14:38 : 1480 steps taken, and 1078 accepted.
[1 : mcmc] Learn + convergence test @ 1080 samples accepted.
[1 : mcmc] Ready to check convergence and learn a new proposal covmat (waiting for the rest...)
[2 : mcmc] Progress @ 2026-09-19 10:14:51 : 1346 steps taken, and 950 accepted.
[0 : mcmc] Progress @ 2026-09-19 10:15:09 : 1241 steps taken, and 899 accepted.
[3 : mcmc] Progress @ 2026-09-19 10:15:38 : 1398 steps taken, and 1008 accepted.
[1 : mcmc] Progress @ 2026-09-19 10:15:39 : 1528 steps taken, and 1089 accepted.
[2 : mcmc] Progress @ 2026-09-19 10:15:54 : 1379 steps taken, and 956 accepted.
[0 : mcmc] Progress @ 2026-09-19 10:16:18 : 1262 steps taken, and 904 accepted.
[1 : mcmc] Progress @ 2026-09-19 10:16:39 : 1576 steps taken, and 1097 accepted.
[3 : mcmc] Progress @ 2026-09-19 10:16:51 : 1423 steps taken, and 1013 accepted.
[2 : mcmc] Progress @ 2026-09-19 10:16:55 : 1427 steps taken, and 967 accepted.
[0 : mcmc] Progress @ 2026-09-19 10:17:18 : 1294 steps taken, and 909 accepted.
[1 : mcmc] Progress @ 2026-09-19 10:17:39 : 1623 steps taken, and 1105 accepted.
[3 : mcmc] Progress @ 2026-09-19 10:17:52 : 1456 steps taken, and 1021 accepted.
[2 : mcmc] Progress @ 2026-09-19 10:17:57 : 1477 steps taken, and 977 accepted.
[0 : mcmc] Progress @ 2026-09-19 10:18:38 : 1324 steps taken, and 914 accepted.
[1 : mcmc] Progress @ 2026-09-19 10:18:41 : 1672 steps taken, and 1114 accepted.
[3 : mcmc] Progress @ 2026-09-19 10:18:53 : 1470 steps taken, and 1022 accepted.
[2 : mcmc] Progress @ 2026-09-19 10:18:58 : 1547 steps taken, and 989 accepted.
[0 : mcmc] Progress @ 2026-09-19 10:19:38 : 1356 steps taken, and 922 accepted.
[1 : mcmc] Progress @ 2026-09-19 10:19:50 : 1711 steps taken, and 1121 accepted.
[2 : mcmc] Progress @ 2026-09-19 10:19:58 : 1594 steps taken, and 996 accepted.
[3 : mcmc] Progress @ 2026-09-19 10:20:11 : 1499 steps taken, and 1028 accepted.
[0 : mcmc] Progress @ 2026-09-19 10:20:42 : 1372 steps taken, and 925 accepted.
[1 : mcmc] Progress @ 2026-09-19 10:20:54 : 1763 steps taken, and 1131 accepted.
[2 : mcmc] Progress @ 2026-09-19 10:20:58 : 1622 steps taken, and 1000 accepted.
[3 : mcmc] Progress @ 2026-09-19 10:21:18 : 1538 steps taken, and 1035 accepted.
[0 : mcmc] Progress @ 2026-09-19 10:21:43 : 1424 steps taken, and 936 accepted.
[1 : mcmc] Progress @ 2026-09-19 10:21:55 : 1852 steps taken, and 1148 accepted.
[2 : mcmc] Progress @ 2026-09-19 10:22:12 : 1668 steps taken, and 1007 accepted.
[3 : mcmc] Progress @ 2026-09-19 10:22:30 : 1581 steps taken, and 1046 accepted.
[0 : mcmc] Progress @ 2026-09-19 10:22:45 : 1439 steps taken, and 938 accepted.
[1 : mcmc] Progress @ 2026-09-19 10:22:56 : 1920 steps taken, and 1161 accepted.
[2 : mcmc] Progress @ 2026-09-19 10:23:12 : 1737 steps taken, and 1020 accepted.
[3 : mcmc] Progress @ 2026-09-19 10:23:41 : 1603 steps taken, and 1050 accepted.
[0 : mcmc] Progress @ 2026-09-19 10:23:46 : 1472 steps taken, and 941 accepted.
[1 : mcmc] Progress @ 2026-09-19 10:23:56 : 1947 steps taken, and 1167 accepted.
[2 : mcmc] Progress @ 2026-09-19 10:24:13 : 1785 steps taken, and 1029 accepted.
[3 : mcmc] Progress @ 2026-09-19 10:24:42 : 1636 steps taken, and 1054 accepted.
[1 : mcmc] Progress @ 2026-09-19 10:24:56 : 1999 steps taken, and 1179 accepted.
[0 : mcmc] Progress @ 2026-09-19 10:24:59 : 1496 steps taken, and 946 accepted.
[2 : mcmc] Progress @ 2026-09-19 10:25:13 : 1835 steps taken, and 1038 accepted.
[3 : mcmc] Progress @ 2026-09-19 10:25:43 : 1668 steps taken, and 1061 accepted.
[2 : mcmc] Progress @ 2026-09-19 10:26:13 : 1882 steps taken, and 1048 accepted.
[0 : mcmc] Progress @ 2026-09-19 10:26:16 : 1523 steps taken, and 949 accepted.
[1 : mcmc] Progress @ 2026-09-19 10:26:19 : 2031 steps taken, and 1185 accepted.
[3 : mcmc] Progress @ 2026-09-19 10:26:52 : 1689 steps taken, and 1064 accepted.
[2 : mcmc] Progress @ 2026-09-19 10:27:13 : 1911 steps taken, and 1054 accepted.
[0 : mcmc] Progress @ 2026-09-19 10:27:17 : 1555 steps taken, and 954 accepted.
[1 : mcmc] Progress @ 2026-09-19 10:27:27 : 2050 steps taken, and 1190 accepted.
[3 : mcmc] Progress @ 2026-09-19 10:27:52 : 1723 steps taken, and 1071 accepted.
[2 : mcmc] Progress @ 2026-09-19 10:28:15 : 1960 steps taken, and 1061 accepted.
[0 : mcmc] Progress @ 2026-09-19 10:28:18 : 1588 steps taken, and 961 accepted.
[1 : mcmc] Progress @ 2026-09-19 10:28:40 : 2093 steps taken, and 1197 accepted.
[3 : mcmc] Progress @ 2026-09-19 10:28:53 : 1756 steps taken, and 1079 accepted.
[3 : mcmc] Learn + convergence test @ 1080 samples accepted.
[3 : mcmc] Ready to check convergence and learn a new proposal covmat (waiting for the rest...)
[0 : mcmc] Progress @ 2026-09-19 10:29:18 : 1601 steps taken, and 964 accepted.
[0 : mcmc] All chains are ready to check convergence and learn a new proposal covmat
[0 : mcmc]  - Acceptance rate: 0.762 = avg([0.7559, 0.7735, 0.7525, 0.7649])
[0 : mcmc]  - Convergence of means: R-1 = 0.265845 after 4316 accepted steps = sum([965, 1201, 1070, 1080])
[0 : mcmc]  - Updated covariance matrix of proposal pdf.
[2 : mcmc] Progress @ 2026-09-19 10:29:25 : 2003 steps taken, and 1070 accepted.
[1 : mcmc] Progress @ 2026-09-19 10:29:41 : 2126 steps taken, and 1202 accepted.
[3 : mcmc] Progress @ 2026-09-19 10:30:10 : 1782 steps taken, and 1083 accepted.
[0 : mcmc] Progress @ 2026-09-19 10:30:18 : 1651 steps taken, and 972 accepted.
[2 : mcmc] Progress @ 2026-09-19 10:30:25 : 2045 steps taken, and 1078 accepted.
[2 : mcmc] Learn + convergence test @ 1080 samples accepted.
[2 : mcmc] Ready to check convergence and learn a new proposal covmat (waiting for the rest...)
[1 : mcmc] Progress @ 2026-09-19 10:30:51 : 2173 steps taken, and 1210 accepted.
[0 : mcmc] Progress @ 2026-09-19 10:31:19 : 1686 steps taken, and 979 accepted.
[3 : mcmc] Progress @ 2026-09-19 10:31:22 : 1825 steps taken, and 1091 accepted.
[2 : mcmc] Progress @ 2026-09-19 10:31:36 : 2067 steps taken, and 1084 accepted.
[1 : mcmc] Progress @ 2026-09-19 10:31:51 : 2216 steps taken, and 1219 accepted.
[3 : mcmc] Progress @ 2026-09-19 10:32:23 : 1858 steps taken, and 1096 accepted.
[0 : mcmc] Progress @ 2026-09-19 10:32:33 : 1711 steps taken, and 985 accepted.
[2 : mcmc] Progress @ 2026-09-19 10:32:37 : 2100 steps taken, and 1091 accepted.
[1 : mcmc] Progress @ 2026-09-19 10:32:55 : 2254 steps taken, and 1228 accepted.
[3 : mcmc] Progress @ 2026-09-19 10:33:25 : 1875 steps taken, and 1099 accepted.
[0 : mcmc] Progress @ 2026-09-19 10:33:34 : 1744 steps taken, and 992 accepted.
[2 : mcmc] Progress @ 2026-09-19 10:33:37 : 2134 steps taken, and 1096 accepted.
[1 : mcmc] Progress @ 2026-09-19 10:33:56 : 2287 steps taken, and 1235 accepted.
[3 : mcmc] Progress @ 2026-09-19 10:34:26 : 1908 steps taken, and 1106 accepted.
[2 : mcmc] Progress @ 2026-09-19 10:34:37 : 2166 steps taken, and 1101 accepted.
[0 : mcmc] Progress @ 2026-09-19 10:34:49 : 1771 steps taken, and 997 accepted.
[1 : mcmc] Progress @ 2026-09-19 10:35:18 : 2318 steps taken, and 1241 accepted.
[3 : mcmc] Progress @ 2026-09-19 10:35:27 : 1943 steps taken, and 1113 accepted.
[2 : mcmc] Progress @ 2026-09-19 10:35:37 : 2201 steps taken, and 1108 accepted.
[0 : mcmc] Progress @ 2026-09-19 10:35:50 : 1824 steps taken, and 1005 accepted.
[1 : mcmc] Progress @ 2026-09-19 10:36:28 : 2358 steps taken, and 1249 accepted.
[3 : mcmc] Progress @ 2026-09-19 10:36:33 : 1962 steps taken, and 1118 accepted.
[0 : mcmc] Progress @ 2026-09-19 10:36:51 : 1839 steps taken, and 1008 accepted.
[2 : mcmc] Progress @ 2026-09-19 10:36:56 : 2231 steps taken, and 1115 accepted.
[3 : mcmc] Progress @ 2026-09-19 10:37:33 : 1994 steps taken, and 1123 accepted.
[1 : mcmc] Progress @ 2026-09-19 10:37:38 : 2380 steps taken, and 1253 accepted.
[2 : mcmc] Progress @ 2026-09-19 10:37:56 : 2284 steps taken, and 1123 accepted.
[0 : mcmc] Progress @ 2026-09-19 10:38:00 : 1860 steps taken, and 1011 accepted.
[3 : mcmc] Progress @ 2026-09-19 10:38:45 : 2017 steps taken, and 1127 accepted.
[1 : mcmc] Progress @ 2026-09-19 10:38:46 : 2420 steps taken, and 1261 accepted.
[0 : mcmc] Progress @ 2026-09-19 10:39:00 : 1910 steps taken, and 1021 accepted.
[2 : mcmc] Progress @ 2026-09-19 10:39:17 : 2316 steps taken, and 1130 accepted.
[1 : mcmc] Progress @ 2026-09-19 10:39:47 : 2452 steps taken, and 1269 accepted.
[0 : mcmc] Progress @ 2026-09-19 10:40:02 : 1926 steps taken, and 1025 accepted.
[3 : mcmc] Progress @ 2026-09-19 10:40:03 : 2067 steps taken, and 1135 accepted.
[2 : mcmc] Progress @ 2026-09-19 10:40:34 : 2364 steps taken, and 1142 accepted.
[1 : mcmc] Progress @ 2026-09-19 10:41:01 : 2482 steps taken, and 1276 accepted.
[0 : mcmc] Progress @ 2026-09-19 10:41:04 : 1961 steps taken, and 1031 accepted.
[3 : mcmc] Progress @ 2026-09-19 10:41:04 : 2101 steps taken, and 1138 accepted.
[2 : mcmc] Progress @ 2026-09-19 10:41:39 : 2401 steps taken, and 1150 accepted.
[3 : mcmc] Progress @ 2026-09-19 10:42:04 : 2135 steps taken, and 1146 accepted.
[0 : mcmc] Progress @ 2026-09-19 10:42:15 : 1984 steps taken, and 1037 accepted.
[1 : mcmc] Progress @ 2026-09-19 10:42:15 : 2550 steps taken, and 1290 accepted.
[2 : mcmc] Progress @ 2026-09-19 10:42:39 : 2435 steps taken, and 1155 accepted.
[3 : mcmc] Progress @ 2026-09-19 10:43:11 : 2155 steps taken, and 1149 accepted.
[1 : mcmc] Progress @ 2026-09-19 10:43:16 : 2589 steps taken, and 1297 accepted.
[0 : mcmc] Progress @ 2026-09-19 10:43:26 : 2006 steps taken, and 1043 accepted.
[2 : mcmc] Progress @ 2026-09-19 10:43:40 : 2462 steps taken, and 1162 accepted.
[1 : mcmc] Progress @ 2026-09-19 10:44:21 : 2626 steps taken, and 1306 accepted.
[3 : mcmc] Progress @ 2026-09-19 10:44:21 : 2214 steps taken, and 1160 accepted.
[0 : mcmc] Progress @ 2026-09-19 10:44:26 : 2038 steps taken, and 1048 accepted.
[2 : mcmc] Progress @ 2026-09-19 10:44:40 : 2502 steps taken, and 1168 accepted.
[1 : mcmc] Progress @ 2026-09-19 10:45:21 : 2669 steps taken, and 1314 accepted.
[3 : mcmc] Progress @ 2026-09-19 10:45:32 : 2238 steps taken, and 1163 accepted.
[0 : mcmc] Progress @ 2026-09-19 10:45:32 : 2078 steps taken, and 1054 accepted.
[2 : mcmc] Progress @ 2026-09-19 10:45:45 : 2549 steps taken, and 1178 accepted.
[0 : mcmc] Progress @ 2026-09-19 10:46:33 : 2112 steps taken, and 1059 accepted.
[1 : mcmc] Progress @ 2026-09-19 10:46:44 : 2707 steps taken, and 1323 accepted.
[3 : mcmc] Progress @ 2026-09-19 10:46:46 : 2282 steps taken, and 1174 accepted.
[2 : mcmc] Progress @ 2026-09-19 10:46:53 : 2593 steps taken, and 1186 accepted.
[0 : mcmc] Progress @ 2026-09-19 10:47:34 : 2145 steps taken, and 1067 accepted.
[1 : mcmc] Progress @ 2026-09-19 10:47:45 : 2739 steps taken, and 1331 accepted.
[3 : mcmc] Progress @ 2026-09-19 10:47:46 : 2314 steps taken, and 1182 accepted.
[2 : mcmc] Progress @ 2026-09-19 10:47:54 : 2636 steps taken, and 1193 accepted.
[0 : mcmc] Progress @ 2026-09-19 10:48:35 : 2176 steps taken, and 1073 accepted.
[1 : mcmc] Progress @ 2026-09-19 10:48:45 : 2772 steps taken, and 1338 accepted.
[3 : mcmc] Progress @ 2026-09-19 10:48:52 : 2333 steps taken, and 1187 accepted.
[2 : mcmc] Progress @ 2026-09-19 10:48:54 : 2682 steps taken, and 1202 accepted.
[0 : mcmc] Progress @ 2026-09-19 10:49:43 : 2215 steps taken, and 1080 accepted.
[0 : mcmc] Learn + convergence test @ 1080 samples accepted.
[0 : mcmc] Ready to check convergence and learn a new proposal covmat (waiting for the rest...)
[1 : mcmc] Progress @ 2026-09-19 10:49:50 : 2789 steps taken, and 1342 accepted.
[3 : mcmc] Progress @ 2026-09-19 10:49:52 : 2365 steps taken, and 1194 accepted.
[2 : mcmc] Progress @ 2026-09-19 10:49:55 : 2736 steps taken, and 1212 accepted.
[0 : mcmc] Progress @ 2026-09-19 10:50:43 : 2248 steps taken, and 1086 accepted.
[3 : mcmc] Progress @ 2026-09-19 10:50:53 : 2396 steps taken, and 1201 accepted.
[1 : mcmc] Progress @ 2026-09-19 10:51:12 : 2843 steps taken, and 1354 accepted.
[2 : mcmc] Progress @ 2026-09-19 10:51:18 : 2768 steps taken, and 1217 accepted.
[3 : mcmc] Progress @ 2026-09-19 10:51:53 : 2430 steps taken, and 1209 accepted.
[0 : mcmc] Progress @ 2026-09-19 10:51:54 : 2272 steps taken, and 1089 accepted.
[2 : mcmc] Progress @ 2026-09-19 10:52:19 : 2800 steps taken, and 1224 accepted.
[1 : mcmc] Progress @ 2026-09-19 10:52:34 : 2874 steps taken, and 1361 accepted.
[3 : mcmc] Progress @ 2026-09-19 10:52:59 : 2459 steps taken, and 1215 accepted.
[0 : mcmc] Progress @ 2026-09-19 10:53:00 : 2313 steps taken, and 1097 accepted.
[2 : mcmc] Progress @ 2026-09-19 10:53:27 : 2820 steps taken, and 1229 accepted.
[1 : mcmc] Progress @ 2026-09-19 10:53:35 : 2899 steps taken, and 1366 accepted.
[0 : mcmc] Progress @ 2026-09-19 10:54:04 : 2363 steps taken, and 1106 accepted.
[3 : mcmc] Progress @ 2026-09-19 10:54:12 : 2508 steps taken, and 1226 accepted.
[2 : mcmc] Progress @ 2026-09-19 10:54:28 : 2852 steps taken, and 1236 accepted.
[1 : mcmc] Progress @ 2026-09-19 10:54:53 : 2947 steps taken, and 1374 accepted.
[0 : mcmc] Progress @ 2026-09-19 10:55:05 : 2385 steps taken, and 1109 accepted.
[3 : mcmc] Progress @ 2026-09-19 10:55:12 : 2562 steps taken, and 1237 accepted.
[2 : mcmc] Progress @ 2026-09-19 10:55:40 : 2876 steps taken, and 1240 accepted.
[1 : mcmc] Progress @ 2026-09-19 10:56:08 : 2972 steps taken, and 1379 accepted.
[3 : mcmc] Progress @ 2026-09-19 10:56:13 : 2596 steps taken, and 1244 accepted.
[0 : mcmc] Progress @ 2026-09-19 10:56:17 : 2429 steps taken, and 1118 accepted.
[2 : mcmc] Progress @ 2026-09-19 10:56:41 : 2910 steps taken, and 1245 accepted.
[3 : mcmc] Progress @ 2026-09-19 10:57:13 : 2639 steps taken, and 1250 accepted.
[0 : mcmc] Progress @ 2026-09-19 10:57:18 : 2473 steps taken, and 1127 accepted.
[1 : mcmc] Progress @ 2026-09-19 10:57:27 : 3003 steps taken, and 1384 accepted.
[2 : mcmc] Progress @ 2026-09-19 10:57:41 : 2953 steps taken, and 1250 accepted.
[3 : mcmc] Progress @ 2026-09-19 10:58:14 : 2654 steps taken, and 1253 accepted.
[0 : mcmc] Progress @ 2026-09-19 10:58:28 : 2511 steps taken, and 1136 accepted.
[1 : mcmc] Progress @ 2026-09-19 10:58:28 : 3037 steps taken, and 1391 accepted.
[2 : mcmc] Progress @ 2026-09-19 10:58:42 : 3015 steps taken, and 1263 accepted.
[0 : mcmc] Progress @ 2026-09-19 10:59:28 : 2554 steps taken, and 1147 accepted.
[3 : mcmc] Progress @ 2026-09-19 10:59:36 : 2688 steps taken, and 1260 accepted.
[2 : mcmc] Progress @ 2026-09-19 10:59:43 : 3049 steps taken, and 1268 accepted.
[1 : mcmc] Progress @ 2026-09-19 10:59:47 : 3067 steps taken, and 1396 accepted.
[0 : mcmc] Progress @ 2026-09-19 11:00:28 : 2602 steps taken, and 1154 accepted.
[3 : mcmc] Progress @ 2026-09-19 11:00:37 : 2702 steps taken, and 1263 accepted.
[2 : mcmc] Progress @ 2026-09-19 11:00:45 : 3064 steps taken, and 1270 accepted.
[1 : mcmc] Progress @ 2026-09-19 11:00:58 : 3119 steps taken, and 1407 accepted.
[0 : mcmc] Progress @ 2026-09-19 11:01:29 : 2642 steps taken, and 1161 accepted.
[3 : mcmc] Progress @ 2026-09-19 11:01:44 : 2721 steps taken, and 1268 accepted.
[2 : mcmc] Progress @ 2026-09-19 11:01:47 : 3096 steps taken, and 1276 accepted.
[1 : mcmc] Progress @ 2026-09-19 11:02:19 : 3149 steps taken, and 1412 accepted.
[0 : mcmc] Progress @ 2026-09-19 11:02:45 : 2700 steps taken, and 1171 accepted.
[3 : mcmc] Progress @ 2026-09-19 11:02:47 : 2756 steps taken, and 1275 accepted.
[2 : mcmc] Progress @ 2026-09-19 11:02:47 : 3137 steps taken, and 1284 accepted.
[1 : mcmc] Progress @ 2026-09-19 11:03:20 : 3181 steps taken, and 1418 accepted.
[0 : mcmc] Progress @ 2026-09-19 11:03:46 : 2746 steps taken, and 1177 accepted.
[3 : mcmc] Progress @ 2026-09-19 11:03:59 : 2795 steps taken, and 1285 accepted.
[2 : mcmc] Progress @ 2026-09-19 11:04:07 : 3148 steps taken, and 1286 accepted.
[1 : mcmc] Progress @ 2026-09-19 11:04:21 : 3194 steps taken, and 1419 accepted.
[0 : mcmc] Progress @ 2026-09-19 11:04:46 : 2815 steps taken, and 1187 accepted.
[3 : mcmc] Progress @ 2026-09-19 11:05:00 : 2844 steps taken, and 1295 accepted.
[2 : mcmc] Progress @ 2026-09-19 11:05:07 : 3181 steps taken, and 1293 accepted.
[1 : mcmc] Progress @ 2026-09-19 11:05:21 : 3227 steps taken, and 1425 accepted.
[0 : mcmc] Progress @ 2026-09-19 11:05:47 : 2862 steps taken, and 1195 accepted.
[3 : mcmc] Progress @ 2026-09-19 11:06:00 : 2890 steps taken, and 1303 accepted.
[2 : mcmc] Progress @ 2026-09-19 11:06:08 : 3213 steps taken, and 1298 accepted.
[1 : mcmc] Progress @ 2026-09-19 11:06:22 : 3260 steps taken, and 1432 accepted.
[0 : mcmc] Progress @ 2026-09-19 11:06:49 : 2912 steps taken, and 1204 accepted.
[3 : mcmc] Progress @ 2026-09-19 11:07:00 : 2924 steps taken, and 1310 accepted.
[2 : mcmc] Progress @ 2026-09-19 11:07:08 : 3244 steps taken, and 1303 accepted.
[1 : mcmc] Progress @ 2026-09-19 11:07:33 : 3281 steps taken, and 1436 accepted.
[0 : mcmc] Progress @ 2026-09-19 11:07:49 : 2929 steps taken, and 1207 accepted.
[1 : mcmc] Learn + convergence test @ 1440 samples accepted.
[1 : mcmc] Ready to check convergence and learn a new proposal covmat (waiting for the rest...)
[2 : mcmc] Progress @ 2026-09-19 11:08:09 : 3291 steps taken, and 1309 accepted.
[3 : mcmc] Progress @ 2026-09-19 11:08:22 : 2956 steps taken, and 1316 accepted.
[1 : mcmc] Progress @ 2026-09-19 11:08:33 : 3313 steps taken, and 1443 accepted.
[0 : mcmc] Progress @ 2026-09-19 11:08:49 : 2964 steps taken, and 1216 accepted.
[2 : mcmc] Progress @ 2026-09-19 11:09:20 : 3333 steps taken, and 1320 accepted.
[3 : mcmc] Progress @ 2026-09-19 11:09:23 : 2991 steps taken, and 1323 accepted.
[1 : mcmc] Progress @ 2026-09-19 11:09:57 : 3346 steps taken, and 1449 accepted.
[0 : mcmc] Progress @ 2026-09-19 11:09:58 : 2985 steps taken, and 1220 accepted.
[2 : mcmc] Progress @ 2026-09-19 11:10:21 : 3385 steps taken, and 1332 accepted.
[3 : mcmc] Progress @ 2026-09-19 11:10:24 : 3026 steps taken, and 1330 accepted.
[1 : mcmc] Progress @ 2026-09-19 11:10:58 : 3378 steps taken, and 1458 accepted.
[0 : mcmc] Progress @ 2026-09-19 11:11:16 : 3033 steps taken, and 1231 accepted.
[3 : mcmc] Progress @ 2026-09-19 11:11:25 : 3060 steps taken, and 1336 accepted.
[2 : mcmc] Progress @ 2026-09-19 11:11:31 : 3426 steps taken, and 1338 accepted.
[1 : mcmc] Progress @ 2026-09-19 11:11:58 : 3412 steps taken, and 1465 accepted.
[0 : mcmc] Progress @ 2026-09-19 11:12:17 : 3066 steps taken, and 1237 accepted.
[3 : mcmc] Progress @ 2026-09-19 11:12:25 : 3093 steps taken, and 1344 accepted.
[2 : mcmc] Progress @ 2026-09-19 11:12:31 : 3480 steps taken, and 1350 accepted.
[0 : mcmc] Progress @ 2026-09-19 11:13:17 : 3099 steps taken, and 1246 accepted.
[1 : mcmc] Progress @ 2026-09-19 11:13:20 : 3466 steps taken, and 1478 accepted.
[3 : mcmc] Progress @ 2026-09-19 11:13:26 : 3147 steps taken, and 1353 accepted.
[2 : mcmc] Progress @ 2026-09-19 11:13:42 : 3533 steps taken, and 1360 accepted.
[0 : mcmc] Progress @ 2026-09-19 11:14:18 : 3133 steps taken, and 1253 accepted.
[1 : mcmc] Progress @ 2026-09-19 11:14:38 : 3515 steps taken, and 1486 accepted.
[2 : mcmc] Progress @ 2026-09-19 11:14:46 : 3573 steps taken, and 1367 accepted.
[3 : mcmc] Progress @ 2026-09-19 11:14:47 : 3177 steps taken, and 1360 accepted.
[0 : mcmc] Progress @ 2026-09-19 11:15:19 : 3180 steps taken, and 1262 accepted.
[1 : mcmc] Progress @ 2026-09-19 11:15:49 : 3537 steps taken, and 1491 accepted.
[2 : mcmc] Progress @ 2026-09-19 11:15:54 : 3614 steps taken, and 1376 accepted.
[3 : mcmc] Progress @ 2026-09-19 11:15:54 : 3195 steps taken, and 1361 accepted.
[0 : mcmc] Progress @ 2026-09-19 11:16:20 : 3230 steps taken, and 1270 accepted.
[2 : mcmc] Progress @ 2026-09-19 11:16:54 : 3647 steps taken, and 1382 accepted.
[3 : mcmc] Progress @ 2026-09-19 11:16:54 : 3228 steps taken, and 1367 accepted.
[1 : mcmc] Progress @ 2026-09-19 11:17:01 : 3580 steps taken, and 1497 accepted.
[0 : mcmc] Progress @ 2026-09-19 11:17:26 : 3266 steps taken, and 1277 accepted.
[2 : mcmc] Progress @ 2026-09-19 11:17:55 : 3681 steps taken, and 1389 accepted.
[1 : mcmc] Progress @ 2026-09-19 11:18:02 : 3613 steps taken, and 1504 accepted.
[3 : mcmc] Progress @ 2026-09-19 11:18:07 : 3251 steps taken, and 1372 accepted.
[0 : mcmc] Progress @ 2026-09-19 11:18:28 : 3316 steps taken, and 1287 accepted.
[2 : mcmc] Progress @ 2026-09-19 11:18:56 : 3715 steps taken, and 1395 accepted.
[1 : mcmc] Progress @ 2026-09-19 11:19:04 : 3628 steps taken, and 1505 accepted.
[3 : mcmc] Progress @ 2026-09-19 11:19:08 : 3283 steps taken, and 1379 accepted.
[0 : mcmc] Progress @ 2026-09-19 11:19:30 : 3364 steps taken, and 1296 accepted.
[2 : mcmc] Progress @ 2026-09-19 11:19:56 : 3747 steps taken, and 1401 accepted.
[1 : mcmc] Progress @ 2026-09-19 11:20:07 : 3643 steps taken, and 1507 accepted.
[3 : mcmc] Progress @ 2026-09-19 11:20:08 : 3297 steps taken, and 1381 accepted.
[0 : mcmc] Progress @ 2026-09-19 11:20:37 : 3403 steps taken, and 1303 accepted.
[2 : mcmc] Progress @ 2026-09-19 11:20:57 : 3760 steps taken, and 1404 accepted.
[3 : mcmc] Progress @ 2026-09-19 11:21:23 : 3344 steps taken, and 1388 accepted.
[1 : mcmc] Progress @ 2026-09-19 11:21:25 : 3690 steps taken, and 1517 accepted.
[0 : mcmc] Progress @ 2026-09-19 11:21:37 : 3472 steps taken, and 1318 accepted.
[2 : mcmc] Progress @ 2026-09-19 11:21:57 : 3793 steps taken, and 1409 accepted.
[1 : mcmc] Progress @ 2026-09-19 11:22:27 : 3725 steps taken, and 1523 accepted.
[3 : mcmc] Progress @ 2026-09-19 11:22:28 : 3400 steps taken, and 1395 accepted.
[0 : mcmc] Progress @ 2026-09-19 11:22:50 : 3497 steps taken, and 1321 accepted.
[2 : mcmc] Progress @ 2026-09-19 11:23:01 : 3811 steps taken, and 1411 accepted.
[3 : mcmc] Progress @ 2026-09-19 11:23:28 : 3448 steps taken, and 1404 accepted.
[1 : mcmc] Progress @ 2026-09-19 11:23:42 : 3750 steps taken, and 1528 accepted.
[0 : mcmc] Progress @ 2026-09-19 11:23:51 : 3544 steps taken, and 1332 accepted.
[2 : mcmc] Progress @ 2026-09-19 11:24:20 : 3840 steps taken, and 1416 accepted.
[3 : mcmc] Progress @ 2026-09-19 11:24:29 : 3496 steps taken, and 1414 accepted.
[1 : mcmc] Progress @ 2026-09-19 11:24:43 : 3786 steps taken, and 1535 accepted.
[0 : mcmc] Progress @ 2026-09-19 11:24:51 : 3591 steps taken, and 1339 accepted.
[2 : mcmc] Progress @ 2026-09-19 11:25:21 : 3875 steps taken, and 1422 accepted.
[3 : mcmc] Progress @ 2026-09-19 11:25:29 : 3544 steps taken, and 1423 accepted.
[0 : mcmc] Progress @ 2026-09-19 11:25:52 : 3639 steps taken, and 1350 accepted.
[1 : mcmc] Progress @ 2026-09-19 11:25:58 : 3813 steps taken, and 1540 accepted.
[3 : mcmc] Progress @ 2026-09-19 11:26:30 : 3592 steps taken, and 1434 accepted.
[2 : mcmc] Progress @ 2026-09-19 11:26:33 : 3919 steps taken, and 1432 accepted.
[0 : mcmc] Progress @ 2026-09-19 11:26:52 : 3686 steps taken, and 1358 accepted.
[1 : mcmc] Progress @ 2026-09-19 11:26:58 : 3869 steps taken, and 1551 accepted.
[3 : mcmc] Learn + convergence test @ 1440 samples accepted.
[3 : mcmc] Ready to check convergence and learn a new proposal covmat (waiting for the rest...)
[0 : mcmc] All chains are ready to check convergence and learn a new proposal covmat
[2 : mcmc] Progress @ 2026-09-19 11:27:34 : 3951 steps taken, and 1438 accepted.
[0 : mcmc]  - Acceptance rate: 0.766 = avg([0.7525, 0.7776, 0.7547, 0.7775])
[0 : mcmc]  - Convergence of means: R-1 = 0.148138 after 5792 accepted steps = sum([1361, 1552, 1439, 1440])
[0 : mcmc]  - Updated covariance matrix of proposal pdf.
[1 : mcmc] Progress @ 2026-09-19 11:28:02 : 3879 steps taken, and 1552 accepted.
[3 : mcmc] Progress @ 2026-09-19 11:28:03 : 3616 steps taken, and 1440 accepted.
[0 : mcmc] Progress @ 2026-09-19 11:28:03 : 3698 steps taken, and 1361 accepted.
[2 : mcmc] Learn + convergence test @ 1440 samples accepted.
[2 : mcmc] Ready to check convergence and learn a new proposal covmat (waiting for the rest...)
[2 : mcmc] Progress @ 2026-09-19 11:28:40 : 3969 steps taken, and 1441 accepted.
[0 : mcmc] Progress @ 2026-09-19 11:29:03 : 3731 steps taken, and 1366 accepted.
[1 : mcmc] Progress @ 2026-09-19 11:29:09 : 3940 steps taken, and 1562 accepted.
[3 : mcmc] Progress @ 2026-09-19 11:29:20 : 3644 steps taken, and 1444 accepted.
[2 : mcmc] Progress @ 2026-09-19 11:29:40 : 3983 steps taken, and 1444 accepted.
[0 : mcmc] Progress @ 2026-09-19 11:30:09 : 3769 steps taken, and 1372 accepted.
[3 : mcmc] Progress @ 2026-09-19 11:30:21 : 3676 steps taken, and 1452 accepted.
[1 : mcmc] Progress @ 2026-09-19 11:30:22 : 4033 steps taken, and 1579 accepted.
[2 : mcmc] Progress @ 2026-09-19 11:30:40 : 4016 steps taken, and 1450 accepted.
[0 : mcmc] Progress @ 2026-09-19 11:31:13 : 3805 steps taken, and 1381 accepted.
[1 : mcmc] Progress @ 2026-09-19 11:31:23 : 4082 steps taken, and 1588 accepted.
[3 : mcmc] Progress @ 2026-09-19 11:31:36 : 3706 steps taken, and 1457 accepted.
[2 : mcmc] Progress @ 2026-09-19 11:31:50 : 4058 steps taken, and 1458 accepted.
[0 : mcmc] Progress @ 2026-09-19 11:32:14 : 3838 steps taken, and 1388 accepted.
[3 : mcmc] Progress @ 2026-09-19 11:32:36 : 3738 steps taken, and 1460 accepted.
[1 : mcmc] Progress @ 2026-09-19 11:32:38 : 4139 steps taken, and 1600 accepted.
[2 : mcmc] Progress @ 2026-09-19 11:33:01 : 4081 steps taken, and 1463 accepted.
[0 : mcmc] Progress @ 2026-09-19 11:33:14 : 3880 steps taken, and 1397 accepted.
[3 : mcmc] Progress @ 2026-09-19 11:33:37 : 3752 steps taken, and 1461 accepted.
[1 : mcmc] Progress @ 2026-09-19 11:33:39 : 4181 steps taken, and 1609 accepted.
[2 : mcmc] Progress @ 2026-09-19 11:34:04 : 4121 steps taken, and 1472 accepted.
[0 : mcmc] Progress @ 2026-09-19 11:34:15 : 3925 steps taken, and 1406 accepted.
[1 : mcmc] Progress @ 2026-09-19 11:34:39 : 4195 steps taken, and 1612 accepted.
[3 : mcmc] Progress @ 2026-09-19 11:34:48 : 3794 steps taken, and 1468 accepted.
[2 : mcmc] Progress @ 2026-09-19 11:35:05 : 4189 steps taken, and 1486 accepted.
[0 : mcmc] Progress @ 2026-09-19 11:35:15 : 3971 steps taken, and 1411 accepted.
[1 : mcmc] Progress @ 2026-09-19 11:35:39 : 4227 steps taken, and 1619 accepted.
[3 : mcmc] Progress @ 2026-09-19 11:35:48 : 3826 steps taken, and 1475 accepted.
[2 : mcmc] Progress @ 2026-09-19 11:36:05 : 4236 steps taken, and 1496 accepted.
[0 : mcmc] Progress @ 2026-09-19 11:36:15 : 4019 steps taken, and 1420 accepted.
[1 : mcmc] Progress @ 2026-09-19 11:36:40 : 4297 steps taken, and 1633 accepted.
[3 : mcmc] Progress @ 2026-09-19 11:36:49 : 3859 steps taken, and 1479 accepted.
[2 : mcmc] Progress @ 2026-09-19 11:37:07 : 4258 steps taken, and 1500 accepted.
[0 : mcmc] Progress @ 2026-09-19 11:37:16 : 4059 steps taken, and 1426 accepted.
[1 : mcmc] Progress @ 2026-09-19 11:37:40 : 4342 steps taken, and 1641 accepted.
[3 : mcmc] Progress @ 2026-09-19 11:37:49 : 3893 steps taken, and 1487 accepted.
[2 : mcmc] Progress @ 2026-09-19 11:38:07 : 4324 steps taken, and 1514 accepted.
[0 : mcmc] Progress @ 2026-09-19 11:38:16 : 4110 steps taken, and 1435 accepted.
[1 : mcmc] Progress @ 2026-09-19 11:38:40 : 4391 steps taken, and 1652 accepted.
[3 : mcmc] Progress @ 2026-09-19 11:38:52 : 3909 steps taken, and 1490 accepted.
[0 : mcmc] Learn + convergence test @ 1440 samples accepted.
[0 : mcmc] Ready to check convergence and learn a new proposal covmat (waiting for the rest...)
[2 : mcmc] Progress @ 2026-09-19 11:39:07 : 4372 steps taken, and 1522 accepted.
[0 : mcmc] Progress @ 2026-09-19 11:39:17 : 4180 steps taken, and 1447 accepted.
[1 : mcmc] Progress @ 2026-09-19 11:39:41 : 4420 steps taken, and 1658 accepted.
[3 : mcmc] Progress @ 2026-09-19 11:39:52 : 3941 steps taken, and 1496 accepted.
[2 : mcmc] Progress @ 2026-09-19 11:40:15 : 4431 steps taken, and 1535 accepted.
[0 : mcmc] Progress @ 2026-09-19 11:40:26 : 4219 steps taken, and 1452 accepted.
[1 : mcmc] Progress @ 2026-09-19 11:40:47 : 4476 steps taken, and 1668 accepted.
[3 : mcmc] Progress @ 2026-09-19 11:40:52 : 3975 steps taken, and 1501 accepted.
[0 : mcmc] Progress @ 2026-09-19 11:41:27 : 4289 steps taken, and 1466 accepted.
[2 : mcmc] Progress @ 2026-09-19 11:41:27 : 4477 steps taken, and 1546 accepted.
[1 : mcmc] Progress @ 2026-09-19 11:41:47 : 4524 steps taken, and 1678 accepted.
[3 : mcmc] Progress @ 2026-09-19 11:42:15 : 4008 steps taken, and 1507 accepted.
[2 : mcmc] Progress @ 2026-09-19 11:42:30 : 4508 steps taken, and 1552 accepted.
[0 : mcmc] Progress @ 2026-09-19 11:42:37 : 4331 steps taken, and 1473 accepted.
[1 : mcmc] Progress @ 2026-09-19 11:42:47 : 4592 steps taken, and 1693 accepted.
[3 : mcmc] Progress @ 2026-09-19 11:43:15 : 4062 steps taken, and 1519 accepted.
[0 : mcmc] Progress @ 2026-09-19 11:43:37 : 4384 steps taken, and 1483 accepted.
[2 : mcmc] Progress @ 2026-09-19 11:43:42 : 4577 steps taken, and 1566 accepted.
[1 : mcmc] Progress @ 2026-09-19 11:43:47 : 4640 steps taken, and 1703 accepted.
[3 : mcmc] Progress @ 2026-09-19 11:44:23 : 4082 steps taken, and 1523 accepted.
[0 : mcmc] Progress @ 2026-09-19 11:44:37 : 4454 steps taken, and 1498 accepted.
[2 : mcmc] Progress @ 2026-09-19 11:44:44 : 4628 steps taken, and 1574 accepted.
[1 : mcmc] Progress @ 2026-09-19 11:44:48 : 4688 steps taken, and 1714 accepted.
[3 : mcmc] Progress @ 2026-09-19 11:45:24 : 4134 steps taken, and 1535 accepted.
[0 : mcmc] Progress @ 2026-09-19 11:45:37 : 4481 steps taken, and 1504 accepted.
[1 : mcmc] Progress @ 2026-09-19 11:45:53 : 4744 steps taken, and 1722 accepted.
[2 : mcmc] Progress @ 2026-09-19 11:45:55 : 4690 steps taken, and 1586 accepted.
[3 : mcmc] Progress @ 2026-09-19 11:46:25 : 4148 steps taken, and 1539 accepted.
[0 : mcmc] Progress @ 2026-09-19 11:46:39 : 4530 steps taken, and 1515 accepted.
[1 : mcmc] Progress @ 2026-09-19 11:46:53 : 4792 steps taken, and 1729 accepted.
[2 : mcmc] Progress @ 2026-09-19 11:46:55 : 4739 steps taken, and 1597 accepted.
[0 : mcmc] Progress @ 2026-09-19 11:47:39 : 4578 steps taken, and 1525 accepted.
[3 : mcmc] Progress @ 2026-09-19 11:47:45 : 4182 steps taken, and 1544 accepted.
[1 : mcmc] Progress @ 2026-09-19 11:47:54 : 4863 steps taken, and 1742 accepted.
[2 : mcmc] Progress @ 2026-09-19 11:48:05 : 4801 steps taken, and 1609 accepted.
[0 : mcmc] Progress @ 2026-09-19 11:48:41 : 4609 steps taken, and 1530 accepted.
[1 : mcmc] Progress @ 2026-09-19 11:48:56 : 4913 steps taken, and 1750 accepted.
[3 : mcmc] Progress @ 2026-09-19 11:49:07 : 4234 steps taken, and 1554 accepted.
[2 : mcmc] Progress @ 2026-09-19 11:49:12 : 4861 steps taken, and 1620 accepted.
[0 : mcmc] Progress @ 2026-09-19 11:49:41 : 4656 steps taken, and 1536 accepted.
[1 : mcmc] Progress @ 2026-09-19 11:50:08 : 4980 steps taken, and 1762 accepted.
[3 : mcmc] Progress @ 2026-09-19 11:50:08 : 4248 steps taken, and 1557 accepted.
[2 : mcmc] Progress @ 2026-09-19 11:50:13 : 4908 steps taken, and 1628 accepted.
[0 : mcmc] Progress @ 2026-09-19 11:50:42 : 4684 steps taken, and 1541 accepted.
[1 : mcmc] Progress @ 2026-09-19 11:51:11 : 5032 steps taken, and 1773 accepted.
[2 : mcmc] Progress @ 2026-09-19 11:51:13 : 4955 steps taken, and 1638 accepted.
[3 : mcmc] Progress @ 2026-09-19 11:51:25 : 4296 steps taken, and 1563 accepted.
[0 : mcmc] Progress @ 2026-09-19 11:51:42 : 4732 steps taken, and 1551 accepted.
[1 : mcmc] Progress @ 2026-09-19 11:52:11 : 5059 steps taken, and 1779 accepted.
[2 : mcmc] Progress @ 2026-09-19 11:52:27 : 5003 steps taken, and 1650 accepted.
[0 : mcmc] Progress @ 2026-09-19 11:52:42 : 4778 steps taken, and 1561 accepted.
[3 : mcmc] Progress @ 2026-09-19 11:52:44 : 4346 steps taken, and 1573 accepted.
[1 : mcmc] Progress @ 2026-09-19 11:53:11 : 5107 steps taken, and 1789 accepted.
[2 : mcmc] Progress @ 2026-09-19 11:53:28 : 5050 steps taken, and 1657 accepted.
[0 : mcmc] Progress @ 2026-09-19 11:53:43 : 4825 steps taken, and 1570 accepted.
[3 : mcmc] Progress @ 2026-09-19 11:53:56 : 4371 steps taken, and 1578 accepted.
[1 : mcmc] Progress @ 2026-09-19 11:54:23 : 5151 steps taken, and 1797 accepted.
[2 : mcmc] Progress @ 2026-09-19 11:54:28 : 5098 steps taken, and 1665 accepted.
[1 : mcmc] Learn + convergence test @ 1800 samples accepted.
[1 : mcmc] Ready to check convergence and learn a new proposal covmat (waiting for the rest...)
[0 : mcmc] Progress @ 2026-09-19 11:54:54 : 4850 steps taken, and 1574 accepted.
[3 : mcmc] Progress @ 2026-09-19 11:55:06 : 4415 steps taken, and 1586 accepted.
[1 : mcmc] Progress @ 2026-09-19 11:55:23 : 5198 steps taken, and 1804 accepted.
[2 : mcmc] Progress @ 2026-09-19 11:55:29 : 5166 steps taken, and 1676 accepted.
[0 : mcmc] Progress @ 2026-09-19 11:55:54 : 4918 steps taken, and 1587 accepted.
[3 : mcmc] Progress @ 2026-09-19 11:56:07 : 4469 steps taken, and 1598 accepted.
[1 : mcmc] Progress @ 2026-09-19 11:56:24 : 5269 steps taken, and 1818 accepted.
[2 : mcmc] Progress @ 2026-09-19 11:56:43 : 5214 steps taken, and 1685 accepted.
[0 : mcmc] Progress @ 2026-09-19 11:56:57 : 4970 steps taken, and 1596 accepted.
[1 : mcmc] Progress @ 2026-09-19 11:57:24 : 5317 steps taken, and 1824 accepted.
[3 : mcmc] Progress @ 2026-09-19 11:57:26 : 4499 steps taken, and 1602 accepted.
[2 : mcmc] Progress @ 2026-09-19 11:57:43 : 5241 steps taken, and 1691 accepted.
[0 : mcmc] Progress @ 2026-09-19 11:57:57 : 5013 steps taken, and 1603 accepted.
[3 : mcmc] Progress @ 2026-09-19 11:58:26 : 4513 steps taken, and 1603 accepted.
[1 : mcmc] Progress @ 2026-09-19 11:58:30 : 5354 steps taken, and 1832 accepted.
[2 : mcmc] Progress @ 2026-09-19 11:58:43 : 5307 steps taken, and 1704 accepted.
[0 : mcmc] Progress @ 2026-09-19 11:59:05 : 5034 steps taken, and 1605 accepted.
[3 : mcmc] Progress @ 2026-09-19 11:59:27 : 4560 steps taken, and 1614 accepted.
[1 : mcmc] Progress @ 2026-09-19 11:59:31 : 5388 steps taken, and 1839 accepted.
[2 : mcmc] Progress @ 2026-09-19 11:59:43 : 5377 steps taken, and 1717 accepted.
[0 : mcmc] Progress @ 2026-09-19 12:00:06 : 5085 steps taken, and 1616 accepted.
[3 : mcmc] Progress @ 2026-09-19 12:00:28 : 4613 steps taken, and 1624 accepted.
[1 : mcmc] Progress @ 2026-09-19 12:00:41 : 5434 steps taken, and 1846 accepted.
[2 : mcmc] Progress @ 2026-09-19 12:00:43 : 5420 steps taken, and 1721 accepted.
[0 : mcmc] Progress @ 2026-09-19 12:01:06 : 5101 steps taken, and 1619 accepted.
[3 : mcmc] Progress @ 2026-09-19 12:01:43 : 4643 steps taken, and 1629 accepted.
[1 : mcmc] Progress @ 2026-09-19 12:01:48 : 5474 steps taken, and 1855 accepted.
[2 : mcmc] Progress @ 2026-09-19 12:01:58 : 5473 steps taken, and 1727 accepted.
[0 : mcmc] Progress @ 2026-09-19 12:02:07 : 5149 steps taken, and 1629 accepted.
[3 : mcmc] Progress @ 2026-09-19 12:02:47 : 4689 steps taken, and 1640 accepted.
[1 : mcmc] Progress @ 2026-09-19 12:02:49 : 5514 steps taken, and 1863 accepted.
[2 : mcmc] Progress @ 2026-09-19 12:03:00 : 5502 steps taken, and 1733 accepted.
[0 : mcmc] Progress @ 2026-09-19 12:03:07 : 5200 steps taken, and 1638 accepted.
[3 : mcmc] Progress @ 2026-09-19 12:03:47 : 4735 steps taken, and 1649 accepted.
[1 : mcmc] Progress @ 2026-09-19 12:03:49 : 5547 steps taken, and 1867 accepted.
[2 : mcmc] Progress @ 2026-09-19 12:04:01 : 5592 steps taken, and 1754 accepted.
[0 : mcmc] Progress @ 2026-09-19 12:04:08 : 5214 steps taken, and 1642 accepted.
[3 : mcmc] Progress @ 2026-09-19 12:04:48 : 4785 steps taken, and 1660 accepted.
[1 : mcmc] Progress @ 2026-09-19 12:05:02 : 5571 steps taken, and 1871 accepted.
[2 : mcmc] Progress @ 2026-09-19 12:05:05 : 5645 steps taken, and 1763 accepted.
[0 : mcmc] Progress @ 2026-09-19 12:05:08 : 5247 steps taken, and 1649 accepted.
[3 : mcmc] Progress @ 2026-09-19 12:05:59 : 4830 steps taken, and 1668 accepted.
[2 : mcmc] Progress @ 2026-09-19 12:06:05 : 5692 steps taken, and 1773 accepted.
[1 : mcmc] Progress @ 2026-09-19 12:06:13 : 5614 steps taken, and 1880 accepted.
[0 : mcmc] Progress @ 2026-09-19 12:06:21 : 5271 steps taken, and 1653 accepted.
[2 : mcmc] Progress @ 2026-09-19 12:07:05 : 5739 steps taken, and 1783 accepted.
[3 : mcmc] Progress @ 2026-09-19 12:07:10 : 4872 steps taken, and 1677 accepted.
[0 : mcmc] Progress @ 2026-09-19 12:07:36 : 5297 steps taken, and 1658 accepted.
[1 : mcmc] Progress @ 2026-09-19 12:07:36 : 5646 steps taken, and 1886 accepted.
[3 : mcmc] Progress @ 2026-09-19 12:08:10 : 4921 steps taken, and 1688 accepted.
[2 : mcmc] Progress @ 2026-09-19 12:08:15 : 5802 steps taken, and 1797 accepted.
[2 : mcmc] Learn + convergence test @ 1800 samples accepted.
[1 : mcmc] Progress @ 2026-09-19 12:08:37 : 5679 steps taken, and 1892 accepted.
[0 : mcmc] Progress @ 2026-09-19 12:08:59 : 5329 steps taken, and 1664 accepted.
[3 : mcmc] Progress @ 2026-09-19 12:09:10 : 4968 steps taken, and 1695 accepted.
[2 : mcmc] Progress @ 2026-09-19 12:09:15 : 5871 steps taken, and 1812 accepted.
[1 : mcmc] Progress @ 2026-09-19 12:09:38 : 5712 steps taken, and 1898 accepted.
[3 : mcmc] Progress @ 2026-09-19 12:10:11 : 5016 steps taken, and 1706 accepted.
[2 : mcmc] Progress @ 2026-09-19 12:10:16 : 5898 steps taken, and 1817 accepted.
[0 : mcmc] Progress @ 2026-09-19 12:10:16 : 5357 steps taken, and 1670 accepted.
[1 : mcmc] Progress @ 2026-09-19 12:10:38 : 5745 steps taken, and 1906 accepted.
[3 : mcmc] Progress @ 2026-09-19 12:11:11 : 5109 steps taken, and 1727 accepted.
[2 : mcmc] Progress @ 2026-09-19 12:11:16 : 5967 steps taken, and 1831 accepted.
[0 : mcmc] Progress @ 2026-09-19 12:11:16 : 5392 steps taken, and 1676 accepted.
[1 : mcmc] Progress @ 2026-09-19 12:11:41 : 5763 steps taken, and 1908 accepted.
[3 : mcmc] Progress @ 2026-09-19 12:12:12 : 5180 steps taken, and 1743 accepted.
[0 : mcmc] Progress @ 2026-09-19 12:12:18 : 5426 steps taken, and 1683 accepted.
[2 : mcmc] Progress @ 2026-09-19 12:12:22 : 6001 steps taken, and 1834 accepted.
[1 : mcmc] Progress @ 2026-09-19 12:12:42 : 5786 steps taken, and 1914 accepted.
[3 : mcmc] Progress @ 2026-09-19 12:13:12 : 5228 steps taken, and 1750 accepted.
[0 : mcmc] Progress @ 2026-09-19 12:13:18 : 5458 steps taken, and 1690 accepted.
[2 : mcmc] Progress @ 2026-09-19 12:13:22 : 6067 steps taken, and 1846 accepted.
[1 : mcmc] Progress @ 2026-09-19 12:13:42 : 5835 steps taken, and 1923 accepted.
[3 : mcmc] Progress @ 2026-09-19 12:14:12 : 5293 steps taken, and 1761 accepted.
[0 : mcmc] Progress @ 2026-09-19 12:14:18 : 5512 steps taken, and 1697 accepted.
[2 : mcmc] Progress @ 2026-09-19 12:14:34 : 6111 steps taken, and 1854 accepted.
[1 : mcmc] Progress @ 2026-09-19 12:14:43 : 5870 steps taken, and 1931 accepted.
[3 : mcmc] Progress @ 2026-09-19 12:15:12 : 5340 steps taken, and 1769 accepted.
[0 : mcmc] Progress @ 2026-09-19 12:15:19 : 5546 steps taken, and 1701 accepted.
[1 : mcmc] Progress @ 2026-09-19 12:15:44 : 5902 steps taken, and 1936 accepted.
[2 : mcmc] Progress @ 2026-09-19 12:15:44 : 6173 steps taken, and 1865 accepted.
[3 : mcmc] Progress @ 2026-09-19 12:16:12 : 5390 steps taken, and 1779 accepted.
[0 : mcmc] Progress @ 2026-09-19 12:16:19 : 5580 steps taken, and 1707 accepted.
[1 : mcmc] Progress @ 2026-09-19 12:16:44 : 5916 steps taken, and 1939 accepted.
[2 : mcmc] Progress @ 2026-09-19 12:16:53 : 6213 steps taken, and 1873 accepted.
[3 : mcmc] Progress @ 2026-09-19 12:17:15 : 5421 steps taken, and 1785 accepted.
[0 : mcmc] Progress @ 2026-09-19 12:17:20 : 5593 steps taken, and 1710 accepted.
[1 : mcmc] Progress @ 2026-09-19 12:17:49 : 5956 steps taken, and 1943 accepted.
[2 : mcmc] Progress @ 2026-09-19 12:17:54 : 6286 steps taken, and 1888 accepted.
[3 : mcmc] Progress @ 2026-09-19 12:18:17 : 5472 steps taken, and 1794 accepted.
[0 : mcmc] Progress @ 2026-09-19 12:18:39 : 5622 steps taken, and 1712 accepted.
[2 : mcmc] Progress @ 2026-09-19 12:18:54 : 6335 steps taken, and 1899 accepted.
[1 : mcmc] Progress @ 2026-09-19 12:19:04 : 5983 steps taken, and 1947 accepted.
[3 : mcmc] Learn + convergence test @ 1800 samples accepted.
[3 : mcmc] Ready to check convergence and learn a new proposal covmat (waiting for the rest...)
[0 : mcmc] Progress @ 2026-09-19 12:19:41 : 5656 steps taken, and 1719 accepted.
[0 : mcmc] All chains are ready to check convergence and learn a new proposal covmat
[0 : mcmc]  - Acceptance rate: 0.763 = avg([0.7433, 0.7744, 0.7612, 0.7699])
[0 : mcmc]  - Convergence of means: R-1 = 0.082814 after 7375 accepted steps = sum([1720, 1950, 1905, 1800])
[0 : mcmc]  - Updated covariance matrix of proposal pdf.
[3 : mcmc] Progress @ 2026-09-19 12:19:46 : 5509 steps taken, and 1800 accepted.
[2 : mcmc] Progress @ 2026-09-19 12:19:54 : 6374 steps taken, and 1908 accepted.
[1 : mcmc] Progress @ 2026-09-19 12:20:05 : 6011 steps taken, and 1952 accepted.
[0 : mcmc] Progress @ 2026-09-19 12:20:42 : 5691 steps taken, and 1725 accepted.
[3 : mcmc] Progress @ 2026-09-19 12:20:46 : 5537 steps taken, and 1803 accepted.
[2 : mcmc] Progress @ 2026-09-19 12:20:59 : 6408 steps taken, and 1915 accepted.
[1 : mcmc] Progress @ 2026-09-19 12:21:06 : 6045 steps taken, and 1960 accepted.
[0 : mcmc] Progress @ 2026-09-19 12:21:49 : 5729 steps taken, and 1732 accepted.
[3 : mcmc] Progress @ 2026-09-19 12:21:55 : 5578 steps taken, and 1810 accepted.
[2 : mcmc] Progress @ 2026-09-19 12:22:11 : 6472 steps taken, and 1928 accepted.
[1 : mcmc] Progress @ 2026-09-19 12:22:27 : 6075 steps taken, and 1964 accepted.
[0 : mcmc] Progress @ 2026-09-19 12:22:49 : 5742 steps taken, and 1736 accepted.
[3 : mcmc] Progress @ 2026-09-19 12:22:55 : 5627 steps taken, and 1818 accepted.
[2 : mcmc] Progress @ 2026-09-19 12:23:21 : 6513 steps taken, and 1936 accepted.
[1 : mcmc] Progress @ 2026-09-19 12:23:27 : 6113 steps taken, and 1970 accepted.
[0 : mcmc] Progress @ 2026-09-19 12:23:49 : 5775 steps taken, and 1741 accepted.
[3 : mcmc] Progress @ 2026-09-19 12:24:03 : 5684 steps taken, and 1828 accepted.
[2 : mcmc] Progress @ 2026-09-19 12:24:22 : 6561 steps taken, and 1945 accepted.
[1 : mcmc] Progress @ 2026-09-19 12:24:27 : 6160 steps taken, and 1978 accepted.
[0 : mcmc] Progress @ 2026-09-19 12:24:50 : 5809 steps taken, and 1747 accepted.
[3 : mcmc] Progress @ 2026-09-19 12:25:03 : 5732 steps taken, and 1838 accepted.
[2 : mcmc] Progress @ 2026-09-19 12:25:22 : 6607 steps taken, and 1954 accepted.
[1 : mcmc] Progress @ 2026-09-19 12:25:30 : 6212 steps taken, and 1989 accepted.
[0 : mcmc] Progress @ 2026-09-19 12:25:51 : 5823 steps taken, and 1749 accepted.
[3 : mcmc] Progress @ 2026-09-19 12:26:09 : 5787 steps taken, and 1848 accepted.
[2 : mcmc] Progress @ 2026-09-19 12:26:26 : 6641 steps taken, and 1961 accepted.
[1 : mcmc] Progress @ 2026-09-19 12:26:30 : 6240 steps taken, and 1996 accepted.
[0 : mcmc] Progress @ 2026-09-19 12:27:15 : 5876 steps taken, and 1759 accepted.
[3 : mcmc] Progress @ 2026-09-19 12:27:22 : 5812 steps taken, and 1852 accepted.
[2 : mcmc] Progress @ 2026-09-19 12:27:32 : 6694 steps taken, and 1970 accepted.
[1 : mcmc] Progress @ 2026-09-19 12:27:42 : 6302 steps taken, and 2009 accepted.
[3 : mcmc] Progress @ 2026-09-19 12:28:22 : 5873 steps taken, and 1859 accepted.
[2 : mcmc] Progress @ 2026-09-19 12:28:33 : 6752 steps taken, and 1977 accepted.
[0 : mcmc] Progress @ 2026-09-19 12:28:37 : 5908 steps taken, and 1765 accepted.
[1 : mcmc] Progress @ 2026-09-19 12:28:47 : 6355 steps taken, and 2018 accepted.
[3 : mcmc] Progress @ 2026-09-19 12:29:23 : 5905 steps taken, and 1865 accepted.
[2 : mcmc] Progress @ 2026-09-19 12:29:34 : 6766 steps taken, and 1979 accepted.
[0 : mcmc] Progress @ 2026-09-19 12:29:37 : 5941 steps taken, and 1770 accepted.
[1 : mcmc] Progress @ 2026-09-19 12:29:47 : 6400 steps taken, and 2026 accepted.
[2 : mcmc] Progress @ 2026-09-19 12:30:34 : 6821 steps taken, and 1989 accepted.
[0 : mcmc] Progress @ 2026-09-19 12:30:38 : 5974 steps taken, and 1776 accepted.
[3 : mcmc] Progress @ 2026-09-19 12:30:38 : 5933 steps taken, and 1867 accepted.
[1 : mcmc] Progress @ 2026-09-19 12:30:57 : 6441 steps taken, and 2035 accepted.
[2 : mcmc] Progress @ 2026-09-19 12:31:35 : 6854 steps taken, and 1993 accepted.
[0 : mcmc] Progress @ 2026-09-19 12:31:57 : 6005 steps taken, and 1783 accepted.
[1 : mcmc] Progress @ 2026-09-19 12:31:57 : 6510 steps taken, and 2047 accepted.
[3 : mcmc] Progress @ 2026-09-19 12:32:01 : 5986 steps taken, and 1874 accepted.
[2 : mcmc] Progress @ 2026-09-19 12:32:36 : 6868 steps taken, and 1996 accepted.
[3 : mcmc] Progress @ 2026-09-19 12:33:01 : 6018 steps taken, and 1878 accepted.
[1 : mcmc] Progress @ 2026-09-19 12:33:09 : 6552 steps taken, and 2053 accepted.
[0 : mcmc] Progress @ 2026-09-19 12:33:10 : 6049 steps taken, and 1792 accepted.
[2 : mcmc] Progress @ 2026-09-19 12:33:37 : 6901 steps taken, and 2001 accepted.
[1 : mcmc] Progress @ 2026-09-19 12:34:09 : 6620 steps taken, and 2066 accepted.
[3 : mcmc] Progress @ 2026-09-19 12:34:11 : 6042 steps taken, and 1884 accepted.
[0 : mcmc] Progress @ 2026-09-19 12:34:21 : 6073 steps taken, and 1798 accepted.
[0 : mcmc] Learn + convergence test @ 1800 samples accepted.
[0 : mcmc] Ready to check convergence and learn a new proposal covmat (waiting for the rest...)
[2 : mcmc] Progress @ 2026-09-19 12:34:47 : 6924 steps taken, and 2005 accepted.
[3 : mcmc] Progress @ 2026-09-19 12:35:11 : 6095 steps taken, and 1894 accepted.
[1 : mcmc] Progress @ 2026-09-19 12:35:22 : 6665 steps taken, and 2073 accepted.
[0 : mcmc] Progress @ 2026-09-19 12:35:44 : 6108 steps taken, and 1804 accepted.
[2 : mcmc] Progress @ 2026-09-19 12:36:01 : 6949 steps taken, and 2009 accepted.
[3 : mcmc] Progress @ 2026-09-19 12:36:12 : 6131 steps taken, and 1901 accepted.
[1 : mcmc] Progress @ 2026-09-19 12:36:23 : 6732 steps taken, and 2087 accepted.
[0 : mcmc] Progress @ 2026-09-19 12:36:56 : 6152 steps taken, and 1813 accepted.
[2 : mcmc] Progress @ 2026-09-19 12:37:02 : 6983 steps taken, and 2015 accepted.
[3 : mcmc] Progress @ 2026-09-19 12:37:13 : 6164 steps taken, and 1907 accepted.
[1 : mcmc] Progress @ 2026-09-19 12:37:23 : 6780 steps taken, and 2097 accepted.
[2 : mcmc] Progress @ 2026-09-19 12:38:08 : 7002 steps taken, and 2021 accepted.
[3 : mcmc] Progress @ 2026-09-19 12:38:14 : 6218 steps taken, and 1918 accepted.
[0 : mcmc] Progress @ 2026-09-19 12:38:17 : 6183 steps taken, and 1819 accepted.
[1 : mcmc] Progress @ 2026-09-19 12:38:23 : 6828 steps taken, and 2104 accepted.
[2 : mcmc] Progress @ 2026-09-19 12:39:09 : 7036 steps taken, and 2028 accepted.
[0 : mcmc] Progress @ 2026-09-19 12:39:17 : 6216 steps taken, and 1826 accepted.
[1 : mcmc] Progress @ 2026-09-19 12:39:23 : 6875 steps taken, and 2113 accepted.
[3 : mcmc] Progress @ 2026-09-19 12:39:26 : 6263 steps taken, and 1925 accepted.
[2 : mcmc] Progress @ 2026-09-19 12:40:10 : 7068 steps taken, and 2036 accepted.
[0 : mcmc] Progress @ 2026-09-19 12:40:18 : 6270 steps taken, and 1835 accepted.
[1 : mcmc] Progress @ 2026-09-19 12:40:23 : 6926 steps taken, and 2124 accepted.
[3 : mcmc] Progress @ 2026-09-19 12:40:32 : 6282 steps taken, and 1930 accepted.
[2 : mcmc] Progress @ 2026-09-19 12:41:11 : 7101 steps taken, and 2042 accepted.
[0 : mcmc] Progress @ 2026-09-19 12:41:19 : 6284 steps taken, and 1838 accepted.
[1 : mcmc] Progress @ 2026-09-19 12:41:24 : 6996 steps taken, and 2136 accepted.
[3 : mcmc] Progress @ 2026-09-19 12:41:33 : 6316 steps taken, and 1936 accepted.
[2 : mcmc] Progress @ 2026-09-19 12:42:12 : 7140 steps taken, and 2050 accepted.
[0 : mcmc] Progress @ 2026-09-19 12:42:20 : 6317 steps taken, and 1844 accepted.
[1 : mcmc] Progress @ 2026-09-19 12:42:24 : 7044 steps taken, and 2146 accepted.
[3 : mcmc] Progress @ 2026-09-19 12:42:34 : 6350 steps taken, and 1943 accepted.
[0 : mcmc] Progress @ 2026-09-19 12:43:20 : 6351 steps taken, and 1850 accepted.
[2 : mcmc] Progress @ 2026-09-19 12:43:22 : 7162 steps taken, and 2053 accepted.
[1 : mcmc] Learn + convergence test @ 2160 samples accepted.
[1 : mcmc] Ready to check convergence and learn a new proposal covmat (waiting for the rest...)
[1 : mcmc] Progress @ 2026-09-19 12:43:25 : 7114 steps taken, and 2160 accepted.
[3 : mcmc] Progress @ 2026-09-19 12:43:34 : 6383 steps taken, and 1950 accepted.
[0 : mcmc] Progress @ 2026-09-19 12:44:20 : 6385 steps taken, and 1858 accepted.
[1 : mcmc] Progress @ 2026-09-19 12:44:27 : 7144 steps taken, and 2166 accepted.
[2 : mcmc] Progress @ 2026-09-19 12:44:31 : 7203 steps taken, and 2059 accepted.
[3 : mcmc] Progress @ 2026-09-19 12:44:35 : 6417 steps taken, and 1959 accepted.
[0 : mcmc] Progress @ 2026-09-19 12:45:21 : 6438 steps taken, and 1869 accepted.
[1 : mcmc] Progress @ 2026-09-19 12:45:27 : 7212 steps taken, and 2179 accepted.
[2 : mcmc] Progress @ 2026-09-19 12:45:31 : 7235 steps taken, and 2064 accepted.
[3 : mcmc] Progress @ 2026-09-19 12:45:35 : 6449 steps taken, and 1966 accepted.
[0 : mcmc] Progress @ 2026-09-19 12:46:22 : 6472 steps taken, and 1875 accepted.
[1 : mcmc] Progress @ 2026-09-19 12:46:28 : 7262 steps taken, and 2189 accepted.
[2 : mcmc] Progress @ 2026-09-19 12:46:32 : 7270 steps taken, and 2070 accepted.
[3 : mcmc] Progress @ 2026-09-19 12:46:36 : 6484 steps taken, and 1974 accepted.
[0 : mcmc] Progress @ 2026-09-19 12:47:22 : 6504 steps taken, and 1882 accepted.
[2 : mcmc] Progress @ 2026-09-19 12:47:32 : 7303 steps taken, and 2078 accepted.
[3 : mcmc] Progress @ 2026-09-19 12:47:36 : 6535 steps taken, and 1985 accepted.
[1 : mcmc] Progress @ 2026-09-19 12:47:37 : 7303 steps taken, and 2196 accepted.
[0 : mcmc] Progress @ 2026-09-19 12:48:22 : 6518 steps taken, and 1884 accepted.
[2 : mcmc] Progress @ 2026-09-19 12:48:33 : 7336 steps taken, and 2086 accepted.
[3 : mcmc] Progress @ 2026-09-19 12:48:38 : 6568 steps taken, and 1991 accepted.
[1 : mcmc] Progress @ 2026-09-19 12:48:38 : 7354 steps taken, and 2207 accepted.
[0 : mcmc] Progress @ 2026-09-19 12:49:23 : 6571 steps taken, and 1894 accepted.
[2 : mcmc] Progress @ 2026-09-19 12:49:33 : 7350 steps taken, and 2088 accepted.
[1 : mcmc] Progress @ 2026-09-19 12:49:38 : 7422 steps taken, and 2219 accepted.
[3 : mcmc] Progress @ 2026-09-19 12:49:46 : 6589 steps taken, and 1995 accepted.
[2 : mcmc] Progress @ 2026-09-19 12:50:33 : 7383 steps taken, and 2093 accepted.
[1 : mcmc] Progress @ 2026-09-19 12:50:38 : 7468 steps taken, and 2229 accepted.
[0 : mcmc] Progress @ 2026-09-19 12:50:46 : 6604 steps taken, and 1902 accepted.
[3 : mcmc] Progress @ 2026-09-19 12:50:47 : 6623 steps taken, and 2000 accepted.
[2 : mcmc] Progress @ 2026-09-19 12:51:34 : 7415 steps taken, and 2098 accepted.
[1 : mcmc] Progress @ 2026-09-19 12:51:39 : 7518 steps taken, and 2237 accepted.
[3 : mcmc] Progress @ 2026-09-19 12:51:48 : 6655 steps taken, and 2006 accepted.
[0 : mcmc] Progress @ 2026-09-19 12:51:48 : 6639 steps taken, and 1908 accepted.
[2 : mcmc] Progress @ 2026-09-19 12:52:35 : 7429 steps taken, and 2101 accepted.
[1 : mcmc] Progress @ 2026-09-19 12:52:39 : 7583 steps taken, and 2248 accepted.
[3 : mcmc] Progress @ 2026-09-19 12:52:48 : 6688 steps taken, and 2014 accepted.
[0 : mcmc] Progress @ 2026-09-19 12:52:48 : 6673 steps taken, and 1915 accepted.
[2 : mcmc] Progress @ 2026-09-19 12:53:35 : 7461 steps taken, and 2109 accepted.
[1 : mcmc] Progress @ 2026-09-19 12:53:39 : 7632 steps taken, and 2258 accepted.
[3 : mcmc] Progress @ 2026-09-19 12:53:51 : 6704 steps taken, and 2019 accepted.
[0 : mcmc] Progress @ 2026-09-19 12:53:54 : 6692 steps taken, and 1918 accepted.
[1 : mcmc] Progress @ 2026-09-19 12:54:40 : 7681 steps taken, and 2268 accepted.
[2 : mcmc] Progress @ 2026-09-19 12:54:50 : 7487 steps taken, and 2114 accepted.
[3 : mcmc] Progress @ 2026-09-19 12:54:51 : 6736 steps taken, and 2026 accepted.
[0 : mcmc] Progress @ 2026-09-19 12:55:12 : 6719 steps taken, and 1925 accepted.
[1 : mcmc] Progress @ 2026-09-19 12:55:40 : 7727 steps taken, and 2278 accepted.
[2 : mcmc] Progress @ 2026-09-19 12:55:50 : 7519 steps taken, and 2119 accepted.
[3 : mcmc] Progress @ 2026-09-19 12:56:11 : 6766 steps taken, and 2030 accepted.
[0 : mcmc] Progress @ 2026-09-19 12:56:12 : 6751 steps taken, and 1929 accepted.
[2 : mcmc] Progress @ 2026-09-19 12:56:51 : 7554 steps taken, and 2127 accepted.
[1 : mcmc] Progress @ 2026-09-19 12:56:52 : 7771 steps taken, and 2289 accepted.
[0 : mcmc] Progress @ 2026-09-19 12:57:13 : 6783 steps taken, and 1935 accepted.
[3 : mcmc] Progress @ 2026-09-19 12:57:20 : 6786 steps taken, and 2034 accepted.
[2 : mcmc] Progress @ 2026-09-19 12:57:52 : 7588 steps taken, and 2133 accepted.
[1 : mcmc] Progress @ 2026-09-19 12:57:52 : 7840 steps taken, and 2304 accepted.
[0 : mcmc] Progress @ 2026-09-19 12:58:13 : 6796 steps taken, and 1936 accepted.
[3 : mcmc] Progress @ 2026-09-19 12:58:21 : 6819 steps taken, and 2042 accepted.
[1 : mcmc] Progress @ 2026-09-19 12:58:53 : 7886 steps taken, and 2312 accepted.
[2 : mcmc] Progress @ 2026-09-19 12:58:53 : 7604 steps taken, and 2135 accepted.
[3 : mcmc] Progress @ 2026-09-19 12:59:21 : 6836 steps taken, and 2043 accepted.
[0 : mcmc] Progress @ 2026-09-19 12:59:32 : 6825 steps taken, and 1943 accepted.
[1 : mcmc] Progress @ 2026-09-19 12:59:53 : 7934 steps taken, and 2322 accepted.
[2 : mcmc] Progress @ 2026-09-19 13:00:00 : 7643 steps taken, and 2142 accepted.
[0 : mcmc] Progress @ 2026-09-19 13:00:33 : 6860 steps taken, and 1949 accepted.
[3 : mcmc] Progress @ 2026-09-19 13:00:41 : 6865 steps taken, and 2049 accepted.
[1 : mcmc] Progress @ 2026-09-19 13:01:02 : 8017 steps taken, and 2334 accepted.
[2 : mcmc] Progress @ 2026-09-19 13:01:17 : 7671 steps taken, and 2149 accepted.
[0 : mcmc] Progress @ 2026-09-19 13:01:34 : 6896 steps taken, and 1956 accepted.
[3 : mcmc] Progress @ 2026-09-19 13:01:49 : 6903 steps taken, and 2057 accepted.
[1 : mcmc] Progress @ 2026-09-19 13:02:03 : 8064 steps taken, and 2344 accepted.
[0 : mcmc] Progress @ 2026-09-19 13:02:40 : 6913 steps taken, and 1959 accepted.
[2 : mcmc] Progress @ 2026-09-19 13:02:41 : 7703 steps taken, and 2156 accepted.
[3 : mcmc] Progress @ 2026-09-19 13:02:50 : 6917 steps taken, and 2059 accepted.
[2 : mcmc] Learn + convergence test @ 2160 samples accepted.
[2 : mcmc] Ready to check convergence and learn a new proposal covmat (waiting for the rest...)
[1 : mcmc] Progress @ 2026-09-19 13:03:03 : 8113 steps taken, and 2355 accepted.
[0 : mcmc] Progress @ 2026-09-19 13:03:41 : 6947 steps taken, and 1965 accepted.
[2 : mcmc] Progress @ 2026-09-19 13:03:42 : 7738 steps taken, and 2162 accepted.
[3 : mcmc] Progress @ 2026-09-19 13:04:03 : 6942 steps taken, and 2064 accepted.
[1 : mcmc] Progress @ 2026-09-19 13:04:14 : 8178 steps taken, and 2369 accepted.
[2 : mcmc] Progress @ 2026-09-19 13:04:42 : 7771 steps taken, and 2171 accepted.
[0 : mcmc] Progress @ 2026-09-19 13:05:04 : 6961 steps taken, and 1967 accepted.
[1 : mcmc] Progress @ 2026-09-19 13:05:15 : 8246 steps taken, and 2383 accepted.
[3 : mcmc] Progress @ 2026-09-19 13:05:17 : 6967 steps taken, and 2070 accepted.
[2 : mcmc] Progress @ 2026-09-19 13:05:46 : 7807 steps taken, and 2177 accepted.
[0 : mcmc] Progress @ 2026-09-19 13:06:05 : 6994 steps taken, and 1974 accepted.
[1 : mcmc] Progress @ 2026-09-19 13:06:15 : 8293 steps taken, and 2393 accepted.
[3 : mcmc] Progress @ 2026-09-19 13:06:28 : 7008 steps taken, and 2077 accepted.
[2 : mcmc] Progress @ 2026-09-19 13:06:46 : 7827 steps taken, and 2178 accepted.
[1 : mcmc] Progress @ 2026-09-19 13:07:15 : 8341 steps taken, and 2404 accepted.
[0 : mcmc] Progress @ 2026-09-19 13:07:23 : 7043 steps taken, and 1986 accepted.
[3 : mcmc] Progress @ 2026-09-19 13:07:29 : 7041 steps taken, and 2083 accepted.
[2 : mcmc] Progress @ 2026-09-19 13:07:46 : 7899 steps taken, and 2194 accepted.
[0 : mcmc] Progress @ 2026-09-19 13:08:24 : 7058 steps taken, and 1990 accepted.
[1 : mcmc] Progress @ 2026-09-19 13:08:25 : 8387 steps taken, and 2412 accepted.
[3 : mcmc] Progress @ 2026-09-19 13:08:29 : 7076 steps taken, and 2091 accepted.
[2 : mcmc] Progress @ 2026-09-19 13:08:48 : 7929 steps taken, and 2200 accepted.
[0 : mcmc] Progress @ 2026-09-19 13:09:25 : 7092 steps taken, and 1996 accepted.
[1 : mcmc] Progress @ 2026-09-19 13:09:26 : 8456 steps taken, and 2425 accepted.
[3 : mcmc] Progress @ 2026-09-19 13:09:29 : 7108 steps taken, and 2098 accepted.
[2 : mcmc] Progress @ 2026-09-19 13:09:55 : 7967 steps taken, and 2209 accepted.
[3 : mcmc] Progress @ 2026-09-19 13:10:30 : 7143 steps taken, and 2107 accepted.
[1 : mcmc] Progress @ 2026-09-19 13:10:32 : 8492 steps taken, and 2433 accepted.
[0 : mcmc] Progress @ 2026-09-19 13:10:45 : 7123 steps taken, and 2000 accepted.
[2 : mcmc] Progress @ 2026-09-19 13:10:56 : 8015 steps taken, and 2218 accepted.
[3 : mcmc] Progress @ 2026-09-19 13:11:30 : 7176 steps taken, and 2114 accepted.
[1 : mcmc] Progress @ 2026-09-19 13:11:33 : 8539 steps taken, and 2442 accepted.
[0 : mcmc] Progress @ 2026-09-19 13:11:52 : 7161 steps taken, and 2007 accepted.
[2 : mcmc] Progress @ 2026-09-19 13:11:56 : 8063 steps taken, and 2231 accepted.
[1 : mcmc] Progress @ 2026-09-19 13:12:38 : 8617 steps taken, and 2456 accepted.
[3 : mcmc] Progress @ 2026-09-19 13:12:49 : 7208 steps taken, and 2117 accepted.
[2 : mcmc] Progress @ 2026-09-19 13:12:57 : 8105 steps taken, and 2238 accepted.
[0 : mcmc] Progress @ 2026-09-19 13:12:57 : 7179 steps taken, and 2011 accepted.
[1 : mcmc] Progress @ 2026-09-19 13:13:39 : 8683 steps taken, and 2472 accepted.
[3 : mcmc] Progress @ 2026-09-19 13:14:02 : 7252 steps taken, and 2124 accepted.
[0 : mcmc] Progress @ 2026-09-19 13:14:04 : 7217 steps taken, and 2018 accepted.
[2 : mcmc] Progress @ 2026-09-19 13:14:16 : 8133 steps taken, and 2244 accepted.
[1 : mcmc] Progress @ 2026-09-19 13:14:39 : 8730 steps taken, and 2480 accepted.
[3 : mcmc] Progress @ 2026-09-19 13:15:02 : 7266 steps taken, and 2126 accepted.
[0 : mcmc] Progress @ 2026-09-19 13:15:05 : 7231 steps taken, and 2022 accepted.
[2 : mcmc] Progress @ 2026-09-19 13:15:20 : 8150 steps taken, and 2248 accepted.
[1 : mcmc] Progress @ 2026-09-19 13:15:39 : 8776 steps taken, and 2489 accepted.
[3 : mcmc] Progress @ 2026-09-19 13:16:22 : 7296 steps taken, and 2131 accepted.
[0 : mcmc] Progress @ 2026-09-19 13:16:25 : 7281 steps taken, and 2031 accepted.
[2 : mcmc] Progress @ 2026-09-19 13:16:35 : 8197 steps taken, and 2255 accepted.
[1 : mcmc] Progress @ 2026-09-19 13:16:39 : 8821 steps taken, and 2496 accepted.
[3 : mcmc] Progress @ 2026-09-19 13:17:22 : 7341 steps taken, and 2137 accepted.
[0 : mcmc] Progress @ 2026-09-19 13:17:26 : 7328 steps taken, and 2040 accepted.
[2 : mcmc] Progress @ 2026-09-19 13:17:36 : 8245 steps taken, and 2262 accepted.
[1 : mcmc] Progress @ 2026-09-19 13:18:00 : 8842 steps taken, and 2502 accepted.
[3 : mcmc] Progress @ 2026-09-19 13:18:23 : 7377 steps taken, and 2143 accepted.
[0 : mcmc] Progress @ 2026-09-19 13:18:27 : 7377 steps taken, and 2051 accepted.
[2 : mcmc] Progress @ 2026-09-19 13:18:36 : 8280 steps taken, and 2271 accepted.
[1 : mcmc] Progress @ 2026-09-19 13:19:00 : 8888 steps taken, and 2509 accepted.
[0 : mcmc] Progress @ 2026-09-19 13:19:28 : 7391 steps taken, and 2053 accepted.
[3 : mcmc] Progress @ 2026-09-19 13:19:30 : 7436 steps taken, and 2152 accepted.
[2 : mcmc] Progress @ 2026-09-19 13:19:37 : 8325 steps taken, and 2280 accepted.
[1 : mcmc] Progress @ 2026-09-19 13:20:02 : 8932 steps taken, and 2517 accepted.
[1 : mcmc] Learn + convergence test @ 2520 samples accepted.
[3 : mcmc] Progress @ 2026-09-19 13:20:43 : 7479 steps taken, and 2159 accepted.
[2 : mcmc] Progress @ 2026-09-19 13:20:46 : 8386 steps taken, and 2287 accepted.
[3 : mcmc] Learn + convergence test @ 2160 samples accepted.
[3 : mcmc] Ready to check convergence and learn a new proposal covmat (waiting for the rest...)
[0 : mcmc] Progress @ 2026-09-19 13:20:52 : 7425 steps taken, and 2061 accepted.
[0 : mcmc] All chains are ready to check convergence and learn a new proposal covmat
[0 : mcmc]  - Acceptance rate: 0.760 = avg([0.7537, 0.7712, 0.7593, 0.7547])
[0 : mcmc]  - Convergence of means: R-1 = 0.062663 after 9038 accepted steps = sum([2061, 2528, 2289, 2160])
[0 : mcmc]  - Updated covariance matrix of proposal pdf.
[1 : mcmc] Progress @ 2026-09-19 13:21:03 : 8989 steps taken, and 2528 accepted.
[2 : mcmc] Progress @ 2026-09-19 13:21:47 : 8451 steps taken, and 2297 accepted.
[3 : mcmc] Progress @ 2026-09-19 13:21:51 : 7519 steps taken, and 2167 accepted.
[0 : mcmc] Progress @ 2026-09-19 13:22:05 : 7461 steps taken, and 2068 accepted.
[1 : mcmc] Progress @ 2026-09-19 13:22:07 : 9045 steps taken, and 2538 accepted.
[3 : mcmc] Progress @ 2026-09-19 13:22:52 : 7587 steps taken, and 2178 accepted.
[2 : mcmc] Progress @ 2026-09-19 13:23:00 : 8499 steps taken, and 2308 accepted.
[1 : mcmc] Progress @ 2026-09-19 13:23:08 : 9116 steps taken, and 2551 accepted.
[0 : mcmc] Progress @ 2026-09-19 13:23:22 : 7511 steps taken, and 2076 accepted.
[3 : mcmc] Progress @ 2026-09-19 13:23:53 : 7615 steps taken, and 2181 accepted.
[2 : mcmc] Progress @ 2026-09-19 13:24:01 : 8546 steps taken, and 2318 accepted.
[1 : mcmc] Progress @ 2026-09-19 13:24:15 : 9176 steps taken, and 2561 accepted.
[0 : mcmc] Progress @ 2026-09-19 13:24:22 : 7544 steps taken, and 2079 accepted.
[2 : mcmc] Progress @ 2026-09-19 13:25:01 : 8593 steps taken, and 2325 accepted.
[3 : mcmc] Progress @ 2026-09-19 13:25:04 : 7679 steps taken, and 2192 accepted.
[1 : mcmc] Progress @ 2026-09-19 13:25:27 : 9223 steps taken, and 2569 accepted.
[0 : mcmc] Progress @ 2026-09-19 13:25:38 : 7571 steps taken, and 2084 accepted.
[2 : mcmc] Progress @ 2026-09-19 13:26:01 : 8640 steps taken, and 2334 accepted.
[3 : mcmc] Progress @ 2026-09-19 13:26:09 : 7713 steps taken, and 2199 accepted.
[1 : mcmc] Progress @ 2026-09-19 13:26:36 : 9281 steps taken, and 2583 accepted.
[0 : mcmc] Progress @ 2026-09-19 13:26:39 : 7603 steps taken, and 2091 accepted.
[2 : mcmc] Progress @ 2026-09-19 13:27:02 : 8687 steps taken, and 2345 accepted.
[3 : mcmc] Progress @ 2026-09-19 13:27:09 : 7781 steps taken, and 2209 accepted.
[1 : mcmc] Progress @ 2026-09-19 13:27:36 : 9328 steps taken, and 2595 accepted.
[0 : mcmc] Progress @ 2026-09-19 13:27:40 : 7635 steps taken, and 2098 accepted.
[2 : mcmc] Progress @ 2026-09-19 13:28:10 : 8745 steps taken, and 2356 accepted.
[3 : mcmc] Progress @ 2026-09-19 13:28:10 : 7828 steps taken, and 2219 accepted.
[0 : mcmc] Progress @ 2026-09-19 13:28:41 : 7649 steps taken, and 2102 accepted.
[1 : mcmc] Progress @ 2026-09-19 13:28:43 : 9365 steps taken, and 2602 accepted.
[3 : mcmc] Progress @ 2026-09-19 13:29:10 : 7858 steps taken, and 2226 accepted.
[2 : mcmc] Progress @ 2026-09-19 13:29:12 : 8795 steps taken, and 2369 accepted.
[0 : mcmc] Progress @ 2026-09-19 13:29:41 : 7682 steps taken, and 2108 accepted.
[1 : mcmc] Progress @ 2026-09-19 13:29:43 : 9453 steps taken, and 2618 accepted.
[2 : mcmc] Progress @ 2026-09-19 13:30:12 : 8843 steps taken, and 2378 accepted.
[3 : mcmc] Progress @ 2026-09-19 13:30:18 : 7896 steps taken, and 2232 accepted.
[1 : mcmc] Progress @ 2026-09-19 13:30:48 : 9508 steps taken, and 2624 accepted.
[0 : mcmc] Progress @ 2026-09-19 13:30:59 : 7711 steps taken, and 2111 accepted.
[2 : mcmc] Progress @ 2026-09-19 13:31:13 : 8889 steps taken, and 2385 accepted.
[3 : mcmc] Progress @ 2026-09-19 13:31:18 : 7944 steps taken, and 2240 accepted.
[1 : mcmc] Progress @ 2026-09-19 13:31:49 : 9537 steps taken, and 2629 accepted.
[0 : mcmc] Progress @ 2026-09-19 13:32:00 : 7744 steps taken, and 2118 accepted.
[2 : mcmc] Progress @ 2026-09-19 13:32:13 : 8937 steps taken, and 2395 accepted.
[3 : mcmc] Progress @ 2026-09-19 13:32:19 : 7991 steps taken, and 2249 accepted.
[1 : mcmc] Progress @ 2026-09-19 13:32:50 : 9583 steps taken, and 2640 accepted.
[0 : mcmc] Progress @ 2026-09-19 13:33:00 : 7776 steps taken, and 2126 accepted.
[3 : mcmc] Progress @ 2026-09-19 13:33:19 : 8038 steps taken, and 2256 accepted.
[2 : mcmc] Progress @ 2026-09-19 13:33:24 : 8979 steps taken, and 2405 accepted.
[1 : mcmc] Progress @ 2026-09-19 13:33:50 : 9629 steps taken, and 2650 accepted.
[0 : mcmc] Progress @ 2026-09-19 13:34:00 : 7809 steps taken, and 2132 accepted.
[3 : mcmc] Progress @ 2026-09-19 13:34:19 : 8085 steps taken, and 2263 accepted.
[2 : mcmc] Progress @ 2026-09-19 13:34:24 : 9046 steps taken, and 2418 accepted.
[1 : mcmc] Progress @ 2026-09-19 13:35:00 : 9688 steps taken, and 2662 accepted.
[0 : mcmc] Progress @ 2026-09-19 13:35:00 : 7844 steps taken, and 2138 accepted.
[3 : mcmc] Progress @ 2026-09-19 13:35:21 : 8123 steps taken, and 2270 accepted.
[2 : mcmc] Progress @ 2026-09-19 13:35:31 : 9062 steps taken, and 2420 accepted.
[1 : mcmc] Progress @ 2026-09-19 13:36:00 : 9715 steps taken, and 2667 accepted.
[0 : mcmc] Progress @ 2026-09-19 13:36:09 : 7866 steps taken, and 2142 accepted.
[3 : mcmc] Progress @ 2026-09-19 13:36:31 : 8148 steps taken, and 2273 accepted.
[2 : mcmc] Progress @ 2026-09-19 13:36:32 : 9120 steps taken, and 2429 accepted.
[1 : mcmc] Progress @ 2026-09-19 13:37:01 : 9772 steps taken, and 2678 accepted.
[0 : mcmc] Progress @ 2026-09-19 13:37:18 : 7912 steps taken, and 2150 accepted.
[3 : mcmc] Progress @ 2026-09-19 13:37:31 : 8196 steps taken, and 2282 accepted.
[2 : mcmc] Progress @ 2026-09-19 13:37:33 : 9151 steps taken, and 2433 accepted.
[1 : mcmc] Progress @ 2026-09-19 13:38:01 : 9807 steps taken, and 2684 accepted.
[0 : mcmc] Progress @ 2026-09-19 13:38:23 : 7929 steps taken, and 2153 accepted.
[3 : mcmc] Progress @ 2026-09-19 13:38:32 : 8258 steps taken, and 2292 accepted.
[0 : mcmc] Learn + convergence test @ 2160 samples accepted.
[0 : mcmc] Ready to check convergence and learn a new proposal covmat (waiting for the rest...)
[2 : mcmc] Progress @ 2026-09-19 13:38:46 : 9191 steps taken, and 2443 accepted.
[1 : mcmc] Progress @ 2026-09-19 13:39:15 : 9841 steps taken, and 2692 accepted.
[0 : mcmc] Progress @ 2026-09-19 13:39:23 : 7974 steps taken, and 2164 accepted.
[3 : mcmc] Progress @ 2026-09-19 13:39:38 : 8282 steps taken, and 2296 accepted.
[2 : mcmc] Progress @ 2026-09-19 13:39:56 : 9241 steps taken, and 2454 accepted.
[1 : mcmc] Progress @ 2026-09-19 13:40:15 : 9867 steps taken, and 2697 accepted.
[0 : mcmc] Progress @ 2026-09-19 13:40:24 : 8018 steps taken, and 2174 accepted.
[3 : mcmc] Progress @ 2026-09-19 13:41:01 : 8332 steps taken, and 2305 accepted.
[2 : mcmc] Progress @ 2026-09-19 13:41:09 : 9301 steps taken, and 2464 accepted.
[1 : mcmc] Progress @ 2026-09-19 13:41:16 : 9910 steps taken, and 2705 accepted.
[0 : mcmc] Progress @ 2026-09-19 13:41:41 : 8062 steps taken, and 2184 accepted.
[3 : mcmc] Progress @ 2026-09-19 13:42:14 : 8358 steps taken, and 2312 accepted.
[2 : mcmc] Progress @ 2026-09-19 13:42:15 : 9336 steps taken, and 2471 accepted.
[1 : mcmc] Progress @ 2026-09-19 13:42:24 : 9949 steps taken, and 2713 accepted.
[0 : mcmc] Progress @ 2026-09-19 13:42:42 : 8105 steps taken, and 2191 accepted.
[3 : mcmc] Progress @ 2026-09-19 13:43:15 : 8408 steps taken, and 2321 accepted.
[2 : mcmc] Progress @ 2026-09-19 13:43:20 : 9381 steps taken, and 2479 accepted.
[1 : mcmc] Progress @ 2026-09-19 13:43:24 : 10038 steps taken, and 2727 accepted.
[0 : mcmc] Progress @ 2026-09-19 13:43:55 : 8141 steps taken, and 2198 accepted.
[3 : mcmc] Progress @ 2026-09-19 13:44:15 : 8425 steps taken, and 2324 accepted.
[2 : mcmc] Progress @ 2026-09-19 13:44:21 : 9413 steps taken, and 2484 accepted.
[1 : mcmc] Progress @ 2026-09-19 13:44:26 : 10067 steps taken, and 2732 accepted.
[0 : mcmc] Progress @ 2026-09-19 13:45:00 : 8193 steps taken, and 2210 accepted.
[3 : mcmc] Progress @ 2026-09-19 13:45:18 : 8472 steps taken, and 2333 accepted.
[2 : mcmc] Progress @ 2026-09-19 13:45:22 : 9443 steps taken, and 2490 accepted.
[1 : mcmc] Progress @ 2026-09-19 13:45:26 : 10125 steps taken, and 2743 accepted.
[0 : mcmc] Progress @ 2026-09-19 13:46:01 : 8247 steps taken, and 2218 accepted.
[3 : mcmc] Progress @ 2026-09-19 13:46:18 : 8516 steps taken, and 2341 accepted.
[2 : mcmc] Progress @ 2026-09-19 13:46:22 : 9487 steps taken, and 2500 accepted.
[1 : mcmc] Progress @ 2026-09-19 13:46:49 : 10157 steps taken, and 2747 accepted.
[0 : mcmc] Progress @ 2026-09-19 13:47:15 : 8272 steps taken, and 2222 accepted.
[3 : mcmc] Progress @ 2026-09-19 13:47:19 : 8565 steps taken, and 2350 accepted.
[2 : mcmc] Progress @ 2026-09-19 13:47:24 : 9558 steps taken, and 2514 accepted.
[2 : mcmc] Learn + convergence test @ 2520 samples accepted.
[2 : mcmc] Ready to check convergence and learn a new proposal covmat (waiting for the rest...)
[1 : mcmc] Progress @ 2026-09-19 13:47:50 : 10170 steps taken, and 2749 accepted.
[0 : mcmc] Progress @ 2026-09-19 13:48:17 : 8310 steps taken, and 2229 accepted.
[2 : mcmc] Progress @ 2026-09-19 13:48:24 : 9609 steps taken, and 2523 accepted.
[3 : mcmc] Progress @ 2026-09-19 13:48:29 : 8608 steps taken, and 2358 accepted.
[1 : mcmc] Progress @ 2026-09-19 13:48:50 : 10202 steps taken, and 2756 accepted.
[0 : mcmc] Progress @ 2026-09-19 13:49:18 : 8344 steps taken, and 2236 accepted.
[2 : mcmc] Progress @ 2026-09-19 13:49:25 : 9657 steps taken, and 2534 accepted.
[3 : mcmc] Progress @ 2026-09-19 13:49:39 : 8670 steps taken, and 2370 accepted.
[1 : mcmc] Progress @ 2026-09-19 13:49:50 : 10235 steps taken, and 2760 accepted.
[0 : mcmc] Progress @ 2026-09-19 13:50:23 : 8364 steps taken, and 2240 accepted.
[2 : mcmc] Progress @ 2026-09-19 13:50:26 : 9705 steps taken, and 2544 accepted.
[3 : mcmc] Progress @ 2026-09-19 13:50:39 : 8716 steps taken, and 2378 accepted.
[1 : mcmc] Progress @ 2026-09-19 13:50:51 : 10268 steps taken, and 2767 accepted.
[0 : mcmc] Progress @ 2026-09-19 13:51:24 : 8397 steps taken, and 2245 accepted.
[2 : mcmc] Progress @ 2026-09-19 13:51:34 : 9767 steps taken, and 2554 accepted.
[3 : mcmc] Progress @ 2026-09-19 13:51:44 : 8771 steps taken, and 2390 accepted.
[1 : mcmc] Progress @ 2026-09-19 13:51:58 : 10288 steps taken, and 2771 accepted.
[0 : mcmc] Progress @ 2026-09-19 13:52:24 : 8430 steps taken, and 2253 accepted.
[2 : mcmc] Progress @ 2026-09-19 13:52:34 : 9814 steps taken, and 2565 accepted.
[3 : mcmc] Progress @ 2026-09-19 13:52:56 : 8839 steps taken, and 2403 accepted.
[1 : mcmc] Progress @ 2026-09-19 13:53:12 : 10313 steps taken, and 2776 accepted.
[2 : mcmc] Progress @ 2026-09-19 13:53:35 : 9864 steps taken, and 2576 accepted.
[0 : mcmc] Progress @ 2026-09-19 13:53:41 : 8457 steps taken, and 2256 accepted.
[3 : mcmc] Progress @ 2026-09-19 13:54:10 : 8909 steps taken, and 2415 accepted.
[1 : mcmc] Progress @ 2026-09-19 13:54:32 : 10345 steps taken, and 2782 accepted.
[2 : mcmc] Progress @ 2026-09-19 13:54:35 : 9911 steps taken, and 2583 accepted.
[0 : mcmc] Progress @ 2026-09-19 13:54:55 : 8482 steps taken, and 2261 accepted.
[3 : mcmc] Progress @ 2026-09-19 13:55:10 : 8978 steps taken, and 2426 accepted.
[1 : mcmc] Progress @ 2026-09-19 13:55:33 : 10382 steps taken, and 2790 accepted.
[2 : mcmc] Progress @ 2026-09-19 13:55:47 : 9956 steps taken, and 2593 accepted.
[0 : mcmc] Progress @ 2026-09-19 13:55:55 : 8534 steps taken, and 2270 accepted.
[3 : mcmc] Progress @ 2026-09-19 13:56:22 : 9026 steps taken, and 2433 accepted.
[1 : mcmc] Progress @ 2026-09-19 13:56:33 : 10415 steps taken, and 2796 accepted.
[2 : mcmc] Progress @ 2026-09-19 13:56:47 : 10025 steps taken, and 2603 accepted.
[0 : mcmc] Progress @ 2026-09-19 13:57:06 : 8562 steps taken, and 2276 accepted.
[3 : mcmc] Progress @ 2026-09-19 13:57:24 : 9062 steps taken, and 2440 accepted.
[1 : mcmc] Progress @ 2026-09-19 13:57:40 : 10442 steps taken, and 2800 accepted.
[2 : mcmc] Progress @ 2026-09-19 13:57:48 : 10060 steps taken, and 2609 accepted.
[0 : mcmc] Progress @ 2026-09-19 13:58:07 : 8601 steps taken, and 2283 accepted.
[3 : mcmc] Progress @ 2026-09-19 13:58:25 : 9108 steps taken, and 2448 accepted.
[2 : mcmc] Progress @ 2026-09-19 13:58:48 : 10114 steps taken, and 2620 accepted.
[1 : mcmc] Progress @ 2026-09-19 13:59:00 : 10495 steps taken, and 2809 accepted.
[0 : mcmc] Progress @ 2026-09-19 13:59:12 : 8651 steps taken, and 2292 accepted.
[3 : mcmc] Progress @ 2026-09-19 13:59:33 : 9146 steps taken, and 2456 accepted.
[2 : mcmc] Progress @ 2026-09-19 13:59:50 : 10166 steps taken, and 2630 accepted.
[1 : mcmc] Progress @ 2026-09-19 14:00:01 : 10580 steps taken, and 2820 accepted.
[0 : mcmc] Progress @ 2026-09-19 14:00:20 : 8711 steps taken, and 2306 accepted.
[3 : mcmc] Progress @ 2026-09-19 14:00:38 : 9180 steps taken, and 2464 accepted.
[2 : mcmc] Progress @ 2026-09-19 14:00:54 : 10186 steps taken, and 2635 accepted.
[1 : mcmc] Progress @ 2026-09-19 14:01:01 : 10628 steps taken, and 2829 accepted.
[0 : mcmc] Progress @ 2026-09-19 14:01:21 : 8753 steps taken, and 2314 accepted.
[3 : mcmc] Progress @ 2026-09-19 14:01:39 : 9244 steps taken, and 2477 accepted.
[2 : mcmc] Progress @ 2026-09-19 14:01:54 : 10220 steps taken, and 2641 accepted.
[1 : mcmc] Progress @ 2026-09-19 14:02:02 : 10662 steps taken, and 2838 accepted.
[0 : mcmc] Progress @ 2026-09-19 14:02:22 : 8810 steps taken, and 2326 accepted.
[3 : mcmc] Progress @ 2026-09-19 14:02:39 : 9313 steps taken, and 2492 accepted.
[2 : mcmc] Progress @ 2026-09-19 14:02:55 : 10253 steps taken, and 2648 accepted.
[1 : mcmc] Progress @ 2026-09-19 14:03:11 : 10683 steps taken, and 2841 accepted.
[0 : mcmc] Progress @ 2026-09-19 14:03:23 : 8845 steps taken, and 2335 accepted.
[3 : mcmc] Progress @ 2026-09-19 14:03:51 : 9358 steps taken, and 2499 accepted.
[2 : mcmc] Progress @ 2026-09-19 14:03:56 : 10287 steps taken, and 2655 accepted.
[1 : mcmc] Progress @ 2026-09-19 14:04:11 : 10718 steps taken, and 2847 accepted.
[0 : mcmc] Progress @ 2026-09-19 14:04:34 : 8902 steps taken, and 2348 accepted.
[3 : mcmc] Progress @ 2026-09-19 14:04:52 : 9383 steps taken, and 2502 accepted.
[2 : mcmc] Progress @ 2026-09-19 14:04:56 : 10300 steps taken, and 2657 accepted.
[1 : mcmc] Progress @ 2026-09-19 14:05:12 : 10750 steps taken, and 2854 accepted.
[0 : mcmc] Progress @ 2026-09-19 14:05:41 : 8937 steps taken, and 2354 accepted.
[3 : mcmc] Progress @ 2026-09-19 14:05:55 : 9436 steps taken, and 2513 accepted.
[1 : mcmc] Progress @ 2026-09-19 14:06:12 : 10783 steps taken, and 2858 accepted.
[2 : mcmc] Progress @ 2026-09-19 14:06:14 : 10348 steps taken, and 2666 accepted.
[3 : mcmc] Learn + convergence test @ 2520 samples accepted.
[3 : mcmc] Ready to check convergence and learn a new proposal covmat (waiting for the rest...)
[0 : mcmc] Progress @ 2026-09-19 14:06:55 : 8981 steps taken, and 2365 accepted.
[3 : mcmc] Progress @ 2026-09-19 14:06:56 : 9489 steps taken, and 2524 accepted.
[1 : mcmc] Progress @ 2026-09-19 14:07:13 : 10816 steps taken, and 2862 accepted.
[2 : mcmc] Progress @ 2026-09-19 14:07:15 : 10392 steps taken, and 2676 accepted.
[0 : mcmc] Progress @ 2026-09-19 14:07:55 : 9021 steps taken, and 2373 accepted.
[3 : mcmc] Progress @ 2026-09-19 14:07:57 : 9534 steps taken, and 2534 accepted.
[2 : mcmc] Progress @ 2026-09-19 14:08:27 : 10454 steps taken, and 2686 accepted.
[1 : mcmc] Progress @ 2026-09-19 14:08:29 : 10846 steps taken, and 2869 accepted.
[0 : mcmc] Progress @ 2026-09-19 14:08:55 : 9067 steps taken, and 2383 accepted.
[3 : mcmc] Progress @ 2026-09-19 14:08:57 : 9600 steps taken, and 2545 accepted.
[2 : mcmc] Progress @ 2026-09-19 14:09:28 : 10483 steps taken, and 2692 accepted.
[1 : mcmc] Progress @ 2026-09-19 14:09:30 : 10880 steps taken, and 2876 accepted.
[1 : mcmc] Learn + convergence test @ 2880 samples accepted.
[1 : mcmc] Ready to check convergence and learn a new proposal covmat (waiting for the rest...)
[0 : mcmc] All chains are ready to check convergence and learn a new proposal covmat
[0 : mcmc]  - Acceptance rate: 0.758 = avg([0.7665, 0.7579, 0.7668, 0.7427])
[0 : mcmc]  - Convergence of means: R-1 = 0.105873 after 10518 accepted steps = sum([2390, 2880, 2696, 2552])
[0 : mcmc]  - Updated covariance matrix of proposal pdf.
[3 : mcmc] Progress @ 2026-09-19 14:10:07 : 9634 steps taken, and 2552 accepted.
[0 : mcmc] Progress @ 2026-09-19 14:10:08 : 9094 steps taken, and 2390 accepted.
[2 : mcmc] Progress @ 2026-09-19 14:10:28 : 10518 steps taken, and 2699 accepted.
[1 : mcmc] Progress @ 2026-09-19 14:10:31 : 10931 steps taken, and 2888 accepted.
[3 : mcmc] Progress @ 2026-09-19 14:11:08 : 9683 steps taken, and 2563 accepted.
[0 : mcmc] Progress @ 2026-09-19 14:11:09 : 9108 steps taken, and 2393 accepted.
[1 : mcmc] Progress @ 2026-09-19 14:11:36 : 10966 steps taken, and 2896 accepted.
[2 : mcmc] Progress @ 2026-09-19 14:11:37 : 10539 steps taken, and 2703 accepted.
[3 : mcmc] Progress @ 2026-09-19 14:12:08 : 9753 steps taken, and 2576 accepted.
[0 : mcmc] Progress @ 2026-09-19 14:12:10 : 9144 steps taken, and 2400 accepted.
[1 : mcmc] Progress @ 2026-09-19 14:12:36 : 11035 steps taken, and 2907 accepted.
[2 : mcmc] Progress @ 2026-09-19 14:13:01 : 10594 steps taken, and 2714 accepted.
[3 : mcmc] Progress @ 2026-09-19 14:13:10 : 9793 steps taken, and 2584 accepted.
[0 : mcmc] Progress @ 2026-09-19 14:13:10 : 9180 steps taken, and 2407 accepted.
[1 : mcmc] Progress @ 2026-09-19 14:13:36 : 11064 steps taken, and 2912 accepted.
[2 : mcmc] Progress @ 2026-09-19 14:14:14 : 10637 steps taken, and 2718 accepted.
[0 : mcmc] Progress @ 2026-09-19 14:14:19 : 9200 steps taken, and 2411 accepted.
[3 : mcmc] Progress @ 2026-09-19 14:14:20 : 9855 steps taken, and 2598 accepted.
[1 : mcmc] Progress @ 2026-09-19 14:14:47 : 11106 steps taken, and 2920 accepted.
[0 : mcmc] Progress @ 2026-09-19 14:15:19 : 9232 steps taken, and 2416 accepted.
[2 : mcmc] Progress @ 2026-09-19 14:15:25 : 10661 steps taken, and 2720 accepted.
[3 : mcmc] Progress @ 2026-09-19 14:15:32 : 9898 steps taken, and 2604 accepted.
[1 : mcmc] Progress @ 2026-09-19 14:15:48 : 11144 steps taken, and 2926 accepted.
[0 : mcmc] Progress @ 2026-09-19 14:16:19 : 9264 steps taken, and 2421 accepted.
[2 : mcmc] Progress @ 2026-09-19 14:16:26 : 10703 steps taken, and 2729 accepted.
[3 : mcmc] Progress @ 2026-09-19 14:16:33 : 9945 steps taken, and 2612 accepted.
[1 : mcmc] Progress @ 2026-09-19 14:16:48 : 11177 steps taken, and 2934 accepted.
[0 : mcmc] Progress @ 2026-09-19 14:17:33 : 9291 steps taken, and 2424 accepted.
[2 : mcmc] Progress @ 2026-09-19 14:17:37 : 10745 steps taken, and 2737 accepted.
[3 : mcmc] Progress @ 2026-09-19 14:17:46 : 10011 steps taken, and 2626 accepted.
[1 : mcmc] Progress @ 2026-09-19 14:17:48 : 11191 steps taken, and 2937 accepted.
[0 : mcmc] Progress @ 2026-09-19 14:18:34 : 9330 steps taken, and 2431 accepted.
[2 : mcmc] Progress @ 2026-09-19 14:18:37 : 10786 steps taken, and 2745 accepted.
[1 : mcmc] Progress @ 2026-09-19 14:18:48 : 11239 steps taken, and 2946 accepted.
[3 : mcmc] Progress @ 2026-09-19 14:18:52 : 10061 steps taken, and 2634 accepted.
[0 : mcmc] Progress @ 2026-09-19 14:19:50 : 9361 steps taken, and 2436 accepted.
[3 : mcmc] Progress @ 2026-09-19 14:19:52 : 10099 steps taken, and 2640 accepted.
[2 : mcmc] Progress @ 2026-09-19 14:19:53 : 10841 steps taken, and 2756 accepted.
[1 : mcmc] Progress @ 2026-09-19 14:20:00 : 11271 steps taken, and 2953 accepted.
[2 : mcmc] Progress @ 2026-09-19 14:20:53 : 10878 steps taken, and 2762 accepted.
[3 : mcmc] Progress @ 2026-09-19 14:20:56 : 10132 steps taken, and 2647 accepted.
[0 : mcmc] Progress @ 2026-09-19 14:21:04 : 9381 steps taken, and 2440 accepted.
[1 : mcmc] Progress @ 2026-09-19 14:21:13 : 11302 steps taken, and 2958 accepted.
[3 : mcmc] Progress @ 2026-09-19 14:21:56 : 10167 steps taken, and 2654 accepted.
[2 : mcmc] Progress @ 2026-09-19 14:21:59 : 10931 steps taken, and 2771 accepted.
[0 : mcmc] Progress @ 2026-09-19 14:22:05 : 9423 steps taken, and 2449 accepted.
[1 : mcmc] Progress @ 2026-09-19 14:22:26 : 11335 steps taken, and 2963 accepted.
[3 : mcmc] Progress @ 2026-09-19 14:22:57 : 10194 steps taken, and 2659 accepted.
[2 : mcmc] Progress @ 2026-09-19 14:23:07 : 10995 steps taken, and 2785 accepted.
[0 : mcmc] Progress @ 2026-09-19 14:23:18 : 9441 steps taken, and 2453 accepted.
[1 : mcmc] Progress @ 2026-09-19 14:23:27 : 11375 steps taken, and 2969 accepted.
[3 : mcmc] Progress @ 2026-09-19 14:23:57 : 10276 steps taken, and 2674 accepted.
[2 : mcmc] Progress @ 2026-09-19 14:24:14 : 11048 steps taken, and 2793 accepted.
[1 : mcmc] Progress @ 2026-09-19 14:24:27 : 11408 steps taken, and 2976 accepted.
[0 : mcmc] Progress @ 2026-09-19 14:24:40 : 9484 steps taken, and 2461 accepted.
[3 : mcmc] Progress @ 2026-09-19 14:25:14 : 10294 steps taken, and 2678 accepted.
[2 : mcmc] Progress @ 2026-09-19 14:25:14 : 11094 steps taken, and 2804 accepted.
[1 : mcmc] Progress @ 2026-09-19 14:25:32 : 11464 steps taken, and 2985 accepted.
[0 : mcmc] Progress @ 2026-09-19 14:25:43 : 9523 steps taken, and 2470 accepted.
[3 : mcmc] Progress @ 2026-09-19 14:26:15 : 10327 steps taken, and 2684 accepted.
[2 : mcmc] Progress @ 2026-09-19 14:26:20 : 11129 steps taken, and 2811 accepted.
[1 : mcmc] Progress @ 2026-09-19 14:26:33 : 11490 steps taken, and 2991 accepted.
[0 : mcmc] Progress @ 2026-09-19 14:26:43 : 9573 steps taken, and 2480 accepted.
[3 : mcmc] Progress @ 2026-09-19 14:27:15 : 10382 steps taken, and 2693 accepted.
[2 : mcmc] Progress @ 2026-09-19 14:27:20 : 11173 steps taken, and 2819 accepted.
[1 : mcmc] Progress @ 2026-09-19 14:27:33 : 11536 steps taken, and 3000 accepted.
[0 : mcmc] Progress @ 2026-09-19 14:27:44 : 9641 steps taken, and 2492 accepted.
[3 : mcmc] Progress @ 2026-09-19 14:28:15 : 10410 steps taken, and 2697 accepted.
[1 : mcmc] Progress @ 2026-09-19 14:28:40 : 11593 steps taken, and 3013 accepted.
[2 : mcmc] Progress @ 2026-09-19 14:28:41 : 11224 steps taken, and 2830 accepted.
[0 : mcmc] Progress @ 2026-09-19 14:28:57 : 9686 steps taken, and 2501 accepted.
[3 : mcmc] Progress @ 2026-09-19 14:29:16 : 10481 steps taken, and 2710 accepted.
[1 : mcmc] Progress @ 2026-09-19 14:29:40 : 11641 steps taken, and 3022 accepted.
[2 : mcmc] Progress @ 2026-09-19 14:29:42 : 11259 steps taken, and 2834 accepted.
[0 : mcmc] Progress @ 2026-09-19 14:29:58 : 9732 steps taken, and 2509 accepted.
[3 : mcmc] Progress @ 2026-09-19 14:30:23 : 10539 steps taken, and 2721 accepted.
[1 : mcmc] Progress @ 2026-09-19 14:30:41 : 11689 steps taken, and 3033 accepted.
[2 : mcmc] Progress @ 2026-09-19 14:30:43 : 11310 steps taken, and 2842 accepted.
[0 : mcmc] Progress @ 2026-09-19 14:30:58 : 9759 steps taken, and 2516 accepted.
[0 : mcmc] Learn + convergence test @ 2520 samples accepted.
[0 : mcmc] Ready to check convergence and learn a new proposal covmat (waiting for the rest...)
[3 : mcmc] Progress @ 2026-09-19 14:31:36 : 10607 steps taken, and 2733 accepted.
[1 : mcmc] Progress @ 2026-09-19 14:31:41 : 11717 steps taken, and 3038 accepted.
[2 : mcmc] Progress @ 2026-09-19 14:31:44 : 11326 steps taken, and 2845 accepted.
[0 : mcmc] Progress @ 2026-09-19 14:32:04 : 9816 steps taken, and 2525 accepted.
[3 : mcmc] Progress @ 2026-09-19 14:32:36 : 10674 steps taken, and 2746 accepted.
[2 : mcmc] Progress @ 2026-09-19 14:32:45 : 11360 steps taken, and 2852 accepted.
[1 : mcmc] Progress @ 2026-09-19 14:32:50 : 11778 steps taken, and 3050 accepted.
[0 : mcmc] Progress @ 2026-09-19 14:33:12 : 9856 steps taken, and 2533 accepted.
[3 : mcmc] Progress @ 2026-09-19 14:33:37 : 10721 steps taken, and 2757 accepted.
[2 : mcmc] Progress @ 2026-09-19 14:33:46 : 11394 steps taken, and 2857 accepted.
[1 : mcmc] Progress @ 2026-09-19 14:33:56 : 11831 steps taken, and 3062 accepted.
[0 : mcmc] Progress @ 2026-09-19 14:34:12 : 9901 steps taken, and 2543 accepted.
[3 : mcmc] Progress @ 2026-09-19 14:34:43 : 10741 steps taken, and 2759 accepted.
[2 : mcmc] Progress @ 2026-09-19 14:34:52 : 11412 steps taken, and 2860 accepted.
[1 : mcmc] Progress @ 2026-09-19 14:34:56 : 11877 steps taken, and 3071 accepted.
[0 : mcmc] Progress @ 2026-09-19 14:35:13 : 9959 steps taken, and 2552 accepted.
[1 : mcmc] Progress @ 2026-09-19 14:35:56 : 11911 steps taken, and 3079 accepted.
[3 : mcmc] Progress @ 2026-09-19 14:35:59 : 10767 steps taken, and 2763 accepted.
[2 : mcmc] Progress @ 2026-09-19 14:36:00 : 11462 steps taken, and 2870 accepted.
[0 : mcmc] Progress @ 2026-09-19 14:36:20 : 10009 steps taken, and 2558 accepted.
[1 : mcmc] Progress @ 2026-09-19 14:36:57 : 11975 steps taken, and 3092 accepted.
[3 : mcmc] Progress @ 2026-09-19 14:36:59 : 10806 steps taken, and 2770 accepted.
[2 : mcmc] Progress @ 2026-09-19 14:37:05 : 11498 steps taken, and 2876 accepted.
[0 : mcmc] Progress @ 2026-09-19 14:37:35 : 10031 steps taken, and 2563 accepted.
[3 : mcmc] Progress @ 2026-09-19 14:38:00 : 10853 steps taken, and 2781 accepted.
[1 : mcmc] Progress @ 2026-09-19 14:38:08 : 12031 steps taken, and 3104 accepted.
[2 : mcmc] Progress @ 2026-09-19 14:38:08 : 11521 steps taken, and 2879 accepted.
[2 : mcmc] Learn + convergence test @ 2880 samples accepted.
[2 : mcmc] Ready to check convergence and learn a new proposal covmat (waiting for the rest...)
[0 : mcmc] Progress @ 2026-09-19 14:38:37 : 10080 steps taken, and 2574 accepted.
[1 : mcmc] Progress @ 2026-09-19 14:39:08 : 12078 steps taken, and 3115 accepted.
[2 : mcmc] Progress @ 2026-09-19 14:39:09 : 11556 steps taken, and 2886 accepted.
[3 : mcmc] Progress @ 2026-09-19 14:39:12 : 10900 steps taken, and 2790 accepted.
[0 : mcmc] Progress @ 2026-09-19 14:39:37 : 10148 steps taken, and 2584 accepted.
[1 : mcmc] Progress @ 2026-09-19 14:40:12 : 12129 steps taken, and 3125 accepted.
[3 : mcmc] Progress @ 2026-09-19 14:40:15 : 10953 steps taken, and 2803 accepted.
[2 : mcmc] Progress @ 2026-09-19 14:40:27 : 11584 steps taken, and 2891 accepted.
[0 : mcmc] Progress @ 2026-09-19 14:40:37 : 10195 steps taken, and 2594 accepted.
[1 : mcmc] Progress @ 2026-09-19 14:41:12 : 12178 steps taken, and 3135 accepted.
[3 : mcmc] Progress @ 2026-09-19 14:41:16 : 11024 steps taken, and 2817 accepted.
[2 : mcmc] Progress @ 2026-09-19 14:41:28 : 11617 steps taken, and 2899 accepted.
[0 : mcmc] Progress @ 2026-09-19 14:41:38 : 10266 steps taken, and 2608 accepted.
[3 : mcmc] Progress @ 2026-09-19 14:42:16 : 11070 steps taken, and 2826 accepted.
[2 : mcmc] Progress @ 2026-09-19 14:42:29 : 11651 steps taken, and 2907 accepted.
[1 : mcmc] Progress @ 2026-09-19 14:42:33 : 12216 steps taken, and 3143 accepted.
[0 : mcmc] Progress @ 2026-09-19 14:42:38 : 10302 steps taken, and 2616 accepted.
[3 : mcmc] Progress @ 2026-09-19 14:43:28 : 11116 steps taken, and 2835 accepted.
[2 : mcmc] Progress @ 2026-09-19 14:43:31 : 11686 steps taken, and 2913 accepted.
[0 : mcmc] Progress @ 2026-09-19 14:43:39 : 10316 steps taken, and 2618 accepted.
[1 : mcmc] Progress @ 2026-09-19 14:43:40 : 12272 steps taken, and 3156 accepted.
[3 : mcmc] Progress @ 2026-09-19 14:44:28 : 11180 steps taken, and 2848 accepted.
[2 : mcmc] Progress @ 2026-09-19 14:44:32 : 11704 steps taken, and 2917 accepted.
[0 : mcmc] Progress @ 2026-09-19 14:44:39 : 10348 steps taken, and 2625 accepted.
[1 : mcmc] Progress @ 2026-09-19 14:44:41 : 12333 steps taken, and 3168 accepted.
[2 : mcmc] Progress @ 2026-09-19 14:45:33 : 11767 steps taken, and 2927 accepted.
[3 : mcmc] Progress @ 2026-09-19 14:45:41 : 11248 steps taken, and 2860 accepted.
[1 : mcmc] Progress @ 2026-09-19 14:45:45 : 12371 steps taken, and 3175 accepted.
[0 : mcmc] Progress @ 2026-09-19 14:45:57 : 10377 steps taken, and 2632 accepted.
[3 : mcmc] Progress @ 2026-09-19 14:46:41 : 11302 steps taken, and 2867 accepted.
[1 : mcmc] Progress @ 2026-09-19 14:46:45 : 12417 steps taken, and 3185 accepted.
[2 : mcmc] Progress @ 2026-09-19 14:46:47 : 11834 steps taken, and 2938 accepted.
[0 : mcmc] Progress @ 2026-09-19 14:46:57 : 10415 steps taken, and 2638 accepted.
[3 : mcmc] Progress @ 2026-09-19 14:47:42 : 11319 steps taken, and 2870 accepted.
[2 : mcmc] Progress @ 2026-09-19 14:47:47 : 11894 steps taken, and 2946 accepted.
[1 : mcmc] Progress @ 2026-09-19 14:47:55 : 12441 steps taken, and 3190 accepted.
[0 : mcmc] Progress @ 2026-09-19 14:47:58 : 10479 steps taken, and 2651 accepted.
[3 : mcmc] Progress @ 2026-09-19 14:48:43 : 11353 steps taken, and 2878 accepted.
[2 : mcmc] Progress @ 2026-09-19 14:48:48 : 11939 steps taken, and 2954 accepted.
[1 : mcmc] Progress @ 2026-09-19 14:48:56 : 12474 steps taken, and 3195 accepted.
[0 : mcmc] Progress @ 2026-09-19 14:48:58 : 10528 steps taken, and 2659 accepted.
[3 : mcmc] Learn + convergence test @ 2880 samples accepted.
[3 : mcmc] Ready to check convergence and learn a new proposal covmat (waiting for the rest...)
[3 : mcmc] Progress @ 2026-09-19 14:49:49 : 11372 steps taken, and 2881 accepted.
[2 : mcmc] Progress @ 2026-09-19 14:49:54 : 11976 steps taken, and 2961 accepted.
[1 : mcmc] Progress @ 2026-09-19 14:49:56 : 12507 steps taken, and 3199 accepted.
[0 : mcmc] Progress @ 2026-09-19 14:49:58 : 10578 steps taken, and 2668 accepted.
[2 : mcmc] Progress @ 2026-09-19 14:50:54 : 12068 steps taken, and 2981 accepted.
[3 : mcmc] Progress @ 2026-09-19 14:51:04 : 11417 steps taken, and 2886 accepted.
[0 : mcmc] Progress @ 2026-09-19 14:51:12 : 10643 steps taken, and 2679 accepted.
[1 : mcmc] Progress @ 2026-09-19 14:51:20 : 12540 steps taken, and 3205 accepted.
[2 : mcmc] Progress @ 2026-09-19 14:52:04 : 12130 steps taken, and 2993 accepted.
[3 : mcmc] Progress @ 2026-09-19 14:52:06 : 11455 steps taken, and 2891 accepted.
[1 : mcmc] Progress @ 2026-09-19 14:52:26 : 12611 steps taken, and 3219 accepted.
[0 : mcmc] Progress @ 2026-09-19 14:52:33 : 10686 steps taken, and 2687 accepted.
[2 : mcmc] Progress @ 2026-09-19 14:53:08 : 12183 steps taken, and 3004 accepted.
[3 : mcmc] Progress @ 2026-09-19 14:53:19 : 11499 steps taken, and 2897 accepted.
[0 : mcmc] Progress @ 2026-09-19 14:53:36 : 10723 steps taken, and 2696 accepted.
[1 : mcmc] Progress @ 2026-09-19 14:53:40 : 12659 steps taken, and 3229 accepted.
[2 : mcmc] Progress @ 2026-09-19 14:54:09 : 12230 steps taken, and 3010 accepted.
[3 : mcmc] Progress @ 2026-09-19 14:54:20 : 11534 steps taken, and 2903 accepted.
[0 : mcmc] Progress @ 2026-09-19 14:54:37 : 10756 steps taken, and 2703 accepted.
[1 : mcmc] Progress @ 2026-09-19 14:54:40 : 12709 steps taken, and 3238 accepted.
[1 : mcmc] Learn + convergence test @ 3240 samples accepted.
[1 : mcmc] Ready to check convergence and learn a new proposal covmat (waiting for the rest...)
[0 : mcmc] All chains are ready to check convergence and learn a new proposal covmat
[0 : mcmc]  - Acceptance rate: 0.755 = avg([0.7601, 0.7634, 0.7580, 0.7390])
[0 : mcmc]  - Convergence of means: R-1 = 0.081003 after 11875 accepted steps = sum([2705, 3240, 3020, 2910])
[0 : mcmc]  - Updated covariance matrix of proposal pdf.
[2 : mcmc] Progress @ 2026-09-19 14:55:22 : 12273 steps taken, and 3020 accepted.
[3 : mcmc] Progress @ 2026-09-19 14:55:23 : 11568 steps taken, and 2910 accepted.
[0 : mcmc] Progress @ 2026-09-19 14:55:37 : 10790 steps taken, and 2707 accepted.
[1 : mcmc] Progress @ 2026-09-19 14:55:41 : 12744 steps taken, and 3246 accepted.
[2 : mcmc] Progress @ 2026-09-19 14:56:23 : 12320 steps taken, and 3031 accepted.
[3 : mcmc] Progress @ 2026-09-19 14:56:24 : 11584 steps taken, and 2914 accepted.
[0 : mcmc] Progress @ 2026-09-19 14:56:38 : 10822 steps taken, and 2713 accepted.
[1 : mcmc] Progress @ 2026-09-19 14:56:49 : 12784 steps taken, and 3252 accepted.
[2 : mcmc] Progress @ 2026-09-19 14:57:23 : 12346 steps taken, and 3036 accepted.
[3 : mcmc] Progress @ 2026-09-19 14:57:36 : 11627 steps taken, and 2922 accepted.
[0 : mcmc] Progress @ 2026-09-19 14:57:39 : 10856 steps taken, and 2718 accepted.
[1 : mcmc] Progress @ 2026-09-19 14:57:50 : 12833 steps taken, and 3261 accepted.
[2 : mcmc] Progress @ 2026-09-19 14:58:33 : 12408 steps taken, and 3048 accepted.
[3 : mcmc] Progress @ 2026-09-19 14:58:37 : 11659 steps taken, and 2928 accepted.
[0 : mcmc] Progress @ 2026-09-19 14:58:42 : 10871 steps taken, and 2721 accepted.
[1 : mcmc] Progress @ 2026-09-19 14:58:50 : 12902 steps taken, and 3278 accepted.
[3 : mcmc] Progress @ 2026-09-19 14:59:37 : 11673 steps taken, and 2929 accepted.
[2 : mcmc] Progress @ 2026-09-19 14:59:40 : 12465 steps taken, and 3055 accepted.
[0 : mcmc] Progress @ 2026-09-19 14:59:42 : 10904 steps taken, and 2729 accepted.
[1 : mcmc] Progress @ 2026-09-19 15:00:01 : 12945 steps taken, and 3284 accepted.
[2 : mcmc] Progress @ 2026-09-19 15:00:41 : 12512 steps taken, and 3066 accepted.
[3 : mcmc] Progress @ 2026-09-19 15:00:41 : 11710 steps taken, and 2937 accepted.
[0 : mcmc] Progress @ 2026-09-19 15:00:42 : 10962 steps taken, and 2739 accepted.
[1 : mcmc] Progress @ 2026-09-19 15:01:10 : 13007 steps taken, and 3296 accepted.
[3 : mcmc] Progress @ 2026-09-19 15:01:41 : 11744 steps taken, and 2943 accepted.
[0 : mcmc] Progress @ 2026-09-19 15:01:45 : 11012 steps taken, and 2749 accepted.
[2 : mcmc] Progress @ 2026-09-19 15:01:49 : 12594 steps taken, and 3080 accepted.
[1 : mcmc] Progress @ 2026-09-19 15:02:11 : 13075 steps taken, and 3309 accepted.
[3 : mcmc] Progress @ 2026-09-19 15:02:41 : 11758 steps taken, and 2947 accepted.
[2 : mcmc] Progress @ 2026-09-19 15:02:49 : 12640 steps taken, and 3087 accepted.
[0 : mcmc] Progress @ 2026-09-19 15:02:49 : 11064 steps taken, and 2762 accepted.
[1 : mcmc] Progress @ 2026-09-19 15:03:11 : 13122 steps taken, and 3316 accepted.
[3 : mcmc] Progress @ 2026-09-19 15:03:47 : 11796 steps taken, and 2954 accepted.
[2 : mcmc] Progress @ 2026-09-19 15:03:49 : 12687 steps taken, and 3097 accepted.
[0 : mcmc] Progress @ 2026-09-19 15:03:50 : 11131 steps taken, and 2776 accepted.
[1 : mcmc] Progress @ 2026-09-19 15:04:12 : 13151 steps taken, and 3320 accepted.
[3 : mcmc] Progress @ 2026-09-19 15:04:47 : 11829 steps taken, and 2958 accepted.
[2 : mcmc] Progress @ 2026-09-19 15:04:49 : 12714 steps taken, and 3103 accepted.
[0 : mcmc] Progress @ 2026-09-19 15:04:50 : 11180 steps taken, and 2785 accepted.
[1 : mcmc] Progress @ 2026-09-19 15:05:12 : 13198 steps taken, and 3328 accepted.
[0 : mcmc] Progress @ 2026-09-19 15:05:51 : 11249 steps taken, and 2801 accepted.
[2 : mcmc] Progress @ 2026-09-19 15:06:03 : 12782 steps taken, and 3117 accepted.
[3 : mcmc] Progress @ 2026-09-19 15:06:10 : 11862 steps taken, and 2964 accepted.
[1 : mcmc] Progress @ 2026-09-19 15:06:12 : 13245 steps taken, and 3337 accepted.
[0 : mcmc] Progress @ 2026-09-19 15:06:51 : 11297 steps taken, and 2809 accepted.
[2 : mcmc] Progress @ 2026-09-19 15:07:04 : 12854 steps taken, and 3132 accepted.
[1 : mcmc] Progress @ 2026-09-19 15:07:13 : 13291 steps taken, and 3346 accepted.
[3 : mcmc] Progress @ 2026-09-19 15:07:22 : 11902 steps taken, and 2972 accepted.
[0 : mcmc] Progress @ 2026-09-19 15:07:51 : 11334 steps taken, and 2817 accepted.
[2 : mcmc] Progress @ 2026-09-19 15:08:04 : 12888 steps taken, and 3138 accepted.
[3 : mcmc] Progress @ 2026-09-19 15:08:22 : 11934 steps taken, and 2979 accepted.
[1 : mcmc] Progress @ 2026-09-19 15:08:24 : 13309 steps taken, and 3350 accepted.
[0 : mcmc] Progress @ 2026-09-19 15:09:04 : 11373 steps taken, and 2823 accepted.
[2 : mcmc] Progress @ 2026-09-19 15:09:05 : 12907 steps taken, and 3142 accepted.
[3 : mcmc] Progress @ 2026-09-19 15:09:22 : 11979 steps taken, and 2989 accepted.
[1 : mcmc] Progress @ 2026-09-19 15:09:36 : 13368 steps taken, and 3363 accepted.
[2 : mcmc] Progress @ 2026-09-19 15:10:06 : 12949 steps taken, and 3150 accepted.
[0 : mcmc] Progress @ 2026-09-19 15:10:16 : 11422 steps taken, and 2833 accepted.
[3 : mcmc] Progress @ 2026-09-19 15:10:22 : 12044 steps taken, and 3000 accepted.
[1 : mcmc] Progress @ 2026-09-19 15:10:37 : 13417 steps taken, and 3372 accepted.
[2 : mcmc] Progress @ 2026-09-19 15:11:07 : 12983 steps taken, and 3156 accepted.
[0 : mcmc] Progress @ 2026-09-19 15:11:17 : 11456 steps taken, and 2841 accepted.
[3 : mcmc] Progress @ 2026-09-19 15:11:23 : 12081 steps taken, and 3007 accepted.
[1 : mcmc] Progress @ 2026-09-19 15:11:41 : 13451 steps taken, and 3378 accepted.
[2 : mcmc] Progress @ 2026-09-19 15:12:08 : 13016 steps taken, and 3161 accepted.
[0 : mcmc] Progress @ 2026-09-19 15:12:18 : 11470 steps taken, and 2845 accepted.
[3 : mcmc] Progress @ 2026-09-19 15:12:24 : 12116 steps taken, and 3009 accepted.
[1 : mcmc] Progress @ 2026-09-19 15:12:42 : 13520 steps taken, and 3393 accepted.
[2 : mcmc] Progress @ 2026-09-19 15:13:08 : 13050 steps taken, and 3169 accepted.
[0 : mcmc] Progress @ 2026-09-19 15:13:18 : 11503 steps taken, and 2850 accepted.
[3 : mcmc] Progress @ 2026-09-19 15:13:26 : 12150 steps taken, and 3015 accepted.
[1 : mcmc] Progress @ 2026-09-19 15:13:52 : 13562 steps taken, and 3403 accepted.
[2 : mcmc] Progress @ 2026-09-19 15:14:09 : 13104 steps taken, and 3177 accepted.
[3 : mcmc] Progress @ 2026-09-19 15:14:27 : 12184 steps taken, and 3021 accepted.
[0 : mcmc] Progress @ 2026-09-19 15:14:40 : 11535 steps taken, and 2856 accepted.
[1 : mcmc] Progress @ 2026-09-19 15:14:52 : 13630 steps taken, and 3414 accepted.
[2 : mcmc] Progress @ 2026-09-19 15:15:21 : 13128 steps taken, and 3182 accepted.
[3 : mcmc] Progress @ 2026-09-19 15:15:27 : 12236 steps taken, and 3028 accepted.
[0 : mcmc] Progress @ 2026-09-19 15:15:42 : 11571 steps taken, and 2863 accepted.
[1 : mcmc] Progress @ 2026-09-19 15:15:57 : 13685 steps taken, and 3425 accepted.
[2 : mcmc] Progress @ 2026-09-19 15:16:27 : 13146 steps taken, and 3186 accepted.
[3 : mcmc] Progress @ 2026-09-19 15:16:28 : 12251 steps taken, and 3031 accepted.
[0 : mcmc] Progress @ 2026-09-19 15:16:42 : 11605 steps taken, and 2869 accepted.
[1 : mcmc] Progress @ 2026-09-19 15:16:57 : 13753 steps taken, and 3437 accepted.
[0 : mcmc] Learn + convergence test @ 2880 samples accepted.
[0 : mcmc] Ready to check convergence and learn a new proposal covmat (waiting for the rest...)
[2 : mcmc] Progress @ 2026-09-19 15:17:39 : 13188 steps taken, and 3194 accepted.
[3 : mcmc] Progress @ 2026-09-19 15:17:42 : 12276 steps taken, and 3037 accepted.
[0 : mcmc] Progress @ 2026-09-19 15:17:42 : 11678 steps taken, and 2884 accepted.
[1 : mcmc] Progress @ 2026-09-19 15:18:05 : 13790 steps taken, and 3444 accepted.
[2 : mcmc] Progress @ 2026-09-19 15:18:40 : 13220 steps taken, and 3199 accepted.
[3 : mcmc] Progress @ 2026-09-19 15:18:42 : 12308 steps taken, and 3042 accepted.
[0 : mcmc] Progress @ 2026-09-19 15:18:49 : 11714 steps taken, and 2890 accepted.
[1 : mcmc] Progress @ 2026-09-19 15:19:05 : 13838 steps taken, and 3456 accepted.
[2 : mcmc] Progress @ 2026-09-19 15:19:41 : 13234 steps taken, and 3201 accepted.
[3 : mcmc] Progress @ 2026-09-19 15:19:45 : 12326 steps taken, and 3045 accepted.
[0 : mcmc] Progress @ 2026-09-19 15:19:59 : 11755 steps taken, and 2898 accepted.
[1 : mcmc] Progress @ 2026-09-19 15:20:05 : 13887 steps taken, and 3466 accepted.
[2 : mcmc] Progress @ 2026-09-19 15:20:43 : 13270 steps taken, and 3208 accepted.
[3 : mcmc] Progress @ 2026-09-19 15:20:45 : 12377 steps taken, and 3055 accepted.
[0 : mcmc] Progress @ 2026-09-19 15:21:02 : 11806 steps taken, and 2910 accepted.
[1 : mcmc] Progress @ 2026-09-19 15:21:07 : 13937 steps taken, and 3478 accepted.
[2 : mcmc] Progress @ 2026-09-19 15:21:44 : 13304 steps taken, and 3213 accepted.
[3 : mcmc] Progress @ 2026-09-19 15:22:00 : 12404 steps taken, and 3060 accepted.
[0 : mcmc] Progress @ 2026-09-19 15:22:03 : 11857 steps taken, and 2922 accepted.
[1 : mcmc] Progress @ 2026-09-19 15:22:07 : 13985 steps taken, and 3488 accepted.
[2 : mcmc] Progress @ 2026-09-19 15:22:58 : 13348 steps taken, and 3221 accepted.
[3 : mcmc] Progress @ 2026-09-19 15:23:01 : 12418 steps taken, and 3063 accepted.
[0 : mcmc] Progress @ 2026-09-19 15:23:03 : 11925 steps taken, and 2935 accepted.
[1 : mcmc] Progress @ 2026-09-19 15:23:07 : 14034 steps taken, and 3498 accepted.
[2 : mcmc] Progress @ 2026-09-19 15:24:00 : 13363 steps taken, and 3222 accepted.
[0 : mcmc] Progress @ 2026-09-19 15:24:05 : 11974 steps taken, and 2944 accepted.
[1 : mcmc] Progress @ 2026-09-19 15:24:08 : 14101 steps taken, and 3507 accepted.
[3 : mcmc] Progress @ 2026-09-19 15:24:08 : 12462 steps taken, and 3073 accepted.
[2 : mcmc] Progress @ 2026-09-19 15:25:00 : 13396 steps taken, and 3228 accepted.
[0 : mcmc] Progress @ 2026-09-19 15:25:06 : 12003 steps taken, and 2950 accepted.
[1 : mcmc] Progress @ 2026-09-19 15:25:14 : 14159 steps taken, and 3520 accepted.
[3 : mcmc] Progress @ 2026-09-19 15:25:22 : 12508 steps taken, and 3082 accepted.
[2 : mcmc] Progress @ 2026-09-19 15:26:01 : 13430 steps taken, and 3236 accepted.
[0 : mcmc] Progress @ 2026-09-19 15:26:13 : 12059 steps taken, and 2958 accepted.
[1 : mcmc] Progress @ 2026-09-19 15:26:14 : 14207 steps taken, and 3528 accepted.
[3 : mcmc] Progress @ 2026-09-19 15:26:34 : 12553 steps taken, and 3089 accepted.
[2 : mcmc] Progress @ 2026-09-19 15:27:06 : 13448 steps taken, and 3240 accepted.
[2 : mcmc] Learn + convergence test @ 3240 samples accepted.
[2 : mcmc] Ready to check convergence and learn a new proposal covmat (waiting for the rest...)
[1 : mcmc] Progress @ 2026-09-19 15:27:15 : 14254 steps taken, and 3537 accepted.
[0 : mcmc] Progress @ 2026-09-19 15:27:26 : 12104 steps taken, and 2967 accepted.
[3 : mcmc] Progress @ 2026-09-19 15:27:35 : 12625 steps taken, and 3102 accepted.
[1 : mcmc] Progress @ 2026-09-19 15:28:16 : 14306 steps taken, and 3547 accepted.
[2 : mcmc] Progress @ 2026-09-19 15:28:21 : 13496 steps taken, and 3250 accepted.
[0 : mcmc] Progress @ 2026-09-19 15:28:26 : 12152 steps taken, and 2977 accepted.
[3 : mcmc] Progress @ 2026-09-19 15:28:35 : 12695 steps taken, and 3113 accepted.
[1 : mcmc] Progress @ 2026-09-19 15:29:16 : 14374 steps taken, and 3557 accepted.
[2 : mcmc] Progress @ 2026-09-19 15:29:21 : 13529 steps taken, and 3255 accepted.
[0 : mcmc] Progress @ 2026-09-19 15:29:32 : 12190 steps taken, and 2983 accepted.
[3 : mcmc] Progress @ 2026-09-19 15:29:43 : 12734 steps taken, and 3121 accepted.
[1 : mcmc] Progress @ 2026-09-19 15:30:16 : 14422 steps taken, and 3563 accepted.
[0 : mcmc] Progress @ 2026-09-19 15:30:34 : 12241 steps taken, and 2993 accepted.
[2 : mcmc] Progress @ 2026-09-19 15:30:42 : 13580 steps taken, and 3263 accepted.
[3 : mcmc] Progress @ 2026-09-19 15:30:43 : 12782 steps taken, and 3129 accepted.
[1 : mcmc] Progress @ 2026-09-19 15:31:27 : 14468 steps taken, and 3570 accepted.
[0 : mcmc] Progress @ 2026-09-19 15:31:34 : 12289 steps taken, and 3001 accepted.
[2 : mcmc] Progress @ 2026-09-19 15:31:42 : 13612 steps taken, and 3269 accepted.
[3 : mcmc] Progress @ 2026-09-19 15:31:48 : 12835 steps taken, and 3140 accepted.
[1 : mcmc] Progress @ 2026-09-19 15:32:32 : 14525 steps taken, and 3582 accepted.
[0 : mcmc] Progress @ 2026-09-19 15:32:35 : 12336 steps taken, and 3010 accepted.
[2 : mcmc] Progress @ 2026-09-19 15:32:45 : 13628 steps taken, and 3273 accepted.
[3 : mcmc] Progress @ 2026-09-19 15:32:48 : 12880 steps taken, and 3151 accepted.
[1 : mcmc] Progress @ 2026-09-19 15:33:33 : 14592 steps taken, and 3596 accepted.
[0 : mcmc] Progress @ 2026-09-19 15:33:43 : 12378 steps taken, and 3019 accepted.
[2 : mcmc] Progress @ 2026-09-19 15:33:46 : 13677 steps taken, and 3282 accepted.
[3 : mcmc] Progress @ 2026-09-19 15:34:01 : 12905 steps taken, and 3156 accepted.
[1 : mcmc] Learn + convergence test @ 3600 samples accepted.
[1 : mcmc] Ready to check convergence and learn a new proposal covmat (waiting for the rest...)
[1 : mcmc] Progress @ 2026-09-19 15:34:39 : 14648 steps taken, and 3602 accepted.
[0 : mcmc] Progress @ 2026-09-19 15:34:44 : 12426 steps taken, and 3029 accepted.
[2 : mcmc] Progress @ 2026-09-19 15:34:49 : 13728 steps taken, and 3291 accepted.
[3 : mcmc] Progress @ 2026-09-19 15:35:07 : 12959 steps taken, and 3165 accepted.
[0 : mcmc] Progress @ 2026-09-19 15:35:48 : 12482 steps taken, and 3039 accepted.
[1 : mcmc] Progress @ 2026-09-19 15:36:00 : 14680 steps taken, and 3609 accepted.
[2 : mcmc] Progress @ 2026-09-19 15:36:01 : 13772 steps taken, and 3301 accepted.
[3 : mcmc] Progress @ 2026-09-19 15:36:10 : 13010 steps taken, and 3174 accepted.
[0 : mcmc] Progress @ 2026-09-19 15:36:53 : 12536 steps taken, and 3051 accepted.
[2 : mcmc] Progress @ 2026-09-19 15:37:01 : 13841 steps taken, and 3313 accepted.
[1 : mcmc] Progress @ 2026-09-19 15:37:01 : 14713 steps taken, and 3615 accepted.
[3 : mcmc] Progress @ 2026-09-19 15:37:11 : 13057 steps taken, and 3183 accepted.
[2 : mcmc] Progress @ 2026-09-19 15:38:01 : 13911 steps taken, and 3327 accepted.
[0 : mcmc] Progress @ 2026-09-19 15:38:03 : 12578 steps taken, and 3058 accepted.
[1 : mcmc] Progress @ 2026-09-19 15:38:05 : 14729 steps taken, and 3618 accepted.
[3 : mcmc] Progress @ 2026-09-19 15:38:11 : 13104 steps taken, and 3192 accepted.
[2 : mcmc] Progress @ 2026-09-19 15:39:01 : 13958 steps taken, and 3334 accepted.
[0 : mcmc] Progress @ 2026-09-19 15:39:03 : 12605 steps taken, and 3060 accepted.
[1 : mcmc] Progress @ 2026-09-19 15:39:05 : 14763 steps taken, and 3626 accepted.
[3 : mcmc] Progress @ 2026-09-19 15:39:11 : 13151 steps taken, and 3202 accepted.
[2 : mcmc] Progress @ 2026-09-19 15:40:02 : 14004 steps taken, and 3340 accepted.
[0 : mcmc] Progress @ 2026-09-19 15:40:04 : 12673 steps taken, and 3072 accepted.
[3 : mcmc] Progress @ 2026-09-19 15:40:16 : 13206 steps taken, and 3208 accepted.
[1 : mcmc] Progress @ 2026-09-19 15:40:21 : 14789 steps taken, and 3632 accepted.
[2 : mcmc] Progress @ 2026-09-19 15:41:02 : 14031 steps taken, and 3347 accepted.
[0 : mcmc] Progress @ 2026-09-19 15:41:17 : 12721 steps taken, and 3080 accepted.
[1 : mcmc] Progress @ 2026-09-19 15:41:22 : 14822 steps taken, and 3638 accepted.
[3 : mcmc] Progress @ 2026-09-19 15:41:27 : 13270 steps taken, and 3217 accepted.
[2 : mcmc] Progress @ 2026-09-19 15:42:03 : 14096 steps taken, and 3357 accepted.
[0 : mcmc] Progress @ 2026-09-19 15:42:18 : 12761 steps taken, and 3087 accepted.
[1 : mcmc] Progress @ 2026-09-19 15:42:23 : 14854 steps taken, and 3645 accepted.
[3 : mcmc] Progress @ 2026-09-19 15:42:27 : 13317 steps taken, and 3226 accepted.
[2 : mcmc] Progress @ 2026-09-19 15:43:13 : 14155 steps taken, and 3369 accepted.
[0 : mcmc] Progress @ 2026-09-19 15:43:24 : 12833 steps taken, and 3099 accepted.
[3 : mcmc] Progress @ 2026-09-19 15:43:33 : 13342 steps taken, and 3232 accepted.
[1 : mcmc] Progress @ 2026-09-19 15:43:38 : 14880 steps taken, and 3649 accepted.
[2 : mcmc] Progress @ 2026-09-19 15:44:13 : 14194 steps taken, and 3376 accepted.
[3 : mcmc] Learn + convergence test @ 3240 samples accepted.
[3 : mcmc] Ready to check convergence and learn a new proposal covmat (waiting for the rest...)
[0 : mcmc] Progress @ 2026-09-19 15:44:24 : 12879 steps taken, and 3107 accepted.
[0 : mcmc] All chains are ready to check convergence and learn a new proposal covmat
[1 : mcmc] Progress @ 2026-09-19 15:44:42 : 14915 steps taken, and 3656 accepted.
[0 : mcmc]  - Acceptance rate: 0.754 = avg([0.7640, 0.7634, 0.7527, 0.7367])
[0 : mcmc]  - Convergence of means: R-1 = 0.084338 after 13383 accepted steps = sum([3108, 3657, 3378, 3240])
[0 : mcmc]  - Updated covariance matrix of proposal pdf.
[3 : mcmc] Progress @ 2026-09-19 15:45:08 : 13380 steps taken, and 3240 accepted.
[2 : mcmc] Progress @ 2026-09-19 15:45:14 : 14212 steps taken, and 3378 accepted.
[0 : mcmc] Progress @ 2026-09-19 15:45:38 : 12902 steps taken, and 3113 accepted.
[1 : mcmc] Progress @ 2026-09-19 15:45:56 : 14965 steps taken, and 3666 accepted.
[3 : mcmc] Progress @ 2026-09-19 15:46:19 : 13418 steps taken, and 3247 accepted.
[2 : mcmc] Progress @ 2026-09-19 15:46:31 : 14240 steps taken, and 3385 accepted.
[0 : mcmc] Progress @ 2026-09-19 15:46:39 : 12949 steps taken, and 3124 accepted.
[1 : mcmc] Progress @ 2026-09-19 15:46:56 : 15012 steps taken, and 3676 accepted.
[3 : mcmc] Progress @ 2026-09-19 15:47:19 : 13467 steps taken, and 3257 accepted.
[2 : mcmc] Progress @ 2026-09-19 15:47:31 : 14272 steps taken, and 3390 accepted.
[0 : mcmc] Progress @ 2026-09-19 15:47:45 : 13006 steps taken, and 3134 accepted.
[1 : mcmc] Progress @ 2026-09-19 15:47:56 : 15078 steps taken, and 3687 accepted.
[3 : mcmc] Progress @ 2026-09-19 15:48:20 : 13535 steps taken, and 3272 accepted.
[2 : mcmc] Progress @ 2026-09-19 15:48:31 : 14311 steps taken, and 3397 accepted.
[0 : mcmc] Progress @ 2026-09-19 15:48:56 : 13063 steps taken, and 3143 accepted.
[1 : mcmc] Progress @ 2026-09-19 15:48:57 : 15104 steps taken, and 3692 accepted.
[3 : mcmc] Progress @ 2026-09-19 15:49:20 : 13574 steps taken, and 3278 accepted.
[2 : mcmc] Progress @ 2026-09-19 15:49:31 : 14345 steps taken, and 3401 accepted.
[0 : mcmc] Progress @ 2026-09-19 15:49:57 : 13104 steps taken, and 3151 accepted.
[1 : mcmc] Progress @ 2026-09-19 15:49:58 : 15121 steps taken, and 3697 accepted.
[3 : mcmc] Progress @ 2026-09-19 15:50:21 : 13635 steps taken, and 3287 accepted.
[2 : mcmc] Progress @ 2026-09-19 15:50:40 : 14367 steps taken, and 3403 accepted.
[0 : mcmc] Progress @ 2026-09-19 15:50:57 : 13154 steps taken, and 3160 accepted.
[1 : mcmc] Progress @ 2026-09-19 15:50:59 : 15160 steps taken, and 3704 accepted.
[3 : mcmc] Progress @ 2026-09-19 15:51:22 : 13659 steps taken, and 3293 accepted.
[2 : mcmc] Progress @ 2026-09-19 15:51:51 : 14406 steps taken, and 3412 accepted.
[0 : mcmc] Progress @ 2026-09-19 15:51:59 : 13168 steps taken, and 3161 accepted.
[1 : mcmc] Progress @ 2026-09-19 15:52:10 : 15182 steps taken, and 3709 accepted.
[3 : mcmc] Progress @ 2026-09-19 15:52:23 : 13692 steps taken, and 3299 accepted.
[0 : mcmc] Progress @ 2026-09-19 15:52:59 : 13200 steps taken, and 3169 accepted.
[2 : mcmc] Progress @ 2026-09-19 15:53:00 : 14470 steps taken, and 3423 accepted.
[1 : mcmc] Progress @ 2026-09-19 15:53:13 : 15217 steps taken, and 3716 accepted.
[3 : mcmc] Progress @ 2026-09-19 15:53:28 : 13709 steps taken, and 3302 accepted.
[0 : mcmc] Progress @ 2026-09-19 15:53:59 : 13233 steps taken, and 3175 accepted.
[2 : mcmc] Progress @ 2026-09-19 15:54:07 : 14526 steps taken, and 3430 accepted.
[1 : mcmc] Progress @ 2026-09-19 15:54:13 : 15269 steps taken, and 3725 accepted.
[3 : mcmc] Progress @ 2026-09-19 15:54:28 : 13742 steps taken, and 3307 accepted.
[0 : mcmc] Progress @ 2026-09-19 15:55:00 : 13263 steps taken, and 3183 accepted.
[2 : mcmc] Progress @ 2026-09-19 15:55:08 : 14576 steps taken, and 3440 accepted.
[1 : mcmc] Progress @ 2026-09-19 15:55:22 : 15289 steps taken, and 3728 accepted.
[3 : mcmc] Progress @ 2026-09-19 15:55:28 : 13780 steps taken, and 3312 accepted.
[0 : mcmc] Progress @ 2026-09-19 15:56:00 : 13305 steps taken, and 3191 accepted.
[2 : mcmc] Progress @ 2026-09-19 15:56:17 : 14599 steps taken, and 3446 accepted.
[3 : mcmc] Progress @ 2026-09-19 15:56:29 : 13830 steps taken, and 3322 accepted.
[1 : mcmc] Progress @ 2026-09-19 15:56:35 : 15336 steps taken, and 3737 accepted.
[0 : mcmc] Progress @ 2026-09-19 15:57:01 : 13345 steps taken, and 3197 accepted.
[2 : mcmc] Progress @ 2026-09-19 15:57:23 : 14651 steps taken, and 3458 accepted.
[3 : mcmc] Progress @ 2026-09-19 15:57:48 : 13867 steps taken, and 3330 accepted.
[1 : mcmc] Progress @ 2026-09-19 15:57:54 : 15372 steps taken, and 3746 accepted.
[0 : mcmc] Progress @ 2026-09-19 15:58:08 : 13375 steps taken, and 3204 accepted.
[2 : mcmc] Progress @ 2026-09-19 15:58:23 : 14700 steps taken, and 3468 accepted.
[3 : mcmc] Progress @ 2026-09-19 15:58:48 : 13915 steps taken, and 3337 accepted.
[1 : mcmc] Progress @ 2026-09-19 15:58:54 : 15423 steps taken, and 3755 accepted.
[0 : mcmc] Progress @ 2026-09-19 15:59:10 : 13395 steps taken, and 3209 accepted.
[2 : mcmc] Progress @ 2026-09-19 15:59:23 : 14731 steps taken, and 3474 accepted.
[3 : mcmc] Progress @ 2026-09-19 15:59:48 : 13944 steps taken, and 3343 accepted.
[1 : mcmc] Progress @ 2026-09-19 15:59:55 : 15441 steps taken, and 3759 accepted.
[0 : mcmc] Progress @ 2026-09-19 16:00:17 : 13433 steps taken, and 3217 accepted.
[2 : mcmc] Progress @ 2026-09-19 16:00:24 : 14764 steps taken, and 3482 accepted.
[3 : mcmc] Progress @ 2026-09-19 16:00:49 : 13985 steps taken, and 3350 accepted.
[1 : mcmc] Progress @ 2026-09-19 16:01:12 : 15473 steps taken, and 3765 accepted.
[0 : mcmc] Progress @ 2026-09-19 16:01:18 : 13470 steps taken, and 3224 accepted.
[2 : mcmc] Progress @ 2026-09-19 16:01:40 : 14810 steps taken, and 3490 accepted.
[3 : mcmc] Progress @ 2026-09-19 16:02:01 : 14030 steps taken, and 3357 accepted.
[0 : mcmc] Progress @ 2026-09-19 16:02:18 : 13498 steps taken, and 3230 accepted.
[1 : mcmc] Progress @ 2026-09-19 16:02:23 : 15532 steps taken, and 3775 accepted.
[2 : mcmc] Progress @ 2026-09-19 16:02:46 : 14830 steps taken, and 3494 accepted.
[3 : mcmc] Progress @ 2026-09-19 16:03:06 : 14078 steps taken, and 3366 accepted.
[0 : mcmc] Progress @ 2026-09-19 16:03:19 : 13536 steps taken, and 3238 accepted.
[1 : mcmc] Progress @ 2026-09-19 16:03:23 : 15595 steps taken, and 3786 accepted.
[0 : mcmc] Learn + convergence test @ 3240 samples accepted.
[0 : mcmc] Ready to check convergence and learn a new proposal covmat (waiting for the rest...)
[2 : mcmc] Progress @ 2026-09-19 16:04:01 : 14879 steps taken, and 3504 accepted.
[3 : mcmc] Progress @ 2026-09-19 16:04:07 : 14092 steps taken, and 3368 accepted.
[0 : mcmc] Progress @ 2026-09-19 16:04:19 : 13570 steps taken, and 3245 accepted.
[1 : mcmc] Progress @ 2026-09-19 16:04:24 : 15614 steps taken, and 3790 accepted.
[2 : mcmc] Progress @ 2026-09-19 16:05:01 : 14922 steps taken, and 3511 accepted.
[3 : mcmc] Progress @ 2026-09-19 16:05:07 : 14125 steps taken, and 3375 accepted.
[0 : mcmc] Progress @ 2026-09-19 16:05:19 : 13625 steps taken, and 3256 accepted.
[1 : mcmc] Progress @ 2026-09-19 16:05:27 : 15646 steps taken, and 3795 accepted.
[3 : mcmc] Progress @ 2026-09-19 16:06:08 : 14161 steps taken, and 3380 accepted.
[2 : mcmc] Progress @ 2026-09-19 16:06:10 : 14952 steps taken, and 3517 accepted.
[0 : mcmc] Progress @ 2026-09-19 16:06:20 : 13662 steps taken, and 3264 accepted.
[1 : mcmc] Progress @ 2026-09-19 16:06:42 : 15686 steps taken, and 3801 accepted.
[2 : mcmc] Progress @ 2026-09-19 16:07:10 : 15005 steps taken, and 3525 accepted.
[3 : mcmc] Progress @ 2026-09-19 16:07:15 : 14189 steps taken, and 3386 accepted.
[0 : mcmc] Progress @ 2026-09-19 16:07:41 : 13707 steps taken, and 3273 accepted.
[1 : mcmc] Progress @ 2026-09-19 16:07:43 : 15728 steps taken, and 3811 accepted.
[2 : mcmc] Progress @ 2026-09-19 16:08:11 : 15044 steps taken, and 3530 accepted.
[3 : mcmc] Progress @ 2026-09-19 16:08:15 : 14233 steps taken, and 3394 accepted.
[1 : mcmc] Progress @ 2026-09-19 16:08:44 : 15761 steps taken, and 3816 accepted.
[0 : mcmc] Progress @ 2026-09-19 16:08:53 : 13739 steps taken, and 3277 accepted.
[2 : mcmc] Progress @ 2026-09-19 16:09:12 : 15052 steps taken, and 3531 accepted.
[3 : mcmc] Progress @ 2026-09-19 16:09:16 : 14279 steps taken, and 3403 accepted.
[1 : mcmc] Progress @ 2026-09-19 16:09:48 : 15797 steps taken, and 3821 accepted.
[0 : mcmc] Progress @ 2026-09-19 16:10:02 : 13782 steps taken, and 3287 accepted.
[2 : mcmc] Progress @ 2026-09-19 16:10:12 : 15089 steps taken, and 3539 accepted.
[3 : mcmc] Progress @ 2026-09-19 16:10:22 : 14319 steps taken, and 3409 accepted.
[1 : mcmc] Progress @ 2026-09-19 16:10:57 : 15825 steps taken, and 3825 accepted.
[0 : mcmc] Progress @ 2026-09-19 16:11:03 : 13822 steps taken, and 3296 accepted.
[2 : mcmc] Progress @ 2026-09-19 16:11:18 : 15123 steps taken, and 3547 accepted.
[3 : mcmc] Progress @ 2026-09-19 16:11:22 : 14366 steps taken, and 3417 accepted.
[1 : mcmc] Progress @ 2026-09-19 16:11:57 : 15847 steps taken, and 3828 accepted.
[0 : mcmc] Progress @ 2026-09-19 16:12:21 : 13872 steps taken, and 3302 accepted.
[3 : mcmc] Progress @ 2026-09-19 16:12:25 : 14393 steps taken, and 3422 accepted.
[2 : mcmc] Progress @ 2026-09-19 16:12:37 : 15145 steps taken, and 3552 accepted.
[1 : mcmc] Progress @ 2026-09-19 16:12:58 : 15885 steps taken, and 3835 accepted.
[0 : mcmc] Progress @ 2026-09-19 16:13:32 : 13920 steps taken, and 3313 accepted.
[2 : mcmc] Progress @ 2026-09-19 16:13:37 : 15197 steps taken, and 3561 accepted.
[3 : mcmc] Progress @ 2026-09-19 16:13:44 : 14434 steps taken, and 3431 accepted.
[1 : mcmc] Progress @ 2026-09-19 16:13:59 : 15906 steps taken, and 3838 accepted.
[0 : mcmc] Progress @ 2026-09-19 16:14:32 : 13959 steps taken, and 3320 accepted.
[2 : mcmc] Progress @ 2026-09-19 16:14:43 : 15219 steps taken, and 3566 accepted.
[3 : mcmc] Progress @ 2026-09-19 16:14:44 : 14489 steps taken, and 3444 accepted.
[1 : mcmc] Progress @ 2026-09-19 16:15:14 : 15945 steps taken, and 3841 accepted.
[0 : mcmc] Progress @ 2026-09-19 16:15:33 : 13999 steps taken, and 3326 accepted.
[3 : mcmc] Progress @ 2026-09-19 16:15:46 : 14515 steps taken, and 3450 accepted.
[2 : mcmc] Progress @ 2026-09-19 16:15:54 : 15256 steps taken, and 3573 accepted.
[1 : mcmc] Progress @ 2026-09-19 16:16:15 : 15965 steps taken, and 3847 accepted.
[0 : mcmc] Progress @ 2026-09-19 16:16:46 : 14032 steps taken, and 3330 accepted.
[3 : mcmc] Progress @ 2026-09-19 16:16:55 : 14551 steps taken, and 3454 accepted.
[2 : mcmc] Progress @ 2026-09-19 16:17:07 : 15299 steps taken, and 3580 accepted.
[1 : mcmc] Progress @ 2026-09-19 16:17:26 : 16011 steps taken, and 3857 accepted.
[0 : mcmc] Progress @ 2026-09-19 16:17:46 : 14084 steps taken, and 3338 accepted.
[2 : mcmc] Progress @ 2026-09-19 16:18:07 : 15356 steps taken, and 3593 accepted.
[3 : mcmc] Progress @ 2026-09-19 16:18:10 : 14582 steps taken, and 3459 accepted.
[1 : mcmc] Progress @ 2026-09-19 16:18:33 : 16040 steps taken, and 3862 accepted.
[0 : mcmc] Progress @ 2026-09-19 16:18:47 : 14122 steps taken, and 3346 accepted.
[2 : mcmc] Learn + convergence test @ 3600 samples accepted.
[2 : mcmc] Ready to check convergence and learn a new proposal covmat (waiting for the rest...)
[2 : mcmc] Progress @ 2026-09-19 16:19:08 : 15396 steps taken, and 3601 accepted.
[3 : mcmc] Progress @ 2026-09-19 16:19:19 : 14622 steps taken, and 3466 accepted.
[1 : mcmc] Progress @ 2026-09-19 16:19:36 : 16066 steps taken, and 3869 accepted.
[0 : mcmc] Progress @ 2026-09-19 16:20:06 : 14163 steps taken, and 3355 accepted.
[3 : mcmc] Progress @ 2026-09-19 16:20:19 : 14675 steps taken, and 3474 accepted.
[2 : mcmc] Progress @ 2026-09-19 16:20:20 : 15450 steps taken, and 3613 accepted.
[1 : mcmc] Progress @ 2026-09-19 16:20:47 : 16101 steps taken, and 3877 accepted.
[0 : mcmc] Progress @ 2026-09-19 16:21:07 : 14199 steps taken, and 3363 accepted.
[3 : mcmc] Progress @ 2026-09-19 16:21:19 : 14694 steps taken, and 3478 accepted.
[2 : mcmc] Progress @ 2026-09-19 16:21:21 : 15487 steps taken, and 3620 accepted.
[1 : mcmc] Progress @ 2026-09-19 16:22:10 : 16158 steps taken, and 3888 accepted.
[0 : mcmc] Progress @ 2026-09-19 16:22:14 : 14235 steps taken, and 3369 accepted.
[3 : mcmc] Progress @ 2026-09-19 16:22:20 : 14726 steps taken, and 3483 accepted.
[2 : mcmc] Progress @ 2026-09-19 16:22:24 : 15537 steps taken, and 3631 accepted.
[0 : mcmc] Progress @ 2026-09-19 16:23:14 : 14284 steps taken, and 3379 accepted.
[1 : mcmc] Progress @ 2026-09-19 16:23:18 : 16179 steps taken, and 3894 accepted.
[2 : mcmc] Progress @ 2026-09-19 16:23:24 : 15584 steps taken, and 3640 accepted.
[3 : mcmc] Progress @ 2026-09-19 16:23:37 : 14753 steps taken, and 3489 accepted.
[0 : mcmc] Progress @ 2026-09-19 16:24:14 : 14331 steps taken, and 3389 accepted.
[1 : mcmc] Progress @ 2026-09-19 16:24:19 : 16212 steps taken, and 3900 accepted.
[2 : mcmc] Progress @ 2026-09-19 16:24:34 : 15644 steps taken, and 3649 accepted.
[3 : mcmc] Progress @ 2026-09-19 16:24:38 : 14785 steps taken, and 3494 accepted.
[0 : mcmc] Progress @ 2026-09-19 16:25:15 : 14364 steps taken, and 3395 accepted.
[1 : mcmc] Progress @ 2026-09-19 16:25:20 : 16244 steps taken, and 3906 accepted.
[2 : mcmc] Progress @ 2026-09-19 16:25:37 : 15697 steps taken, and 3656 accepted.
[3 : mcmc] Progress @ 2026-09-19 16:25:55 : 14833 steps taken, and 3500 accepted.
[0 : mcmc] Progress @ 2026-09-19 16:26:15 : 14397 steps taken, and 3401 accepted.
[1 : mcmc] Progress @ 2026-09-19 16:26:20 : 16275 steps taken, and 3912 accepted.
[2 : mcmc] Progress @ 2026-09-19 16:26:37 : 15763 steps taken, and 3671 accepted.
[3 : mcmc] Progress @ 2026-09-19 16:27:15 : 14845 steps taken, and 3503 accepted.
[1 : mcmc] Progress @ 2026-09-19 16:27:20 : 16310 steps taken, and 3918 accepted.
[0 : mcmc] Progress @ 2026-09-19 16:27:21 : 14417 steps taken, and 3406 accepted.
[2 : mcmc] Progress @ 2026-09-19 16:27:41 : 15798 steps taken, and 3679 accepted.
[1 : mcmc] Progress @ 2026-09-19 16:28:20 : 16351 steps taken, and 3928 accepted.
[0 : mcmc] Progress @ 2026-09-19 16:28:26 : 14454 steps taken, and 3412 accepted.
[3 : mcmc] Progress @ 2026-09-19 16:28:27 : 14907 steps taken, and 3515 accepted.
[2 : mcmc] Progress @ 2026-09-19 16:28:42 : 15845 steps taken, and 3688 accepted.
[1 : mcmc] Progress @ 2026-09-19 16:29:20 : 16413 steps taken, and 3939 accepted.
[3 : mcmc] Progress @ 2026-09-19 16:29:28 : 14942 steps taken, and 3520 accepted.
[0 : mcmc] Progress @ 2026-09-19 16:29:39 : 14486 steps taken, and 3418 accepted.
[2 : mcmc] Progress @ 2026-09-19 16:29:42 : 15859 steps taken, and 3691 accepted.
[1 : mcmc] Progress @ 2026-09-19 16:30:21 : 16472 steps taken, and 3947 accepted.
[3 : mcmc] Progress @ 2026-09-19 16:30:32 : 14966 steps taken, and 3523 accepted.
[0 : mcmc] Progress @ 2026-09-19 16:30:40 : 14519 steps taken, and 3421 accepted.
[2 : mcmc] Progress @ 2026-09-19 16:30:46 : 15897 steps taken, and 3697 accepted.
[1 : mcmc] Learn + convergence test @ 3960 samples accepted.
[1 : mcmc] Ready to check convergence and learn a new proposal covmat (waiting for the rest...)
[3 : mcmc] Progress @ 2026-09-19 16:31:33 : 15024 steps taken, and 3536 accepted.
[1 : mcmc] Progress @ 2026-09-19 16:31:37 : 16535 steps taken, and 3961 accepted.
[0 : mcmc] Progress @ 2026-09-19 16:31:46 : 14555 steps taken, and 3426 accepted.
[2 : mcmc] Progress @ 2026-09-19 16:31:46 : 15934 steps taken, and 3705 accepted.
[1 : mcmc] Progress @ 2026-09-19 16:32:37 : 16572 steps taken, and 3968 accepted.
[3 : mcmc] Progress @ 2026-09-19 16:32:41 : 15058 steps taken, and 3541 accepted.
[2 : mcmc] Progress @ 2026-09-19 16:32:47 : 15983 steps taken, and 3715 accepted.
[0 : mcmc] Progress @ 2026-09-19 16:33:03 : 14583 steps taken, and 3433 accepted.
[1 : mcmc] Progress @ 2026-09-19 16:33:38 : 16630 steps taken, and 3979 accepted.
[3 : mcmc] Progress @ 2026-09-19 16:33:41 : 15070 steps taken, and 3544 accepted.
[2 : mcmc] Progress @ 2026-09-19 16:33:47 : 16035 steps taken, and 3724 accepted.
[0 : mcmc] Progress @ 2026-09-19 16:34:04 : 14616 steps taken, and 3440 accepted.
[3 : mcmc] Progress @ 2026-09-19 16:34:42 : 15128 steps taken, and 3553 accepted.
[1 : mcmc] Progress @ 2026-09-19 16:34:46 : 16665 steps taken, and 3986 accepted.
[2 : mcmc] Progress @ 2026-09-19 16:34:58 : 16059 steps taken, and 3728 accepted.
[0 : mcmc] Progress @ 2026-09-19 16:35:04 : 14654 steps taken, and 3447 accepted.
[3 : mcmc] Progress @ 2026-09-19 16:35:42 : 15172 steps taken, and 3562 accepted.
[1 : mcmc] Progress @ 2026-09-19 16:35:46 : 16708 steps taken, and 3995 accepted.
[2 : mcmc] Progress @ 2026-09-19 16:36:00 : 16116 steps taken, and 3739 accepted.
[0 : mcmc] Progress @ 2026-09-19 16:36:14 : 14690 steps taken, and 3453 accepted.
[3 : mcmc] Progress @ 2026-09-19 16:36:43 : 15199 steps taken, and 3567 accepted.
[2 : mcmc] Progress @ 2026-09-19 16:37:00 : 16131 steps taken, and 3742 accepted.
[1 : mcmc] Progress @ 2026-09-19 16:37:03 : 16758 steps taken, and 4001 accepted.
[0 : mcmc] Progress @ 2026-09-19 16:37:15 : 14751 steps taken, and 3463 accepted.
[3 : mcmc] Progress @ 2026-09-19 16:37:57 : 15233 steps taken, and 3573 accepted.
[0 : mcmc] Progress @ 2026-09-19 16:38:18 : 14786 steps taken, and 3469 accepted.
[1 : mcmc] Progress @ 2026-09-19 16:38:20 : 16792 steps taken, and 4009 accepted.
[2 : mcmc] Progress @ 2026-09-19 16:38:21 : 16171 steps taken, and 3750 accepted.
[3 : mcmc] Progress @ 2026-09-19 16:38:59 : 15266 steps taken, and 3580 accepted.
[2 : mcmc] Progress @ 2026-09-19 16:39:21 : 16184 steps taken, and 3752 accepted.
[0 : mcmc] Progress @ 2026-09-19 16:39:24 : 14819 steps taken, and 3475 accepted.
[1 : mcmc] Progress @ 2026-09-19 16:39:26 : 16815 steps taken, and 4012 accepted.
[3 : mcmc] Progress @ 2026-09-19 16:40:13 : 15295 steps taken, and 3585 accepted.
[2 : mcmc] Progress @ 2026-09-19 16:40:22 : 16220 steps taken, and 3758 accepted.
[0 : mcmc] Progress @ 2026-09-19 16:40:25 : 14862 steps taken, and 3482 accepted.
[1 : mcmc] Progress @ 2026-09-19 16:40:46 : 16872 steps taken, and 4023 accepted.
[3 : mcmc] Progress @ 2026-09-19 16:41:17 : 15320 steps taken, and 3590 accepted.
[2 : mcmc] Progress @ 2026-09-19 16:41:33 : 16262 steps taken, and 3767 accepted.
[0 : mcmc] Progress @ 2026-09-19 16:41:37 : 14893 steps taken, and 3488 accepted.
[1 : mcmc] Progress @ 2026-09-19 16:41:47 : 16917 steps taken, and 4032 accepted.
[3 : mcmc] Progress @ 2026-09-19 16:42:18 : 15372 steps taken, and 3599 accepted.
[3 : mcmc] Learn + convergence test @ 3600 samples accepted.
[3 : mcmc] Ready to check convergence and learn a new proposal covmat (waiting for the rest...)
[0 : mcmc] All chains are ready to check convergence and learn a new proposal covmat
[0 : mcmc]  - Acceptance rate: 0.753 = avg([0.7659, 0.7622, 0.7534, 0.7299])
[0 : mcmc]  - Convergence of means: R-1 = 0.079648 after 14900 accepted steps = sum([3493, 4037, 3770, 3600])
[0 : mcmc]  - Updated covariance matrix of proposal pdf.
[2 : mcmc] Progress @ 2026-09-19 16:42:43 : 16281 steps taken, and 3770 accepted.
[0 : mcmc] Progress @ 2026-09-19 16:42:43 : 14926 steps taken, and 3493 accepted.
[1 : mcmc] Progress @ 2026-09-19 16:42:47 : 16952 steps taken, and 4037 accepted.
[3 : mcmc] Progress @ 2026-09-19 16:43:21 : 15390 steps taken, and 3603 accepted.
[2 : mcmc] Progress @ 2026-09-19 16:43:47 : 16305 steps taken, and 3773 accepted.
[1 : mcmc] Progress @ 2026-09-19 16:43:57 : 16977 steps taken, and 4041 accepted.
[0 : mcmc] Progress @ 2026-09-19 16:44:01 : 14963 steps taken, and 3500 accepted.
[3 : mcmc] Progress @ 2026-09-19 16:44:35 : 15430 steps taken, and 3612 accepted.
[2 : mcmc] Progress @ 2026-09-19 16:44:47 : 16350 steps taken, and 3781 accepted.
[1 : mcmc] Progress @ 2026-09-19 16:44:58 : 17022 steps taken, and 4051 accepted.
[0 : mcmc] Progress @ 2026-09-19 16:45:20 : 15005 steps taken, and 3508 accepted.
[3 : mcmc] Progress @ 2026-09-19 16:45:35 : 15462 steps taken, and 3618 accepted.
[2 : mcmc] Progress @ 2026-09-19 16:45:47 : 16383 steps taken, and 3787 accepted.
[1 : mcmc] Progress @ 2026-09-19 16:46:14 : 17048 steps taken, and 4057 accepted.
[0 : mcmc] Progress @ 2026-09-19 16:46:21 : 15037 steps taken, and 3514 accepted.
[3 : mcmc] Progress @ 2026-09-19 16:46:35 : 15508 steps taken, and 3624 accepted.
[2 : mcmc] Progress @ 2026-09-19 16:46:48 : 16417 steps taken, and 3796 accepted.
[1 : mcmc] Progress @ 2026-09-19 16:47:21 : 17086 steps taken, and 4066 accepted.
[0 : mcmc] Progress @ 2026-09-19 16:47:29 : 15070 steps taken, and 3520 accepted.
[3 : mcmc] Progress @ 2026-09-19 16:47:35 : 15531 steps taken, and 3627 accepted.
[2 : mcmc] Progress @ 2026-09-19 16:48:05 : 16444 steps taken, and 3801 accepted.
[1 : mcmc] Progress @ 2026-09-19 16:48:22 : 17119 steps taken, and 4071 accepted.
[0 : mcmc] Progress @ 2026-09-19 16:48:29 : 15137 steps taken, and 3533 accepted.
[3 : mcmc] Progress @ 2026-09-19 16:48:39 : 15581 steps taken, and 3634 accepted.
[1 : mcmc] Progress @ 2026-09-19 16:49:22 : 17133 steps taken, and 4074 accepted.
[2 : mcmc] Progress @ 2026-09-19 16:49:25 : 16473 steps taken, and 3808 accepted.
[0 : mcmc] Progress @ 2026-09-19 16:49:29 : 15183 steps taken, and 3540 accepted.
[3 : mcmc] Progress @ 2026-09-19 16:49:48 : 15618 steps taken, and 3642 accepted.
[0 : mcmc] Progress @ 2026-09-19 16:50:32 : 15233 steps taken, and 3552 accepted.
[2 : mcmc] Progress @ 2026-09-19 16:50:42 : 16520 steps taken, and 3817 accepted.
[1 : mcmc] Progress @ 2026-09-19 16:50:44 : 17185 steps taken, and 4085 accepted.
[3 : mcmc] Progress @ 2026-09-19 16:50:49 : 15667 steps taken, and 3650 accepted.
[0 : mcmc] Progress @ 2026-09-19 16:51:33 : 15276 steps taken, and 3561 accepted.
[2 : mcmc] Progress @ 2026-09-19 16:51:44 : 16545 steps taken, and 3822 accepted.
[1 : mcmc] Progress @ 2026-09-19 16:51:48 : 17234 steps taken, and 4091 accepted.
[3 : mcmc] Progress @ 2026-09-19 16:51:49 : 15706 steps taken, and 3656 accepted.
[0 : mcmc] Progress @ 2026-09-19 16:52:36 : 15291 steps taken, and 3562 accepted.
[1 : mcmc] Progress @ 2026-09-19 16:52:49 : 17266 steps taken, and 4095 accepted.
[2 : mcmc] Progress @ 2026-09-19 16:52:51 : 16584 steps taken, and 3830 accepted.
[3 : mcmc] Progress @ 2026-09-19 16:52:53 : 15755 steps taken, and 3664 accepted.
[1 : mcmc] Progress @ 2026-09-19 16:53:50 : 17303 steps taken, and 4104 accepted.
[0 : mcmc] Progress @ 2026-09-19 16:53:55 : 15345 steps taken, and 3572 accepted.
[2 : mcmc] Progress @ 2026-09-19 16:54:04 : 16634 steps taken, and 3841 accepted.
[3 : mcmc] Progress @ 2026-09-19 16:54:05 : 15782 steps taken, and 3668 accepted.
[0 : mcmc] Progress @ 2026-09-19 16:54:55 : 15405 steps taken, and 3584 accepted.
[1 : mcmc] Progress @ 2026-09-19 16:55:04 : 17341 steps taken, and 4110 accepted.
[3 : mcmc] Progress @ 2026-09-19 16:55:05 : 15817 steps taken, and 3675 accepted.
[2 : mcmc] Progress @ 2026-09-19 16:55:06 : 16658 steps taken, and 3847 accepted.
[0 : mcmc] Progress @ 2026-09-19 16:55:56 : 15445 steps taken, and 3592 accepted.
[2 : mcmc] Progress @ 2026-09-19 16:56:07 : 16715 steps taken, and 3858 accepted.
[1 : mcmc] Progress @ 2026-09-19 16:56:16 : 17391 steps taken, and 4118 accepted.
[3 : mcmc] Progress @ 2026-09-19 16:56:27 : 15853 steps taken, and 3680 accepted.
[0 : mcmc] Learn + convergence test @ 3600 samples accepted.
[0 : mcmc] Ready to check convergence and learn a new proposal covmat (waiting for the rest...)
[2 : mcmc] Progress @ 2026-09-19 16:57:08 : 16738 steps taken, and 3863 accepted.
[0 : mcmc] Progress @ 2026-09-19 16:57:09 : 15501 steps taken, and 3603 accepted.
[1 : mcmc] Progress @ 2026-09-19 16:57:16 : 17426 steps taken, and 4126 accepted.
[3 : mcmc] Progress @ 2026-09-19 16:57:29 : 15868 steps taken, and 3683 accepted.
[2 : mcmc] Progress @ 2026-09-19 16:58:08 : 16778 steps taken, and 3870 accepted.
[0 : mcmc] Progress @ 2026-09-19 16:58:09 : 15537 steps taken, and 3610 accepted.
[1 : mcmc] Progress @ 2026-09-19 16:58:17 : 17453 steps taken, and 4129 accepted.
[3 : mcmc] Progress @ 2026-09-19 16:58:48 : 15900 steps taken, and 3690 accepted.
[0 : mcmc] Progress @ 2026-09-19 16:59:09 : 15578 steps taken, and 3618 accepted.
[1 : mcmc] Progress @ 2026-09-19 16:59:17 : 17512 steps taken, and 4138 accepted.
[2 : mcmc] Progress @ 2026-09-19 16:59:22 : 16818 steps taken, and 3878 accepted.
[3 : mcmc] Progress @ 2026-09-19 17:00:02 : 15938 steps taken, and 3697 accepted.
[0 : mcmc] Progress @ 2026-09-19 17:00:22 : 15618 steps taken, and 3625 accepted.
[2 : mcmc] Progress @ 2026-09-19 17:00:23 : 16860 steps taken, and 3886 accepted.
[1 : mcmc] Progress @ 2026-09-19 17:00:23 : 17544 steps taken, and 4143 accepted.
[3 : mcmc] Progress @ 2026-09-19 17:01:14 : 16002 steps taken, and 3710 accepted.
[0 : mcmc] Progress @ 2026-09-19 17:01:23 : 15664 steps taken, and 3634 accepted.
[1 : mcmc] Progress @ 2026-09-19 17:01:31 : 17602 steps taken, and 4153 accepted.
[2 : mcmc] Progress @ 2026-09-19 17:01:31 : 16880 steps taken, and 3889 accepted.
[3 : mcmc] Progress @ 2026-09-19 17:02:14 : 16050 steps taken, and 3717 accepted.
[1 : mcmc] Progress @ 2026-09-19 17:02:31 : 17668 steps taken, and 4169 accepted.
[2 : mcmc] Progress @ 2026-09-19 17:02:32 : 16915 steps taken, and 3896 accepted.
[0 : mcmc] Progress @ 2026-09-19 17:02:36 : 15707 steps taken, and 3644 accepted.
[3 : mcmc] Progress @ 2026-09-19 17:03:24 : 16109 steps taken, and 3729 accepted.
[2 : mcmc] Progress @ 2026-09-19 17:03:33 : 16948 steps taken, and 3903 accepted.
[0 : mcmc] Progress @ 2026-09-19 17:03:46 : 15760 steps taken, and 3653 accepted.
[1 : mcmc] Progress @ 2026-09-19 17:03:47 : 17702 steps taken, and 4177 accepted.
[3 : mcmc] Progress @ 2026-09-19 17:04:25 : 16165 steps taken, and 3741 accepted.
[2 : mcmc] Progress @ 2026-09-19 17:04:33 : 16994 steps taken, and 3914 accepted.
[0 : mcmc] Progress @ 2026-09-19 17:04:47 : 15794 steps taken, and 3656 accepted.
[1 : mcmc] Progress @ 2026-09-19 17:04:49 : 17747 steps taken, and 4186 accepted.
[3 : mcmc] Progress @ 2026-09-19 17:05:26 : 16200 steps taken, and 3747 accepted.
[2 : mcmc] Progress @ 2026-09-19 17:05:34 : 17038 steps taken, and 3923 accepted.
[1 : mcmc] Progress @ 2026-09-19 17:05:50 : 17784 steps taken, and 4194 accepted.
[0 : mcmc] Progress @ 2026-09-19 17:05:55 : 15845 steps taken, and 3668 accepted.
[3 : mcmc] Progress @ 2026-09-19 17:06:27 : 16234 steps taken, and 3752 accepted.
[2 : mcmc] Progress @ 2026-09-19 17:06:34 : 17065 steps taken, and 3930 accepted.
[0 : mcmc] Progress @ 2026-09-19 17:06:56 : 15893 steps taken, and 3673 accepted.
[1 : mcmc] Progress @ 2026-09-19 17:07:06 : 17810 steps taken, and 4200 accepted.
[3 : mcmc] Progress @ 2026-09-19 17:07:32 : 16272 steps taken, and 3760 accepted.
[2 : mcmc] Progress @ 2026-09-19 17:07:35 : 17098 steps taken, and 3936 accepted.
[0 : mcmc] Progress @ 2026-09-19 17:08:01 : 15925 steps taken, and 3680 accepted.
[1 : mcmc] Progress @ 2026-09-19 17:08:06 : 17873 steps taken, and 4212 accepted.
[3 : mcmc] Progress @ 2026-09-19 17:08:32 : 16305 steps taken, and 3768 accepted.
[2 : mcmc] Progress @ 2026-09-19 17:08:36 : 17157 steps taken, and 3948 accepted.
[0 : mcmc] Progress @ 2026-09-19 17:09:02 : 15965 steps taken, and 3687 accepted.
[1 : mcmc] Progress @ 2026-09-19 17:09:18 : 17931 steps taken, and 4221 accepted.
[2 : mcmc] Progress @ 2026-09-19 17:09:37 : 17200 steps taken, and 3955 accepted.
[3 : mcmc] Progress @ 2026-09-19 17:09:45 : 16347 steps taken, and 3779 accepted.
[0 : mcmc] Progress @ 2026-09-19 17:10:02 : 16002 steps taken, and 3692 accepted.
[2 : mcmc] Learn + convergence test @ 3960 samples accepted.
[2 : mcmc] Ready to check convergence and learn a new proposal covmat (waiting for the rest...)
[1 : mcmc] Progress @ 2026-09-19 17:10:18 : 17972 steps taken, and 4227 accepted.
[2 : mcmc] Progress @ 2026-09-19 17:10:57 : 17241 steps taken, and 3965 accepted.
[3 : mcmc] Progress @ 2026-09-19 17:10:58 : 16425 steps taken, and 3794 accepted.
[0 : mcmc] Progress @ 2026-09-19 17:11:02 : 16042 steps taken, and 3701 accepted.
[1 : mcmc] Progress @ 2026-09-19 17:11:35 : 18005 steps taken, and 4233 accepted.
[3 : mcmc] Progress @ 2026-09-19 17:11:59 : 16472 steps taken, and 3805 accepted.
[2 : mcmc] Progress @ 2026-09-19 17:12:09 : 17282 steps taken, and 3973 accepted.
[0 : mcmc] Progress @ 2026-09-19 17:12:22 : 16083 steps taken, and 3709 accepted.
[1 : mcmc] Progress @ 2026-09-19 17:12:43 : 18056 steps taken, and 4243 accepted.
[2 : mcmc] Progress @ 2026-09-19 17:13:09 : 17318 steps taken, and 3980 accepted.
[3 : mcmc] Progress @ 2026-09-19 17:13:14 : 16516 steps taken, and 3814 accepted.
[0 : mcmc] Progress @ 2026-09-19 17:13:22 : 16125 steps taken, and 3715 accepted.
[1 : mcmc] Progress @ 2026-09-19 17:13:43 : 18100 steps taken, and 4250 accepted.
[2 : mcmc] Progress @ 2026-09-19 17:14:12 : 17336 steps taken, and 3983 accepted.
[3 : mcmc] Progress @ 2026-09-19 17:14:14 : 16566 steps taken, and 3823 accepted.
[0 : mcmc] Progress @ 2026-09-19 17:14:26 : 16186 steps taken, and 3726 accepted.
[1 : mcmc] Progress @ 2026-09-19 17:14:58 : 18161 steps taken, and 4259 accepted.
[2 : mcmc] Progress @ 2026-09-19 17:15:12 : 17384 steps taken, and 3993 accepted.
[3 : mcmc] Progress @ 2026-09-19 17:15:18 : 16619 steps taken, and 3835 accepted.
[0 : mcmc] Progress @ 2026-09-19 17:15:37 : 16233 steps taken, and 3734 accepted.
[1 : mcmc] Progress @ 2026-09-19 17:15:58 : 18229 steps taken, and 4273 accepted.
[2 : mcmc] Progress @ 2026-09-19 17:16:13 : 17429 steps taken, and 4000 accepted.
[3 : mcmc] Progress @ 2026-09-19 17:16:28 : 16651 steps taken, and 3839 accepted.
[0 : mcmc] Progress @ 2026-09-19 17:16:39 : 16279 steps taken, and 3743 accepted.
[1 : mcmc] Progress @ 2026-09-19 17:17:08 : 18268 steps taken, and 4282 accepted.
[2 : mcmc] Progress @ 2026-09-19 17:17:17 : 17445 steps taken, and 4003 accepted.
[3 : mcmc] Progress @ 2026-09-19 17:17:28 : 16682 steps taken, and 3845 accepted.
[0 : mcmc] Progress @ 2026-09-19 17:17:39 : 16349 steps taken, and 3756 accepted.
[1 : mcmc] Progress @ 2026-09-19 17:18:08 : 18313 steps taken, and 4290 accepted.
[3 : mcmc] Progress @ 2026-09-19 17:18:28 : 16714 steps taken, and 3850 accepted.
[2 : mcmc] Progress @ 2026-09-19 17:18:31 : 17470 steps taken, and 4009 accepted.
[0 : mcmc] Progress @ 2026-09-19 17:18:49 : 16390 steps taken, and 3761 accepted.
[1 : mcmc] Progress @ 2026-09-19 17:19:09 : 18361 steps taken, and 4299 accepted.
[3 : mcmc] Progress @ 2026-09-19 17:19:30 : 16753 steps taken, and 3860 accepted.
[2 : mcmc] Progress @ 2026-09-19 17:19:33 : 17510 steps taken, and 4018 accepted.
[0 : mcmc] Progress @ 2026-09-19 17:19:49 : 16438 steps taken, and 3768 accepted.
[1 : mcmc] Progress @ 2026-09-19 17:20:09 : 18406 steps taken, and 4307 accepted.
[2 : mcmc] Progress @ 2026-09-19 17:20:36 : 17557 steps taken, and 4027 accepted.
[3 : mcmc] Progress @ 2026-09-19 17:20:43 : 16817 steps taken, and 3873 accepted.
[0 : mcmc] Progress @ 2026-09-19 17:21:04 : 16486 steps taken, and 3776 accepted.
[1 : mcmc] Progress @ 2026-09-19 17:21:10 : 18451 steps taken, and 4317 accepted.
[1 : mcmc] Learn + convergence test @ 4320 samples accepted.
[1 : mcmc] Ready to check convergence and learn a new proposal covmat (waiting for the rest...)
[2 : mcmc] Progress @ 2026-09-19 17:21:36 : 17603 steps taken, and 4037 accepted.
[3 : mcmc] Progress @ 2026-09-19 17:21:43 : 16865 steps taken, and 3880 accepted.
[0 : mcmc] Progress @ 2026-09-19 17:22:08 : 16539 steps taken, and 3786 accepted.
[1 : mcmc] Progress @ 2026-09-19 17:22:10 : 18500 steps taken, and 4326 accepted.
[3 : mcmc] Progress @ 2026-09-19 17:22:43 : 16929 steps taken, and 3895 accepted.
[2 : mcmc] Progress @ 2026-09-19 17:22:44 : 17640 steps taken, and 4043 accepted.
[0 : mcmc] Progress @ 2026-09-19 17:23:09 : 16583 steps taken, and 3795 accepted.
[1 : mcmc] Progress @ 2026-09-19 17:23:17 : 18532 steps taken, and 4330 accepted.
[3 : mcmc] Progress @ 2026-09-19 17:23:43 : 16972 steps taken, and 3904 accepted.
[2 : mcmc] Progress @ 2026-09-19 17:23:45 : 17683 steps taken, and 4054 accepted.
[0 : mcmc] Progress @ 2026-09-19 17:24:16 : 16617 steps taken, and 3800 accepted.
[1 : mcmc] Progress @ 2026-09-19 17:24:17 : 18573 steps taken, and 4340 accepted.
[3 : mcmc] Progress @ 2026-09-19 17:24:44 : 17036 steps taken, and 3918 accepted.
[2 : mcmc] Progress @ 2026-09-19 17:24:45 : 17747 steps taken, and 4065 accepted.
[0 : mcmc] Progress @ 2026-09-19 17:25:16 : 16678 steps taken, and 3811 accepted.
[1 : mcmc] Progress @ 2026-09-19 17:25:18 : 18635 steps taken, and 4354 accepted.
[3 : mcmc] Progress @ 2026-09-19 17:25:44 : 17080 steps taken, and 3926 accepted.
[2 : mcmc] Progress @ 2026-09-19 17:25:48 : 17774 steps taken, and 4070 accepted.
[0 : mcmc] Progress @ 2026-09-19 17:26:25 : 16733 steps taken, and 3820 accepted.
[1 : mcmc] Progress @ 2026-09-19 17:26:32 : 18677 steps taken, and 4360 accepted.
[3 : mcmc] Progress @ 2026-09-19 17:26:45 : 17142 steps taken, and 3937 accepted.
[2 : mcmc] Progress @ 2026-09-19 17:26:48 : 17836 steps taken, and 4079 accepted.
[0 : mcmc] Progress @ 2026-09-19 17:27:26 : 16795 steps taken, and 3832 accepted.
[1 : mcmc] Progress @ 2026-09-19 17:27:32 : 18719 steps taken, and 4367 accepted.
[3 : mcmc] Progress @ 2026-09-19 17:27:45 : 17187 steps taken, and 3945 accepted.
[2 : mcmc] Progress @ 2026-09-19 17:28:00 : 17875 steps taken, and 4088 accepted.
[0 : mcmc] Progress @ 2026-09-19 17:28:31 : 16847 steps taken, and 3841 accepted.
[1 : mcmc] Progress @ 2026-09-19 17:28:33 : 18764 steps taken, and 4374 accepted.
[3 : mcmc] Progress @ 2026-09-19 17:28:46 : 17253 steps taken, and 3957 accepted.
[2 : mcmc] Progress @ 2026-09-19 17:29:01 : 17919 steps taken, and 4100 accepted.
[3 : mcmc] Learn + convergence test @ 3960 samples accepted.
[3 : mcmc] Ready to check convergence and learn a new proposal covmat (waiting for the rest...)
[0 : mcmc] Progress @ 2026-09-19 17:29:32 : 16891 steps taken, and 3852 accepted.
[0 : mcmc] All chains are ready to check convergence and learn a new proposal covmat
[0 : mcmc]  - Acceptance rate: 0.754 = avg([0.7577, 0.7602, 0.7615, 0.7358])
[0 : mcmc]  - Convergence of means: R-1 = 0.050945 after 16298 accepted steps = sum([3852, 4381, 4105, 3960])
[0 : mcmc]  - Updated covariance matrix of proposal pdf.
[1 : mcmc] Progress @ 2026-09-19 17:29:33 : 18795 steps taken, and 4381 accepted.
[3 : mcmc] Progress @ 2026-09-19 17:29:56 : 17287 steps taken, and 3963 accepted.
[2 : mcmc] Progress @ 2026-09-19 17:30:01 : 17964 steps taken, and 4110 accepted.
[0 : mcmc] Progress @ 2026-09-19 17:30:32 : 16933 steps taken, and 3861 accepted.
[1 : mcmc] Progress @ 2026-09-19 17:30:45 : 18853 steps taken, and 4392 accepted.
[3 : mcmc] Progress @ 2026-09-19 17:30:59 : 17333 steps taken, and 3969 accepted.
[2 : mcmc] Progress @ 2026-09-19 17:31:02 : 18033 steps taken, and 4124 accepted.
[0 : mcmc] Progress @ 2026-09-19 17:31:40 : 16967 steps taken, and 3866 accepted.
[1 : mcmc] Progress @ 2026-09-19 17:31:45 : 18875 steps taken, and 4395 accepted.
[2 : mcmc] Progress @ 2026-09-19 17:32:02 : 18097 steps taken, and 4133 accepted.
[3 : mcmc] Progress @ 2026-09-19 17:32:12 : 17394 steps taken, and 3979 accepted.
[0 : mcmc] Progress @ 2026-09-19 17:32:40 : 17032 steps taken, and 3879 accepted.
[1 : mcmc] Progress @ 2026-09-19 17:32:56 : 18933 steps taken, and 4402 accepted.
[2 : mcmc] Progress @ 2026-09-19 17:33:02 : 18160 steps taken, and 4148 accepted.
[3 : mcmc] Progress @ 2026-09-19 17:33:24 : 17455 steps taken, and 3987 accepted.
[0 : mcmc] Progress @ 2026-09-19 17:33:44 : 17062 steps taken, and 3884 accepted.
[1 : mcmc] Progress @ 2026-09-19 17:33:56 : 18977 steps taken, and 4411 accepted.
[2 : mcmc] Progress @ 2026-09-19 17:34:02 : 18224 steps taken, and 4161 accepted.
[3 : mcmc] Progress @ 2026-09-19 17:34:35 : 17493 steps taken, and 3992 accepted.
[0 : mcmc] Progress @ 2026-09-19 17:34:45 : 17126 steps taken, and 3895 accepted.
[1 : mcmc] Progress @ 2026-09-19 17:34:57 : 19043 steps taken, and 4425 accepted.
[2 : mcmc] Progress @ 2026-09-19 17:35:05 : 18273 steps taken, and 4169 accepted.
[3 : mcmc] Progress @ 2026-09-19 17:35:43 : 17548 steps taken, and 4001 accepted.
[0 : mcmc] Progress @ 2026-09-19 17:35:47 : 17192 steps taken, and 3906 accepted.
[2 : mcmc] Progress @ 2026-09-19 17:36:06 : 18323 steps taken, and 4177 accepted.
[1 : mcmc] Progress @ 2026-09-19 17:36:06 : 19078 steps taken, and 4433 accepted.
[0 : mcmc] Progress @ 2026-09-19 17:36:47 : 17255 steps taken, and 3917 accepted.
[3 : mcmc] Progress @ 2026-09-19 17:36:51 : 17600 steps taken, and 4012 accepted.
[1 : mcmc] Progress @ 2026-09-19 17:37:06 : 19140 steps taken, and 4445 accepted.
[2 : mcmc] Progress @ 2026-09-19 17:37:07 : 18412 steps taken, and 4191 accepted.
[0 : mcmc] Progress @ 2026-09-19 17:37:48 : 17319 steps taken, and 3928 accepted.
[3 : mcmc] Progress @ 2026-09-19 17:37:51 : 17643 steps taken, and 4021 accepted.
[1 : mcmc] Progress @ 2026-09-19 17:38:06 : 19183 steps taken, and 4455 accepted.
[2 : mcmc] Progress @ 2026-09-19 17:38:12 : 18463 steps taken, and 4200 accepted.
[0 : mcmc] Progress @ 2026-09-19 17:38:50 : 17368 steps taken, and 3938 accepted.
[3 : mcmc] Progress @ 2026-09-19 17:39:04 : 17684 steps taken, and 4029 accepted.
[1 : mcmc] Progress @ 2026-09-19 17:39:15 : 19238 steps taken, and 4462 accepted.
[2 : mcmc] Progress @ 2026-09-19 17:39:26 : 18507 steps taken, and 4207 accepted.
[0 : mcmc] Progress @ 2026-09-19 17:39:50 : 17411 steps taken, and 3948 accepted.
[3 : mcmc] Progress @ 2026-09-19 17:40:09 : 17735 steps taken, and 4039 accepted.
[1 : mcmc] Progress @ 2026-09-19 17:40:15 : 19281 steps taken, and 4470 accepted.
[2 : mcmc] Progress @ 2026-09-19 17:40:26 : 18551 steps taken, and 4216 accepted.
[0 : mcmc] Progress @ 2026-09-19 17:40:57 : 17462 steps taken, and 3957 accepted.
[3 : mcmc] Progress @ 2026-09-19 17:41:09 : 17798 steps taken, and 4052 accepted.
[1 : mcmc] Progress @ 2026-09-19 17:41:16 : 19346 steps taken, and 4480 accepted.
[0 : mcmc] Learn + convergence test @ 3960 samples accepted.
[0 : mcmc] Ready to check convergence and learn a new proposal covmat (waiting for the rest...)
[2 : mcmc] Progress @ 2026-09-19 17:41:36 : 18608 steps taken, and 4226 accepted.
[0 : mcmc] Progress @ 2026-09-19 17:42:01 : 17493 steps taken, and 3965 accepted.
[3 : mcmc] Progress @ 2026-09-19 17:42:10 : 17842 steps taken, and 4062 accepted.
[1 : mcmc] Progress @ 2026-09-19 17:42:29 : 19387 steps taken, and 4486 accepted.
[2 : mcmc] Progress @ 2026-09-19 17:42:36 : 18679 steps taken, and 4237 accepted.
[0 : mcmc] Progress @ 2026-09-19 17:43:07 : 17544 steps taken, and 3971 accepted.
[3 : mcmc] Progress @ 2026-09-19 17:43:18 : 17876 steps taken, and 4069 accepted.
[1 : mcmc] Progress @ 2026-09-19 17:43:30 : 19452 steps taken, and 4497 accepted.
[2 : mcmc] Progress @ 2026-09-19 17:43:43 : 18712 steps taken, and 4242 accepted.
[0 : mcmc] Progress @ 2026-09-19 17:44:08 : 17611 steps taken, and 3984 accepted.
[3 : mcmc] Progress @ 2026-09-19 17:44:18 : 17919 steps taken, and 4076 accepted.
[1 : mcmc] Progress @ 2026-09-19 17:44:30 : 19516 steps taken, and 4507 accepted.
[2 : mcmc] Progress @ 2026-09-19 17:44:50 : 18746 steps taken, and 4247 accepted.
[0 : mcmc] Progress @ 2026-09-19 17:45:08 : 17676 steps taken, and 3995 accepted.
[3 : mcmc] Progress @ 2026-09-19 17:45:19 : 17984 steps taken, and 4087 accepted.
[1 : mcmc] Progress @ 2026-09-19 17:45:31 : 19580 steps taken, and 4521 accepted.
[2 : mcmc] Progress @ 2026-09-19 17:45:56 : 18798 steps taken, and 4256 accepted.
[0 : mcmc] Progress @ 2026-09-19 17:46:08 : 17721 steps taken, and 4005 accepted.
[3 : mcmc] Progress @ 2026-09-19 17:46:19 : 18028 steps taken, and 4095 accepted.
[1 : mcmc] Progress @ 2026-09-19 17:46:31 : 19624 steps taken, and 4529 accepted.
[2 : mcmc] Progress @ 2026-09-19 17:46:56 : 18860 steps taken, and 4268 accepted.
[0 : mcmc] Progress @ 2026-09-19 17:47:08 : 17764 steps taken, and 4014 accepted.
[3 : mcmc] Progress @ 2026-09-19 17:47:20 : 18072 steps taken, and 4105 accepted.
[1 : mcmc] Progress @ 2026-09-19 17:47:31 : 19669 steps taken, and 4535 accepted.
[2 : mcmc] Progress @ 2026-09-19 17:48:02 : 18890 steps taken, and 4272 accepted.
[0 : mcmc] Progress @ 2026-09-19 17:48:18 : 17800 steps taken, and 4022 accepted.
[3 : mcmc] Progress @ 2026-09-19 17:48:20 : 18139 steps taken, and 4117 accepted.
[1 : mcmc] Progress @ 2026-09-19 17:48:31 : 19731 steps taken, and 4549 accepted.
[2 : mcmc] Progress @ 2026-09-19 17:49:02 : 18931 steps taken, and 4280 accepted.
[3 : mcmc] Progress @ 2026-09-19 17:49:21 : 18183 steps taken, and 4127 accepted.
[0 : mcmc] Progress @ 2026-09-19 17:49:21 : 17867 steps taken, and 4036 accepted.
[1 : mcmc] Progress @ 2026-09-19 17:49:43 : 19769 steps taken, and 4555 accepted.
[2 : mcmc] Progress @ 2026-09-19 17:50:12 : 18966 steps taken, and 4288 accepted.
[3 : mcmc] Progress @ 2026-09-19 17:50:21 : 18245 steps taken, and 4138 accepted.
[0 : mcmc] Progress @ 2026-09-19 17:50:22 : 17929 steps taken, and 4047 accepted.
[1 : mcmc] Progress @ 2026-09-19 17:50:44 : 19811 steps taken, and 4561 accepted.
[2 : mcmc] Progress @ 2026-09-19 17:51:13 : 19010 steps taken, and 4298 accepted.
[0 : mcmc] Progress @ 2026-09-19 17:51:22 : 17992 steps taken, and 4058 accepted.
[3 : mcmc] Progress @ 2026-09-19 17:51:25 : 18294 steps taken, and 4146 accepted.
[1 : mcmc] Progress @ 2026-09-19 17:51:44 : 19875 steps taken, and 4576 accepted.
[2 : mcmc] Progress @ 2026-09-19 17:52:13 : 19054 steps taken, and 4307 accepted.
[3 : mcmc] Progress @ 2026-09-19 17:52:25 : 18318 steps taken, and 4152 accepted.
[0 : mcmc] Progress @ 2026-09-19 17:52:30 : 18048 steps taken, and 4069 accepted.
[1 : mcmc] Progress @ 2026-09-19 17:52:44 : 19918 steps taken, and 4587 accepted.
[2 : mcmc] Progress @ 2026-09-19 17:53:13 : 19098 steps taken, and 4317 accepted.
[0 : mcmc] Progress @ 2026-09-19 17:53:31 : 18090 steps taken, and 4078 accepted.
[2 : mcmc] Learn + convergence test @ 4320 samples accepted.
[2 : mcmc] Ready to check convergence and learn a new proposal covmat (waiting for the rest...)
[3 : mcmc] Progress @ 2026-09-19 17:53:38 : 18379 steps taken, and 4164 accepted.
[1 : mcmc] Progress @ 2026-09-19 17:53:45 : 19941 steps taken, and 4591 accepted.
[2 : mcmc] Progress @ 2026-09-19 17:54:24 : 19158 steps taken, and 4328 accepted.
[0 : mcmc] Progress @ 2026-09-19 17:54:31 : 18135 steps taken, and 4086 accepted.
[3 : mcmc] Progress @ 2026-09-19 17:54:39 : 18424 steps taken, and 4174 accepted.
[1 : mcmc] Progress @ 2026-09-19 17:54:45 : 19987 steps taken, and 4599 accepted.
[2 : mcmc] Progress @ 2026-09-19 17:55:25 : 19205 steps taken, and 4337 accepted.
[0 : mcmc] Progress @ 2026-09-19 17:55:37 : 18188 steps taken, and 4096 accepted.
[3 : mcmc] Progress @ 2026-09-19 17:55:39 : 18489 steps taken, and 4189 accepted.
[1 : mcmc] Progress @ 2026-09-19 17:55:53 : 20040 steps taken, and 4610 accepted.
[2 : mcmc] Progress @ 2026-09-19 17:56:25 : 19249 steps taken, and 4346 accepted.
[3 : mcmc] Progress @ 2026-09-19 17:56:39 : 18554 steps taken, and 4199 accepted.
[0 : mcmc] Progress @ 2026-09-19 17:56:42 : 18219 steps taken, and 4101 accepted.
[1 : mcmc] Progress @ 2026-09-19 17:56:53 : 20084 steps taken, and 4619 accepted.
[2 : mcmc] Progress @ 2026-09-19 17:57:28 : 19301 steps taken, and 4357 accepted.
[3 : mcmc] Progress @ 2026-09-19 17:57:40 : 18620 steps taken, and 4212 accepted.
[1 : mcmc] Progress @ 2026-09-19 17:57:54 : 20147 steps taken, and 4629 accepted.
[0 : mcmc] Progress @ 2026-09-19 17:57:54 : 18280 steps taken, and 4109 accepted.
[2 : mcmc] Progress @ 2026-09-19 17:58:37 : 19360 steps taken, and 4368 accepted.
[3 : mcmc] Progress @ 2026-09-19 17:58:53 : 18663 steps taken, and 4219 accepted.
[1 : mcmc] Progress @ 2026-09-19 17:58:56 : 20195 steps taken, and 4637 accepted.
[0 : mcmc] Progress @ 2026-09-19 17:59:06 : 18343 steps taken, and 4122 accepted.
[2 : mcmc] Progress @ 2026-09-19 17:59:38 : 19426 steps taken, and 4381 accepted.
[3 : mcmc] Progress @ 2026-09-19 17:59:54 : 18714 steps taken, and 4226 accepted.
[1 : mcmc] Progress @ 2026-09-19 17:59:57 : 20240 steps taken, and 4648 accepted.
[0 : mcmc] Progress @ 2026-09-19 18:00:06 : 18407 steps taken, and 4133 accepted.
[2 : mcmc] Progress @ 2026-09-19 18:00:47 : 19463 steps taken, and 4385 accepted.
[3 : mcmc] Progress @ 2026-09-19 18:00:55 : 18760 steps taken, and 4236 accepted.
[1 : mcmc] Progress @ 2026-09-19 18:00:57 : 20284 steps taken, and 4658 accepted.
[0 : mcmc] Progress @ 2026-09-19 18:01:07 : 18451 steps taken, and 4141 accepted.
[2 : mcmc] Progress @ 2026-09-19 18:01:47 : 19528 steps taken, and 4397 accepted.
[3 : mcmc] Progress @ 2026-09-19 18:01:55 : 18806 steps taken, and 4246 accepted.
[1 : mcmc] Progress @ 2026-09-19 18:01:59 : 20330 steps taken, and 4666 accepted.
[0 : mcmc] Progress @ 2026-09-19 18:02:07 : 18475 steps taken, and 4144 accepted.
[2 : mcmc] Progress @ 2026-09-19 18:02:52 : 19581 steps taken, and 4409 accepted.
[3 : mcmc] Progress @ 2026-09-19 18:02:56 : 18852 steps taken, and 4256 accepted.
[1 : mcmc] Progress @ 2026-09-19 18:02:59 : 20374 steps taken, and 4675 accepted.
[0 : mcmc] Progress @ 2026-09-19 18:03:07 : 18519 steps taken, and 4152 accepted.
[1 : mcmc] Learn + convergence test @ 4680 samples accepted.
[1 : mcmc] Ready to check convergence and learn a new proposal covmat (waiting for the rest...)
[2 : mcmc] Progress @ 2026-09-19 18:03:52 : 19647 steps taken, and 4423 accepted.
[3 : mcmc] Progress @ 2026-09-19 18:03:56 : 18898 steps taken, and 4264 accepted.
[1 : mcmc] Progress @ 2026-09-19 18:04:12 : 20437 steps taken, and 4685 accepted.
[0 : mcmc] Progress @ 2026-09-19 18:04:18 : 18559 steps taken, and 4161 accepted.
[2 : mcmc] Progress @ 2026-09-19 18:04:53 : 19692 steps taken, and 4433 accepted.
[3 : mcmc] Progress @ 2026-09-19 18:04:57 : 18967 steps taken, and 4276 accepted.
[1 : mcmc] Progress @ 2026-09-19 18:05:17 : 20468 steps taken, and 4689 accepted.
[0 : mcmc] Progress @ 2026-09-19 18:05:19 : 18623 steps taken, and 4172 accepted.
[3 : mcmc] Progress @ 2026-09-19 18:05:57 : 18992 steps taken, and 4282 accepted.
[2 : mcmc] Progress @ 2026-09-19 18:06:04 : 19732 steps taken, and 4442 accepted.
[0 : mcmc] Progress @ 2026-09-19 18:06:19 : 18668 steps taken, and 4180 accepted.
[1 : mcmc] Progress @ 2026-09-19 18:06:29 : 20530 steps taken, and 4700 accepted.
[3 : mcmc] Progress @ 2026-09-19 18:06:58 : 19058 steps taken, and 4294 accepted.
[2 : mcmc] Progress @ 2026-09-19 18:07:05 : 19781 steps taken, and 4452 accepted.
[0 : mcmc] Progress @ 2026-09-19 18:07:19 : 18714 steps taken, and 4188 accepted.
[1 : mcmc] Progress @ 2026-09-19 18:07:30 : 20578 steps taken, and 4709 accepted.
[3 : mcmc] Progress @ 2026-09-19 18:07:58 : 19082 steps taken, and 4297 accepted.
[2 : mcmc] Progress @ 2026-09-19 18:08:05 : 19825 steps taken, and 4459 accepted.
[0 : mcmc] Progress @ 2026-09-19 18:08:19 : 18778 steps taken, and 4201 accepted.
[1 : mcmc] Progress @ 2026-09-19 18:08:30 : 20623 steps taken, and 4716 accepted.
[3 : mcmc] Progress @ 2026-09-19 18:08:58 : 19148 steps taken, and 4310 accepted.
[2 : mcmc] Progress @ 2026-09-19 18:09:06 : 19868 steps taken, and 4466 accepted.
[1 : mcmc] Progress @ 2026-09-19 18:09:31 : 20670 steps taken, and 4726 accepted.
[0 : mcmc] Progress @ 2026-09-19 18:09:31 : 18819 steps taken, and 4207 accepted.
[3 : mcmc] Learn + convergence test @ 4320 samples accepted.
[3 : mcmc] Ready to check convergence and learn a new proposal covmat (waiting for the rest...)
[0 : mcmc] All chains are ready to check convergence and learn a new proposal covmat
[0 : mcmc]  - Acceptance rate: 0.751 = avg([0.7544, 0.7544, 0.7584, 0.7367])
[0 : mcmc]  - Convergence of means: R-1 = 0.036137 after 17740 accepted steps = sum([4214, 4730, 4476, 4320])
[0 : mcmc]  - Updated covariance matrix of proposal pdf.
[3 : mcmc] Progress @ 2026-09-19 18:10:04 : 19213 steps taken, and 4320 accepted.
[2 : mcmc] Progress @ 2026-09-19 18:10:06 : 19910 steps taken, and 4477 accepted.
[0 : mcmc] Progress @ 2026-09-19 18:10:32 : 18888 steps taken, and 4221 accepted.
[1 : mcmc] Progress @ 2026-09-19 18:10:32 : 20736 steps taken, and 4737 accepted.
[2 : mcmc] Progress @ 2026-09-19 18:11:07 : 19955 steps taken, and 4485 accepted.
[3 : mcmc] Progress @ 2026-09-19 18:11:17 : 19278 steps taken, and 4332 accepted.
[1 : mcmc] Progress @ 2026-09-19 18:11:32 : 20782 steps taken, and 4744 accepted.
[0 : mcmc] Progress @ 2026-09-19 18:11:35 : 18939 steps taken, and 4231 accepted.
[2 : mcmc] Progress @ 2026-09-19 18:12:07 : 20021 steps taken, and 4498 accepted.
[3 : mcmc] Progress @ 2026-09-19 18:12:18 : 19345 steps taken, and 4345 accepted.
[1 : mcmc] Progress @ 2026-09-19 18:12:35 : 20830 steps taken, and 4754 accepted.
[0 : mcmc] Progress @ 2026-09-19 18:12:48 : 19002 steps taken, and 4243 accepted.
[2 : mcmc] Progress @ 2026-09-19 18:13:11 : 20071 steps taken, and 4505 accepted.
[3 : mcmc] Progress @ 2026-09-19 18:13:19 : 19396 steps taken, and 4352 accepted.
[1 : mcmc] Progress @ 2026-09-19 18:13:47 : 20892 steps taken, and 4767 accepted.
[0 : mcmc] Progress @ 2026-09-19 18:13:49 : 19050 steps taken, and 4252 accepted.
[2 : mcmc] Progress @ 2026-09-19 18:14:13 : 20117 steps taken, and 4513 accepted.
[3 : mcmc] Progress @ 2026-09-19 18:14:20 : 19441 steps taken, and 4363 accepted.
[1 : mcmc] Progress @ 2026-09-19 18:14:47 : 20937 steps taken, and 4777 accepted.
[0 : mcmc] Progress @ 2026-09-19 18:14:49 : 19115 steps taken, and 4266 accepted.
[3 : mcmc] Progress @ 2026-09-19 18:15:20 : 19506 steps taken, and 4372 accepted.
[2 : mcmc] Progress @ 2026-09-19 18:15:20 : 20151 steps taken, and 4521 accepted.
[1 : mcmc] Progress @ 2026-09-19 18:15:47 : 20980 steps taken, and 4785 accepted.
[0 : mcmc] Progress @ 2026-09-19 18:15:54 : 19146 steps taken, and 4273 accepted.
[2 : mcmc] Progress @ 2026-09-19 18:16:21 : 20216 steps taken, and 4530 accepted.
[3 : mcmc] Progress @ 2026-09-19 18:16:26 : 19539 steps taken, and 4377 accepted.
[1 : mcmc] Progress @ 2026-09-19 18:16:47 : 21025 steps taken, and 4792 accepted.
[0 : mcmc] Progress @ 2026-09-19 18:16:54 : 19211 steps taken, and 4286 accepted.
[2 : mcmc] Progress @ 2026-09-19 18:17:21 : 20280 steps taken, and 4544 accepted.
[3 : mcmc] Progress @ 2026-09-19 18:17:26 : 19603 steps taken, and 4392 accepted.
[1 : mcmc] Progress @ 2026-09-19 18:17:48 : 21069 steps taken, and 4801 accepted.
[0 : mcmc] Progress @ 2026-09-19 18:17:55 : 19255 steps taken, and 4296 accepted.
[3 : mcmc] Progress @ 2026-09-19 18:18:26 : 19630 steps taken, and 4398 accepted.
[2 : mcmc] Progress @ 2026-09-19 18:18:27 : 20312 steps taken, and 4547 accepted.
[1 : mcmc] Progress @ 2026-09-19 18:18:48 : 21135 steps taken, and 4812 accepted.
[0 : mcmc] Progress @ 2026-09-19 18:19:01 : 19311 steps taken, and 4307 accepted.
[2 : mcmc] Progress @ 2026-09-19 18:19:29 : 20359 steps taken, and 4555 accepted.
[3 : mcmc] Progress @ 2026-09-19 18:19:39 : 19694 steps taken, and 4408 accepted.
[1 : mcmc] Progress @ 2026-09-19 18:19:56 : 21170 steps taken, and 4819 accepted.
[0 : mcmc] Progress @ 2026-09-19 18:20:01 : 19355 steps taken, and 4317 accepted.
[0 : mcmc] Learn + convergence test @ 4320 samples accepted.
[0 : mcmc] Ready to check convergence and learn a new proposal covmat (waiting for the rest...)
[2 : mcmc] Progress @ 2026-09-19 18:20:29 : 20406 steps taken, and 4564 accepted.
[3 : mcmc] Progress @ 2026-09-19 18:20:46 : 19751 steps taken, and 4419 accepted.
[0 : mcmc] Progress @ 2026-09-19 18:21:02 : 19421 steps taken, and 4326 accepted.
[1 : mcmc] Progress @ 2026-09-19 18:21:06 : 21228 steps taken, and 4830 accepted.
[2 : mcmc] Progress @ 2026-09-19 18:21:30 : 20451 steps taken, and 4571 accepted.
[3 : mcmc] Progress @ 2026-09-19 18:21:59 : 19794 steps taken, and 4424 accepted.
[0 : mcmc] Progress @ 2026-09-19 18:22:02 : 19466 steps taken, and 4335 accepted.
[1 : mcmc] Progress @ 2026-09-19 18:22:07 : 21273 steps taken, and 4840 accepted.
[2 : mcmc] Progress @ 2026-09-19 18:22:30 : 20516 steps taken, and 4583 accepted.
[3 : mcmc] Progress @ 2026-09-19 18:23:00 : 19862 steps taken, and 4436 accepted.
[0 : mcmc] Progress @ 2026-09-19 18:23:02 : 19510 steps taken, and 4342 accepted.
[1 : mcmc] Progress @ 2026-09-19 18:23:07 : 21316 steps taken, and 4849 accepted.
[2 : mcmc] Progress @ 2026-09-19 18:23:30 : 20540 steps taken, and 4588 accepted.
[3 : mcmc] Progress @ 2026-09-19 18:24:00 : 19906 steps taken, and 4442 accepted.
[0 : mcmc] Progress @ 2026-09-19 18:24:03 : 19557 steps taken, and 4353 accepted.
[1 : mcmc] Progress @ 2026-09-19 18:24:08 : 21360 steps taken, and 4859 accepted.
[2 : mcmc] Progress @ 2026-09-19 18:24:31 : 20584 steps taken, and 4597 accepted.
[0 : mcmc] Progress @ 2026-09-19 18:25:03 : 19600 steps taken, and 4361 accepted.
[3 : mcmc] Progress @ 2026-09-19 18:25:05 : 19937 steps taken, and 4448 accepted.
[1 : mcmc] Progress @ 2026-09-19 18:25:18 : 21400 steps taken, and 4866 accepted.
[2 : mcmc] Progress @ 2026-09-19 18:25:44 : 20646 steps taken, and 4609 accepted.
[3 : mcmc] Progress @ 2026-09-19 18:26:05 : 20001 steps taken, and 4459 accepted.
[0 : mcmc] Progress @ 2026-09-19 18:26:11 : 19657 steps taken, and 4372 accepted.
[1 : mcmc] Progress @ 2026-09-19 18:26:24 : 21454 steps taken, and 4878 accepted.
[2 : mcmc] Progress @ 2026-09-19 18:26:45 : 20692 steps taken, and 4619 accepted.
[3 : mcmc] Progress @ 2026-09-19 18:27:05 : 20026 steps taken, and 4463 accepted.
[0 : mcmc] Progress @ 2026-09-19 18:27:11 : 19723 steps taken, and 4386 accepted.
[1 : mcmc] Progress @ 2026-09-19 18:27:25 : 21498 steps taken, and 4886 accepted.
[2 : mcmc] Progress @ 2026-09-19 18:27:46 : 20757 steps taken, and 4632 accepted.
[3 : mcmc] Progress @ 2026-09-19 18:28:17 : 20067 steps taken, and 4472 accepted.
[0 : mcmc] Progress @ 2026-09-19 18:28:20 : 19779 steps taken, and 4398 accepted.
[1 : mcmc] Progress @ 2026-09-19 18:28:31 : 21555 steps taken, and 4900 accepted.
[2 : mcmc] Progress @ 2026-09-19 18:28:46 : 20823 steps taken, and 4646 accepted.
[3 : mcmc] Progress @ 2026-09-19 18:29:18 : 20134 steps taken, and 4484 accepted.
[0 : mcmc] Progress @ 2026-09-19 18:29:33 : 19822 steps taken, and 4405 accepted.
[1 : mcmc] Progress @ 2026-09-19 18:29:42 : 21594 steps taken, and 4907 accepted.
[2 : mcmc] Progress @ 2026-09-19 18:29:47 : 20868 steps taken, and 4652 accepted.
[3 : mcmc] Progress @ 2026-09-19 18:30:18 : 20179 steps taken, and 4493 accepted.
[0 : mcmc] Progress @ 2026-09-19 18:30:34 : 19868 steps taken, and 4415 accepted.
[1 : mcmc] Progress @ 2026-09-19 18:30:43 : 21638 steps taken, and 4917 accepted.
[2 : mcmc] Progress @ 2026-09-19 18:30:47 : 20914 steps taken, and 4663 accepted.
[3 : mcmc] Progress @ 2026-09-19 18:31:33 : 20223 steps taken, and 4503 accepted.
[1 : mcmc] Progress @ 2026-09-19 18:31:43 : 21704 steps taken, and 4929 accepted.
[0 : mcmc] Progress @ 2026-09-19 18:31:46 : 19928 steps taken, and 4425 accepted.
[2 : mcmc] Progress @ 2026-09-19 18:31:52 : 20966 steps taken, and 4673 accepted.
[3 : mcmc] Progress @ 2026-09-19 18:32:33 : 20268 steps taken, and 4512 accepted.
[1 : mcmc] Progress @ 2026-09-19 18:32:44 : 21752 steps taken, and 4937 accepted.
[2 : mcmc] Progress @ 2026-09-19 18:32:53 : 20991 steps taken, and 4677 accepted.
[0 : mcmc] Progress @ 2026-09-19 18:32:55 : 19986 steps taken, and 4435 accepted.
[2 : mcmc] Learn + convergence test @ 4680 samples accepted.
[2 : mcmc] Ready to check convergence and learn a new proposal covmat (waiting for the rest...)
[3 : mcmc] Progress @ 2026-09-19 18:33:34 : 20313 steps taken, and 4520 accepted.
[1 : mcmc] Progress @ 2026-09-19 18:33:44 : 21797 steps taken, and 4946 accepted.
[2 : mcmc] Progress @ 2026-09-19 18:33:55 : 21039 steps taken, and 4686 accepted.
[0 : mcmc] Progress @ 2026-09-19 18:34:00 : 20042 steps taken, and 4443 accepted.
[3 : mcmc] Progress @ 2026-09-19 18:34:34 : 20379 steps taken, and 4534 accepted.
[1 : mcmc] Progress @ 2026-09-19 18:34:51 : 21849 steps taken, and 4958 accepted.
[0 : mcmc] Progress @ 2026-09-19 18:35:00 : 20087 steps taken, and 4453 accepted.
[2 : mcmc] Progress @ 2026-09-19 18:35:05 : 21098 steps taken, and 4695 accepted.
[3 : mcmc] Progress @ 2026-09-19 18:35:34 : 20425 steps taken, and 4545 accepted.
[1 : mcmc] Progress @ 2026-09-19 18:35:51 : 21895 steps taken, and 4966 accepted.
[2 : mcmc] Progress @ 2026-09-19 18:36:06 : 21142 steps taken, and 4703 accepted.
[0 : mcmc] Progress @ 2026-09-19 18:36:07 : 20141 steps taken, and 4460 accepted.
[3 : mcmc] Progress @ 2026-09-19 18:36:47 : 20468 steps taken, and 4556 accepted.
[1 : mcmc] Progress @ 2026-09-19 18:36:52 : 21940 steps taken, and 4977 accepted.
[2 : mcmc] Progress @ 2026-09-19 18:37:15 : 21201 steps taken, and 4716 accepted.
[0 : mcmc] Progress @ 2026-09-19 18:37:18 : 20179 steps taken, and 4468 accepted.
[3 : mcmc] Progress @ 2026-09-19 18:37:48 : 20512 steps taken, and 4564 accepted.
[1 : mcmc] Progress @ 2026-09-19 18:37:52 : 21984 steps taken, and 4985 accepted.
[0 : mcmc] Progress @ 2026-09-19 18:38:19 : 20224 steps taken, and 4477 accepted.
[2 : mcmc] Progress @ 2026-09-19 18:38:22 : 21278 steps taken, and 4732 accepted.
[3 : mcmc] Progress @ 2026-09-19 18:38:55 : 20566 steps taken, and 4576 accepted.
[1 : mcmc] Progress @ 2026-09-19 18:39:07 : 22029 steps taken, and 4993 accepted.
[0 : mcmc] Progress @ 2026-09-19 18:39:19 : 20289 steps taken, and 4485 accepted.
[2 : mcmc] Progress @ 2026-09-19 18:39:22 : 21342 steps taken, and 4742 accepted.
[3 : mcmc] Progress @ 2026-09-19 18:39:58 : 20615 steps taken, and 4585 accepted.
[1 : mcmc] Progress @ 2026-09-19 18:40:12 : 22080 steps taken, and 5000 accepted.
[2 : mcmc] Progress @ 2026-09-19 18:40:23 : 21387 steps taken, and 4753 accepted.
[0 : mcmc] Progress @ 2026-09-19 18:40:26 : 20322 steps taken, and 4493 accepted.
[3 : mcmc] Progress @ 2026-09-19 18:40:58 : 20680 steps taken, and 4595 accepted.
[1 : mcmc] Progress @ 2026-09-19 18:41:13 : 22104 steps taken, and 5003 accepted.
[2 : mcmc] Progress @ 2026-09-19 18:41:31 : 21444 steps taken, and 4763 accepted.
[0 : mcmc] Progress @ 2026-09-19 18:41:34 : 20356 steps taken, and 4499 accepted.
[3 : mcmc] Progress @ 2026-09-19 18:41:59 : 20748 steps taken, and 4607 accepted.
[1 : mcmc] Progress @ 2026-09-19 18:42:13 : 22169 steps taken, and 5014 accepted.
[0 : mcmc] Progress @ 2026-09-19 18:42:34 : 20421 steps taken, and 4510 accepted.
[2 : mcmc] Progress @ 2026-09-19 18:42:38 : 21497 steps taken, and 4775 accepted.
[3 : mcmc] Progress @ 2026-09-19 18:42:59 : 20794 steps taken, and 4615 accepted.
[1 : mcmc] Progress @ 2026-09-19 18:43:14 : 22214 steps taken, and 5022 accepted.
[0 : mcmc] Progress @ 2026-09-19 18:43:35 : 20467 steps taken, and 4518 accepted.
[2 : mcmc] Progress @ 2026-09-19 18:43:48 : 21535 steps taken, and 4784 accepted.
[3 : mcmc] Progress @ 2026-09-19 18:44:00 : 20881 steps taken, and 4634 accepted.
[1 : mcmc] Progress @ 2026-09-19 18:44:14 : 22257 steps taken, and 5031 accepted.
[0 : mcmc] Progress @ 2026-09-19 18:44:37 : 20515 steps taken, and 4527 accepted.
[2 : mcmc] Progress @ 2026-09-19 18:44:48 : 21597 steps taken, and 4792 accepted.
[3 : mcmc] Progress @ 2026-09-19 18:45:00 : 20927 steps taken, and 4643 accepted.
[1 : mcmc] Progress @ 2026-09-19 18:45:18 : 22307 steps taken, and 5038 accepted.
[0 : mcmc] Progress @ 2026-09-19 18:45:37 : 20558 steps taken, and 4534 accepted.
[3 : mcmc] Progress @ 2026-09-19 18:46:02 : 20973 steps taken, and 4655 accepted.
[2 : mcmc] Progress @ 2026-09-19 18:46:02 : 21619 steps taken, and 4796 accepted.
[1 : mcmc] Learn + convergence test @ 5040 samples accepted.
[1 : mcmc] Ready to check convergence and learn a new proposal covmat (waiting for the rest...)
[1 : mcmc] Progress @ 2026-09-19 18:46:25 : 22319 steps taken, and 5041 accepted.
[0 : mcmc] Progress @ 2026-09-19 18:46:43 : 20589 steps taken, and 4541 accepted.
[2 : mcmc] Progress @ 2026-09-19 18:47:06 : 21667 steps taken, and 4806 accepted.
[3 : mcmc] Progress @ 2026-09-19 18:47:07 : 21023 steps taken, and 4664 accepted.
[1 : mcmc] Progress @ 2026-09-19 18:47:25 : 22381 steps taken, and 5057 accepted.
[0 : mcmc] Progress @ 2026-09-19 18:47:54 : 20669 steps taken, and 4558 accepted.
[2 : mcmc] Progress @ 2026-09-19 18:48:07 : 21715 steps taken, and 4818 accepted.
[3 : mcmc] Progress @ 2026-09-19 18:48:18 : 21062 steps taken, and 4670 accepted.
[1 : mcmc] Progress @ 2026-09-19 18:48:33 : 22416 steps taken, and 5064 accepted.
[0 : mcmc] Progress @ 2026-09-19 18:48:54 : 20735 steps taken, and 4571 accepted.
[2 : mcmc] Progress @ 2026-09-19 18:49:21 : 21784 steps taken, and 4829 accepted.
[3 : mcmc] Progress @ 2026-09-19 18:49:21 : 21110 steps taken, and 4678 accepted.
[1 : mcmc] Progress @ 2026-09-19 18:49:33 : 22461 steps taken, and 5070 accepted.
[3 : mcmc] Learn + convergence test @ 4680 samples accepted.
[3 : mcmc] Ready to check convergence and learn a new proposal covmat (waiting for the rest...)
[0 : mcmc] All chains are ready to check convergence and learn a new proposal covmat
[0 : mcmc]  - Acceptance rate: 0.752 = avg([0.7537, 0.7544, 0.7563, 0.7422])
[0 : mcmc]  - Convergence of means: R-1 = 0.042423 after 19164 accepted steps = sum([4577, 5073, 4834, 4680])
[0 : mcmc]  - Updated covariance matrix of proposal pdf.
[0 : mcmc] Progress @ 2026-09-19 18:50:05 : 20770 steps taken, and 4578 accepted.
[3 : mcmc] Progress @ 2026-09-19 18:50:21 : 21143 steps taken, and 4686 accepted.
[2 : mcmc] Progress @ 2026-09-19 18:50:23 : 21826 steps taken, and 4836 accepted.
[1 : mcmc] Progress @ 2026-09-19 18:50:33 : 22550 steps taken, and 5085 accepted.
[0 : mcmc] Progress @ 2026-09-19 18:51:13 : 20824 steps taken, and 4588 accepted.
[3 : mcmc] Progress @ 2026-09-19 18:51:21 : 21209 steps taken, and 4696 accepted.
[2 : mcmc] Progress @ 2026-09-19 18:51:23 : 21872 steps taken, and 4846 accepted.
[1 : mcmc] Progress @ 2026-09-19 18:51:34 : 22594 steps taken, and 5093 accepted.
[0 : mcmc] Progress @ 2026-09-19 18:52:24 : 20865 steps taken, and 4597 accepted.
[3 : mcmc] Progress @ 2026-09-19 18:52:29 : 21244 steps taken, and 4705 accepted.
[2 : mcmc] Progress @ 2026-09-19 18:52:33 : 21929 steps taken, and 4859 accepted.
[1 : mcmc] Progress @ 2026-09-19 18:52:34 : 22639 steps taken, and 5103 accepted.
[0 : mcmc] Progress @ 2026-09-19 18:53:24 : 20909 steps taken, and 4602 accepted.
[3 : mcmc] Progress @ 2026-09-19 18:53:30 : 21308 steps taken, and 4717 accepted.
[2 : mcmc] Progress @ 2026-09-19 18:53:33 : 21996 steps taken, and 4870 accepted.
[1 : mcmc] Progress @ 2026-09-19 18:53:34 : 22663 steps taken, and 5107 accepted.
[0 : mcmc] Progress @ 2026-09-19 18:54:25 : 20952 steps taken, and 4609 accepted.
[3 : mcmc] Progress @ 2026-09-19 18:54:30 : 21353 steps taken, and 4725 accepted.
[2 : mcmc] Progress @ 2026-09-19 18:54:33 : 22040 steps taken, and 4880 accepted.
[1 : mcmc] Progress @ 2026-09-19 18:54:41 : 22719 steps taken, and 5114 accepted.
[3 : mcmc] Progress @ 2026-09-19 18:55:30 : 21396 steps taken, and 4734 accepted.
[2 : mcmc] Progress @ 2026-09-19 18:55:36 : 22088 steps taken, and 4887 accepted.
[0 : mcmc] Progress @ 2026-09-19 18:55:39 : 20995 steps taken, and 4616 accepted.
[1 : mcmc] Progress @ 2026-09-19 18:55:42 : 22764 steps taken, and 5122 accepted.
[3 : mcmc] Progress @ 2026-09-19 18:56:31 : 21439 steps taken, and 4742 accepted.
[2 : mcmc] Progress @ 2026-09-19 18:56:36 : 22132 steps taken, and 4895 accepted.
[1 : mcmc] Progress @ 2026-09-19 18:56:42 : 22830 steps taken, and 5136 accepted.
[0 : mcmc] Progress @ 2026-09-19 18:56:45 : 21049 steps taken, and 4626 accepted.
[3 : mcmc] Progress @ 2026-09-19 18:57:34 : 21487 steps taken, and 4752 accepted.
[2 : mcmc] Progress @ 2026-09-19 18:57:37 : 22175 steps taken, and 4905 accepted.
[1 : mcmc] Progress @ 2026-09-19 18:57:43 : 22874 steps taken, and 5144 accepted.
[0 : mcmc] Progress @ 2026-09-19 18:57:51 : 21081 steps taken, and 4633 accepted.
[3 : mcmc] Progress @ 2026-09-19 18:58:42 : 21544 steps taken, and 4762 accepted.
[1 : mcmc] Progress @ 2026-09-19 18:58:43 : 22919 steps taken, and 5151 accepted.
[2 : mcmc] Progress @ 2026-09-19 18:58:46 : 22231 steps taken, and 4913 accepted.
[0 : mcmc] Progress @ 2026-09-19 18:59:02 : 21162 steps taken, and 4646 accepted.
[1 : mcmc] Progress @ 2026-09-19 18:59:44 : 22964 steps taken, and 5160 accepted.
[2 : mcmc] Progress @ 2026-09-19 18:59:46 : 22274 steps taken, and 4918 accepted.
[3 : mcmc] Progress @ 2026-09-19 18:59:50 : 21599 steps taken, and 4773 accepted.
[0 : mcmc] Progress @ 2026-09-19 19:00:03 : 21187 steps taken, and 4650 accepted.
[1 : mcmc] Progress @ 2026-09-19 19:00:49 : 23016 steps taken, and 5169 accepted.
[3 : mcmc] Progress @ 2026-09-19 19:00:50 : 21665 steps taken, and 4787 accepted.
[2 : mcmc] Progress @ 2026-09-19 19:01:00 : 22338 steps taken, and 4930 accepted.
[0 : mcmc] Progress @ 2026-09-19 19:01:07 : 21236 steps taken, and 4659 accepted.
[3 : mcmc] Progress @ 2026-09-19 19:01:50 : 21690 steps taken, and 4791 accepted.
[2 : mcmc] Progress @ 2026-09-19 19:02:00 : 22424 steps taken, and 4944 accepted.
[1 : mcmc] Progress @ 2026-09-19 19:02:03 : 23059 steps taken, and 5178 accepted.
[0 : mcmc] Progress @ 2026-09-19 19:02:14 : 21292 steps taken, and 4668 accepted.
[3 : mcmc] Progress @ 2026-09-19 19:02:55 : 21740 steps taken, and 4803 accepted.
[1 : mcmc] Progress @ 2026-09-19 19:03:04 : 23125 steps taken, and 5190 accepted.
[2 : mcmc] Progress @ 2026-09-19 19:03:13 : 22485 steps taken, and 4954 accepted.
[0 : mcmc] Progress @ 2026-09-19 19:03:21 : 21347 steps taken, and 4677 accepted.
[0 : mcmc] Learn + convergence test @ 4680 samples accepted.
[0 : mcmc] Ready to check convergence and learn a new proposal covmat (waiting for the rest...)
[3 : mcmc] Progress @ 2026-09-19 19:04:01 : 21776 steps taken, and 4809 accepted.
[1 : mcmc] Progress @ 2026-09-19 19:04:04 : 23170 steps taken, and 5196 accepted.
[2 : mcmc] Progress @ 2026-09-19 19:04:13 : 22531 steps taken, and 4962 accepted.
[0 : mcmc] Progress @ 2026-09-19 19:04:21 : 21394 steps taken, and 4688 accepted.
[3 : mcmc] Progress @ 2026-09-19 19:05:03 : 21844 steps taken, and 4824 accepted.
[1 : mcmc] Progress @ 2026-09-19 19:05:04 : 23215 steps taken, and 5205 accepted.
[2 : mcmc] Progress @ 2026-09-19 19:05:14 : 22595 steps taken, and 4973 accepted.
[0 : mcmc] Progress @ 2026-09-19 19:05:22 : 21440 steps taken, and 4695 accepted.
[1 : mcmc] Progress @ 2026-09-19 19:06:05 : 23241 steps taken, and 5210 accepted.
[3 : mcmc] Progress @ 2026-09-19 19:06:15 : 21905 steps taken, and 4837 accepted.
[2 : mcmc] Progress @ 2026-09-19 19:06:15 : 22642 steps taken, and 4981 accepted.
[0 : mcmc] Progress @ 2026-09-19 19:06:22 : 21484 steps taken, and 4703 accepted.
[1 : mcmc] Progress @ 2026-09-19 19:07:06 : 23307 steps taken, and 5220 accepted.
[3 : mcmc] Progress @ 2026-09-19 19:07:15 : 21949 steps taken, and 4841 accepted.
[2 : mcmc] Progress @ 2026-09-19 19:07:16 : 22669 steps taken, and 4985 accepted.
[0 : mcmc] Progress @ 2026-09-19 19:07:28 : 21515 steps taken, and 4709 accepted.
[1 : mcmc] Progress @ 2026-09-19 19:08:12 : 23339 steps taken, and 5226 accepted.
[2 : mcmc] Progress @ 2026-09-19 19:08:16 : 22734 steps taken, and 4996 accepted.
[0 : mcmc] Progress @ 2026-09-19 19:08:28 : 21579 steps taken, and 4723 accepted.
[3 : mcmc] Progress @ 2026-09-19 19:08:30 : 22012 steps taken, and 4856 accepted.
[1 : mcmc] Progress @ 2026-09-19 19:09:12 : 23406 steps taken, and 5239 accepted.
[2 : mcmc] Progress @ 2026-09-19 19:09:25 : 22769 steps taken, and 5004 accepted.
[0 : mcmc] Progress @ 2026-09-19 19:09:29 : 21623 steps taken, and 4732 accepted.
[3 : mcmc] Progress @ 2026-09-19 19:09:39 : 22070 steps taken, and 4868 accepted.
[1 : mcmc] Progress @ 2026-09-19 19:10:13 : 23449 steps taken, and 5248 accepted.
[0 : mcmc] Progress @ 2026-09-19 19:10:29 : 21667 steps taken, and 4740 accepted.
[2 : mcmc] Progress @ 2026-09-19 19:10:34 : 22805 steps taken, and 5011 accepted.
[3 : mcmc] Progress @ 2026-09-19 19:10:39 : 22115 steps taken, and 4877 accepted.
[1 : mcmc] Progress @ 2026-09-19 19:11:13 : 23492 steps taken, and 5256 accepted.
[0 : mcmc] Progress @ 2026-09-19 19:11:30 : 21711 steps taken, and 4747 accepted.
[2 : mcmc] Progress @ 2026-09-19 19:11:35 : 22850 steps taken, and 5021 accepted.
[3 : mcmc] Progress @ 2026-09-19 19:11:42 : 22166 steps taken, and 4886 accepted.
[1 : mcmc] Progress @ 2026-09-19 19:12:13 : 23536 steps taken, and 5265 accepted.
[0 : mcmc] Progress @ 2026-09-19 19:12:30 : 21777 steps taken, and 4758 accepted.
[2 : mcmc] Progress @ 2026-09-19 19:12:35 : 22915 steps taken, and 5031 accepted.
[3 : mcmc] Progress @ 2026-09-19 19:12:43 : 22211 steps taken, and 4896 accepted.
[1 : mcmc] Progress @ 2026-09-19 19:13:14 : 23581 steps taken, and 5273 accepted.
[0 : mcmc] Progress @ 2026-09-19 19:13:31 : 21841 steps taken, and 4771 accepted.
[2 : mcmc] Progress @ 2026-09-19 19:13:36 : 22961 steps taken, and 5038 accepted.
[2 : mcmc] Learn + convergence test @ 5040 samples accepted.
[2 : mcmc] Ready to check convergence and learn a new proposal covmat (waiting for the rest...)
[3 : mcmc] Progress @ 2026-09-19 19:13:55 : 22255 steps taken, and 4904 accepted.
[1 : mcmc] Progress @ 2026-09-19 19:14:18 : 23629 steps taken, and 5283 accepted.
[0 : mcmc] Progress @ 2026-09-19 19:14:31 : 21909 steps taken, and 4784 accepted.
[2 : mcmc] Progress @ 2026-09-19 19:14:50 : 23025 steps taken, and 5054 accepted.
[3 : mcmc] Progress @ 2026-09-19 19:15:05 : 22335 steps taken, and 4919 accepted.
[1 : mcmc] Progress @ 2026-09-19 19:15:19 : 23676 steps taken, and 5293 accepted.
[0 : mcmc] Progress @ 2026-09-19 19:15:34 : 21936 steps taken, and 4789 accepted.
[2 : mcmc] Progress @ 2026-09-19 19:15:53 : 23053 steps taken, and 5061 accepted.
[3 : mcmc] Progress @ 2026-09-19 19:16:11 : 22388 steps taken, and 4931 accepted.
[1 : mcmc] Progress @ 2026-09-19 19:16:19 : 23720 steps taken, and 5300 accepted.
[0 : mcmc] Progress @ 2026-09-19 19:16:43 : 21994 steps taken, and 4801 accepted.
[2 : mcmc] Progress @ 2026-09-19 19:16:53 : 23117 steps taken, and 5073 accepted.
[3 : mcmc] Progress @ 2026-09-19 19:17:12 : 22453 steps taken, and 4944 accepted.
[1 : mcmc] Progress @ 2026-09-19 19:17:20 : 23764 steps taken, and 5309 accepted.
[0 : mcmc] Progress @ 2026-09-19 19:17:43 : 22038 steps taken, and 4810 accepted.
[2 : mcmc] Progress @ 2026-09-19 19:18:06 : 23160 steps taken, and 5082 accepted.
[3 : mcmc] Progress @ 2026-09-19 19:18:13 : 22521 steps taken, and 4956 accepted.
[1 : mcmc] Progress @ 2026-09-19 19:18:33 : 23827 steps taken, and 5324 accepted.
[0 : mcmc] Progress @ 2026-09-19 19:18:43 : 22104 steps taken, and 4822 accepted.
[2 : mcmc] Progress @ 2026-09-19 19:19:07 : 23204 steps taken, and 5089 accepted.
[3 : mcmc] Progress @ 2026-09-19 19:19:17 : 22573 steps taken, and 4966 accepted.
[1 : mcmc] Progress @ 2026-09-19 19:19:46 : 23888 steps taken, and 5335 accepted.
[0 : mcmc] Progress @ 2026-09-19 19:19:47 : 22153 steps taken, and 4830 accepted.
[2 : mcmc] Progress @ 2026-09-19 19:20:07 : 23248 steps taken, and 5098 accepted.
[3 : mcmc] Progress @ 2026-09-19 19:20:21 : 22642 steps taken, and 4980 accepted.
[1 : mcmc] Progress @ 2026-09-19 19:20:46 : 23954 steps taken, and 5346 accepted.
[0 : mcmc] Progress @ 2026-09-19 19:20:48 : 22198 steps taken, and 4839 accepted.
[2 : mcmc] Progress @ 2026-09-19 19:21:08 : 23294 steps taken, and 5103 accepted.
[3 : mcmc] Progress @ 2026-09-19 19:21:21 : 22707 steps taken, and 4991 accepted.
[1 : mcmc] Progress @ 2026-09-19 19:21:46 : 23998 steps taken, and 5356 accepted.
[0 : mcmc] Progress @ 2026-09-19 19:21:49 : 22243 steps taken, and 4848 accepted.
[2 : mcmc] Progress @ 2026-09-19 19:22:18 : 23331 steps taken, and 5109 accepted.
[3 : mcmc] Progress @ 2026-09-19 19:22:21 : 22753 steps taken, and 5001 accepted.
[1 : mcmc] Progress @ 2026-09-19 19:22:47 : 24065 steps taken, and 5368 accepted.
[0 : mcmc] Progress @ 2026-09-19 19:22:49 : 22287 steps taken, and 4855 accepted.
[3 : mcmc] Progress @ 2026-09-19 19:23:22 : 22798 steps taken, and 5007 accepted.
[2 : mcmc] Progress @ 2026-09-19 19:23:31 : 23392 steps taken, and 5122 accepted.
[1 : mcmc] Progress @ 2026-09-19 19:23:51 : 24115 steps taken, and 5378 accepted.
[0 : mcmc] Progress @ 2026-09-19 19:23:54 : 22337 steps taken, and 4864 accepted.
[3 : mcmc] Progress @ 2026-09-19 19:24:30 : 22853 steps taken, and 5019 accepted.
[2 : mcmc] Progress @ 2026-09-19 19:24:31 : 23435 steps taken, and 5131 accepted.
[0 : mcmc] Progress @ 2026-09-19 19:24:55 : 22380 steps taken, and 4873 accepted.
[1 : mcmc] Progress @ 2026-09-19 19:24:56 : 24166 steps taken, and 5387 accepted.
[3 : mcmc] Progress @ 2026-09-19 19:25:30 : 22899 steps taken, and 5026 accepted.
[2 : mcmc] Progress @ 2026-09-19 19:25:35 : 23483 steps taken, and 5139 accepted.
[0 : mcmc] Progress @ 2026-09-19 19:25:55 : 22426 steps taken, and 4880 accepted.
[1 : mcmc] Progress @ 2026-09-19 19:26:04 : 24224 steps taken, and 5399 accepted.
[1 : mcmc] Learn + convergence test @ 5400 samples accepted.
[1 : mcmc] Ready to check convergence and learn a new proposal covmat (waiting for the rest...)
[3 : mcmc] Progress @ 2026-09-19 19:26:31 : 22943 steps taken, and 5035 accepted.
[2 : mcmc] Progress @ 2026-09-19 19:26:35 : 23529 steps taken, and 5148 accepted.
[0 : mcmc] Progress @ 2026-09-19 19:26:56 : 22469 steps taken, and 4889 accepted.
[1 : mcmc] Progress @ 2026-09-19 19:27:11 : 24255 steps taken, and 5407 accepted.
[3 : mcmc] Learn + convergence test @ 5040 samples accepted.
[3 : mcmc] Ready to check convergence and learn a new proposal covmat (waiting for the rest...)
[0 : mcmc] All chains are ready to check convergence and learn a new proposal covmat
[0 : mcmc]  - Acceptance rate: 0.750 = avg([0.7479, 0.7535, 0.7528, 0.7471])
[0 : mcmc]  - Convergence of means: R-1 = 0.036442 after 20497 accepted steps = sum([4890, 5410, 5157, 5040])
[0 : mcmc]  - Updated covariance matrix of proposal pdf.
[2 : mcmc] Progress @ 2026-09-19 19:27:36 : 23575 steps taken, and 5157 accepted.
[3 : mcmc] Progress @ 2026-09-19 19:27:36 : 22965 steps taken, and 5040 accepted.
[0 : mcmc] Progress @ 2026-09-19 19:27:56 : 22510 steps taken, and 4896 accepted.
[1 : mcmc] Progress @ 2026-09-19 19:28:11 : 24279 steps taken, and 5412 accepted.
[3 : mcmc] Progress @ 2026-09-19 19:28:36 : 23007 steps taken, and 5048 accepted.
[2 : mcmc] Progress @ 2026-09-19 19:28:44 : 23629 steps taken, and 5169 accepted.
[0 : mcmc] Progress @ 2026-09-19 19:28:57 : 22553 steps taken, and 4901 accepted.
[1 : mcmc] Progress @ 2026-09-19 19:29:14 : 24327 steps taken, and 5422 accepted.
[3 : mcmc] Progress @ 2026-09-19 19:29:36 : 23049 steps taken, and 5058 accepted.
[2 : mcmc] Progress @ 2026-09-19 19:29:44 : 23673 steps taken, and 5178 accepted.
[0 : mcmc] Progress @ 2026-09-19 19:30:03 : 22606 steps taken, and 4911 accepted.
[1 : mcmc] Progress @ 2026-09-19 19:30:15 : 24372 steps taken, and 5433 accepted.
[3 : mcmc] Progress @ 2026-09-19 19:30:36 : 23092 steps taken, and 5067 accepted.
[2 : mcmc] Progress @ 2026-09-19 19:30:45 : 23697 steps taken, and 5182 accepted.
[0 : mcmc] Progress @ 2026-09-19 19:31:04 : 22630 steps taken, and 4916 accepted.
[1 : mcmc] Progress @ 2026-09-19 19:31:19 : 24422 steps taken, and 5445 accepted.
[3 : mcmc] Progress @ 2026-09-19 19:31:36 : 23138 steps taken, and 5077 accepted.
[2 : mcmc] Progress @ 2026-09-19 19:31:52 : 23750 steps taken, and 5191 accepted.
[0 : mcmc] Progress @ 2026-09-19 19:32:04 : 22673 steps taken, and 4927 accepted.
[1 : mcmc] Progress @ 2026-09-19 19:32:20 : 24466 steps taken, and 5454 accepted.
[3 : mcmc] Progress @ 2026-09-19 19:32:44 : 23192 steps taken, and 5089 accepted.
[2 : mcmc] Progress @ 2026-09-19 19:33:04 : 23813 steps taken, and 5201 accepted.
[0 : mcmc] Progress @ 2026-09-19 19:33:13 : 22731 steps taken, and 4937 accepted.
[1 : mcmc] Progress @ 2026-09-19 19:33:20 : 24511 steps taken, and 5464 accepted.
[3 : mcmc] Progress @ 2026-09-19 19:33:44 : 23236 steps taken, and 5099 accepted.
[2 : mcmc] Progress @ 2026-09-19 19:34:14 : 23872 steps taken, and 5214 accepted.
[0 : mcmc] Progress @ 2026-09-19 19:34:19 : 22785 steps taken, and 4945 accepted.
[1 : mcmc] Progress @ 2026-09-19 19:34:29 : 24568 steps taken, and 5473 accepted.
[3 : mcmc] Progress @ 2026-09-19 19:34:45 : 23303 steps taken, and 5112 accepted.
[2 : mcmc] Progress @ 2026-09-19 19:35:24 : 23909 steps taken, and 5222 accepted.
[0 : mcmc] Progress @ 2026-09-19 19:35:29 : 22823 steps taken, and 4955 accepted.
[1 : mcmc] Progress @ 2026-09-19 19:35:29 : 24613 steps taken, and 5485 accepted.
[3 : mcmc] Progress @ 2026-09-19 19:35:48 : 23331 steps taken, and 5117 accepted.
[0 : mcmc] Progress @ 2026-09-19 19:36:29 : 22888 steps taken, and 4968 accepted.
[1 : mcmc] Progress @ 2026-09-19 19:36:31 : 24640 steps taken, and 5489 accepted.
[2 : mcmc] Progress @ 2026-09-19 19:36:37 : 23951 steps taken, and 5229 accepted.
[3 : mcmc] Progress @ 2026-09-19 19:36:48 : 23377 steps taken, and 5126 accepted.
[0 : mcmc] Progress @ 2026-09-19 19:37:30 : 22912 steps taken, and 4973 accepted.
[2 : mcmc] Progress @ 2026-09-19 19:37:37 : 23995 steps taken, and 5239 accepted.
[1 : mcmc] Progress @ 2026-09-19 19:37:43 : 24680 steps taken, and 5497 accepted.
[3 : mcmc] Progress @ 2026-09-19 19:37:49 : 23421 steps taken, and 5135 accepted.
[0 : mcmc] Progress @ 2026-09-19 19:38:30 : 22957 steps taken, and 4980 accepted.
[1 : mcmc] Progress @ 2026-09-19 19:38:43 : 24748 steps taken, and 5512 accepted.
[2 : mcmc] Progress @ 2026-09-19 19:38:44 : 24053 steps taken, and 5249 accepted.
[3 : mcmc] Progress @ 2026-09-19 19:38:49 : 23466 steps taken, and 5142 accepted.
[0 : mcmc] Progress @ 2026-09-19 19:39:31 : 23000 steps taken, and 4988 accepted.
[1 : mcmc] Progress @ 2026-09-19 19:39:44 : 24792 steps taken, and 5520 accepted.
[2 : mcmc] Progress @ 2026-09-19 19:39:45 : 24119 steps taken, and 5259 accepted.
[3 : mcmc] Progress @ 2026-09-19 19:39:49 : 23511 steps taken, and 5151 accepted.
[0 : mcmc] Progress @ 2026-09-19 19:40:31 : 23023 steps taken, and 4991 accepted.
[1 : mcmc] Progress @ 2026-09-19 19:40:44 : 24836 steps taken, and 5528 accepted.
[3 : mcmc] Progress @ 2026-09-19 19:40:50 : 23579 steps taken, and 5161 accepted.
[2 : mcmc] Progress @ 2026-09-19 19:40:50 : 24153 steps taken, and 5266 accepted.
[0 : mcmc] Progress @ 2026-09-19 19:41:31 : 23087 steps taken, and 5007 accepted.
[1 : mcmc] Progress @ 2026-09-19 19:41:45 : 24864 steps taken, and 5535 accepted.
[2 : mcmc] Progress @ 2026-09-19 19:41:54 : 24203 steps taken, and 5272 accepted.
[3 : mcmc] Progress @ 2026-09-19 19:41:54 : 23630 steps taken, and 5170 accepted.
[0 : mcmc] Progress @ 2026-09-19 19:42:31 : 23132 steps taken, and 5014 accepted.
[1 : mcmc] Progress @ 2026-09-19 19:42:45 : 24929 steps taken, and 5548 accepted.
[3 : mcmc] Progress @ 2026-09-19 19:42:54 : 23674 steps taken, and 5178 accepted.
[2 : mcmc] Progress @ 2026-09-19 19:43:05 : 24263 steps taken, and 5286 accepted.
[0 : mcmc] Progress @ 2026-09-19 19:43:37 : 23183 steps taken, and 5024 accepted.
[1 : mcmc] Progress @ 2026-09-19 19:43:53 : 25007 steps taken, and 5564 accepted.
[3 : mcmc] Progress @ 2026-09-19 19:43:56 : 23701 steps taken, and 5185 accepted.
[2 : mcmc] Progress @ 2026-09-19 19:44:05 : 24308 steps taken, and 5296 accepted.
[0 : mcmc] Progress @ 2026-09-19 19:44:50 : 23248 steps taken, and 5037 accepted.
[3 : mcmc] Progress @ 2026-09-19 19:44:56 : 23746 steps taken, and 5192 accepted.
[1 : mcmc] Progress @ 2026-09-19 19:44:59 : 25085 steps taken, and 5576 accepted.
[0 : mcmc] Learn + convergence test @ 5040 samples accepted.
[0 : mcmc] Ready to check convergence and learn a new proposal covmat (waiting for the rest...)
[2 : mcmc] Progress @ 2026-09-19 19:45:18 : 24351 steps taken, and 5304 accepted.
[3 : mcmc] Progress @ 2026-09-19 19:45:56 : 23790 steps taken, and 5198 accepted.
[0 : mcmc] Progress @ 2026-09-19 19:46:01 : 23307 steps taken, and 5048 accepted.
[1 : mcmc] Progress @ 2026-09-19 19:46:14 : 25130 steps taken, and 5586 accepted.
[2 : mcmc] Progress @ 2026-09-19 19:46:18 : 24396 steps taken, and 5311 accepted.
[0 : mcmc] Progress @ 2026-09-19 19:47:01 : 23352 steps taken, and 5056 accepted.
[3 : mcmc] Progress @ 2026-09-19 19:47:11 : 23837 steps taken, and 5206 accepted.
[1 : mcmc] Progress @ 2026-09-19 19:47:21 : 25208 steps taken, and 5602 accepted.
[2 : mcmc] Progress @ 2026-09-19 19:47:29 : 24457 steps taken, and 5324 accepted.
[0 : mcmc] Progress @ 2026-09-19 19:48:07 : 23403 steps taken, and 5066 accepted.
[3 : mcmc] Progress @ 2026-09-19 19:48:20 : 23893 steps taken, and 5216 accepted.
[1 : mcmc] Progress @ 2026-09-19 19:48:21 : 25275 steps taken, and 5617 accepted.
[2 : mcmc] Progress @ 2026-09-19 19:48:29 : 24501 steps taken, and 5334 accepted.
[0 : mcmc] Progress @ 2026-09-19 19:49:15 : 23457 steps taken, and 5074 accepted.
[3 : mcmc] Progress @ 2026-09-19 19:49:20 : 23938 steps taken, and 5226 accepted.
[1 : mcmc] Progress @ 2026-09-19 19:49:22 : 25341 steps taken, and 5625 accepted.
[2 : mcmc] Progress @ 2026-09-19 19:49:29 : 24547 steps taken, and 5342 accepted.
[0 : mcmc] Progress @ 2026-09-19 19:50:16 : 23502 steps taken, and 5081 accepted.
[1 : mcmc] Progress @ 2026-09-19 19:50:22 : 25385 steps taken, and 5634 accepted.
[3 : mcmc] Progress @ 2026-09-19 19:50:26 : 23992 steps taken, and 5237 accepted.
[2 : mcmc] Progress @ 2026-09-19 19:50:29 : 24614 steps taken, and 5355 accepted.
[0 : mcmc] Progress @ 2026-09-19 19:51:16 : 23567 steps taken, and 5092 accepted.
[2 : mcmc] Progress @ 2026-09-19 19:51:30 : 24642 steps taken, and 5360 accepted.
[3 : mcmc] Progress @ 2026-09-19 19:51:32 : 24045 steps taken, and 5246 accepted.
[1 : mcmc] Progress @ 2026-09-19 19:51:36 : 25449 steps taken, and 5647 accepted.
[0 : mcmc] Progress @ 2026-09-19 19:52:30 : 23591 steps taken, and 5096 accepted.
[2 : mcmc] Progress @ 2026-09-19 19:52:35 : 24714 steps taken, and 5372 accepted.
[1 : mcmc] Progress @ 2026-09-19 19:52:37 : 25495 steps taken, and 5657 accepted.
[3 : mcmc] Progress @ 2026-09-19 19:52:46 : 24088 steps taken, and 5257 accepted.
[0 : mcmc] Progress @ 2026-09-19 19:53:31 : 23635 steps taken, and 5106 accepted.
[2 : mcmc] Progress @ 2026-09-19 19:53:36 : 24760 steps taken, and 5381 accepted.
[1 : mcmc] Progress @ 2026-09-19 19:53:37 : 25522 steps taken, and 5662 accepted.
[3 : mcmc] Progress @ 2026-09-19 19:53:47 : 24154 steps taken, and 5270 accepted.
[1 : mcmc] Progress @ 2026-09-19 19:54:38 : 25566 steps taken, and 5668 accepted.
[0 : mcmc] Progress @ 2026-09-19 19:54:40 : 23693 steps taken, and 5118 accepted.
[3 : mcmc] Progress @ 2026-09-19 19:54:48 : 24220 steps taken, and 5280 accepted.
[2 : mcmc] Progress @ 2026-09-19 19:54:49 : 24829 steps taken, and 5394 accepted.
[2 : mcmc] Learn + convergence test @ 5400 samples accepted.
[2 : mcmc] Ready to check convergence and learn a new proposal covmat (waiting for the rest...)
[1 : mcmc] Progress @ 2026-09-19 19:55:38 : 25610 steps taken, and 5677 accepted.
[0 : mcmc] Progress @ 2026-09-19 19:55:41 : 23739 steps taken, and 5125 accepted.
[3 : mcmc] Progress @ 2026-09-19 19:55:48 : 24285 steps taken, and 5293 accepted.
[2 : mcmc] Progress @ 2026-09-19 19:55:50 : 24917 steps taken, and 5412 accepted.
[1 : mcmc] Progress @ 2026-09-19 19:56:38 : 25654 steps taken, and 5687 accepted.
[0 : mcmc] Progress @ 2026-09-19 19:56:43 : 23786 steps taken, and 5134 accepted.
[3 : mcmc] Progress @ 2026-09-19 19:56:48 : 24311 steps taken, and 5298 accepted.
[2 : mcmc] Progress @ 2026-09-19 19:56:54 : 24967 steps taken, and 5420 accepted.
[1 : mcmc] Progress @ 2026-09-19 19:57:39 : 25719 steps taken, and 5699 accepted.
[0 : mcmc] Progress @ 2026-09-19 19:57:44 : 23832 steps taken, and 5145 accepted.
[3 : mcmc] Progress @ 2026-09-19 19:57:51 : 24358 steps taken, and 5308 accepted.
[2 : mcmc] Progress @ 2026-09-19 19:57:54 : 25013 steps taken, and 5428 accepted.
[1 : mcmc] Progress @ 2026-09-19 19:58:40 : 25764 steps taken, and 5706 accepted.
[0 : mcmc] Progress @ 2026-09-19 19:58:44 : 23877 steps taken, and 5154 accepted.
[2 : mcmc] Progress @ 2026-09-19 19:58:55 : 25056 steps taken, and 5437 accepted.
[3 : mcmc] Progress @ 2026-09-19 19:59:04 : 24423 steps taken, and 5323 accepted.
[1 : mcmc] Progress @ 2026-09-19 19:59:40 : 25811 steps taken, and 5717 accepted.
[0 : mcmc] Progress @ 2026-09-19 19:59:45 : 23902 steps taken, and 5157 accepted.
[3 : mcmc] Progress @ 2026-09-19 20:00:04 : 24487 steps taken, and 5335 accepted.
[2 : mcmc] Progress @ 2026-09-19 20:00:04 : 25115 steps taken, and 5450 accepted.
[0 : mcmc] Progress @ 2026-09-19 20:00:46 : 23967 steps taken, and 5166 accepted.
[1 : mcmc] Progress @ 2026-09-19 20:00:53 : 25875 steps taken, and 5730 accepted.
[3 : mcmc] Progress @ 2026-09-19 20:01:05 : 24553 steps taken, and 5345 accepted.
[2 : mcmc] Progress @ 2026-09-19 20:01:17 : 25179 steps taken, and 5460 accepted.
[0 : mcmc] Progress @ 2026-09-19 20:01:46 : 24013 steps taken, and 5176 accepted.
[3 : mcmc] Progress @ 2026-09-19 20:02:05 : 24599 steps taken, and 5353 accepted.
[1 : mcmc] Progress @ 2026-09-19 20:02:06 : 25918 steps taken, and 5739 accepted.
[2 : mcmc] Progress @ 2026-09-19 20:02:20 : 25226 steps taken, and 5471 accepted.
[0 : mcmc] Progress @ 2026-09-19 20:02:57 : 24072 steps taken, and 5188 accepted.
[3 : mcmc] Progress @ 2026-09-19 20:03:05 : 24647 steps taken, and 5360 accepted.
[1 : mcmc] Progress @ 2026-09-19 20:03:07 : 25982 steps taken, and 5749 accepted.
[2 : mcmc] Progress @ 2026-09-19 20:03:21 : 25292 steps taken, and 5484 accepted.
[0 : mcmc] Progress @ 2026-09-19 20:04:06 : 24109 steps taken, and 5195 accepted.
[1 : mcmc] Progress @ 2026-09-19 20:04:11 : 26012 steps taken, and 5753 accepted.
[3 : mcmc] Progress @ 2026-09-19 20:04:13 : 24684 steps taken, and 5365 accepted.
[2 : mcmc] Progress @ 2026-09-19 20:04:21 : 25358 steps taken, and 5500 accepted.
[1 : mcmc] Progress @ 2026-09-19 20:05:11 : 26056 steps taken, and 5758 accepted.
[3 : mcmc] Progress @ 2026-09-19 20:05:15 : 24729 steps taken, and 5373 accepted.
[0 : mcmc] Progress @ 2026-09-19 20:05:17 : 24167 steps taken, and 5205 accepted.
[1 : mcmc] Learn + convergence test @ 5760 samples accepted.
[1 : mcmc] Ready to check convergence and learn a new proposal covmat (waiting for the rest...)
[2 : mcmc] Progress @ 2026-09-19 20:05:22 : 25405 steps taken, and 5510 accepted.
[1 : mcmc] Progress @ 2026-09-19 20:06:12 : 26102 steps taken, and 5767 accepted.
[3 : mcmc] Progress @ 2026-09-19 20:06:16 : 24775 steps taken, and 5381 accepted.
[0 : mcmc] Progress @ 2026-09-19 20:06:29 : 24210 steps taken, and 5212 accepted.
[2 : mcmc] Progress @ 2026-09-19 20:06:35 : 25468 steps taken, and 5524 accepted.
[1 : mcmc] Progress @ 2026-09-19 20:07:12 : 26146 steps taken, and 5776 accepted.
[3 : mcmc] Progress @ 2026-09-19 20:07:16 : 24820 steps taken, and 5389 accepted.
[0 : mcmc] Progress @ 2026-09-19 20:07:30 : 24254 steps taken, and 5222 accepted.
[2 : mcmc] Progress @ 2026-09-19 20:07:47 : 25529 steps taken, and 5538 accepted.
[3 : mcmc] Learn + convergence test @ 5400 samples accepted.
[3 : mcmc] Ready to check convergence and learn a new proposal covmat (waiting for the rest...)
[1 : mcmc] Progress @ 2026-09-19 20:08:24 : 26189 steps taken, and 5785 accepted.
[0 : mcmc] All chains are ready to check convergence and learn a new proposal covmat
[0 : mcmc]  - Acceptance rate: 0.753 = avg([0.7478, 0.7591, 0.7579, 0.7473])
[0 : mcmc]  - Convergence of means: R-1 = 0.038619 after 21960 accepted steps = sum([5235, 5786, 5539, 5400])
[0 : mcmc]  - Updated covariance matrix of proposal pdf.
[0 : mcmc] Progress @ 2026-09-19 20:08:41 : 24314 steps taken, and 5235 accepted.
[3 : mcmc] Progress @ 2026-09-19 20:08:41 : 24883 steps taken, and 5400 accepted.
[2 : mcmc] Progress @ 2026-09-19 20:08:48 : 25548 steps taken, and 5540 accepted.
[1 : mcmc] Progress @ 2026-09-19 20:09:28 : 26218 steps taken, and 5791 accepted.
[3 : mcmc] Progress @ 2026-09-19 20:09:42 : 24949 steps taken, and 5414 accepted.
[2 : mcmc] Progress @ 2026-09-19 20:09:48 : 25594 steps taken, and 5547 accepted.
[0 : mcmc] Progress @ 2026-09-19 20:09:53 : 24354 steps taken, and 5244 accepted.
[1 : mcmc] Progress @ 2026-09-19 20:10:35 : 26273 steps taken, and 5802 accepted.
[2 : mcmc] Progress @ 2026-09-19 20:10:56 : 25650 steps taken, and 5557 accepted.
[3 : mcmc] Progress @ 2026-09-19 20:10:56 : 24994 steps taken, and 5421 accepted.
[0 : mcmc] Progress @ 2026-09-19 20:11:01 : 24411 steps taken, and 5256 accepted.
[1 : mcmc] Progress @ 2026-09-19 20:11:36 : 26317 steps taken, and 5809 accepted.
[0 : mcmc] Progress @ 2026-09-19 20:12:02 : 24455 steps taken, and 5261 accepted.
[3 : mcmc] Progress @ 2026-09-19 20:12:07 : 25054 steps taken, and 5434 accepted.
[2 : mcmc] Progress @ 2026-09-19 20:12:10 : 25736 steps taken, and 5570 accepted.
[1 : mcmc] Progress @ 2026-09-19 20:12:45 : 26356 steps taken, and 5815 accepted.
[2 : mcmc] Progress @ 2026-09-19 20:13:11 : 25782 steps taken, and 5578 accepted.
[3 : mcmc] Progress @ 2026-09-19 20:13:14 : 25107 steps taken, and 5444 accepted.
[0 : mcmc] Progress @ 2026-09-19 20:13:14 : 24496 steps taken, and 5270 accepted.
[1 : mcmc] Progress @ 2026-09-19 20:13:59 : 26418 steps taken, and 5829 accepted.
[2 : mcmc] Progress @ 2026-09-19 20:14:11 : 25848 steps taken, and 5590 accepted.
[3 : mcmc] Progress @ 2026-09-19 20:14:14 : 25152 steps taken, and 5453 accepted.
[0 : mcmc] Progress @ 2026-09-19 20:14:15 : 24541 steps taken, and 5279 accepted.
[1 : mcmc] Progress @ 2026-09-19 20:14:59 : 26462 steps taken, and 5838 accepted.
[2 : mcmc] Progress @ 2026-09-19 20:15:12 : 25912 steps taken, and 5601 accepted.
[3 : mcmc] Progress @ 2026-09-19 20:15:14 : 25196 steps taken, and 5461 accepted.
[0 : mcmc] Progress @ 2026-09-19 20:15:23 : 24596 steps taken, and 5288 accepted.
[2 : mcmc] Progress @ 2026-09-19 20:16:12 : 25936 steps taken, and 5605 accepted.
[1 : mcmc] Progress @ 2026-09-19 20:16:14 : 26507 steps taken, and 5844 accepted.
[0 : mcmc] Progress @ 2026-09-19 20:16:23 : 24640 steps taken, and 5298 accepted.
[3 : mcmc] Progress @ 2026-09-19 20:16:26 : 25256 steps taken, and 5475 accepted.
[1 : mcmc] Progress @ 2026-09-19 20:17:15 : 26596 steps taken, and 5859 accepted.
[2 : mcmc] Progress @ 2026-09-19 20:17:15 : 25985 steps taken, and 5615 accepted.
[0 : mcmc] Progress @ 2026-09-19 20:17:24 : 24685 steps taken, and 5307 accepted.
[3 : mcmc] Progress @ 2026-09-19 20:17:35 : 25293 steps taken, and 5481 accepted.
[1 : mcmc] Progress @ 2026-09-19 20:18:15 : 26639 steps taken, and 5864 accepted.
[0 : mcmc] Progress @ 2026-09-19 20:18:24 : 24730 steps taken, and 5318 accepted.
[2 : mcmc] Progress @ 2026-09-19 20:18:27 : 26045 steps taken, and 5625 accepted.
[3 : mcmc] Progress @ 2026-09-19 20:18:35 : 25338 steps taken, and 5489 accepted.
[1 : mcmc] Progress @ 2026-09-19 20:19:15 : 26663 steps taken, and 5868 accepted.
[0 : mcmc] Progress @ 2026-09-19 20:19:24 : 24775 steps taken, and 5326 accepted.
[2 : mcmc] Progress @ 2026-09-19 20:19:28 : 26092 steps taken, and 5636 accepted.
[3 : mcmc] Progress @ 2026-09-19 20:19:39 : 25388 steps taken, and 5500 accepted.
[1 : mcmc] Progress @ 2026-09-19 20:20:15 : 26707 steps taken, and 5876 accepted.
[2 : mcmc] Progress @ 2026-09-19 20:20:28 : 26161 steps taken, and 5647 accepted.
[0 : mcmc] Progress @ 2026-09-19 20:20:29 : 24827 steps taken, and 5337 accepted.
[3 : mcmc] Progress @ 2026-09-19 20:20:47 : 25423 steps taken, and 5509 accepted.
[1 : mcmc] Progress @ 2026-09-19 20:21:16 : 26751 steps taken, and 5887 accepted.
[2 : mcmc] Progress @ 2026-09-19 20:21:33 : 26192 steps taken, and 5653 accepted.
[0 : mcmc] Progress @ 2026-09-19 20:21:39 : 24887 steps taken, and 5348 accepted.
[3 : mcmc] Progress @ 2026-09-19 20:21:48 : 25489 steps taken, and 5518 accepted.
[1 : mcmc] Progress @ 2026-09-19 20:22:21 : 26802 steps taken, and 5896 accepted.
[2 : mcmc] Progress @ 2026-09-19 20:22:33 : 26257 steps taken, and 5665 accepted.
[0 : mcmc] Progress @ 2026-09-19 20:22:40 : 24912 steps taken, and 5351 accepted.
[3 : mcmc] Progress @ 2026-09-19 20:22:48 : 25536 steps taken, and 5530 accepted.
[1 : mcmc] Progress @ 2026-09-19 20:23:21 : 26845 steps taken, and 5903 accepted.
[2 : mcmc] Progress @ 2026-09-19 20:23:44 : 26297 steps taken, and 5673 accepted.
[0 : mcmc] Progress @ 2026-09-19 20:23:45 : 24964 steps taken, and 5360 accepted.
[3 : mcmc] Progress @ 2026-09-19 20:23:49 : 25582 steps taken, and 5535 accepted.
[1 : mcmc] Progress @ 2026-09-19 20:24:22 : 26910 steps taken, and 5916 accepted.
[2 : mcmc] Progress @ 2026-09-19 20:24:45 : 26362 steps taken, and 5687 accepted.
[0 : mcmc] Progress @ 2026-09-19 20:24:46 : 25010 steps taken, and 5370 accepted.
[3 : mcmc] Progress @ 2026-09-19 20:24:49 : 25649 steps taken, and 5546 accepted.
[1 : mcmc] Progress @ 2026-09-19 20:25:22 : 26977 steps taken, and 5930 accepted.
[0 : mcmc] Progress @ 2026-09-19 20:25:47 : 25054 steps taken, and 5379 accepted.
[3 : mcmc] Progress @ 2026-09-19 20:25:49 : 25696 steps taken, and 5554 accepted.
[2 : mcmc] Progress @ 2026-09-19 20:25:58 : 26405 steps taken, and 5695 accepted.
[1 : mcmc] Progress @ 2026-09-19 20:26:23 : 27023 steps taken, and 5934 accepted.
[0 : mcmc] Progress @ 2026-09-19 20:26:47 : 25099 steps taken, and 5387 accepted.
[3 : mcmc] Progress @ 2026-09-19 20:26:49 : 25744 steps taken, and 5563 accepted.
[2 : mcmc] Progress @ 2026-09-19 20:27:11 : 26468 steps taken, and 5710 accepted.
[1 : mcmc] Progress @ 2026-09-19 20:27:26 : 27052 steps taken, and 5941 accepted.
[0 : mcmc] Progress @ 2026-09-19 20:27:48 : 25144 steps taken, and 5393 accepted.
[3 : mcmc] Progress @ 2026-09-19 20:27:50 : 25788 steps taken, and 5570 accepted.
[2 : mcmc] Progress @ 2026-09-19 20:28:13 : 26514 steps taken, and 5718 accepted.
[1 : mcmc] Progress @ 2026-09-19 20:28:36 : 27109 steps taken, and 5953 accepted.
[0 : mcmc] Learn + convergence test @ 5400 samples accepted.
[0 : mcmc] Ready to check convergence and learn a new proposal covmat (waiting for the rest...)
[0 : mcmc] Progress @ 2026-09-19 20:28:48 : 25188 steps taken, and 5402 accepted.
[3 : mcmc] Progress @ 2026-09-19 20:28:54 : 25839 steps taken, and 5580 accepted.
[2 : mcmc] Progress @ 2026-09-19 20:29:14 : 26558 steps taken, and 5722 accepted.
[1 : mcmc] Progress @ 2026-09-19 20:29:49 : 27150 steps taken, and 5960 accepted.
[0 : mcmc] Progress @ 2026-09-19 20:29:55 : 25243 steps taken, and 5411 accepted.
[3 : mcmc] Progress @ 2026-09-19 20:29:58 : 25890 steps taken, and 5588 accepted.
[2 : mcmc] Progress @ 2026-09-19 20:30:14 : 26603 steps taken, and 5732 accepted.
[1 : mcmc] Progress @ 2026-09-19 20:30:53 : 27200 steps taken, and 5968 accepted.
[0 : mcmc] Progress @ 2026-09-19 20:30:55 : 25287 steps taken, and 5420 accepted.
[3 : mcmc] Progress @ 2026-09-19 20:31:12 : 25954 steps taken, and 5601 accepted.
[2 : mcmc] Progress @ 2026-09-19 20:31:14 : 26648 steps taken, and 5739 accepted.
[1 : mcmc] Progress @ 2026-09-19 20:31:53 : 27243 steps taken, and 5975 accepted.
[0 : mcmc] Progress @ 2026-09-19 20:31:55 : 25332 steps taken, and 5428 accepted.
[3 : mcmc] Progress @ 2026-09-19 20:32:12 : 26000 steps taken, and 5611 accepted.
[2 : mcmc] Progress @ 2026-09-19 20:32:15 : 26697 steps taken, and 5750 accepted.
[0 : mcmc] Progress @ 2026-09-19 20:32:56 : 25356 steps taken, and 5432 accepted.
[1 : mcmc] Progress @ 2026-09-19 20:33:01 : 27297 steps taken, and 5985 accepted.
[3 : mcmc] Progress @ 2026-09-19 20:33:12 : 26045 steps taken, and 5619 accepted.
[2 : mcmc] Progress @ 2026-09-19 20:33:20 : 26729 steps taken, and 5756 accepted.
[2 : mcmc] Learn + convergence test @ 5760 samples accepted.
[2 : mcmc] Ready to check convergence and learn a new proposal covmat (waiting for the rest...)
[0 : mcmc] Progress @ 2026-09-19 20:33:56 : 25421 steps taken, and 5442 accepted.
[1 : mcmc] Progress @ 2026-09-19 20:34:01 : 27343 steps taken, and 5996 accepted.
[3 : mcmc] Progress @ 2026-09-19 20:34:20 : 26102 steps taken, and 5626 accepted.
[2 : mcmc] Progress @ 2026-09-19 20:34:21 : 26795 steps taken, and 5771 accepted.
[0 : mcmc] Progress @ 2026-09-19 20:34:56 : 25465 steps taken, and 5453 accepted.
[1 : mcmc] Progress @ 2026-09-19 20:35:01 : 27389 steps taken, and 6005 accepted.
[3 : mcmc] Progress @ 2026-09-19 20:35:20 : 26169 steps taken, and 5636 accepted.
[2 : mcmc] Progress @ 2026-09-19 20:35:21 : 26839 steps taken, and 5781 accepted.
[0 : mcmc] Progress @ 2026-09-19 20:35:56 : 25534 steps taken, and 5467 accepted.
[1 : mcmc] Progress @ 2026-09-19 20:36:02 : 27434 steps taken, and 6015 accepted.
[2 : mcmc] Progress @ 2026-09-19 20:36:22 : 26884 steps taken, and 5790 accepted.
[3 : mcmc] Progress @ 2026-09-19 20:36:25 : 26200 steps taken, and 5643 accepted.
[0 : mcmc] Progress @ 2026-09-19 20:36:57 : 25622 steps taken, and 5484 accepted.
[1 : mcmc] Progress @ 2026-09-19 20:37:02 : 27479 steps taken, and 6022 accepted.
[3 : mcmc] Progress @ 2026-09-19 20:37:25 : 26264 steps taken, and 5654 accepted.
[2 : mcmc] Progress @ 2026-09-19 20:37:25 : 26912 steps taken, and 5797 accepted.
[0 : mcmc] Progress @ 2026-09-19 20:37:57 : 25668 steps taken, and 5494 accepted.
[1 : mcmc] Progress @ 2026-09-19 20:38:07 : 27510 steps taken, and 6027 accepted.
[3 : mcmc] Progress @ 2026-09-19 20:38:25 : 26311 steps taken, and 5662 accepted.
[2 : mcmc] Progress @ 2026-09-19 20:38:33 : 26989 steps taken, and 5813 accepted.
[0 : mcmc] Progress @ 2026-09-19 20:39:04 : 25702 steps taken, and 5501 accepted.
[1 : mcmc] Progress @ 2026-09-19 20:39:07 : 27574 steps taken, and 6040 accepted.
[3 : mcmc] Progress @ 2026-09-19 20:39:26 : 26355 steps taken, and 5671 accepted.
[2 : mcmc] Progress @ 2026-09-19 20:39:40 : 27022 steps taken, and 5818 accepted.
[0 : mcmc] Progress @ 2026-09-19 20:40:05 : 25747 steps taken, and 5509 accepted.
[1 : mcmc] Progress @ 2026-09-19 20:40:20 : 27638 steps taken, and 6054 accepted.
[3 : mcmc] Progress @ 2026-09-19 20:40:28 : 26401 steps taken, and 5679 accepted.
[2 : mcmc] Progress @ 2026-09-19 20:40:53 : 27067 steps taken, and 5826 accepted.
[0 : mcmc] Progress @ 2026-09-19 20:41:06 : 25791 steps taken, and 5517 accepted.
[1 : mcmc] Progress @ 2026-09-19 20:41:21 : 27682 steps taken, and 6064 accepted.
[3 : mcmc] Progress @ 2026-09-19 20:41:28 : 26445 steps taken, and 5689 accepted.
[2 : mcmc] Progress @ 2026-09-19 20:41:54 : 27113 steps taken, and 5834 accepted.
[0 : mcmc] Progress @ 2026-09-19 20:42:10 : 25822 steps taken, and 5523 accepted.
[1 : mcmc] Progress @ 2026-09-19 20:42:23 : 27730 steps taken, and 6073 accepted.
[3 : mcmc] Progress @ 2026-09-19 20:42:32 : 26495 steps taken, and 5700 accepted.
[2 : mcmc] Progress @ 2026-09-19 20:43:01 : 27169 steps taken, and 5846 accepted.
[1 : mcmc] Progress @ 2026-09-19 20:43:24 : 27777 steps taken, and 6080 accepted.
[0 : mcmc] Progress @ 2026-09-19 20:43:25 : 25889 steps taken, and 5535 accepted.
[3 : mcmc] Progress @ 2026-09-19 20:43:44 : 26556 steps taken, and 5712 accepted.
[2 : mcmc] Progress @ 2026-09-19 20:44:01 : 27233 steps taken, and 5859 accepted.
[1 : mcmc] Progress @ 2026-09-19 20:44:24 : 27821 steps taken, and 6088 accepted.
[0 : mcmc] Progress @ 2026-09-19 20:44:37 : 25950 steps taken, and 5548 accepted.
[3 : mcmc] Progress @ 2026-09-19 20:44:47 : 26606 steps taken, and 5722 accepted.
[2 : mcmc] Progress @ 2026-09-19 20:45:08 : 27289 steps taken, and 5868 accepted.
[1 : mcmc] Progress @ 2026-09-19 20:45:25 : 27866 steps taken, and 6095 accepted.
[0 : mcmc] Progress @ 2026-09-19 20:45:38 : 25975 steps taken, and 5553 accepted.
[3 : mcmc] Progress @ 2026-09-19 20:45:48 : 26672 steps taken, and 5733 accepted.
[2 : mcmc] Progress @ 2026-09-19 20:46:20 : 27328 steps taken, and 5876 accepted.
[1 : mcmc] Progress @ 2026-09-19 20:46:25 : 27912 steps taken, and 6104 accepted.
[0 : mcmc] Progress @ 2026-09-19 20:46:38 : 26019 steps taken, and 5561 accepted.
[3 : mcmc] Progress @ 2026-09-19 20:46:48 : 26697 steps taken, and 5737 accepted.
[2 : mcmc] Progress @ 2026-09-19 20:47:28 : 27362 steps taken, and 5881 accepted.
[1 : mcmc] Progress @ 2026-09-19 20:47:36 : 27951 steps taken, and 6111 accepted.
[0 : mcmc] Progress @ 2026-09-19 20:47:50 : 26061 steps taken, and 5568 accepted.
[3 : mcmc] Progress @ 2026-09-19 20:48:03 : 26763 steps taken, and 5751 accepted.
[1 : mcmc] Learn + convergence test @ 6120 samples accepted.
[1 : mcmc] Ready to check convergence and learn a new proposal covmat (waiting for the rest...)
[2 : mcmc] Progress @ 2026-09-19 20:48:28 : 27426 steps taken, and 5895 accepted.
[1 : mcmc] Progress @ 2026-09-19 20:48:48 : 28014 steps taken, and 6125 accepted.
[3 : mcmc] Progress @ 2026-09-19 20:49:03 : 26809 steps taken, and 5758 accepted.
[0 : mcmc] Progress @ 2026-09-19 20:49:04 : 26126 steps taken, and 5578 accepted.
[3 : mcmc] Learn + convergence test @ 5760 samples accepted.
[3 : mcmc] Ready to check convergence and learn a new proposal covmat (waiting for the rest...)
[0 : mcmc] All chains are ready to check convergence and learn a new proposal covmat
[0 : mcmc]  - Acceptance rate: 0.752 = avg([0.7475, 0.7577, 0.7587, 0.7455])
[0 : mcmc]  - Convergence of means: R-1 = 0.026376 after 23373 accepted steps = sum([5581, 6134, 5898, 5760])
[0 : mcmc]  - Updated covariance matrix of proposal pdf.
[2 : mcmc] Progress @ 2026-09-19 20:49:41 : 27452 steps taken, and 5898 accepted.
[1 : mcmc] Progress @ 2026-09-19 20:49:48 : 28061 steps taken, and 6135 accepted.
[0 : mcmc] Progress @ 2026-09-19 20:50:04 : 26170 steps taken, and 5586 accepted.
[3 : mcmc] Progress @ 2026-09-19 20:50:15 : 26847 steps taken, and 5765 accepted.
[2 : mcmc] Progress @ 2026-09-19 20:50:55 : 27495 steps taken, and 5909 accepted.
[1 : mcmc] Progress @ 2026-09-19 20:50:58 : 28098 steps taken, and 6143 accepted.
[0 : mcmc] Progress @ 2026-09-19 20:51:05 : 26215 steps taken, and 5593 accepted.
[3 : mcmc] Progress @ 2026-09-19 20:51:15 : 26891 steps taken, and 5774 accepted.
[2 : mcmc] Progress @ 2026-09-19 20:51:55 : 27541 steps taken, and 5920 accepted.
[1 : mcmc] Progress @ 2026-09-19 20:51:58 : 28164 steps taken, and 6156 accepted.
[0 : mcmc] Progress @ 2026-09-19 20:52:05 : 26240 steps taken, and 5597 accepted.
[3 : mcmc] Progress @ 2026-09-19 20:52:20 : 26922 steps taken, and 5780 accepted.
[2 : mcmc] Progress @ 2026-09-19 20:53:08 : 27605 steps taken, and 5932 accepted.
[1 : mcmc] Progress @ 2026-09-19 20:53:11 : 28205 steps taken, and 6163 accepted.
[0 : mcmc] Progress @ 2026-09-19 20:53:16 : 26299 steps taken, and 5606 accepted.
[3 : mcmc] Progress @ 2026-09-19 20:53:25 : 26952 steps taken, and 5785 accepted.
[2 : mcmc] Progress @ 2026-09-19 20:54:08 : 27649 steps taken, and 5941 accepted.
[1 : mcmc] Progress @ 2026-09-19 20:54:11 : 28250 steps taken, and 6172 accepted.
[0 : mcmc] Progress @ 2026-09-19 20:54:16 : 26343 steps taken, and 5612 accepted.
[3 : mcmc] Progress @ 2026-09-19 20:54:25 : 27018 steps taken, and 5798 accepted.
[1 : mcmc] Progress @ 2026-09-19 20:55:11 : 28296 steps taken, and 6181 accepted.
[0 : mcmc] Progress @ 2026-09-19 20:55:16 : 26409 steps taken, and 5624 accepted.
[2 : mcmc] Progress @ 2026-09-19 20:55:21 : 27691 steps taken, and 5951 accepted.
[3 : mcmc] Progress @ 2026-09-19 20:55:36 : 27055 steps taken, and 5807 accepted.
[1 : mcmc] Progress @ 2026-09-19 20:56:12 : 28341 steps taken, and 6187 accepted.
[2 : mcmc] Progress @ 2026-09-19 20:56:24 : 27738 steps taken, and 5961 accepted.
[0 : mcmc] Progress @ 2026-09-19 20:56:27 : 26447 steps taken, and 5632 accepted.
[3 : mcmc] Progress @ 2026-09-19 20:56:37 : 27100 steps taken, and 5815 accepted.
[1 : mcmc] Progress @ 2026-09-19 20:57:24 : 28381 steps taken, and 6195 accepted.
[2 : mcmc] Progress @ 2026-09-19 20:57:24 : 27804 steps taken, and 5972 accepted.
[0 : mcmc] Progress @ 2026-09-19 20:57:27 : 26491 steps taken, and 5639 accepted.
[3 : mcmc] Progress @ 2026-09-19 20:57:38 : 27146 steps taken, and 5823 accepted.
[2 : mcmc] Progress @ 2026-09-19 20:58:25 : 27829 steps taken, and 5977 accepted.
[0 : mcmc] Progress @ 2026-09-19 20:58:28 : 26535 steps taken, and 5645 accepted.
[1 : mcmc] Progress @ 2026-09-19 20:58:30 : 28434 steps taken, and 6206 accepted.
[3 : mcmc] Progress @ 2026-09-19 20:58:38 : 27215 steps taken, and 5835 accepted.
[0 : mcmc] Progress @ 2026-09-19 20:59:28 : 26577 steps taken, and 5651 accepted.
[1 : mcmc] Progress @ 2026-09-19 20:59:30 : 28478 steps taken, and 6216 accepted.
[2 : mcmc] Progress @ 2026-09-19 20:59:35 : 27889 steps taken, and 5988 accepted.
[3 : mcmc] Progress @ 2026-09-19 20:59:50 : 27276 steps taken, and 5845 accepted.
[0 : mcmc] Progress @ 2026-09-19 21:00:28 : 26645 steps taken, and 5662 accepted.
[2 : mcmc] Progress @ 2026-09-19 21:00:38 : 27938 steps taken, and 5996 accepted.
[1 : mcmc] Progress @ 2026-09-19 21:00:42 : 28517 steps taken, and 6224 accepted.
[3 : mcmc] Progress @ 2026-09-19 21:00:51 : 27340 steps taken, and 5858 accepted.
[0 : mcmc] Progress @ 2026-09-19 21:01:28 : 26693 steps taken, and 5673 accepted.
[2 : mcmc] Progress @ 2026-09-19 21:01:40 : 27984 steps taken, and 6006 accepted.
[1 : mcmc] Progress @ 2026-09-19 21:01:42 : 28563 steps taken, and 6233 accepted.
[3 : mcmc] Progress @ 2026-09-19 21:01:51 : 27365 steps taken, and 5862 accepted.
[0 : mcmc] Progress @ 2026-09-19 21:02:28 : 26758 steps taken, and 5683 accepted.
[2 : mcmc] Progress @ 2026-09-19 21:02:40 : 28051 steps taken, and 6020 accepted.
[3 : mcmc] Progress @ 2026-09-19 21:02:52 : 27433 steps taken, and 5874 accepted.
[1 : mcmc] Progress @ 2026-09-19 21:02:56 : 28607 steps taken, and 6244 accepted.
[0 : mcmc] Progress @ 2026-09-19 21:03:42 : 26802 steps taken, and 5694 accepted.
[2 : mcmc] Progress @ 2026-09-19 21:03:49 : 28106 steps taken, and 6033 accepted.
[3 : mcmc] Progress @ 2026-09-19 21:03:59 : 27486 steps taken, and 5884 accepted.
[1 : mcmc] Progress @ 2026-09-19 21:04:06 : 28665 steps taken, and 6256 accepted.
[2 : mcmc] Progress @ 2026-09-19 21:04:49 : 28153 steps taken, and 6042 accepted.
[0 : mcmc] Progress @ 2026-09-19 21:04:52 : 26859 steps taken, and 5704 accepted.
[3 : mcmc] Progress @ 2026-09-19 21:05:08 : 27545 steps taken, and 5891 accepted.
[1 : mcmc] Progress @ 2026-09-19 21:05:12 : 28720 steps taken, and 6261 accepted.
[2 : mcmc] Progress @ 2026-09-19 21:05:50 : 28196 steps taken, and 6050 accepted.
[0 : mcmc] Progress @ 2026-09-19 21:06:07 : 26905 steps taken, and 5711 accepted.
[1 : mcmc] Progress @ 2026-09-19 21:06:12 : 28765 steps taken, and 6268 accepted.
[3 : mcmc] Progress @ 2026-09-19 21:06:13 : 27596 steps taken, and 5902 accepted.
[2 : mcmc] Progress @ 2026-09-19 21:07:04 : 28239 steps taken, and 6059 accepted.
[0 : mcmc] Progress @ 2026-09-19 21:07:07 : 26973 steps taken, and 5725 accepted.
[1 : mcmc] Progress @ 2026-09-19 21:07:12 : 28810 steps taken, and 6276 accepted.
[3 : mcmc] Progress @ 2026-09-19 21:07:13 : 27662 steps taken, and 5915 accepted.
[2 : mcmc] Progress @ 2026-09-19 21:08:05 : 28305 steps taken, and 6071 accepted.
[0 : mcmc] Progress @ 2026-09-19 21:08:08 : 27017 steps taken, and 5731 accepted.
[1 : mcmc] Progress @ 2026-09-19 21:08:13 : 28855 steps taken, and 6284 accepted.
[3 : mcmc] Progress @ 2026-09-19 21:08:14 : 27688 steps taken, and 5921 accepted.
[2 : mcmc] Progress @ 2026-09-19 21:09:07 : 28351 steps taken, and 6082 accepted.
[1 : mcmc] Progress @ 2026-09-19 21:09:14 : 28880 steps taken, and 6288 accepted.
[0 : mcmc] Progress @ 2026-09-19 21:09:17 : 27074 steps taken, and 5741 accepted.
[3 : mcmc] Progress @ 2026-09-19 21:09:20 : 27740 steps taken, and 5932 accepted.
[2 : mcmc] Progress @ 2026-09-19 21:10:07 : 28394 steps taken, and 6090 accepted.
[0 : mcmc] Progress @ 2026-09-19 21:10:19 : 27120 steps taken, and 5750 accepted.
[3 : mcmc] Progress @ 2026-09-19 21:10:21 : 27783 steps taken, and 5941 accepted.
[1 : mcmc] Progress @ 2026-09-19 21:10:25 : 28942 steps taken, and 6300 accepted.
[2 : mcmc] Progress @ 2026-09-19 21:11:10 : 28442 steps taken, and 6099 accepted.
[0 : mcmc] Learn + convergence test @ 5760 samples accepted.
[0 : mcmc] Ready to check convergence and learn a new proposal covmat (waiting for the rest...)
[0 : mcmc] Progress @ 2026-09-19 21:11:20 : 27164 steps taken, and 5761 accepted.
[1 : mcmc] Progress @ 2026-09-19 21:11:27 : 28987 steps taken, and 6304 accepted.
[3 : mcmc] Progress @ 2026-09-19 21:11:27 : 27815 steps taken, and 5947 accepted.
[2 : mcmc] Progress @ 2026-09-19 21:12:10 : 28487 steps taken, and 6108 accepted.
[0 : mcmc] Progress @ 2026-09-19 21:12:24 : 27238 steps taken, and 5771 accepted.
[3 : mcmc] Progress @ 2026-09-19 21:12:28 : 27859 steps taken, and 5954 accepted.
[1 : mcmc] Progress @ 2026-09-19 21:12:36 : 29047 steps taken, and 6311 accepted.
[2 : mcmc] Progress @ 2026-09-19 21:13:11 : 28531 steps taken, and 6117 accepted.
[2 : mcmc] Learn + convergence test @ 6120 samples accepted.
[2 : mcmc] Ready to check convergence and learn a new proposal covmat (waiting for the rest...)
[3 : mcmc] Progress @ 2026-09-19 21:13:28 : 27926 steps taken, and 5967 accepted.
[0 : mcmc] Progress @ 2026-09-19 21:13:34 : 27299 steps taken, and 5782 accepted.
[1 : mcmc] Progress @ 2026-09-19 21:13:37 : 29090 steps taken, and 6319 accepted.
[2 : mcmc] Progress @ 2026-09-19 21:14:11 : 28598 steps taken, and 6133 accepted.
[3 : mcmc] Progress @ 2026-09-19 21:14:29 : 27991 steps taken, and 5978 accepted.
[0 : mcmc] Progress @ 2026-09-19 21:14:34 : 27342 steps taken, and 5792 accepted.
[1 : mcmc] Progress @ 2026-09-19 21:14:51 : 29136 steps taken, and 6327 accepted.
[2 : mcmc] Progress @ 2026-09-19 21:15:15 : 28651 steps taken, and 6143 accepted.
[3 : mcmc] Progress @ 2026-09-19 21:15:29 : 28017 steps taken, and 5983 accepted.
[0 : mcmc] Progress @ 2026-09-19 21:15:34 : 27389 steps taken, and 5800 accepted.
[1 : mcmc] Progress @ 2026-09-19 21:16:01 : 29195 steps taken, and 6338 accepted.
[2 : mcmc] Progress @ 2026-09-19 21:16:24 : 28707 steps taken, and 6157 accepted.
[3 : mcmc] Progress @ 2026-09-19 21:16:30 : 28063 steps taken, and 5991 accepted.
[0 : mcmc] Progress @ 2026-09-19 21:16:36 : 27435 steps taken, and 5811 accepted.
[1 : mcmc] Progress @ 2026-09-19 21:17:01 : 29240 steps taken, and 6346 accepted.
[2 : mcmc] Progress @ 2026-09-19 21:17:24 : 28749 steps taken, and 6167 accepted.
[3 : mcmc] Progress @ 2026-09-19 21:17:30 : 28130 steps taken, and 6005 accepted.
[0 : mcmc] Progress @ 2026-09-19 21:17:37 : 27481 steps taken, and 5819 accepted.
[1 : mcmc] Progress @ 2026-09-19 21:18:09 : 29295 steps taken, and 6358 accepted.
[2 : mcmc] Progress @ 2026-09-19 21:18:24 : 28793 steps taken, and 6178 accepted.
[3 : mcmc] Progress @ 2026-09-19 21:18:38 : 28186 steps taken, and 6016 accepted.
[0 : mcmc] Progress @ 2026-09-19 21:18:47 : 27520 steps taken, and 5825 accepted.
[1 : mcmc] Progress @ 2026-09-19 21:19:09 : 29359 steps taken, and 6369 accepted.
[2 : mcmc] Progress @ 2026-09-19 21:19:39 : 28856 steps taken, and 6193 accepted.
[0 : mcmc] Progress @ 2026-09-19 21:19:47 : 27565 steps taken, and 5832 accepted.
[3 : mcmc] Progress @ 2026-09-19 21:19:47 : 28224 steps taken, and 6024 accepted.
[1 : mcmc] Progress @ 2026-09-19 21:20:11 : 29387 steps taken, and 6375 accepted.
[2 : mcmc] Progress @ 2026-09-19 21:20:44 : 28910 steps taken, and 6203 accepted.
[3 : mcmc] Progress @ 2026-09-19 21:20:48 : 28287 steps taken, and 6035 accepted.
[0 : mcmc] Progress @ 2026-09-19 21:20:58 : 27606 steps taken, and 5837 accepted.
[1 : mcmc] Progress @ 2026-09-19 21:21:11 : 29453 steps taken, and 6389 accepted.
[3 : mcmc] Progress @ 2026-09-19 21:21:49 : 28312 steps taken, and 6040 accepted.
[2 : mcmc] Progress @ 2026-09-19 21:21:51 : 28963 steps taken, and 6212 accepted.
[0 : mcmc] Progress @ 2026-09-19 21:21:59 : 27650 steps taken, and 5843 accepted.
[1 : mcmc] Progress @ 2026-09-19 21:22:11 : 29497 steps taken, and 6397 accepted.
[2 : mcmc] Progress @ 2026-09-19 21:22:51 : 29007 steps taken, and 6220 accepted.
[3 : mcmc] Progress @ 2026-09-19 21:22:53 : 28383 steps taken, and 6052 accepted.
[0 : mcmc] Progress @ 2026-09-19 21:22:59 : 27694 steps taken, and 5851 accepted.
[1 : mcmc] Progress @ 2026-09-19 21:23:14 : 29545 steps taken, and 6407 accepted.
[3 : mcmc] Progress @ 2026-09-19 21:23:54 : 28429 steps taken, and 6060 accepted.
[2 : mcmc] Progress @ 2026-09-19 21:23:59 : 29066 steps taken, and 6230 accepted.
[0 : mcmc] Progress @ 2026-09-19 21:24:00 : 27741 steps taken, and 5861 accepted.
[1 : mcmc] Progress @ 2026-09-19 21:24:25 : 29609 steps taken, and 6420 accepted.
[3 : mcmc] Progress @ 2026-09-19 21:24:54 : 28495 steps taken, and 6073 accepted.
[0 : mcmc] Progress @ 2026-09-19 21:25:00 : 27784 steps taken, and 5872 accepted.
[2 : mcmc] Progress @ 2026-09-19 21:25:08 : 29124 steps taken, and 6241 accepted.
[1 : mcmc] Progress @ 2026-09-19 21:25:31 : 29661 steps taken, and 6430 accepted.
[0 : mcmc] Progress @ 2026-09-19 21:26:00 : 27829 steps taken, and 5884 accepted.
[3 : mcmc] Progress @ 2026-09-19 21:26:04 : 28536 steps taken, and 6080 accepted.
[2 : mcmc] Progress @ 2026-09-19 21:26:09 : 29168 steps taken, and 6250 accepted.
[1 : mcmc] Progress @ 2026-09-19 21:26:32 : 29705 steps taken, and 6438 accepted.
[0 : mcmc] Progress @ 2026-09-19 21:27:02 : 27854 steps taken, and 5888 accepted.
[2 : mcmc] Progress @ 2026-09-19 21:27:09 : 29212 steps taken, and 6259 accepted.
[3 : mcmc] Progress @ 2026-09-19 21:27:17 : 28597 steps taken, and 6089 accepted.
[1 : mcmc] Progress @ 2026-09-19 21:27:37 : 29736 steps taken, and 6445 accepted.
[0 : mcmc] Progress @ 2026-09-19 21:28:02 : 27896 steps taken, and 5894 accepted.
[2 : mcmc] Progress @ 2026-09-19 21:28:09 : 29255 steps taken, and 6266 accepted.
[3 : mcmc] Progress @ 2026-09-19 21:28:30 : 28618 steps taken, and 6093 accepted.
[1 : mcmc] Progress @ 2026-09-19 21:28:41 : 29783 steps taken, and 6455 accepted.
[0 : mcmc] Progress @ 2026-09-19 21:29:02 : 27941 steps taken, and 5903 accepted.
[2 : mcmc] Progress @ 2026-09-19 21:29:09 : 29299 steps taken, and 6276 accepted.
[3 : mcmc] Progress @ 2026-09-19 21:29:30 : 28682 steps taken, and 6106 accepted.
[1 : mcmc] Progress @ 2026-09-19 21:29:41 : 29850 steps taken, and 6469 accepted.
[2 : mcmc] Progress @ 2026-09-19 21:30:10 : 29343 steps taken, and 6286 accepted.
[0 : mcmc] Progress @ 2026-09-19 21:30:12 : 27997 steps taken, and 5912 accepted.
[3 : mcmc] Progress @ 2026-09-19 21:30:31 : 28708 steps taken, and 6113 accepted.
[1 : mcmc] Learn + convergence test @ 6480 samples accepted.
[1 : mcmc] Ready to check convergence and learn a new proposal covmat (waiting for the rest...)
[1 : mcmc] Progress @ 2026-09-19 21:30:41 : 29915 steps taken, and 6481 accepted.
[2 : mcmc] Progress @ 2026-09-19 21:31:10 : 29387 steps taken, and 6296 accepted.
[0 : mcmc] Progress @ 2026-09-19 21:31:13 : 28042 steps taken, and 5922 accepted.
[3 : mcmc] Learn + convergence test @ 6120 samples accepted.
[3 : mcmc] Ready to check convergence and learn a new proposal covmat (waiting for the rest...)
[0 : mcmc] All chains are ready to check convergence and learn a new proposal covmat
[0 : mcmc]  - Acceptance rate: 0.753 = avg([0.7415, 0.7534, 0.7655, 0.7489])
[0 : mcmc]  - Convergence of means: R-1 = 0.027792 after 24833 accepted steps = sum([5925, 6489, 6299, 6120])
[0 : mcmc]  - Convergence of bounds: R-1 = 0.153965 after 24833 accepted steps = sum([5925, 6489, 6299, 6120])
[0 : mcmc] The run has converged!
[0 : mcmc] Sampling complete after 24833 accepted steps.

TERMINADO en 11.94 h

TERMINADO en 11.94 h

TERMINADO en 11.94 h

TERMINADO en 11.94 h
