[0 : output] Output to be read-from/written-into folder '/mnt/datos/SSEE_data/chains_p6/kids', with prefix 'ssee_wc_h'
[0 : output] Found existing info files with the requested output prefix: '/mnt/datos/SSEE_data/chains_p6/kids/ssee_wc_h'
[0 : output] Will delete previous products ('force' was requested).
[2 : p06_growth.cobaya_kids.loglike_ssee_wc_h] Initialized external likelihood.
[0 : p06_growth.cobaya_kids.loglike_ssee_wc_h] Initialized external likelihood.
[3 : p06_growth.cobaya_kids.loglike_ssee_wc_h] Initialized external likelihood.
[1 : p06_growth.cobaya_kids.loglike_ssee_wc_h] Initialized external likelihood.
[3 : mcmc] Getting initial point... (this may take a few seconds)
[2 : mcmc] Getting initial point... (this may take a few seconds)
[0 : mcmc] Getting initial point... (this may take a few seconds)
[1 : mcmc] Getting initial point... (this may take a few seconds)
[3 : mcmc] Initial point: omch2:0.1195144, h0:0.6796214, halo_A:2.6, A_IA:1, dz1:0, dz2:-0.002, dz3:-0.013, dz4:-0.011, dz5:0.006, delta_c:0
[0 : mcmc] Initial point: omch2:0.1195144, h0:0.6796214, halo_A:2.6, A_IA:1, dz1:0, dz2:-0.002, dz3:-0.013, dz4:-0.011, dz5:0.006, delta_c:0
[1 : mcmc] Initial point: omch2:0.1195144, h0:0.6796214, halo_A:2.6, A_IA:1, dz1:0, dz2:-0.002, dz3:-0.013, dz4:-0.011, dz5:0.006, delta_c:0
[2 : mcmc] Initial point: omch2:0.1195144, h0:0.6796214, halo_A:2.6, A_IA:1, dz1:0, dz2:-0.002, dz3:-0.013, dz4:-0.011, dz5:0.006, delta_c:0
[0 : mcmc] Oversampling with factors:
[0 : mcmc] *  1 : ['omch2', 'h0', 'halo_A']
[0 : mcmc] * 18 : ['A_IA', 'dz1', 'dz2', 'dz3', 'dz4', 'dz5', 'delta_c']
[0 : mcmc] Covariance matrix not present. We will start learning the covariance of the proposal earlier: R-1 = 30 (would be 2 if all params loaded).
[0 : mcmc] Sampling!
[0 : mcmc] Progress @ 2026-09-09 16:18:33 : 1 steps taken, and 0 accepted.
[2 : mcmc] Progress @ 2026-09-09 16:18:33 : 1 steps taken, and 0 accepted.
[3 : mcmc] Progress @ 2026-09-09 16:18:33 : 1 steps taken, and 0 accepted.
[1 : mcmc] Progress @ 2026-09-09 16:18:33 : 1 steps taken, and 0 accepted.
[2 : mcmc] Progress @ 2026-09-09 16:19:33 : 91 steps taken, and 5 accepted.
[1 : mcmc] Progress @ 2026-09-09 16:19:40 : 75 steps taken, and 4 accepted.
[0 : mcmc] Progress @ 2026-09-09 16:19:42 : 84 steps taken, and 6 accepted.
[3 : mcmc] Progress @ 2026-09-09 16:19:48 : 93 steps taken, and 7 accepted.
[2 : mcmc] Progress @ 2026-09-09 16:20:33 : 149 steps taken, and 10 accepted.
[1 : mcmc] Progress @ 2026-09-09 16:20:41 : 136 steps taken, and 9 accepted.
[0 : mcmc] Progress @ 2026-09-09 16:20:44 : 150 steps taken, and 11 accepted.
[3 : mcmc] Progress @ 2026-09-09 16:20:48 : 155 steps taken, and 11 accepted.
[1 : mcmc] Progress @ 2026-09-09 16:21:41 : 196 steps taken, and 13 accepted.
[2 : mcmc] Progress @ 2026-09-09 16:21:41 : 225 steps taken, and 15 accepted.
[0 : mcmc] Progress @ 2026-09-09 16:21:44 : 244 steps taken, and 18 accepted.
[3 : mcmc] Progress @ 2026-09-09 16:21:48 : 248 steps taken, and 19 accepted.
[1 : mcmc] Progress @ 2026-09-09 16:22:41 : 288 steps taken, and 20 accepted.
[2 : mcmc] Progress @ 2026-09-09 16:22:41 : 283 steps taken, and 20 accepted.
[3 : mcmc] Progress @ 2026-09-09 16:22:55 : 323 steps taken, and 23 accepted.
[0 : mcmc] Progress @ 2026-09-09 16:22:57 : 330 steps taken, and 25 accepted.
[2 : mcmc] Progress @ 2026-09-09 16:23:41 : 375 steps taken, and 27 accepted.
[1 : mcmc] Progress @ 2026-09-09 16:23:41 : 380 steps taken, and 26 accepted.
[0 : mcmc] Progress @ 2026-09-09 16:24:06 : 408 steps taken, and 31 accepted.
[3 : mcmc] Progress @ 2026-09-09 16:24:06 : 405 steps taken, and 30 accepted.
[1 : mcmc] Progress @ 2026-09-09 16:24:41 : 441 steps taken, and 31 accepted.
[2 : mcmc] Progress @ 2026-09-09 16:24:42 : 502 steps taken, and 37 accepted.
[3 : mcmc] Progress @ 2026-09-09 16:25:06 : 499 steps taken, and 38 accepted.
[0 : mcmc] Progress @ 2026-09-09 16:25:06 : 469 steps taken, and 35 accepted.
[1 : mcmc] Progress @ 2026-09-09 16:25:42 : 533 steps taken, and 37 accepted.
[2 : mcmc] Progress @ 2026-09-09 16:25:42 : 559 steps taken, and 41 accepted.
[0 : mcmc] Progress @ 2026-09-09 16:26:06 : 595 steps taken, and 45 accepted.
[3 : mcmc] Progress @ 2026-09-09 16:26:12 : 575 steps taken, and 44 accepted.
[2 : mcmc] Progress @ 2026-09-09 16:26:42 : 652 steps taken, and 48 accepted.
[1 : mcmc] Progress @ 2026-09-09 16:26:42 : 626 steps taken, and 44 accepted.
[0 : mcmc] Progress @ 2026-09-09 16:27:06 : 658 steps taken, and 50 accepted.
[3 : mcmc] Progress @ 2026-09-09 16:27:20 : 650 steps taken, and 49 accepted.
[1 : mcmc] Progress @ 2026-09-09 16:27:42 : 686 steps taken, and 49 accepted.
[2 : mcmc] Progress @ 2026-09-09 16:27:51 : 764 steps taken, and 57 accepted.
[0 : mcmc] Progress @ 2026-09-09 16:28:07 : 720 steps taken, and 55 accepted.
[3 : mcmc] Progress @ 2026-09-09 16:28:29 : 729 steps taken, and 55 accepted.
[1 : mcmc] Progress @ 2026-09-09 16:28:42 : 746 steps taken, and 54 accepted.
[2 : mcmc] Progress @ 2026-09-09 16:28:52 : 825 steps taken, and 62 accepted.
[0 : mcmc] Progress @ 2026-09-09 16:29:14 : 798 steps taken, and 61 accepted.
[3 : mcmc] Progress @ 2026-09-09 16:29:29 : 822 steps taken, and 63 accepted.
[2 : mcmc] Progress @ 2026-09-09 16:29:52 : 917 steps taken, and 68 accepted.
[1 : mcmc] Progress @ 2026-09-09 16:29:58 : 806 steps taken, and 58 accepted.
[0 : mcmc] Progress @ 2026-09-09 16:30:27 : 886 steps taken, and 67 accepted.
[3 : mcmc] Progress @ 2026-09-09 16:30:39 : 904 steps taken, and 69 accepted.
[1 : mcmc] Progress @ 2026-09-09 16:30:58 : 929 steps taken, and 67 accepted.
[2 : mcmc] Progress @ 2026-09-09 16:31:03 : 996 steps taken, and 75 accepted.
[0 : mcmc] Progress @ 2026-09-09 16:31:34 : 959 steps taken, and 72 accepted.
[3 : mcmc] Progress @ 2026-09-09 16:31:44 : 974 steps taken, and 74 accepted.
[2 : mcmc] Progress @ 2026-09-09 16:32:03 : 1090 steps taken, and 82 accepted.
[1 : mcmc] Progress @ 2026-09-09 16:32:06 : 1003 steps taken, and 73 accepted.
[0 : mcmc] Progress @ 2026-09-09 16:32:34 : 1053 steps taken, and 79 accepted.
[3 : mcmc] Progress @ 2026-09-09 16:32:50 : 1077 steps taken, and 82 accepted.
[1 : mcmc] Progress @ 2026-09-09 16:33:06 : 1096 steps taken, and 80 accepted.
[2 : mcmc] Progress @ 2026-09-09 16:33:14 : 1170 steps taken, and 88 accepted.
[0 : mcmc] Progress @ 2026-09-09 16:33:34 : 1113 steps taken, and 84 accepted.
[3 : mcmc] Progress @ 2026-09-09 16:33:51 : 1137 steps taken, and 87 accepted.
[1 : mcmc] Progress @ 2026-09-09 16:34:06 : 1156 steps taken, and 85 accepted.
[2 : mcmc] Progress @ 2026-09-09 16:34:14 : 1230 steps taken, and 93 accepted.
[0 : mcmc] Progress @ 2026-09-09 16:34:35 : 1207 steps taken, and 91 accepted.
[3 : mcmc] Progress @ 2026-09-09 16:34:51 : 1200 steps taken, and 92 accepted.
[1 : mcmc] Progress @ 2026-09-09 16:35:21 : 1245 steps taken, and 92 accepted.
[2 : mcmc] Progress @ 2026-09-09 16:35:25 : 1344 steps taken, and 101 accepted.
[0 : mcmc] Progress @ 2026-09-09 16:35:49 : 1268 steps taken, and 96 accepted.
[3 : mcmc] Progress @ 2026-09-09 16:35:51 : 1290 steps taken, and 99 accepted.
[1 : mcmc] Progress @ 2026-09-09 16:36:21 : 1305 steps taken, and 96 accepted.
[2 : mcmc] Progress @ 2026-09-09 16:36:25 : 1403 steps taken, and 106 accepted.
[0 : mcmc] Progress @ 2026-09-09 16:36:53 : 1367 steps taken, and 103 accepted.
[3 : mcmc] Progress @ 2026-09-09 16:36:58 : 1366 steps taken, and 105 accepted.
[1 : mcmc] Progress @ 2026-09-09 16:37:21 : 1397 steps taken, and 104 accepted.
[2 : mcmc] Progress @ 2026-09-09 16:37:26 : 1495 steps taken, and 112 accepted.
[0 : mcmc] Progress @ 2026-09-09 16:37:53 : 1430 steps taken, and 107 accepted.
[3 : mcmc] Progress @ 2026-09-09 16:38:07 : 1446 steps taken, and 110 accepted.
[2 : mcmc] Progress @ 2026-09-09 16:38:26 : 1554 steps taken, and 117 accepted.
[1 : mcmc] Progress @ 2026-09-09 16:38:37 : 1455 steps taken, and 108 accepted.
[0 : mcmc] Progress @ 2026-09-09 16:38:53 : 1490 steps taken, and 111 accepted.
[3 : mcmc] Progress @ 2026-09-09 16:39:17 : 1528 steps taken, and 117 accepted.
[2 : mcmc] Progress @ 2026-09-09 16:39:26 : 1612 steps taken, and 122 accepted.
[1 : mcmc] Progress @ 2026-09-09 16:39:37 : 1547 steps taken, and 115 accepted.
[0 : mcmc] Progress @ 2026-09-09 16:39:53 : 1585 steps taken, and 116 accepted.
[2 : mcmc] Progress @ 2026-09-09 16:40:26 : 1739 steps taken, and 131 accepted.
[3 : mcmc] Progress @ 2026-09-09 16:40:29 : 1647 steps taken, and 126 accepted.
[1 : mcmc] Progress @ 2026-09-09 16:40:37 : 1606 steps taken, and 119 accepted.
[0 : mcmc] Progress @ 2026-09-09 16:40:53 : 1680 steps taken, and 124 accepted.
[2 : mcmc] Progress @ 2026-09-09 16:41:26 : 1797 steps taken, and 135 accepted.
[3 : mcmc] Progress @ 2026-09-09 16:41:29 : 1709 steps taken, and 131 accepted.
[1 : mcmc] Progress @ 2026-09-09 16:41:51 : 1694 steps taken, and 126 accepted.
[0 : mcmc] Progress @ 2026-09-09 16:42:05 : 1763 steps taken, and 129 accepted.
[2 : mcmc] Progress @ 2026-09-09 16:42:27 : 1888 steps taken, and 142 accepted.
[3 : mcmc] Progress @ 2026-09-09 16:42:30 : 1770 steps taken, and 136 accepted.
[1 : mcmc] Progress @ 2026-09-09 16:42:51 : 1786 steps taken, and 133 accepted.
[0 : mcmc] Progress @ 2026-09-09 16:43:19 : 1885 steps taken, and 138 accepted.
[2 : mcmc] Progress @ 2026-09-09 16:43:27 : 1980 steps taken, and 149 accepted.
[3 : mcmc] Progress @ 2026-09-09 16:43:30 : 1866 steps taken, and 143 accepted.
[1 : mcmc] Progress @ 2026-09-09 16:43:51 : 1878 steps taken, and 141 accepted.
[2 : mcmc] Progress @ 2026-09-09 16:44:27 : 2039 steps taken, and 154 accepted.
[0 : mcmc] Progress @ 2026-09-09 16:44:28 : 1964 steps taken, and 144 accepted.
[3 : mcmc] Progress @ 2026-09-09 16:44:39 : 1945 steps taken, and 149 accepted.
[1 : mcmc] Progress @ 2026-09-09 16:44:53 : 1910 steps taken, and 143 accepted.
[2 : mcmc] Progress @ 2026-09-09 16:45:27 : 2131 steps taken, and 161 accepted.
[3 : mcmc] Progress @ 2026-09-09 16:45:39 : 2037 steps taken, and 156 accepted.
[0 : mcmc] Progress @ 2026-09-09 16:45:43 : 2054 steps taken, and 151 accepted.
[1 : mcmc] Progress @ 2026-09-09 16:45:53 : 1970 steps taken, and 147 accepted.
[2 : mcmc] Progress @ 2026-09-09 16:46:28 : 2224 steps taken, and 168 accepted.
[3 : mcmc] Progress @ 2026-09-09 16:46:39 : 2131 steps taken, and 163 accepted.
[1 : mcmc] Progress @ 2026-09-09 16:46:53 : 2063 steps taken, and 155 accepted.
[0 : mcmc] Progress @ 2026-09-09 16:46:59 : 2145 steps taken, and 158 accepted.
[2 : mcmc] Progress @ 2026-09-09 16:47:30 : 2289 steps taken, and 173 accepted.
[3 : mcmc] Progress @ 2026-09-09 16:47:50 : 2184 steps taken, and 167 accepted.
[1 : mcmc] Progress @ 2026-09-09 16:47:59 : 2135 steps taken, and 160 accepted.
[0 : mcmc] Progress @ 2026-09-09 16:48:03 : 2213 steps taken, and 163 accepted.
[2 : mcmc] Progress @ 2026-09-09 16:48:33 : 2353 steps taken, and 178 accepted.
[3 : mcmc] Progress @ 2026-09-09 16:48:53 : 2254 steps taken, and 173 accepted.
[1 : mcmc] Progress @ 2026-09-09 16:48:59 : 2227 steps taken, and 167 accepted.
[0 : mcmc] Progress @ 2026-09-09 16:49:17 : 2303 steps taken, and 170 accepted.
[2 : mcmc] Progress @ 2026-09-09 16:49:34 : 2414 steps taken, and 182 accepted.
[1 : mcmc] Progress @ 2026-09-09 16:49:59 : 2287 steps taken, and 172 accepted.
[3 : mcmc] Progress @ 2026-09-09 16:50:04 : 2370 steps taken, and 182 accepted.
[0 : mcmc] Progress @ 2026-09-09 16:50:26 : 2381 steps taken, and 176 accepted.
[2 : mcmc] Progress @ 2026-09-09 16:50:34 : 2506 steps taken, and 189 accepted.
[3 : mcmc] Progress @ 2026-09-09 16:51:04 : 2433 steps taken, and 187 accepted.
[1 : mcmc] Progress @ 2026-09-09 16:51:06 : 2361 steps taken, and 177 accepted.
[0 : mcmc] Progress @ 2026-09-09 16:51:26 : 2474 steps taken, and 183 accepted.
[2 : mcmc] Progress @ 2026-09-09 16:51:36 : 2570 steps taken, and 193 accepted.
[3 : mcmc] Progress @ 2026-09-09 16:52:04 : 2527 steps taken, and 194 accepted.
[1 : mcmc] Progress @ 2026-09-09 16:52:06 : 2454 steps taken, and 184 accepted.
[0 : mcmc] Progress @ 2026-09-09 16:52:28 : 2539 steps taken, and 189 accepted.
[2 : mcmc] Progress @ 2026-09-09 16:52:44 : 2645 steps taken, and 199 accepted.
[3 : mcmc] Progress @ 2026-09-09 16:53:04 : 2589 steps taken, and 198 accepted.
[1 : mcmc] Progress @ 2026-09-09 16:53:06 : 2581 steps taken, and 193 accepted.
[0 : mcmc] Progress @ 2026-09-09 16:53:28 : 2632 steps taken, and 196 accepted.
[2 : mcmc] Progress @ 2026-09-09 16:53:49 : 2713 steps taken, and 204 accepted.
[3 : mcmc] Progress @ 2026-09-09 16:54:04 : 2649 steps taken, and 203 accepted.
[1 : mcmc] Progress @ 2026-09-09 16:54:06 : 2672 steps taken, and 200 accepted.
[0 : mcmc] Progress @ 2026-09-09 16:54:28 : 2660 steps taken, and 198 accepted.
[2 : mcmc] Progress @ 2026-09-09 16:54:50 : 2773 steps taken, and 208 accepted.
[1 : mcmc] Progress @ 2026-09-09 16:55:07 : 2733 steps taken, and 204 accepted.
[3 : mcmc] Progress @ 2026-09-09 16:55:13 : 2727 steps taken, and 209 accepted.
[0 : mcmc] Progress @ 2026-09-09 16:55:39 : 2774 steps taken, and 206 accepted.
[2 : mcmc] Progress @ 2026-09-09 16:55:56 : 2874 steps taken, and 216 accepted.
[1 : mcmc] Progress @ 2026-09-09 16:56:07 : 2825 steps taken, and 211 accepted.
[3 : mcmc] Progress @ 2026-09-09 16:56:13 : 2819 steps taken, and 216 accepted.
[0 : mcmc] Progress @ 2026-09-09 16:56:40 : 2868 steps taken, and 214 accepted.
[2 : mcmc] Progress @ 2026-09-09 16:56:56 : 2967 steps taken, and 223 accepted.
[1 : mcmc] Progress @ 2026-09-09 16:57:09 : 2922 steps taken, and 219 accepted.
[3 : mcmc] Progress @ 2026-09-09 16:57:20 : 2895 steps taken, and 222 accepted.
[0 : mcmc] Progress @ 2026-09-09 16:57:40 : 2929 steps taken, and 218 accepted.
[2 : mcmc] Progress @ 2026-09-09 16:58:09 : 3053 steps taken, and 230 accepted.
[1 : mcmc] Progress @ 2026-09-09 16:58:13 : 3024 steps taken, and 226 accepted.
[3 : mcmc] Progress @ 2026-09-09 16:58:24 : 2964 steps taken, and 227 accepted.
[0 : mcmc] Progress @ 2026-09-09 16:58:55 : 3055 steps taken, and 227 accepted.
[2 : mcmc] Progress @ 2026-09-09 16:59:10 : 3144 steps taken, and 237 accepted.
[1 : mcmc] Progress @ 2026-09-09 16:59:13 : 3116 steps taken, and 234 accepted.
[3 : mcmc] Progress @ 2026-09-09 16:59:25 : 2998 steps taken, and 230 accepted.
[0 : mcmc] Progress @ 2026-09-09 16:59:55 : 3146 steps taken, and 235 accepted.
[2 : mcmc] Progress @ 2026-09-09 17:00:10 : 3203 steps taken, and 242 accepted.
[3 : mcmc] Progress @ 2026-09-09 17:00:26 : 3123 steps taken, and 240 accepted.
[1 : mcmc] Progress @ 2026-09-09 17:00:27 : 3206 steps taken, and 241 accepted.
[0 : mcmc] Progress @ 2026-09-09 17:00:55 : 3239 steps taken, and 242 accepted.
[2 : mcmc] Progress @ 2026-09-09 17:01:10 : 3296 steps taken, and 249 accepted.
[3 : mcmc] Progress @ 2026-09-09 17:01:26 : 3186 steps taken, and 244 accepted.
[1 : mcmc] Progress @ 2026-09-09 17:01:27 : 3299 steps taken, and 248 accepted.
[0 : mcmc] Progress @ 2026-09-09 17:01:56 : 3299 steps taken, and 247 accepted.
[2 : mcmc] Progress @ 2026-09-09 17:02:21 : 3345 steps taken, and 253 accepted.
[1 : mcmc] Progress @ 2026-09-09 17:02:27 : 3361 steps taken, and 253 accepted.
[3 : mcmc] Progress @ 2026-09-09 17:02:38 : 3275 steps taken, and 251 accepted.
[0 : mcmc] Progress @ 2026-09-09 17:02:56 : 3391 steps taken, and 254 accepted.
[2 : mcmc] Progress @ 2026-09-09 17:03:21 : 3403 steps taken, and 257 accepted.
[1 : mcmc] Progress @ 2026-09-09 17:03:27 : 3453 steps taken, and 260 accepted.
[3 : mcmc] Progress @ 2026-09-09 17:03:39 : 3400 steps taken, and 261 accepted.
[0 : mcmc] Progress @ 2026-09-09 17:03:58 : 3422 steps taken, and 256 accepted.
[2 : mcmc] Progress @ 2026-09-09 17:04:21 : 3493 steps taken, and 264 accepted.
[1 : mcmc] Progress @ 2026-09-09 17:04:27 : 3580 steps taken, and 270 accepted.
[3 : mcmc] Progress @ 2026-09-09 17:04:39 : 3462 steps taken, and 266 accepted.
[0 : mcmc] Progress @ 2026-09-09 17:04:58 : 3514 steps taken, and 263 accepted.
[1 : mcmc] Progress @ 2026-09-09 17:05:27 : 3673 steps taken, and 277 accepted.
[2 : mcmc] Progress @ 2026-09-09 17:05:32 : 3606 steps taken, and 272 accepted.
[3 : mcmc] Progress @ 2026-09-09 17:05:48 : 3544 steps taken, and 271 accepted.
[0 : mcmc] Progress @ 2026-09-09 17:05:59 : 3573 steps taken, and 268 accepted.
[1 : mcmc] Progress @ 2026-09-09 17:06:28 : 3800 steps taken, and 286 accepted.
[2 : mcmc] Progress @ 2026-09-09 17:06:32 : 3665 steps taken, and 277 accepted.
[3 : mcmc] Progress @ 2026-09-09 17:06:49 : 3638 steps taken, and 278 accepted.
[0 : mcmc] Progress @ 2026-09-09 17:06:59 : 3664 steps taken, and 275 accepted.
[1 : mcmc] Progress @ 2026-09-09 17:07:28 : 3893 steps taken, and 294 accepted.
[2 : mcmc] Progress @ 2026-09-09 17:07:33 : 3726 steps taken, and 282 accepted.
[3 : mcmc] Progress @ 2026-09-09 17:07:49 : 3701 steps taken, and 283 accepted.
[0 : mcmc] Progress @ 2026-09-09 17:07:59 : 3725 steps taken, and 280 accepted.
[1 : mcmc] Progress @ 2026-09-09 17:08:28 : 3987 steps taken, and 301 accepted.
[2 : mcmc] Progress @ 2026-09-09 17:08:39 : 3799 steps taken, and 287 accepted.
[3 : mcmc] Progress @ 2026-09-09 17:08:49 : 3796 steps taken, and 290 accepted.
[0 : mcmc] Progress @ 2026-09-09 17:08:59 : 3817 steps taken, and 287 accepted.
[2 : mcmc] Progress @ 2026-09-09 17:09:39 : 3922 steps taken, and 297 accepted.
[1 : mcmc] Progress @ 2026-09-09 17:09:43 : 4112 steps taken, and 310 accepted.
[3 : mcmc] Progress @ 2026-09-09 17:09:50 : 3858 steps taken, and 295 accepted.
[0 : mcmc] Progress @ 2026-09-09 17:10:00 : 3880 steps taken, and 291 accepted.
[2 : mcmc] Progress @ 2026-09-09 17:10:43 : 3992 steps taken, and 302 accepted.
[1 : mcmc] Progress @ 2026-09-09 17:10:43 : 4206 steps taken, and 317 accepted.
[3 : mcmc] Progress @ 2026-09-09 17:10:50 : 3954 steps taken, and 303 accepted.
[0 : mcmc] Progress @ 2026-09-09 17:11:04 : 3953 steps taken, and 297 accepted.
[2 : mcmc] Progress @ 2026-09-09 17:11:43 : 4053 steps taken, and 307 accepted.
[1 : mcmc] Progress @ 2026-09-09 17:11:44 : 4333 steps taken, and 327 accepted.
[3 : mcmc] Progress @ 2026-09-09 17:11:50 : 4048 steps taken, and 310 accepted.
[0 : mcmc] Progress @ 2026-09-09 17:12:18 : 4044 steps taken, and 304 accepted.
[2 : mcmc] Progress @ 2026-09-09 17:12:43 : 4144 steps taken, and 314 accepted.
[1 : mcmc] Progress @ 2026-09-09 17:12:44 : 4392 steps taken, and 331 accepted.
[3 : mcmc] Progress @ 2026-09-09 17:12:51 : 4110 steps taken, and 315 accepted.
[0 : mcmc] Progress @ 2026-09-09 17:13:18 : 4139 steps taken, and 312 accepted.
[2 : mcmc] Progress @ 2026-09-09 17:13:43 : 4208 steps taken, and 319 accepted.
[3 : mcmc] Progress @ 2026-09-09 17:13:51 : 4203 steps taken, and 321 accepted.
[1 : mcmc] Progress @ 2026-09-09 17:13:52 : 4468 steps taken, and 337 accepted.
[0 : mcmc] Progress @ 2026-09-09 17:14:19 : 4232 steps taken, and 319 accepted.
[3 : mcmc] Progress @ 2026-09-09 17:14:51 : 4297 steps taken, and 328 accepted.
[1 : mcmc] Progress @ 2026-09-09 17:14:52 : 4560 steps taken, and 344 accepted.
[2 : mcmc] Progress @ 2026-09-09 17:14:53 : 4286 steps taken, and 325 accepted.
[0 : mcmc] Progress @ 2026-09-09 17:15:19 : 4295 steps taken, and 324 accepted.
[3 : mcmc] Progress @ 2026-09-09 17:15:51 : 4361 steps taken, and 333 accepted.
[1 : mcmc] Progress @ 2026-09-09 17:15:52 : 4619 steps taken, and 348 accepted.
[2 : mcmc] Progress @ 2026-09-09 17:15:54 : 4378 steps taken, and 332 accepted.
[0 : mcmc] Progress @ 2026-09-09 17:16:20 : 4390 steps taken, and 331 accepted.
[3 : mcmc] Progress @ 2026-09-09 17:16:51 : 4423 steps taken, and 337 accepted.
[1 : mcmc] Progress @ 2026-09-09 17:16:53 : 4746 steps taken, and 358 accepted.
[2 : mcmc] Progress @ 2026-09-09 17:16:54 : 4438 steps taken, and 336 accepted.
[1 : mcmc] Learn + convergence test @ 360 samples accepted.
[1 : mcmc] Ready to check convergence and learn a new proposal covmat (waiting for the rest...)
[0 : mcmc] Progress @ 2026-09-09 17:17:20 : 4452 steps taken, and 336 accepted.
[1 : mcmc] Progress @ 2026-09-09 17:17:53 : 4840 steps taken, and 365 accepted.
[2 : mcmc] Progress @ 2026-09-09 17:17:54 : 4531 steps taken, and 344 accepted.
[3 : mcmc] Progress @ 2026-09-09 17:18:05 : 4545 steps taken, and 347 accepted.
[0 : mcmc] Progress @ 2026-09-09 17:18:24 : 4522 steps taken, and 341 accepted.
[1 : mcmc] Progress @ 2026-09-09 17:18:53 : 4965 steps taken, and 375 accepted.
[2 : mcmc] Progress @ 2026-09-09 17:18:56 : 4627 steps taken, and 351 accepted.
[3 : mcmc] Progress @ 2026-09-09 17:19:16 : 4629 steps taken, and 353 accepted.
[0 : mcmc] Progress @ 2026-09-09 17:19:24 : 4616 steps taken, and 348 accepted.
[2 : mcmc] Progress @ 2026-09-09 17:19:56 : 4718 steps taken, and 357 accepted.
[1 : mcmc] Progress @ 2026-09-09 17:20:09 : 5060 steps taken, and 381 accepted.
[3 : mcmc] Learn + convergence test @ 360 samples accepted.
[3 : mcmc] Ready to check convergence and learn a new proposal covmat (waiting for the rest...)
[3 : mcmc] Progress @ 2026-09-09 17:20:16 : 4721 steps taken, and 360 accepted.
[2 : mcmc] Learn + convergence test @ 360 samples accepted.
[2 : mcmc] Ready to check convergence and learn a new proposal covmat (waiting for the rest...)
[0 : mcmc] Progress @ 2026-09-09 17:20:24 : 4711 steps taken, and 356 accepted.
[2 : mcmc] Progress @ 2026-09-09 17:20:56 : 4777 steps taken, and 363 accepted.
[0 : mcmc] Learn + convergence test @ 360 samples accepted.
[0 : mcmc] Ready to check convergence and learn a new proposal covmat (waiting for the rest...)
[0 : mcmc] All chains are ready to check convergence and learn a new proposal covmat
[1 : mcmc] Progress @ 2026-09-09 17:21:10 : 5155 steps taken, and 389 accepted.
[3 : mcmc] Progress @ 2026-09-09 17:21:16 : 4782 steps taken, and 365 accepted.
[0 : mcmc]  - Acceptance rate: 0.993 = avg([1.0000, 0.9898, 0.9946, 0.9892])
[0 : mcmc]  - Convergence of means: R-1 = 43.492877 after 1482 accepted steps = sum([360, 390, 366, 366])
[0 : mcmc] Convergence less than requested for updates: waiting until the next convergence check.
[0 : mcmc] Progress @ 2026-09-09 17:21:40 : 4769 steps taken, and 360 accepted.
[2 : mcmc] Progress @ 2026-09-09 17:22:07 : 4843 steps taken, and 368 accepted.
[1 : mcmc] Progress @ 2026-09-09 17:22:10 : 5245 steps taken, and 396 accepted.
[3 : mcmc] Progress @ 2026-09-09 17:22:23 : 4856 steps taken, and 371 accepted.
[0 : mcmc] Progress @ 2026-09-09 17:22:40 : 4863 steps taken, and 367 accepted.
[1 : mcmc] Progress @ 2026-09-09 17:23:10 : 5338 steps taken, and 403 accepted.
[2 : mcmc] Progress @ 2026-09-09 17:23:17 : 4923 steps taken, and 374 accepted.
[3 : mcmc] Progress @ 2026-09-09 17:23:23 : 4948 steps taken, and 378 accepted.
[0 : mcmc] Progress @ 2026-09-09 17:23:54 : 4921 steps taken, and 372 accepted.
[2 : mcmc] Progress @ 2026-09-09 17:24:18 : 5015 steps taken, and 381 accepted.
[3 : mcmc] Progress @ 2026-09-09 17:24:23 : 5012 steps taken, and 383 accepted.
[1 : mcmc] Progress @ 2026-09-09 17:24:27 : 5462 steps taken, and 412 accepted.
[0 : mcmc] Progress @ 2026-09-09 17:24:55 : 5016 steps taken, and 378 accepted.
[2 : mcmc] Progress @ 2026-09-09 17:25:18 : 5109 steps taken, and 388 accepted.
[1 : mcmc] Progress @ 2026-09-09 17:25:27 : 5553 steps taken, and 419 accepted.
[3 : mcmc] Progress @ 2026-09-09 17:25:28 : 5085 steps taken, and 388 accepted.
[0 : mcmc] Progress @ 2026-09-09 17:25:55 : 5080 steps taken, and 384 accepted.
[2 : mcmc] Progress @ 2026-09-09 17:26:18 : 5234 steps taken, and 397 accepted.
[3 : mcmc] Progress @ 2026-09-09 17:26:29 : 5178 steps taken, and 396 accepted.
[1 : mcmc] Progress @ 2026-09-09 17:26:34 : 5661 steps taken, and 428 accepted.
[0 : mcmc] Progress @ 2026-09-09 17:26:59 : 5180 steps taken, and 391 accepted.
[2 : mcmc] Progress @ 2026-09-09 17:27:26 : 5310 steps taken, and 403 accepted.
[3 : mcmc] Progress @ 2026-09-09 17:27:29 : 5241 steps taken, and 401 accepted.
[1 : mcmc] Progress @ 2026-09-09 17:27:48 : 5783 steps taken, and 437 accepted.
[0 : mcmc] Progress @ 2026-09-09 17:28:02 : 5248 steps taken, and 396 accepted.
[2 : mcmc] Progress @ 2026-09-09 17:28:27 : 5402 steps taken, and 411 accepted.
[3 : mcmc] Progress @ 2026-09-09 17:28:29 : 5335 steps taken, and 408 accepted.
[1 : mcmc] Progress @ 2026-09-09 17:28:49 : 5910 steps taken, and 447 accepted.
[0 : mcmc] Progress @ 2026-09-09 17:29:02 : 5341 steps taken, and 403 accepted.
[2 : mcmc] Progress @ 2026-09-09 17:29:27 : 5494 steps taken, and 418 accepted.
[3 : mcmc] Progress @ 2026-09-09 17:29:40 : 5389 steps taken, and 412 accepted.
[0 : mcmc] Progress @ 2026-09-09 17:30:04 : 5406 steps taken, and 408 accepted.
[1 : mcmc] Progress @ 2026-09-09 17:30:05 : 6002 steps taken, and 454 accepted.
[2 : mcmc] Progress @ 2026-09-09 17:30:27 : 5555 steps taken, and 422 accepted.
[3 : mcmc] Progress @ 2026-09-09 17:30:41 : 5484 steps taken, and 419 accepted.
[1 : mcmc] Progress @ 2026-09-09 17:31:05 : 6095 steps taken, and 461 accepted.
[0 : mcmc] Progress @ 2026-09-09 17:31:10 : 5479 steps taken, and 414 accepted.
[2 : mcmc] Progress @ 2026-09-09 17:31:28 : 5648 steps taken, and 429 accepted.
[3 : mcmc] Progress @ 2026-09-09 17:31:45 : 5556 steps taken, and 425 accepted.
[1 : mcmc] Progress @ 2026-09-09 17:32:05 : 6189 steps taken, and 467 accepted.
[0 : mcmc] Progress @ 2026-09-09 17:32:11 : 5571 steps taken, and 420 accepted.
[2 : mcmc] Progress @ 2026-09-09 17:32:28 : 5740 steps taken, and 437 accepted.
[3 : mcmc] Progress @ 2026-09-09 17:32:45 : 5683 steps taken, and 434 accepted.
[1 : mcmc] Progress @ 2026-09-09 17:33:05 : 6248 steps taken, and 472 accepted.
[0 : mcmc] Progress @ 2026-09-09 17:33:21 : 5649 steps taken, and 427 accepted.
[2 : mcmc] Progress @ 2026-09-09 17:33:28 : 5801 steps taken, and 441 accepted.
[3 : mcmc] Progress @ 2026-09-09 17:33:45 : 5809 steps taken, and 444 accepted.
[1 : mcmc] Progress @ 2026-09-09 17:34:19 : 6335 steps taken, and 477 accepted.
[0 : mcmc] Progress @ 2026-09-09 17:34:21 : 5709 steps taken, and 431 accepted.
[2 : mcmc] Progress @ 2026-09-09 17:34:43 : 5891 steps taken, and 447 accepted.
[3 : mcmc] Progress @ 2026-09-09 17:34:46 : 5904 steps taken, and 452 accepted.
[1 : mcmc] Progress @ 2026-09-09 17:35:19 : 6395 steps taken, and 482 accepted.
[0 : mcmc] Progress @ 2026-09-09 17:35:21 : 5799 steps taken, and 438 accepted.
[2 : mcmc] Progress @ 2026-09-09 17:35:54 : 6006 steps taken, and 456 accepted.
[3 : mcmc] Progress @ 2026-09-09 17:35:55 : 5987 steps taken, and 458 accepted.
[0 : mcmc] Progress @ 2026-09-09 17:36:21 : 5892 steps taken, and 445 accepted.
[1 : mcmc] Progress @ 2026-09-09 17:36:25 : 6469 steps taken, and 488 accepted.
[2 : mcmc] Progress @ 2026-09-09 17:36:54 : 6098 steps taken, and 463 accepted.
[3 : mcmc] Progress @ 2026-09-09 17:36:56 : 6050 steps taken, and 463 accepted.
[0 : mcmc] Progress @ 2026-09-09 17:37:21 : 5952 steps taken, and 450 accepted.
[1 : mcmc] Progress @ 2026-09-09 17:37:25 : 6563 steps taken, and 495 accepted.
[2 : mcmc] Progress @ 2026-09-09 17:37:54 : 6158 steps taken, and 468 accepted.
[3 : mcmc] Progress @ 2026-09-09 17:37:56 : 6145 steps taken, and 470 accepted.
[0 : mcmc] Progress @ 2026-09-09 17:38:22 : 6046 steps taken, and 457 accepted.
[1 : mcmc] Progress @ 2026-09-09 17:38:26 : 6655 steps taken, and 502 accepted.
[2 : mcmc] Progress @ 2026-09-09 17:38:55 : 6219 steps taken, and 472 accepted.
[3 : mcmc] Progress @ 2026-09-09 17:38:56 : 6239 steps taken, and 477 accepted.
[1 : mcmc] Progress @ 2026-09-09 17:39:26 : 6714 steps taken, and 507 accepted.
[0 : mcmc] Progress @ 2026-09-09 17:39:28 : 6153 steps taken, and 465 accepted.
[3 : mcmc] Progress @ 2026-09-09 17:40:01 : 6314 steps taken, and 483 accepted.
[2 : mcmc] Progress @ 2026-09-09 17:40:04 : 6296 steps taken, and 477 accepted.
[0 : mcmc] Progress @ 2026-09-09 17:40:29 : 6248 steps taken, and 472 accepted.
[1 : mcmc] Progress @ 2026-09-09 17:40:30 : 6818 steps taken, and 514 accepted.
[3 : mcmc] Progress @ 2026-09-09 17:41:01 : 6409 steps taken, and 490 accepted.
[2 : mcmc] Progress @ 2026-09-09 17:41:06 : 6392 steps taken, and 484 accepted.
[1 : mcmc] Progress @ 2026-09-09 17:41:30 : 6911 steps taken, and 522 accepted.
[0 : mcmc] Progress @ 2026-09-09 17:41:33 : 6317 steps taken, and 477 accepted.
[3 : mcmc] Progress @ 2026-09-09 17:42:01 : 6503 steps taken, and 498 accepted.
[2 : mcmc] Progress @ 2026-09-09 17:42:06 : 6487 steps taken, and 492 accepted.
[1 : mcmc] Progress @ 2026-09-09 17:42:31 : 6970 steps taken, and 525 accepted.
[0 : mcmc] Progress @ 2026-09-09 17:42:47 : 6370 steps taken, and 481 accepted.
[3 : mcmc] Progress @ 2026-09-09 17:43:01 : 6564 steps taken, and 502 accepted.
[2 : mcmc] Progress @ 2026-09-09 17:43:16 : 6568 steps taken, and 498 accepted.
[1 : mcmc] Progress @ 2026-09-09 17:43:31 : 7030 steps taken, and 530 accepted.
[0 : mcmc] Progress @ 2026-09-09 17:43:47 : 6494 steps taken, and 491 accepted.
[3 : mcmc] Progress @ 2026-09-09 17:44:02 : 6628 steps taken, and 507 accepted.
[2 : mcmc] Progress @ 2026-09-09 17:44:17 : 6661 steps taken, and 505 accepted.
[1 : mcmc] Progress @ 2026-09-09 17:44:31 : 7123 steps taken, and 537 accepted.
[0 : mcmc] Progress @ 2026-09-09 17:44:47 : 6588 steps taken, and 498 accepted.
[3 : mcmc] Progress @ 2026-09-09 17:45:02 : 6722 steps taken, and 515 accepted.
[2 : mcmc] Progress @ 2026-09-09 17:45:17 : 6723 steps taken, and 510 accepted.
[1 : mcmc] Progress @ 2026-09-09 17:45:32 : 7185 steps taken, and 542 accepted.
[0 : mcmc] Progress @ 2026-09-09 17:45:59 : 6642 steps taken, and 502 accepted.
[3 : mcmc] Progress @ 2026-09-09 17:46:02 : 6782 steps taken, and 519 accepted.
[2 : mcmc] Progress @ 2026-09-09 17:46:17 : 6785 steps taken, and 515 accepted.
[1 : mcmc] Progress @ 2026-09-09 17:46:32 : 7278 steps taken, and 549 accepted.
[3 : mcmc] Progress @ 2026-09-09 17:47:02 : 6873 steps taken, and 526 accepted.
[0 : mcmc] Progress @ 2026-09-09 17:47:09 : 6753 steps taken, and 509 accepted.
[2 : mcmc] Progress @ 2026-09-09 17:47:22 : 6888 steps taken, and 522 accepted.
[1 : mcmc] Progress @ 2026-09-09 17:47:32 : 7340 steps taken, and 554 accepted.
[3 : mcmc] Progress @ 2026-09-09 17:48:08 : 6947 steps taken, and 530 accepted.
[0 : mcmc] Progress @ 2026-09-09 17:48:09 : 6846 steps taken, and 517 accepted.
[2 : mcmc] Progress @ 2026-09-09 17:48:23 : 6950 steps taken, and 527 accepted.
[1 : mcmc] Progress @ 2026-09-09 17:48:33 : 7400 steps taken, and 559 accepted.
[3 : mcmc] Progress @ 2026-09-09 17:49:10 : 7011 steps taken, and 535 accepted.
[0 : mcmc] Progress @ 2026-09-09 17:49:20 : 6930 steps taken, and 523 accepted.
[2 : mcmc] Progress @ 2026-09-09 17:49:25 : 7015 steps taken, and 532 accepted.
[1 : mcmc] Progress @ 2026-09-09 17:49:33 : 7493 steps taken, and 565 accepted.
[3 : mcmc] Progress @ 2026-09-09 17:50:10 : 7104 steps taken, and 542 accepted.
[0 : mcmc] Progress @ 2026-09-09 17:50:20 : 7023 steps taken, and 531 accepted.
[2 : mcmc] Progress @ 2026-09-09 17:50:25 : 7140 steps taken, and 540 accepted.
[1 : mcmc] Progress @ 2026-09-09 17:50:41 : 7569 steps taken, and 571 accepted.
[3 : mcmc] Progress @ 2026-09-09 17:51:16 : 7210 steps taken, and 550 accepted.
[0 : mcmc] Progress @ 2026-09-09 17:51:20 : 7116 steps taken, and 538 accepted.
[2 : mcmc] Progress @ 2026-09-09 17:51:29 : 7209 steps taken, and 546 accepted.
[1 : mcmc] Progress @ 2026-09-09 17:51:41 : 7663 steps taken, and 578 accepted.
[3 : mcmc] Progress @ 2026-09-09 17:52:16 : 7270 steps taken, and 555 accepted.
[0 : mcmc] Progress @ 2026-09-09 17:52:26 : 7190 steps taken, and 543 accepted.
[2 : mcmc] Progress @ 2026-09-09 17:52:34 : 7248 steps taken, and 548 accepted.
[1 : mcmc] Progress @ 2026-09-09 17:52:41 : 7722 steps taken, and 583 accepted.
[3 : mcmc] Progress @ 2026-09-09 17:53:17 : 7364 steps taken, and 561 accepted.
[0 : mcmc] Progress @ 2026-09-09 17:53:33 : 7265 steps taken, and 549 accepted.
[2 : mcmc] Progress @ 2026-09-09 17:53:34 : 7340 steps taken, and 556 accepted.
[1 : mcmc] Progress @ 2026-09-09 17:53:42 : 7782 steps taken, and 588 accepted.
[3 : mcmc] Progress @ 2026-09-09 17:54:24 : 7440 steps taken, and 567 accepted.
[0 : mcmc] Progress @ 2026-09-09 17:54:34 : 7327 steps taken, and 554 accepted.
[2 : mcmc] Progress @ 2026-09-09 17:54:35 : 7433 steps taken, and 563 accepted.
[1 : mcmc] Progress @ 2026-09-09 17:54:42 : 7843 steps taken, and 593 accepted.
[3 : mcmc] Progress @ 2026-09-09 17:55:24 : 7533 steps taken, and 574 accepted.
[0 : mcmc] Progress @ 2026-09-09 17:55:34 : 7420 steps taken, and 561 accepted.
[2 : mcmc] Progress @ 2026-09-09 17:55:35 : 7525 steps taken, and 570 accepted.
[1 : mcmc] Progress @ 2026-09-09 17:55:42 : 7935 steps taken, and 600 accepted.
[0 : mcmc] Progress @ 2026-09-09 17:56:34 : 7481 steps taken, and 566 accepted.
[3 : mcmc] Progress @ 2026-09-09 17:56:36 : 7587 steps taken, and 578 accepted.
[2 : mcmc] Progress @ 2026-09-09 17:56:40 : 7597 steps taken, and 575 accepted.
[1 : mcmc] Progress @ 2026-09-09 17:56:42 : 7995 steps taken, and 604 accepted.
[0 : mcmc] Progress @ 2026-09-09 17:57:34 : 7540 steps taken, and 570 accepted.
[3 : mcmc] Progress @ 2026-09-09 17:57:37 : 7679 steps taken, and 585 accepted.
[2 : mcmc] Progress @ 2026-09-09 17:57:40 : 7687 steps taken, and 582 accepted.
[1 : mcmc] Progress @ 2026-09-09 17:57:42 : 8055 steps taken, and 609 accepted.
[0 : mcmc] Progress @ 2026-09-09 17:58:34 : 7632 steps taken, and 577 accepted.
[2 : mcmc] Progress @ 2026-09-09 17:58:41 : 7746 steps taken, and 587 accepted.
[1 : mcmc] Progress @ 2026-09-09 17:58:42 : 8149 steps taken, and 615 accepted.
[3 : mcmc] Progress @ 2026-09-09 17:58:46 : 7757 steps taken, and 591 accepted.
[0 : mcmc] Progress @ 2026-09-09 17:59:34 : 7726 steps taken, and 584 accepted.
[2 : mcmc] Progress @ 2026-09-09 17:59:41 : 7838 steps taken, and 594 accepted.
[3 : mcmc] Progress @ 2026-09-09 17:59:46 : 7818 steps taken, and 595 accepted.
[1 : mcmc] Progress @ 2026-09-09 17:59:48 : 8222 steps taken, and 620 accepted.
[0 : mcmc] Progress @ 2026-09-09 18:00:35 : 7818 steps taken, and 591 accepted.
[1 : mcmc] Progress @ 2026-09-09 18:00:48 : 8316 steps taken, and 627 accepted.
[3 : mcmc] Progress @ 2026-09-09 18:00:51 : 7921 steps taken, and 604 accepted.
[2 : mcmc] Progress @ 2026-09-09 18:00:54 : 7896 steps taken, and 598 accepted.
[0 : mcmc] Progress @ 2026-09-09 18:01:35 : 7848 steps taken, and 594 accepted.
[1 : mcmc] Progress @ 2026-09-09 18:01:51 : 8382 steps taken, and 632 accepted.
[3 : mcmc] Progress @ 2026-09-09 18:01:52 : 7983 steps taken, and 609 accepted.
[2 : mcmc] Progress @ 2026-09-09 18:01:55 : 7989 steps taken, and 606 accepted.
[0 : mcmc] Progress @ 2026-09-09 18:02:35 : 7941 steps taken, and 601 accepted.
[1 : mcmc] Progress @ 2026-09-09 18:02:51 : 8476 steps taken, and 639 accepted.
[3 : mcmc] Progress @ 2026-09-09 18:02:52 : 8078 steps taken, and 616 accepted.
[2 : mcmc] Progress @ 2026-09-09 18:02:55 : 8084 steps taken, and 613 accepted.
[0 : mcmc] Progress @ 2026-09-09 18:03:36 : 8034 steps taken, and 608 accepted.
[3 : mcmc] Progress @ 2026-09-09 18:03:53 : 8140 steps taken, and 621 accepted.
[2 : mcmc] Progress @ 2026-09-09 18:03:55 : 8179 steps taken, and 620 accepted.
[1 : mcmc] Progress @ 2026-09-09 18:04:08 : 8537 steps taken, and 644 accepted.
[0 : mcmc] Progress @ 2026-09-09 18:04:49 : 8120 steps taken, and 615 accepted.
[3 : mcmc] Progress @ 2026-09-09 18:04:53 : 8265 steps taken, and 629 accepted.
[2 : mcmc] Progress @ 2026-09-09 18:05:04 : 8259 steps taken, and 627 accepted.
[1 : mcmc] Progress @ 2026-09-09 18:05:15 : 8644 steps taken, and 652 accepted.
[0 : mcmc] Progress @ 2026-09-09 18:05:49 : 8179 steps taken, and 619 accepted.
[3 : mcmc] Progress @ 2026-09-09 18:05:53 : 8324 steps taken, and 633 accepted.
[2 : mcmc] Progress @ 2026-09-09 18:06:13 : 8370 steps taken, and 634 accepted.
[1 : mcmc] Progress @ 2026-09-09 18:06:16 : 8736 steps taken, and 659 accepted.
[0 : mcmc] Progress @ 2026-09-09 18:06:50 : 8237 steps taken, and 624 accepted.
[3 : mcmc] Progress @ 2026-09-09 18:06:53 : 8416 steps taken, and 641 accepted.
[2 : mcmc] Progress @ 2026-09-09 18:07:13 : 8400 steps taken, and 636 accepted.
[1 : mcmc] Progress @ 2026-09-09 18:07:17 : 8799 steps taken, and 664 accepted.
[0 : mcmc] Progress @ 2026-09-09 18:07:50 : 8330 steps taken, and 631 accepted.
[3 : mcmc] Progress @ 2026-09-09 18:07:53 : 8476 steps taken, and 645 accepted.
[2 : mcmc] Progress @ 2026-09-09 18:08:13 : 8525 steps taken, and 646 accepted.
[1 : mcmc] Progress @ 2026-09-09 18:08:17 : 8891 steps taken, and 671 accepted.
[0 : mcmc] Progress @ 2026-09-09 18:08:50 : 8389 steps taken, and 636 accepted.
[3 : mcmc] Progress @ 2026-09-09 18:08:53 : 8571 steps taken, and 652 accepted.
[2 : mcmc] Progress @ 2026-09-09 18:09:14 : 8618 steps taken, and 653 accepted.
[1 : mcmc] Progress @ 2026-09-09 18:09:17 : 8983 steps taken, and 678 accepted.
[3 : mcmc] Progress @ 2026-09-09 18:09:53 : 8633 steps taken, and 658 accepted.
[0 : mcmc] Progress @ 2026-09-09 18:10:02 : 8473 steps taken, and 642 accepted.
[2 : mcmc] Progress @ 2026-09-09 18:10:14 : 8680 steps taken, and 658 accepted.
[1 : mcmc] Progress @ 2026-09-09 18:10:17 : 9078 steps taken, and 685 accepted.
[3 : mcmc] Progress @ 2026-09-09 18:10:54 : 8726 steps taken, and 664 accepted.
[0 : mcmc] Progress @ 2026-09-09 18:11:02 : 8565 steps taken, and 649 accepted.
[2 : mcmc] Progress @ 2026-09-09 18:11:16 : 8742 steps taken, and 663 accepted.
[1 : mcmc] Progress @ 2026-09-09 18:11:30 : 9130 steps taken, and 689 accepted.
[3 : mcmc] Progress @ 2026-09-09 18:11:56 : 8796 steps taken, and 670 accepted.
[0 : mcmc] Progress @ 2026-09-09 18:12:02 : 8658 steps taken, and 656 accepted.
[2 : mcmc] Progress @ 2026-09-09 18:12:19 : 8841 steps taken, and 670 accepted.
[1 : mcmc] Progress @ 2026-09-09 18:12:30 : 9222 steps taken, and 697 accepted.
[3 : mcmc] Progress @ 2026-09-09 18:12:56 : 8891 steps taken, and 677 accepted.
[0 : mcmc] Progress @ 2026-09-09 18:13:12 : 8736 steps taken, and 661 accepted.
[1 : mcmc] Progress @ 2026-09-09 18:13:30 : 9283 steps taken, and 701 accepted.
[2 : mcmc] Progress @ 2026-09-09 18:13:32 : 8926 steps taken, and 677 accepted.
[3 : mcmc] Progress @ 2026-09-09 18:13:56 : 9018 steps taken, and 686 accepted.
[0 : mcmc] Progress @ 2026-09-09 18:14:12 : 8831 steps taken, and 669 accepted.
[1 : mcmc] Progress @ 2026-09-09 18:14:30 : 9377 steps taken, and 709 accepted.
[2 : mcmc] Progress @ 2026-09-09 18:14:32 : 8986 steps taken, and 681 accepted.
[3 : mcmc] Progress @ 2026-09-09 18:14:57 : 9082 steps taken, and 691 accepted.
[0 : mcmc] Progress @ 2026-09-09 18:15:12 : 8959 steps taken, and 678 accepted.
[1 : mcmc] Progress @ 2026-09-09 18:15:30 : 9471 steps taken, and 716 accepted.
[2 : mcmc] Progress @ 2026-09-09 18:15:32 : 9078 steps taken, and 688 accepted.
[3 : mcmc] Progress @ 2026-09-09 18:15:57 : 9145 steps taken, and 697 accepted.
[1 : mcmc] Learn + convergence test @ 720 samples accepted.
[1 : mcmc] Ready to check convergence and learn a new proposal covmat (waiting for the rest...)
[0 : mcmc] Progress @ 2026-09-09 18:16:15 : 9021 steps taken, and 683 accepted.
[1 : mcmc] Progress @ 2026-09-09 18:16:34 : 9538 steps taken, and 721 accepted.
[2 : mcmc] Progress @ 2026-09-09 18:16:37 : 9148 steps taken, and 694 accepted.
[3 : mcmc] Progress @ 2026-09-09 18:16:57 : 9272 steps taken, and 706 accepted.
[0 : mcmc] Progress @ 2026-09-09 18:17:15 : 9114 steps taken, and 690 accepted.
[2 : mcmc] Progress @ 2026-09-09 18:17:37 : 9209 steps taken, and 697 accepted.
[1 : mcmc] Progress @ 2026-09-09 18:17:47 : 9624 steps taken, and 728 accepted.
[3 : mcmc] Progress @ 2026-09-09 18:17:57 : 9333 steps taken, and 710 accepted.
[0 : mcmc] Progress @ 2026-09-09 18:18:15 : 9205 steps taken, and 697 accepted.
[2 : mcmc] Progress @ 2026-09-09 18:18:37 : 9300 steps taken, and 705 accepted.
[1 : mcmc] Progress @ 2026-09-09 18:18:47 : 9716 steps taken, and 735 accepted.
[3 : mcmc] Progress @ 2026-09-09 18:19:07 : 9416 steps taken, and 717 accepted.
[0 : mcmc] Progress @ 2026-09-09 18:19:26 : 9288 steps taken, and 704 accepted.
[3 : mcmc] Learn + convergence test @ 720 samples accepted.
[3 : mcmc] Ready to check convergence and learn a new proposal covmat (waiting for the rest...)
[1 : mcmc] Progress @ 2026-09-09 18:19:47 : 9808 steps taken, and 742 accepted.
[2 : mcmc] Progress @ 2026-09-09 18:19:52 : 9391 steps taken, and 712 accepted.
[3 : mcmc] Progress @ 2026-09-09 18:20:08 : 9511 steps taken, and 724 accepted.
[0 : mcmc] Progress @ 2026-09-09 18:20:26 : 9350 steps taken, and 709 accepted.
[1 : mcmc] Progress @ 2026-09-09 18:20:48 : 9899 steps taken, and 749 accepted.
[2 : mcmc] Progress @ 2026-09-09 18:20:58 : 9461 steps taken, and 717 accepted.
[3 : mcmc] Progress @ 2026-09-09 18:21:08 : 9575 steps taken, and 729 accepted.
[2 : mcmc] Learn + convergence test @ 720 samples accepted.
[2 : mcmc] Ready to check convergence and learn a new proposal covmat (waiting for the rest...)
[0 : mcmc] Progress @ 2026-09-09 18:21:27 : 9443 steps taken, and 715 accepted.
[1 : mcmc] Progress @ 2026-09-09 18:21:48 : 9992 steps taken, and 756 accepted.
[2 : mcmc] Progress @ 2026-09-09 18:21:59 : 9587 steps taken, and 727 accepted.
[0 : mcmc] Learn + convergence test @ 720 samples accepted.
[0 : mcmc] Ready to check convergence and learn a new proposal covmat (waiting for the rest...)
[0 : mcmc] All chains are ready to check convergence and learn a new proposal covmat
[3 : mcmc] Progress @ 2026-09-09 18:22:08 : 9669 steps taken, and 736 accepted.
[0 : mcmc]  - Acceptance rate: 0.986 = avg([0.9890, 0.9845, 0.9838, 0.9866])
[0 : mcmc]  - Convergence of means: R-1 = 7.836416 after 2946 accepted steps = sum([720, 759, 730, 737])
[0 : mcmc]  - Updated covariance matrix of proposal pdf.
[0 : mcmc] Progress @ 2026-09-09 18:22:33 : 9495 steps taken, and 720 accepted.
[1 : mcmc] Progress @ 2026-09-09 18:22:50 : 10033 steps taken, and 759 accepted.
[2 : mcmc] Progress @ 2026-09-09 18:22:59 : 9678 steps taken, and 733 accepted.
[3 : mcmc] Progress @ 2026-09-09 18:23:10 : 9718 steps taken, and 740 accepted.
[0 : mcmc] Progress @ 2026-09-09 18:23:34 : 9624 steps taken, and 730 accepted.
[1 : mcmc] Progress @ 2026-09-09 18:23:50 : 10158 steps taken, and 769 accepted.
[2 : mcmc] Progress @ 2026-09-09 18:23:59 : 9771 steps taken, and 741 accepted.
[3 : mcmc] Progress @ 2026-09-09 18:24:23 : 9810 steps taken, and 747 accepted.
[0 : mcmc] Progress @ 2026-09-09 18:24:38 : 9695 steps taken, and 735 accepted.
[1 : mcmc] Progress @ 2026-09-09 18:24:50 : 10219 steps taken, and 773 accepted.
[2 : mcmc] Progress @ 2026-09-09 18:24:59 : 9864 steps taken, and 748 accepted.
[3 : mcmc] Progress @ 2026-09-09 18:25:29 : 9885 steps taken, and 753 accepted.
[0 : mcmc] Progress @ 2026-09-09 18:25:39 : 9757 steps taken, and 740 accepted.
[1 : mcmc] Progress @ 2026-09-09 18:25:50 : 10312 steps taken, and 780 accepted.
[2 : mcmc] Progress @ 2026-09-09 18:26:04 : 9932 steps taken, and 753 accepted.
[3 : mcmc] Progress @ 2026-09-09 18:26:29 : 10011 steps taken, and 763 accepted.
[0 : mcmc] Progress @ 2026-09-09 18:26:39 : 9850 steps taken, and 747 accepted.
[1 : mcmc] Progress @ 2026-09-09 18:26:51 : 10438 steps taken, and 790 accepted.
[2 : mcmc] Progress @ 2026-09-09 18:27:04 : 9990 steps taken, and 758 accepted.
[3 : mcmc] Progress @ 2026-09-09 18:27:33 : 10083 steps taken, and 768 accepted.
[0 : mcmc] Progress @ 2026-09-09 18:27:39 : 9913 steps taken, and 752 accepted.
[1 : mcmc] Progress @ 2026-09-09 18:27:51 : 10501 steps taken, and 795 accepted.
[2 : mcmc] Progress @ 2026-09-09 18:28:05 : 10082 steps taken, and 765 accepted.
[3 : mcmc] Progress @ 2026-09-09 18:28:33 : 10211 steps taken, and 778 accepted.
[0 : mcmc] Progress @ 2026-09-09 18:28:39 : 10007 steps taken, and 759 accepted.
[1 : mcmc] Progress @ 2026-09-09 18:28:51 : 10594 steps taken, and 800 accepted.
[2 : mcmc] Progress @ 2026-09-09 18:29:05 : 10175 steps taken, and 772 accepted.
[3 : mcmc] Progress @ 2026-09-09 18:29:33 : 10305 steps taken, and 785 accepted.
[0 : mcmc] Progress @ 2026-09-09 18:29:40 : 10069 steps taken, and 763 accepted.
[1 : mcmc] Progress @ 2026-09-09 18:29:55 : 10698 steps taken, and 808 accepted.
[2 : mcmc] Progress @ 2026-09-09 18:30:06 : 10269 steps taken, and 779 accepted.
[3 : mcmc] Progress @ 2026-09-09 18:30:34 : 10434 steps taken, and 795 accepted.
[0 : mcmc] Progress @ 2026-09-09 18:30:40 : 10197 steps taken, and 773 accepted.
[1 : mcmc] Progress @ 2026-09-09 18:30:55 : 10791 steps taken, and 815 accepted.
[2 : mcmc] Progress @ 2026-09-09 18:31:07 : 10332 steps taken, and 784 accepted.
[0 : mcmc] Progress @ 2026-09-09 18:31:40 : 10258 steps taken, and 777 accepted.
[3 : mcmc] Progress @ 2026-09-09 18:31:48 : 10560 steps taken, and 805 accepted.
[2 : mcmc] Progress @ 2026-09-09 18:32:08 : 10425 steps taken, and 791 accepted.
[1 : mcmc] Progress @ 2026-09-09 18:32:08 : 10846 steps taken, and 820 accepted.
[0 : mcmc] Progress @ 2026-09-09 18:32:41 : 10384 steps taken, and 786 accepted.
[3 : mcmc] Progress @ 2026-09-09 18:32:48 : 10687 steps taken, and 815 accepted.
[2 : mcmc] Progress @ 2026-09-09 18:33:08 : 10518 steps taken, and 798 accepted.
[1 : mcmc] Progress @ 2026-09-09 18:33:09 : 10939 steps taken, and 827 accepted.
[0 : mcmc] Progress @ 2026-09-09 18:33:44 : 10487 steps taken, and 794 accepted.
[3 : mcmc] Progress @ 2026-09-09 18:34:01 : 10776 steps taken, and 821 accepted.
[2 : mcmc] Progress @ 2026-09-09 18:34:08 : 10612 steps taken, and 806 accepted.
[1 : mcmc] Progress @ 2026-09-09 18:34:09 : 11032 steps taken, and 833 accepted.
[0 : mcmc] Progress @ 2026-09-09 18:34:59 : 10579 steps taken, and 801 accepted.
[3 : mcmc] Progress @ 2026-09-09 18:35:01 : 10870 steps taken, and 829 accepted.
[2 : mcmc] Progress @ 2026-09-09 18:35:09 : 10707 steps taken, and 813 accepted.
[1 : mcmc] Progress @ 2026-09-09 18:35:09 : 11093 steps taken, and 837 accepted.
[0 : mcmc] Progress @ 2026-09-09 18:36:00 : 10672 steps taken, and 807 accepted.
[3 : mcmc] Progress @ 2026-09-09 18:36:01 : 10964 steps taken, and 836 accepted.
[2 : mcmc] Progress @ 2026-09-09 18:36:09 : 10834 steps taken, and 823 accepted.
[1 : mcmc] Progress @ 2026-09-09 18:36:10 : 11219 steps taken, and 847 accepted.
[0 : mcmc] Progress @ 2026-09-09 18:37:00 : 10767 steps taken, and 815 accepted.
[2 : mcmc] Progress @ 2026-09-09 18:37:09 : 10896 steps taken, and 827 accepted.
[1 : mcmc] Progress @ 2026-09-09 18:37:10 : 11312 steps taken, and 854 accepted.
[3 : mcmc] Progress @ 2026-09-09 18:37:15 : 11053 steps taken, and 843 accepted.
[0 : mcmc] Progress @ 2026-09-09 18:38:04 : 10835 steps taken, and 820 accepted.
[3 : mcmc] Progress @ 2026-09-09 18:38:15 : 11146 steps taken, and 849 accepted.
[2 : mcmc] Progress @ 2026-09-09 18:38:15 : 11001 steps taken, and 835 accepted.
[1 : mcmc] Progress @ 2026-09-09 18:38:24 : 11401 steps taken, and 861 accepted.
[0 : mcmc] Progress @ 2026-09-09 18:39:04 : 10929 steps taken, and 827 accepted.
[3 : mcmc] Progress @ 2026-09-09 18:39:15 : 11240 steps taken, and 856 accepted.
[2 : mcmc] Progress @ 2026-09-09 18:39:15 : 11095 steps taken, and 842 accepted.
[1 : mcmc] Progress @ 2026-09-09 18:39:24 : 11492 steps taken, and 868 accepted.
[3 : mcmc] Progress @ 2026-09-09 18:40:15 : 11334 steps taken, and 863 accepted.
[2 : mcmc] Progress @ 2026-09-09 18:40:16 : 11188 steps taken, and 850 accepted.
[0 : mcmc] Progress @ 2026-09-09 18:40:17 : 11018 steps taken, and 834 accepted.
[1 : mcmc] Progress @ 2026-09-09 18:40:25 : 11585 steps taken, and 875 accepted.
[3 : mcmc] Progress @ 2026-09-09 18:41:16 : 11428 steps taken, and 871 accepted.
[2 : mcmc] Progress @ 2026-09-09 18:41:16 : 11283 steps taken, and 857 accepted.
[1 : mcmc] Progress @ 2026-09-09 18:41:25 : 11644 steps taken, and 880 accepted.
[0 : mcmc] Progress @ 2026-09-09 18:41:30 : 11107 steps taken, and 841 accepted.
[2 : mcmc] Progress @ 2026-09-09 18:42:16 : 11410 steps taken, and 867 accepted.
[1 : mcmc] Progress @ 2026-09-09 18:42:25 : 11738 steps taken, and 887 accepted.
[0 : mcmc] Progress @ 2026-09-09 18:42:30 : 11202 steps taken, and 848 accepted.
[3 : mcmc] Progress @ 2026-09-09 18:42:30 : 11488 steps taken, and 875 accepted.
[2 : mcmc] Progress @ 2026-09-09 18:43:16 : 11471 steps taken, and 871 accepted.
[3 : mcmc] Progress @ 2026-09-09 18:43:31 : 11581 steps taken, and 882 accepted.
[1 : mcmc] Progress @ 2026-09-09 18:43:34 : 11815 steps taken, and 893 accepted.
[0 : mcmc] Progress @ 2026-09-09 18:43:36 : 11309 steps taken, and 856 accepted.
[2 : mcmc] Progress @ 2026-09-09 18:44:17 : 11597 steps taken, and 881 accepted.
[3 : mcmc] Progress @ 2026-09-09 18:44:31 : 11644 steps taken, and 887 accepted.
[1 : mcmc] Progress @ 2026-09-09 18:44:35 : 11910 steps taken, and 900 accepted.
[0 : mcmc] Progress @ 2026-09-09 18:44:44 : 11356 steps taken, and 860 accepted.
[2 : mcmc] Progress @ 2026-09-09 18:45:17 : 11725 steps taken, and 891 accepted.
[3 : mcmc] Progress @ 2026-09-09 18:45:31 : 11738 steps taken, and 894 accepted.
[1 : mcmc] Progress @ 2026-09-09 18:45:44 : 12022 steps taken, and 909 accepted.
[0 : mcmc] Progress @ 2026-09-09 18:45:44 : 11419 steps taken, and 865 accepted.
[2 : mcmc] Progress @ 2026-09-09 18:46:17 : 11852 steps taken, and 901 accepted.
[3 : mcmc] Progress @ 2026-09-09 18:46:31 : 11834 steps taken, and 902 accepted.
[0 : mcmc] Progress @ 2026-09-09 18:46:44 : 11545 steps taken, and 874 accepted.
[1 : mcmc] Progress @ 2026-09-09 18:46:45 : 12083 steps taken, and 914 accepted.
[2 : mcmc] Progress @ 2026-09-09 18:47:17 : 11978 steps taken, and 910 accepted.
[3 : mcmc] Progress @ 2026-09-09 18:47:31 : 11896 steps taken, and 907 accepted.
[1 : mcmc] Progress @ 2026-09-09 18:47:45 : 12177 steps taken, and 921 accepted.
[0 : mcmc] Progress @ 2026-09-09 18:47:45 : 11607 steps taken, and 879 accepted.
[2 : mcmc] Progress @ 2026-09-09 18:48:19 : 12075 steps taken, and 918 accepted.
[3 : mcmc] Progress @ 2026-09-09 18:48:32 : 11990 steps taken, and 913 accepted.
[0 : mcmc] Progress @ 2026-09-09 18:48:45 : 11702 steps taken, and 885 accepted.
[1 : mcmc] Progress @ 2026-09-09 18:48:45 : 12274 steps taken, and 928 accepted.
[2 : mcmc] Progress @ 2026-09-09 18:49:27 : 12187 steps taken, and 927 accepted.
[3 : mcmc] Progress @ 2026-09-09 18:49:32 : 12085 steps taken, and 920 accepted.
[1 : mcmc] Progress @ 2026-09-09 18:49:45 : 12369 steps taken, and 935 accepted.
[0 : mcmc] Progress @ 2026-09-09 18:50:00 : 11825 steps taken, and 894 accepted.
[2 : mcmc] Progress @ 2026-09-09 18:50:31 : 12286 steps taken, and 934 accepted.
[3 : mcmc] Progress @ 2026-09-09 18:50:32 : 12179 steps taken, and 927 accepted.
[1 : mcmc] Progress @ 2026-09-09 18:50:46 : 12496 steps taken, and 946 accepted.
[0 : mcmc] Progress @ 2026-09-09 18:51:00 : 11885 steps taken, and 898 accepted.
[2 : mcmc] Progress @ 2026-09-09 18:51:31 : 12376 steps taken, and 941 accepted.
[3 : mcmc] Progress @ 2026-09-09 18:51:32 : 12240 steps taken, and 932 accepted.
[1 : mcmc] Progress @ 2026-09-09 18:51:57 : 12580 steps taken, and 952 accepted.
[0 : mcmc] Progress @ 2026-09-09 18:52:12 : 12004 steps taken, and 907 accepted.
[2 : mcmc] Progress @ 2026-09-09 18:52:32 : 12436 steps taken, and 946 accepted.
[3 : mcmc] Progress @ 2026-09-09 18:52:33 : 12335 steps taken, and 939 accepted.
[1 : mcmc] Progress @ 2026-09-09 18:52:57 : 12708 steps taken, and 962 accepted.
[0 : mcmc] Progress @ 2026-09-09 18:53:13 : 12099 steps taken, and 914 accepted.
[2 : mcmc] Progress @ 2026-09-09 18:53:32 : 12495 steps taken, and 950 accepted.
[3 : mcmc] Progress @ 2026-09-09 18:53:33 : 12401 steps taken, and 944 accepted.
[1 : mcmc] Progress @ 2026-09-09 18:54:12 : 12803 steps taken, and 969 accepted.
[0 : mcmc] Progress @ 2026-09-09 18:54:24 : 12183 steps taken, and 921 accepted.
[2 : mcmc] Progress @ 2026-09-09 18:54:32 : 12585 steps taken, and 957 accepted.
[3 : mcmc] Progress @ 2026-09-09 18:54:34 : 12527 steps taken, and 953 accepted.
[1 : mcmc] Progress @ 2026-09-09 18:55:12 : 12929 steps taken, and 979 accepted.
[0 : mcmc] Progress @ 2026-09-09 18:55:25 : 12276 steps taken, and 927 accepted.
[2 : mcmc] Progress @ 2026-09-09 18:55:32 : 12645 steps taken, and 962 accepted.
[3 : mcmc] Progress @ 2026-09-09 18:55:34 : 12621 steps taken, and 960 accepted.
[1 : mcmc] Progress @ 2026-09-09 18:56:13 : 12993 steps taken, and 984 accepted.
[2 : mcmc] Progress @ 2026-09-09 18:56:33 : 12737 steps taken, and 969 accepted.
[0 : mcmc] Progress @ 2026-09-09 18:56:34 : 12355 steps taken, and 934 accepted.
[3 : mcmc] Progress @ 2026-09-09 18:56:34 : 12684 steps taken, and 965 accepted.
[1 : mcmc] Progress @ 2026-09-09 18:57:13 : 13119 steps taken, and 993 accepted.
[0 : mcmc] Progress @ 2026-09-09 18:57:34 : 12482 steps taken, and 943 accepted.
[2 : mcmc] Progress @ 2026-09-09 18:57:38 : 12775 steps taken, and 972 accepted.
[3 : mcmc] Progress @ 2026-09-09 18:57:42 : 12761 steps taken, and 971 accepted.
[1 : mcmc] Progress @ 2026-09-09 18:58:13 : 13180 steps taken, and 998 accepted.
[0 : mcmc] Progress @ 2026-09-09 18:58:35 : 12574 steps taken, and 950 accepted.
[2 : mcmc] Progress @ 2026-09-09 18:58:38 : 12900 steps taken, and 982 accepted.
[3 : mcmc] Progress @ 2026-09-09 18:58:51 : 12842 steps taken, and 977 accepted.
[1 : mcmc] Progress @ 2026-09-09 18:59:13 : 13242 steps taken, and 1003 accepted.
[2 : mcmc] Progress @ 2026-09-09 18:59:38 : 12993 steps taken, and 989 accepted.
[0 : mcmc] Progress @ 2026-09-09 18:59:50 : 12633 steps taken, and 955 accepted.
[3 : mcmc] Progress @ 2026-09-09 18:59:52 : 12967 steps taken, and 987 accepted.
[1 : mcmc] Progress @ 2026-09-09 19:00:21 : 13318 steps taken, and 1009 accepted.
[0 : mcmc] Progress @ 2026-09-09 19:00:50 : 12727 steps taken, and 962 accepted.
[2 : mcmc] Progress @ 2026-09-09 19:00:52 : 13050 steps taken, and 993 accepted.
[3 : mcmc] Progress @ 2026-09-09 19:01:01 : 13050 steps taken, and 993 accepted.
[1 : mcmc] Progress @ 2026-09-09 19:01:21 : 13410 steps taken, and 1016 accepted.
[0 : mcmc] Progress @ 2026-09-09 19:01:50 : 12819 steps taken, and 969 accepted.
[3 : mcmc] Progress @ 2026-09-09 19:02:01 : 13144 steps taken, and 1000 accepted.
[2 : mcmc] Progress @ 2026-09-09 19:02:04 : 13167 steps taken, and 1002 accepted.
[1 : mcmc] Progress @ 2026-09-09 19:02:25 : 13481 steps taken, and 1021 accepted.
[0 : mcmc] Progress @ 2026-09-09 19:02:51 : 12914 steps taken, and 976 accepted.
[2 : mcmc] Progress @ 2026-09-09 19:03:07 : 13265 steps taken, and 1009 accepted.
[3 : mcmc] Progress @ 2026-09-09 19:03:13 : 13264 steps taken, and 1010 accepted.
[1 : mcmc] Progress @ 2026-09-09 19:03:29 : 13548 steps taken, and 1026 accepted.
[0 : mcmc] Progress @ 2026-09-09 19:03:51 : 13007 steps taken, and 983 accepted.
[2 : mcmc] Progress @ 2026-09-09 19:04:07 : 13358 steps taken, and 1016 accepted.
[3 : mcmc] Progress @ 2026-09-09 19:04:13 : 13358 steps taken, and 1017 accepted.
[1 : mcmc] Progress @ 2026-09-09 19:04:29 : 13673 steps taken, and 1036 accepted.
[0 : mcmc] Progress @ 2026-09-09 19:04:51 : 13069 steps taken, and 988 accepted.
[2 : mcmc] Progress @ 2026-09-09 19:05:08 : 13454 steps taken, and 1023 accepted.
[3 : mcmc] Progress @ 2026-09-09 19:05:14 : 13453 steps taken, and 1024 accepted.
[1 : mcmc] Progress @ 2026-09-09 19:05:42 : 13761 steps taken, and 1042 accepted.
[0 : mcmc] Progress @ 2026-09-09 19:05:52 : 13163 steps taken, and 994 accepted.
[2 : mcmc] Progress @ 2026-09-09 19:06:08 : 13548 steps taken, and 1030 accepted.
[3 : mcmc] Progress @ 2026-09-09 19:06:14 : 13549 steps taken, and 1031 accepted.
[1 : mcmc] Progress @ 2026-09-09 19:06:44 : 13857 steps taken, and 1050 accepted.
[0 : mcmc] Progress @ 2026-09-09 19:06:58 : 13238 steps taken, and 1001 accepted.
[2 : mcmc] Progress @ 2026-09-09 19:07:08 : 13642 steps taken, and 1037 accepted.
[3 : mcmc] Progress @ 2026-09-09 19:07:14 : 13644 steps taken, and 1039 accepted.
[1 : mcmc] Progress @ 2026-09-09 19:07:44 : 13917 steps taken, and 1055 accepted.
[0 : mcmc] Progress @ 2026-09-09 19:07:59 : 13363 steps taken, and 1010 accepted.
[2 : mcmc] Progress @ 2026-09-09 19:08:15 : 13749 steps taken, and 1046 accepted.
[3 : mcmc] Progress @ 2026-09-09 19:08:19 : 13715 steps taken, and 1044 accepted.
[1 : mcmc] Progress @ 2026-09-09 19:08:45 : 14009 steps taken, and 1062 accepted.
[0 : mcmc] Progress @ 2026-09-09 19:08:59 : 13425 steps taken, and 1014 accepted.
[2 : mcmc] Progress @ 2026-09-09 19:09:15 : 13811 steps taken, and 1051 accepted.
[3 : mcmc] Progress @ 2026-09-09 19:09:19 : 13776 steps taken, and 1049 accepted.
[1 : mcmc] Progress @ 2026-09-09 19:09:45 : 14135 steps taken, and 1071 accepted.
[0 : mcmc] Progress @ 2026-09-09 19:10:11 : 13545 steps taken, and 1024 accepted.
[3 : mcmc] Progress @ 2026-09-09 19:10:19 : 13902 steps taken, and 1059 accepted.
[2 : mcmc] Progress @ 2026-09-09 19:10:29 : 13898 steps taken, and 1057 accepted.
[1 : mcmc] Progress @ 2026-09-09 19:10:45 : 14196 steps taken, and 1076 accepted.
[0 : mcmc] Progress @ 2026-09-09 19:11:11 : 13639 steps taken, and 1031 accepted.
[1 : mcmc] Learn + convergence test @ 1080 samples accepted.
[1 : mcmc] Ready to check convergence and learn a new proposal covmat (waiting for the rest...)
[2 : mcmc] Progress @ 2026-09-09 19:11:29 : 13990 steps taken, and 1064 accepted.
[3 : mcmc] Progress @ 2026-09-09 19:11:31 : 13992 steps taken, and 1066 accepted.
[1 : mcmc] Progress @ 2026-09-09 19:11:54 : 14275 steps taken, and 1082 accepted.
[0 : mcmc] Progress @ 2026-09-09 19:12:21 : 13719 steps taken, and 1038 accepted.
[2 : mcmc] Progress @ 2026-09-09 19:12:29 : 14051 steps taken, and 1069 accepted.
[3 : mcmc] Progress @ 2026-09-09 19:12:31 : 14054 steps taken, and 1070 accepted.
[1 : mcmc] Progress @ 2026-09-09 19:13:10 : 14399 steps taken, and 1092 accepted.
[0 : mcmc] Progress @ 2026-09-09 19:13:21 : 13846 steps taken, and 1047 accepted.
[2 : mcmc] Progress @ 2026-09-09 19:13:29 : 14143 steps taken, and 1076 accepted.
[3 : mcmc] Progress @ 2026-09-09 19:13:31 : 14116 steps taken, and 1074 accepted.
[3 : mcmc] Learn + convergence test @ 1080 samples accepted.
[3 : mcmc] Ready to check convergence and learn a new proposal covmat (waiting for the rest...)
[1 : mcmc] Progress @ 2026-09-09 19:14:10 : 14457 steps taken, and 1096 accepted.
[2 : mcmc] Learn + convergence test @ 1080 samples accepted.
[2 : mcmc] Ready to check convergence and learn a new proposal covmat (waiting for the rest...)
[2 : mcmc] Progress @ 2026-09-09 19:14:30 : 14204 steps taken, and 1081 accepted.
[3 : mcmc] Progress @ 2026-09-09 19:14:32 : 14211 steps taken, and 1082 accepted.
[0 : mcmc] Progress @ 2026-09-09 19:14:33 : 13931 steps taken, and 1054 accepted.
[1 : mcmc] Progress @ 2026-09-09 19:15:17 : 14561 steps taken, and 1104 accepted.
[2 : mcmc] Progress @ 2026-09-09 19:15:32 : 14268 steps taken, and 1086 accepted.
[3 : mcmc] Progress @ 2026-09-09 19:15:33 : 14309 steps taken, and 1089 accepted.
[0 : mcmc] Progress @ 2026-09-09 19:15:38 : 14002 steps taken, and 1059 accepted.
[1 : mcmc] Progress @ 2026-09-09 19:16:17 : 14621 steps taken, and 1109 accepted.
[2 : mcmc] Progress @ 2026-09-09 19:16:33 : 14360 steps taken, and 1093 accepted.
[3 : mcmc] Progress @ 2026-09-09 19:16:33 : 14403 steps taken, and 1096 accepted.
[0 : mcmc] Progress @ 2026-09-09 19:16:45 : 14077 steps taken, and 1064 accepted.
[1 : mcmc] Progress @ 2026-09-09 19:17:17 : 14714 steps taken, and 1116 accepted.
[2 : mcmc] Progress @ 2026-09-09 19:17:33 : 14454 steps taken, and 1100 accepted.
[3 : mcmc] Progress @ 2026-09-09 19:17:33 : 14500 steps taken, and 1104 accepted.
[0 : mcmc] Progress @ 2026-09-09 19:17:58 : 14164 steps taken, and 1072 accepted.
[1 : mcmc] Progress @ 2026-09-09 19:18:30 : 14800 steps taken, and 1122 accepted.
[3 : mcmc] Progress @ 2026-09-09 19:18:33 : 14595 steps taken, and 1111 accepted.
[2 : mcmc] Progress @ 2026-09-09 19:18:49 : 14547 steps taken, and 1105 accepted.
[0 : mcmc] Progress @ 2026-09-09 19:19:02 : 14265 steps taken, and 1080 accepted.
[0 : mcmc] Learn + convergence test @ 1080 samples accepted.
[0 : mcmc] Ready to check convergence and learn a new proposal covmat (waiting for the rest...)
[0 : mcmc] All chains are ready to check convergence and learn a new proposal covmat
[0 : mcmc]  - Acceptance rate: 0.989 = avg([0.9854, 0.9912, 0.9928, 0.9876])
[0 : mcmc]  - Convergence of means: R-1 = 0.435059 after 4437 accepted steps = sum([1080, 1130, 1110, 1117])
[0 : mcmc]  - Updated covariance matrix of proposal pdf.
[1 : mcmc] Progress @ 2026-09-09 19:19:30 : 14891 steps taken, and 1130 accepted.
[3 : mcmc] Progress @ 2026-09-09 19:19:34 : 14677 steps taken, and 1117 accepted.
[2 : mcmc] Progress @ 2026-09-09 19:19:52 : 14606 steps taken, and 1111 accepted.
[0 : mcmc] Progress @ 2026-09-09 19:20:03 : 14337 steps taken, and 1085 accepted.
[1 : mcmc] Progress @ 2026-09-09 19:20:30 : 15018 steps taken, and 1139 accepted.
[3 : mcmc] Progress @ 2026-09-09 19:20:47 : 14768 steps taken, and 1124 accepted.
[2 : mcmc] Progress @ 2026-09-09 19:20:52 : 14700 steps taken, and 1118 accepted.
[0 : mcmc] Progress @ 2026-09-09 19:21:07 : 14440 steps taken, and 1092 accepted.
[1 : mcmc] Progress @ 2026-09-09 19:21:30 : 15111 steps taken, and 1147 accepted.
[3 : mcmc] Progress @ 2026-09-09 19:21:48 : 14862 steps taken, and 1131 accepted.
[2 : mcmc] Progress @ 2026-09-09 19:21:52 : 14794 steps taken, and 1124 accepted.
[0 : mcmc] Progress @ 2026-09-09 19:22:07 : 14567 steps taken, and 1101 accepted.
[1 : mcmc] Progress @ 2026-09-09 19:22:30 : 15205 steps taken, and 1154 accepted.
[3 : mcmc] Progress @ 2026-09-09 19:22:48 : 14956 steps taken, and 1138 accepted.
[2 : mcmc] Progress @ 2026-09-09 19:22:54 : 14889 steps taken, and 1132 accepted.
[0 : mcmc] Progress @ 2026-09-09 19:23:08 : 14660 steps taken, and 1109 accepted.
[1 : mcmc] Progress @ 2026-09-09 19:23:30 : 15298 steps taken, and 1161 accepted.
[3 : mcmc] Progress @ 2026-09-09 19:23:59 : 15075 steps taken, and 1147 accepted.
[2 : mcmc] Progress @ 2026-09-09 19:24:05 : 14973 steps taken, and 1138 accepted.
[0 : mcmc] Progress @ 2026-09-09 19:24:11 : 14728 steps taken, and 1114 accepted.
[1 : mcmc] Progress @ 2026-09-09 19:24:31 : 15391 steps taken, and 1168 accepted.
[3 : mcmc] Progress @ 2026-09-09 19:25:00 : 15203 steps taken, and 1157 accepted.
[2 : mcmc] Progress @ 2026-09-09 19:25:05 : 15101 steps taken, and 1147 accepted.
[0 : mcmc] Progress @ 2026-09-09 19:25:13 : 14792 steps taken, and 1119 accepted.
[1 : mcmc] Progress @ 2026-09-09 19:25:35 : 15459 steps taken, and 1172 accepted.
[3 : mcmc] Progress @ 2026-09-09 19:26:00 : 15328 steps taken, and 1167 accepted.
[2 : mcmc] Progress @ 2026-09-09 19:26:05 : 15194 steps taken, and 1154 accepted.
[0 : mcmc] Progress @ 2026-09-09 19:26:18 : 14864 steps taken, and 1125 accepted.
[1 : mcmc] Progress @ 2026-09-09 19:26:47 : 15577 steps taken, and 1182 accepted.
[3 : mcmc] Progress @ 2026-09-09 19:27:00 : 15389 steps taken, and 1171 accepted.
[2 : mcmc] Progress @ 2026-09-09 19:27:06 : 15320 steps taken, and 1164 accepted.
[0 : mcmc] Progress @ 2026-09-09 19:27:19 : 14988 steps taken, and 1134 accepted.
[1 : mcmc] Progress @ 2026-09-09 19:27:47 : 15671 steps taken, and 1188 accepted.
[3 : mcmc] Progress @ 2026-09-09 19:28:00 : 15483 steps taken, and 1178 accepted.
[0 : mcmc] Progress @ 2026-09-09 19:28:19 : 15083 steps taken, and 1141 accepted.
[2 : mcmc] Progress @ 2026-09-09 19:28:21 : 15448 steps taken, and 1174 accepted.
[3 : mcmc] Progress @ 2026-09-09 19:29:01 : 15577 steps taken, and 1184 accepted.
[1 : mcmc] Progress @ 2026-09-09 19:29:02 : 15763 steps taken, and 1195 accepted.
[0 : mcmc] Progress @ 2026-09-09 19:29:19 : 15176 steps taken, and 1148 accepted.
[2 : mcmc] Progress @ 2026-09-09 19:29:29 : 15524 steps taken, and 1179 accepted.
[1 : mcmc] Progress @ 2026-09-09 19:30:06 : 15864 steps taken, and 1203 accepted.
[3 : mcmc] Progress @ 2026-09-09 19:30:10 : 15692 steps taken, and 1194 accepted.
[0 : mcmc] Progress @ 2026-09-09 19:30:21 : 15240 steps taken, and 1154 accepted.
[2 : mcmc] Progress @ 2026-09-09 19:30:29 : 15616 steps taken, and 1186 accepted.
[1 : mcmc] Progress @ 2026-09-09 19:31:09 : 15964 steps taken, and 1210 accepted.
[3 : mcmc] Progress @ 2026-09-09 19:31:10 : 15787 steps taken, and 1201 accepted.
[0 : mcmc] Progress @ 2026-09-09 19:31:21 : 15333 steps taken, and 1161 accepted.
[2 : mcmc] Progress @ 2026-09-09 19:31:38 : 15696 steps taken, and 1192 accepted.
[1 : mcmc] Progress @ 2026-09-09 19:32:09 : 16058 steps taken, and 1217 accepted.
[3 : mcmc] Progress @ 2026-09-09 19:32:11 : 15881 steps taken, and 1208 accepted.
[0 : mcmc] Progress @ 2026-09-09 19:32:21 : 15426 steps taken, and 1168 accepted.
[2 : mcmc] Progress @ 2026-09-09 19:32:38 : 15789 steps taken, and 1200 accepted.
[3 : mcmc] Progress @ 2026-09-09 19:33:11 : 15977 steps taken, and 1215 accepted.
[1 : mcmc] Progress @ 2026-09-09 19:33:13 : 16127 steps taken, and 1223 accepted.
[0 : mcmc] Progress @ 2026-09-09 19:33:25 : 15527 steps taken, and 1176 accepted.
[2 : mcmc] Progress @ 2026-09-09 19:33:48 : 15869 steps taken, and 1206 accepted.
[3 : mcmc] Progress @ 2026-09-09 19:34:11 : 16105 steps taken, and 1225 accepted.
[1 : mcmc] Progress @ 2026-09-09 19:34:14 : 16219 steps taken, and 1230 accepted.
[0 : mcmc] Progress @ 2026-09-09 19:34:25 : 15621 steps taken, and 1183 accepted.
[2 : mcmc] Progress @ 2026-09-09 19:34:48 : 15996 steps taken, and 1215 accepted.
[3 : mcmc] Progress @ 2026-09-09 19:35:12 : 16198 steps taken, and 1232 accepted.
[1 : mcmc] Progress @ 2026-09-09 19:35:14 : 16347 steps taken, and 1239 accepted.
[0 : mcmc] Progress @ 2026-09-09 19:35:25 : 15715 steps taken, and 1189 accepted.
[2 : mcmc] Progress @ 2026-09-09 19:35:48 : 16124 steps taken, and 1225 accepted.
[3 : mcmc] Progress @ 2026-09-09 19:36:12 : 16293 steps taken, and 1240 accepted.
[0 : mcmc] Progress @ 2026-09-09 19:36:25 : 15807 steps taken, and 1196 accepted.
[1 : mcmc] Progress @ 2026-09-09 19:36:29 : 16473 steps taken, and 1249 accepted.
[2 : mcmc] Progress @ 2026-09-09 19:36:49 : 16252 steps taken, and 1235 accepted.
[3 : mcmc] Progress @ 2026-09-09 19:37:12 : 16353 steps taken, and 1244 accepted.
[0 : mcmc] Progress @ 2026-09-09 19:37:26 : 15900 steps taken, and 1203 accepted.
[1 : mcmc] Progress @ 2026-09-09 19:37:29 : 16567 steps taken, and 1257 accepted.
[2 : mcmc] Progress @ 2026-09-09 19:37:49 : 16346 steps taken, and 1242 accepted.
[3 : mcmc] Progress @ 2026-09-09 19:38:13 : 16448 steps taken, and 1252 accepted.
[0 : mcmc] Progress @ 2026-09-09 19:38:27 : 15965 steps taken, and 1208 accepted.
[1 : mcmc] Progress @ 2026-09-09 19:38:29 : 16662 steps taken, and 1264 accepted.
[2 : mcmc] Progress @ 2026-09-09 19:38:49 : 16441 steps taken, and 1250 accepted.
[3 : mcmc] Progress @ 2026-09-09 19:39:13 : 16540 steps taken, and 1259 accepted.
[0 : mcmc] Progress @ 2026-09-09 19:39:28 : 16057 steps taken, and 1216 accepted.
[1 : mcmc] Progress @ 2026-09-09 19:39:29 : 16754 steps taken, and 1271 accepted.
[2 : mcmc] Progress @ 2026-09-09 19:39:49 : 16533 steps taken, and 1257 accepted.
[3 : mcmc] Progress @ 2026-09-09 19:40:18 : 16612 steps taken, and 1264 accepted.
[0 : mcmc] Progress @ 2026-09-09 19:40:28 : 16151 steps taken, and 1223 accepted.
[1 : mcmc] Progress @ 2026-09-09 19:40:43 : 16809 steps taken, and 1275 accepted.
[2 : mcmc] Progress @ 2026-09-09 19:40:50 : 16625 steps taken, and 1264 accepted.
[3 : mcmc] Progress @ 2026-09-09 19:41:18 : 16741 steps taken, and 1274 accepted.
[0 : mcmc] Progress @ 2026-09-09 19:41:28 : 16245 steps taken, and 1230 accepted.
[2 : mcmc] Progress @ 2026-09-09 19:41:50 : 16718 steps taken, and 1271 accepted.
[1 : mcmc] Progress @ 2026-09-09 19:41:50 : 16917 steps taken, and 1283 accepted.
[3 : mcmc] Progress @ 2026-09-09 19:42:18 : 16835 steps taken, and 1280 accepted.
[0 : mcmc] Progress @ 2026-09-09 19:42:28 : 16304 steps taken, and 1234 accepted.
[2 : mcmc] Progress @ 2026-09-09 19:42:50 : 16809 steps taken, and 1278 accepted.
[1 : mcmc] Progress @ 2026-09-09 19:42:59 : 17027 steps taken, and 1289 accepted.
[3 : mcmc] Progress @ 2026-09-09 19:43:18 : 16928 steps taken, and 1288 accepted.
[0 : mcmc] Progress @ 2026-09-09 19:43:28 : 16395 steps taken, and 1241 accepted.
[2 : mcmc] Progress @ 2026-09-09 19:43:50 : 16904 steps taken, and 1285 accepted.
[1 : mcmc] Progress @ 2026-09-09 19:43:59 : 17119 steps taken, and 1296 accepted.
[3 : mcmc] Progress @ 2026-09-09 19:44:19 : 17021 steps taken, and 1295 accepted.
[0 : mcmc] Progress @ 2026-09-09 19:44:38 : 16510 steps taken, and 1250 accepted.
[2 : mcmc] Progress @ 2026-09-09 19:44:50 : 16995 steps taken, and 1293 accepted.
[1 : mcmc] Progress @ 2026-09-09 19:45:07 : 17228 steps taken, and 1305 accepted.
[3 : mcmc] Progress @ 2026-09-09 19:45:19 : 17079 steps taken, and 1299 accepted.
[0 : mcmc] Progress @ 2026-09-09 19:45:39 : 16569 steps taken, and 1255 accepted.
[2 : mcmc] Progress @ 2026-09-09 19:46:04 : 17081 steps taken, and 1299 accepted.
[3 : mcmc] Progress @ 2026-09-09 19:46:19 : 17173 steps taken, and 1306 accepted.
[1 : mcmc] Progress @ 2026-09-09 19:46:22 : 17349 steps taken, and 1313 accepted.
[0 : mcmc] Progress @ 2026-09-09 19:46:39 : 16663 steps taken, and 1262 accepted.
[2 : mcmc] Progress @ 2026-09-09 19:47:04 : 17177 steps taken, and 1306 accepted.
[3 : mcmc] Progress @ 2026-09-09 19:47:19 : 17301 steps taken, and 1316 accepted.
[1 : mcmc] Progress @ 2026-09-09 19:47:22 : 17440 steps taken, and 1320 accepted.
[0 : mcmc] Progress @ 2026-09-09 19:47:39 : 16758 steps taken, and 1269 accepted.
[2 : mcmc] Progress @ 2026-09-09 19:48:04 : 17272 steps taken, and 1314 accepted.
[3 : mcmc] Progress @ 2026-09-09 19:48:20 : 17395 steps taken, and 1323 accepted.
[1 : mcmc] Progress @ 2026-09-09 19:48:23 : 17535 steps taken, and 1327 accepted.
[0 : mcmc] Progress @ 2026-09-09 19:48:40 : 16854 steps taken, and 1277 accepted.
[2 : mcmc] Progress @ 2026-09-09 19:49:05 : 17399 steps taken, and 1324 accepted.
[3 : mcmc] Progress @ 2026-09-09 19:49:20 : 17490 steps taken, and 1331 accepted.
[1 : mcmc] Progress @ 2026-09-09 19:49:23 : 17661 steps taken, and 1337 accepted.
[0 : mcmc] Progress @ 2026-09-09 19:49:40 : 16946 steps taken, and 1284 accepted.
[2 : mcmc] Progress @ 2026-09-09 19:50:05 : 17527 steps taken, and 1333 accepted.
[3 : mcmc] Progress @ 2026-09-09 19:50:20 : 17585 steps taken, and 1338 accepted.
[1 : mcmc] Progress @ 2026-09-09 19:50:23 : 17754 steps taken, and 1343 accepted.
[0 : mcmc] Progress @ 2026-09-09 19:50:40 : 17040 steps taken, and 1291 accepted.
[2 : mcmc] Progress @ 2026-09-09 19:51:06 : 17589 steps taken, and 1337 accepted.
[3 : mcmc] Progress @ 2026-09-09 19:51:20 : 17712 steps taken, and 1348 accepted.
[1 : mcmc] Progress @ 2026-09-09 19:51:36 : 17840 steps taken, and 1351 accepted.
[0 : mcmc] Progress @ 2026-09-09 19:51:41 : 17135 steps taken, and 1298 accepted.
[2 : mcmc] Progress @ 2026-09-09 19:52:06 : 17684 steps taken, and 1344 accepted.
[3 : mcmc] Progress @ 2026-09-09 19:52:28 : 17792 steps taken, and 1354 accepted.
[1 : mcmc] Progress @ 2026-09-09 19:52:36 : 17903 steps taken, and 1355 accepted.
[0 : mcmc] Progress @ 2026-09-09 19:52:41 : 17264 steps taken, and 1308 accepted.
[2 : mcmc] Progress @ 2026-09-09 19:53:06 : 17776 steps taken, and 1352 accepted.
[3 : mcmc] Progress @ 2026-09-09 19:53:28 : 17920 steps taken, and 1364 accepted.
[1 : mcmc] Progress @ 2026-09-09 19:53:36 : 17996 steps taken, and 1363 accepted.
[0 : mcmc] Progress @ 2026-09-09 19:53:41 : 17391 steps taken, and 1317 accepted.
[2 : mcmc] Progress @ 2026-09-09 19:54:06 : 17870 steps taken, and 1359 accepted.
[3 : mcmc] Progress @ 2026-09-09 19:54:28 : 18047 steps taken, and 1373 accepted.
[1 : mcmc] Progress @ 2026-09-09 19:54:37 : 18088 steps taken, and 1369 accepted.
[0 : mcmc] Progress @ 2026-09-09 19:54:44 : 17457 steps taken, and 1322 accepted.
[2 : mcmc] Progress @ 2026-09-09 19:55:07 : 17996 steps taken, and 1368 accepted.
[1 : mcmc] Progress @ 2026-09-09 19:55:37 : 18180 steps taken, and 1376 accepted.
[3 : mcmc] Progress @ 2026-09-09 19:55:37 : 18096 steps taken, and 1376 accepted.
[0 : mcmc] Progress @ 2026-09-09 19:55:44 : 17548 steps taken, and 1329 accepted.
[2 : mcmc] Progress @ 2026-09-09 19:56:17 : 18078 steps taken, and 1375 accepted.
[1 : mcmc] Progress @ 2026-09-09 19:56:37 : 18307 steps taken, and 1387 accepted.
[0 : mcmc] Progress @ 2026-09-09 19:56:45 : 17642 steps taken, and 1336 accepted.
[3 : mcmc] Progress @ 2026-09-09 19:56:51 : 18216 steps taken, and 1385 accepted.
[2 : mcmc] Progress @ 2026-09-09 19:57:17 : 18204 steps taken, and 1384 accepted.
[1 : mcmc] Progress @ 2026-09-09 19:57:37 : 18401 steps taken, and 1394 accepted.
[0 : mcmc] Progress @ 2026-09-09 19:57:45 : 17703 steps taken, and 1341 accepted.
[3 : mcmc] Progress @ 2026-09-09 19:57:51 : 18343 steps taken, and 1394 accepted.
[2 : mcmc] Progress @ 2026-09-09 19:58:24 : 18312 steps taken, and 1393 accepted.
[1 : mcmc] Progress @ 2026-09-09 19:58:38 : 18496 steps taken, and 1400 accepted.
[0 : mcmc] Progress @ 2026-09-09 19:58:46 : 17796 steps taken, and 1348 accepted.
[3 : mcmc] Progress @ 2026-09-09 19:58:51 : 18406 steps taken, and 1399 accepted.
[2 : mcmc] Progress @ 2026-09-09 19:59:25 : 18404 steps taken, and 1399 accepted.
[1 : mcmc] Progress @ 2026-09-09 19:59:38 : 18588 steps taken, and 1407 accepted.
[0 : mcmc] Progress @ 2026-09-09 19:59:46 : 17890 steps taken, and 1355 accepted.
[3 : mcmc] Progress @ 2026-09-09 19:59:53 : 18506 steps taken, and 1407 accepted.
[2 : mcmc] Progress @ 2026-09-09 20:00:25 : 18496 steps taken, and 1407 accepted.
[1 : mcmc] Progress @ 2026-09-09 20:00:38 : 18683 steps taken, and 1414 accepted.
[0 : mcmc] Progress @ 2026-09-09 20:00:46 : 17982 steps taken, and 1361 accepted.
[3 : mcmc] Progress @ 2026-09-09 20:00:53 : 18601 steps taken, and 1414 accepted.
[2 : mcmc] Progress @ 2026-09-09 20:01:26 : 18557 steps taken, and 1412 accepted.
[1 : mcmc] Progress @ 2026-09-09 20:01:42 : 18753 steps taken, and 1420 accepted.
[0 : mcmc] Progress @ 2026-09-09 20:01:46 : 18112 steps taken, and 1371 accepted.
[3 : mcmc] Progress @ 2026-09-09 20:02:02 : 18681 steps taken, and 1420 accepted.
[2 : mcmc] Progress @ 2026-09-09 20:02:27 : 18682 steps taken, and 1421 accepted.
[0 : mcmc] Progress @ 2026-09-09 20:02:46 : 18238 steps taken, and 1381 accepted.
[1 : mcmc] Progress @ 2026-09-09 20:02:58 : 18879 steps taken, and 1430 accepted.
[3 : mcmc] Progress @ 2026-09-09 20:03:09 : 18793 steps taken, and 1428 accepted.
[2 : mcmc] Progress @ 2026-09-09 20:03:27 : 18808 steps taken, and 1430 accepted.
[0 : mcmc] Progress @ 2026-09-09 20:03:47 : 18298 steps taken, and 1386 accepted.
[1 : mcmc] Progress @ 2026-09-09 20:03:58 : 19006 steps taken, and 1439 accepted.
[1 : mcmc] Learn + convergence test @ 1440 samples accepted.
[1 : mcmc] Ready to check convergence and learn a new proposal covmat (waiting for the rest...)
[3 : mcmc] Progress @ 2026-09-09 20:04:09 : 18887 steps taken, and 1435 accepted.
[2 : mcmc] Progress @ 2026-09-09 20:04:27 : 18900 steps taken, and 1438 accepted.
[3 : mcmc] Learn + convergence test @ 1440 samples accepted.
[3 : mcmc] Ready to check convergence and learn a new proposal covmat (waiting for the rest...)
[2 : mcmc] Learn + convergence test @ 1440 samples accepted.
[2 : mcmc] Ready to check convergence and learn a new proposal covmat (waiting for the rest...)
[0 : mcmc] Progress @ 2026-09-09 20:04:47 : 18392 steps taken, and 1393 accepted.
[1 : mcmc] Progress @ 2026-09-09 20:04:59 : 19134 steps taken, and 1449 accepted.
[3 : mcmc] Progress @ 2026-09-09 20:05:10 : 19014 steps taken, and 1445 accepted.
[2 : mcmc] Progress @ 2026-09-09 20:05:27 : 18960 steps taken, and 1443 accepted.
[0 : mcmc] Progress @ 2026-09-09 20:05:47 : 18519 steps taken, and 1403 accepted.
[1 : mcmc] Progress @ 2026-09-09 20:05:59 : 19227 steps taken, and 1456 accepted.
[3 : mcmc] Progress @ 2026-09-09 20:06:10 : 19108 steps taken, and 1452 accepted.
[2 : mcmc] Progress @ 2026-09-09 20:06:39 : 19043 steps taken, and 1449 accepted.
[0 : mcmc] Progress @ 2026-09-09 20:06:47 : 18613 steps taken, and 1410 accepted.
[1 : mcmc] Progress @ 2026-09-09 20:06:59 : 19319 steps taken, and 1463 accepted.
[3 : mcmc] Progress @ 2026-09-09 20:07:10 : 19170 steps taken, and 1456 accepted.
[0 : mcmc] Progress @ 2026-09-09 20:07:48 : 18738 steps taken, and 1420 accepted.
[2 : mcmc] Progress @ 2026-09-09 20:07:51 : 19158 steps taken, and 1457 accepted.
[1 : mcmc] Progress @ 2026-09-09 20:07:59 : 19409 steps taken, and 1470 accepted.
[3 : mcmc] Progress @ 2026-09-09 20:08:11 : 19264 steps taken, and 1463 accepted.
[2 : mcmc] Progress @ 2026-09-09 20:08:51 : 19249 steps taken, and 1464 accepted.
[0 : mcmc] Progress @ 2026-09-09 20:08:58 : 18854 steps taken, and 1429 accepted.
[1 : mcmc] Progress @ 2026-09-09 20:09:07 : 19484 steps taken, and 1475 accepted.
[3 : mcmc] Progress @ 2026-09-09 20:09:11 : 19358 steps taken, and 1471 accepted.
[2 : mcmc] Progress @ 2026-09-09 20:09:51 : 19307 steps taken, and 1468 accepted.
[0 : mcmc] Progress @ 2026-09-09 20:09:59 : 18978 steps taken, and 1437 accepted.
[1 : mcmc] Progress @ 2026-09-09 20:10:07 : 19607 steps taken, and 1484 accepted.
[3 : mcmc] Progress @ 2026-09-09 20:10:23 : 19476 steps taken, and 1478 accepted.
[0 : mcmc] Learn + convergence test @ 1440 samples accepted.
[0 : mcmc] Ready to check convergence and learn a new proposal covmat (waiting for the rest...)
[0 : mcmc] All chains are ready to check convergence and learn a new proposal covmat
[0 : mcmc]  - Acceptance rate: 0.986 = avg([0.9836, 0.9854, 0.9919, 0.9841])
[0 : mcmc]  - Convergence of means: R-1 = 0.252000 after 5884 accepted steps = sum([1440, 1488, 1474, 1482])
[0 : mcmc]  - Updated covariance matrix of proposal pdf.
[2 : mcmc] Progress @ 2026-09-09 20:10:51 : 19389 steps taken, and 1474 accepted.
[0 : mcmc] Progress @ 2026-09-09 20:10:59 : 19037 steps taken, and 1442 accepted.
[1 : mcmc] Progress @ 2026-09-09 20:11:07 : 19699 steps taken, and 1492 accepted.
[3 : mcmc] Progress @ 2026-09-09 20:11:23 : 19563 steps taken, and 1485 accepted.
[0 : mcmc] Progress @ 2026-09-09 20:11:59 : 19129 steps taken, and 1449 accepted.
[2 : mcmc] Progress @ 2026-09-09 20:11:59 : 19497 steps taken, and 1483 accepted.
[1 : mcmc] Progress @ 2026-09-09 20:12:07 : 19792 steps taken, and 1499 accepted.
[3 : mcmc] Progress @ 2026-09-09 20:12:23 : 19689 steps taken, and 1495 accepted.
[2 : mcmc] Progress @ 2026-09-09 20:13:00 : 19588 steps taken, and 1490 accepted.
[0 : mcmc] Progress @ 2026-09-09 20:13:03 : 19232 steps taken, and 1456 accepted.
[1 : mcmc] Progress @ 2026-09-09 20:13:07 : 19915 steps taken, and 1508 accepted.
[3 : mcmc] Progress @ 2026-09-09 20:13:24 : 19751 steps taken, and 1500 accepted.
[2 : mcmc] Progress @ 2026-09-09 20:14:00 : 19647 steps taken, and 1494 accepted.
[0 : mcmc] Progress @ 2026-09-09 20:14:03 : 19356 steps taken, and 1466 accepted.
[1 : mcmc] Progress @ 2026-09-09 20:14:07 : 19973 steps taken, and 1513 accepted.
[3 : mcmc] Progress @ 2026-09-09 20:14:28 : 19820 steps taken, and 1505 accepted.
[2 : mcmc] Progress @ 2026-09-09 20:15:00 : 19735 steps taken, and 1501 accepted.
[0 : mcmc] Progress @ 2026-09-09 20:15:03 : 19483 steps taken, and 1476 accepted.
[1 : mcmc] Progress @ 2026-09-09 20:15:07 : 20063 steps taken, and 1520 accepted.
[3 : mcmc] Progress @ 2026-09-09 20:15:28 : 19912 steps taken, and 1512 accepted.
[2 : mcmc] Progress @ 2026-09-09 20:16:00 : 19828 steps taken, and 1508 accepted.
[0 : mcmc] Progress @ 2026-09-09 20:16:03 : 19575 steps taken, and 1483 accepted.
[1 : mcmc] Progress @ 2026-09-09 20:16:09 : 20158 steps taken, and 1527 accepted.
[3 : mcmc] Progress @ 2026-09-09 20:16:28 : 20005 steps taken, and 1519 accepted.
[2 : mcmc] Progress @ 2026-09-09 20:17:00 : 19919 steps taken, and 1515 accepted.
[0 : mcmc] Progress @ 2026-09-09 20:17:08 : 19678 steps taken, and 1491 accepted.
[1 : mcmc] Progress @ 2026-09-09 20:17:10 : 20250 steps taken, and 1534 accepted.
[3 : mcmc] Progress @ 2026-09-09 20:17:28 : 20101 steps taken, and 1527 accepted.
[0 : mcmc] Progress @ 2026-09-09 20:18:08 : 19807 steps taken, and 1501 accepted.
[1 : mcmc] Progress @ 2026-09-09 20:18:10 : 20311 steps taken, and 1539 accepted.
[2 : mcmc] Progress @ 2026-09-09 20:18:16 : 19978 steps taken, and 1520 accepted.
[3 : mcmc] Progress @ 2026-09-09 20:18:29 : 20229 steps taken, and 1536 accepted.
[1 : mcmc] Progress @ 2026-09-09 20:19:10 : 20435 steps taken, and 1548 accepted.
[2 : mcmc] Progress @ 2026-09-09 20:19:16 : 20070 steps taken, and 1526 accepted.
[0 : mcmc] Progress @ 2026-09-09 20:19:18 : 19916 steps taken, and 1509 accepted.
[3 : mcmc] Progress @ 2026-09-09 20:19:29 : 20324 steps taken, and 1543 accepted.
[1 : mcmc] Progress @ 2026-09-09 20:20:11 : 20526 steps taken, and 1555 accepted.
[2 : mcmc] Progress @ 2026-09-09 20:20:16 : 20162 steps taken, and 1534 accepted.
[0 : mcmc] Progress @ 2026-09-09 20:20:18 : 20042 steps taken, and 1519 accepted.
[3 : mcmc] Progress @ 2026-09-09 20:20:29 : 20449 steps taken, and 1552 accepted.
[1 : mcmc] Progress @ 2026-09-09 20:21:11 : 20622 steps taken, and 1562 accepted.
[2 : mcmc] Progress @ 2026-09-09 20:21:16 : 20220 steps taken, and 1538 accepted.
[0 : mcmc] Progress @ 2026-09-09 20:21:19 : 20167 steps taken, and 1529 accepted.
[3 : mcmc] Progress @ 2026-09-09 20:21:29 : 20541 steps taken, and 1559 accepted.
[1 : mcmc] Progress @ 2026-09-09 20:22:11 : 20711 steps taken, and 1568 accepted.
[2 : mcmc] Progress @ 2026-09-09 20:22:16 : 20342 steps taken, and 1548 accepted.
[0 : mcmc] Progress @ 2026-09-09 20:22:19 : 20259 steps taken, and 1536 accepted.
[3 : mcmc] Progress @ 2026-09-09 20:22:30 : 20635 steps taken, and 1567 accepted.
[1 : mcmc] Progress @ 2026-09-09 20:23:12 : 20771 steps taken, and 1572 accepted.
[0 : mcmc] Progress @ 2026-09-09 20:23:19 : 20353 steps taken, and 1543 accepted.
[2 : mcmc] Progress @ 2026-09-09 20:23:27 : 20388 steps taken, and 1551 accepted.
[3 : mcmc] Progress @ 2026-09-09 20:23:30 : 20730 steps taken, and 1574 accepted.
[1 : mcmc] Progress @ 2026-09-09 20:24:12 : 20863 steps taken, and 1580 accepted.
[0 : mcmc] Progress @ 2026-09-09 20:24:20 : 20448 steps taken, and 1550 accepted.
[2 : mcmc] Progress @ 2026-09-09 20:24:27 : 20513 steps taken, and 1561 accepted.
[3 : mcmc] Progress @ 2026-09-09 20:24:32 : 20797 steps taken, and 1579 accepted.
[1 : mcmc] Progress @ 2026-09-09 20:25:12 : 20924 steps taken, and 1584 accepted.
[0 : mcmc] Progress @ 2026-09-09 20:25:20 : 20576 steps taken, and 1560 accepted.
[2 : mcmc] Progress @ 2026-09-09 20:25:27 : 20641 steps taken, and 1571 accepted.
[3 : mcmc] Progress @ 2026-09-09 20:25:32 : 20892 steps taken, and 1586 accepted.
[0 : mcmc] Progress @ 2026-09-09 20:26:20 : 20704 steps taken, and 1570 accepted.
[1 : mcmc] Progress @ 2026-09-09 20:26:26 : 21045 steps taken, and 1594 accepted.
[2 : mcmc] Progress @ 2026-09-09 20:26:28 : 20736 steps taken, and 1578 accepted.
[3 : mcmc] Progress @ 2026-09-09 20:26:33 : 20944 steps taken, and 1590 accepted.
[2 : mcmc] Progress @ 2026-09-09 20:27:28 : 20827 steps taken, and 1585 accepted.
[1 : mcmc] Progress @ 2026-09-09 20:27:32 : 21148 steps taken, and 1602 accepted.
[0 : mcmc] Progress @ 2026-09-09 20:27:33 : 20795 steps taken, and 1577 accepted.
[3 : mcmc] Progress @ 2026-09-09 20:27:34 : 21018 steps taken, and 1596 accepted.
[2 : mcmc] Progress @ 2026-09-09 20:28:30 : 20892 steps taken, and 1590 accepted.
[1 : mcmc] Progress @ 2026-09-09 20:28:32 : 21209 steps taken, and 1607 accepted.
[0 : mcmc] Progress @ 2026-09-09 20:28:33 : 20870 steps taken, and 1583 accepted.
[3 : mcmc] Progress @ 2026-09-09 20:28:34 : 21063 steps taken, and 1600 accepted.
[2 : mcmc] Progress @ 2026-09-09 20:29:31 : 20951 steps taken, and 1595 accepted.
[1 : mcmc] Progress @ 2026-09-09 20:29:32 : 21302 steps taken, and 1614 accepted.
[0 : mcmc] Progress @ 2026-09-09 20:29:34 : 20914 steps taken, and 1586 accepted.
[3 : mcmc] Progress @ 2026-09-09 20:29:55 : 21134 steps taken, and 1605 accepted.
[2 : mcmc] Progress @ 2026-09-09 20:30:31 : 21010 steps taken, and 1599 accepted.
[1 : mcmc] Progress @ 2026-09-09 20:30:32 : 21386 steps taken, and 1620 accepted.
[0 : mcmc] Progress @ 2026-09-09 20:30:35 : 20989 steps taken, and 1592 accepted.
[3 : mcmc] Progress @ 2026-09-09 20:30:57 : 21180 steps taken, and 1609 accepted.
[2 : mcmc] Progress @ 2026-09-09 20:31:32 : 21054 steps taken, and 1603 accepted.
[1 : mcmc] Progress @ 2026-09-09 20:31:33 : 21447 steps taken, and 1625 accepted.
[0 : mcmc] Progress @ 2026-09-09 20:31:35 : 21034 steps taken, and 1595 accepted.
[3 : mcmc] Progress @ 2026-09-09 20:31:57 : 21223 steps taken, and 1612 accepted.
[2 : mcmc] Progress @ 2026-09-09 20:32:32 : 21130 steps taken, and 1608 accepted.
[1 : mcmc] Progress @ 2026-09-09 20:32:33 : 21539 steps taken, and 1632 accepted.
[0 : mcmc] Progress @ 2026-09-09 20:32:44 : 21089 steps taken, and 1600 accepted.
[3 : mcmc] Progress @ 2026-09-09 20:33:03 : 21276 steps taken, and 1616 accepted.
[2 : mcmc] Progress @ 2026-09-09 20:33:33 : 21175 steps taken, and 1611 accepted.
[1 : mcmc] Progress @ 2026-09-09 20:33:33 : 21632 steps taken, and 1639 accepted.
[0 : mcmc] Progress @ 2026-09-09 20:33:45 : 21163 steps taken, and 1605 accepted.
[3 : mcmc] Progress @ 2026-09-09 20:34:04 : 21351 steps taken, and 1622 accepted.
[1 : mcmc] Progress @ 2026-09-09 20:34:33 : 21725 steps taken, and 1646 accepted.
[2 : mcmc] Progress @ 2026-09-09 20:34:34 : 21251 steps taken, and 1617 accepted.
[0 : mcmc] Progress @ 2026-09-09 20:34:45 : 21239 steps taken, and 1611 accepted.
[3 : mcmc] Progress @ 2026-09-09 20:35:04 : 21396 steps taken, and 1625 accepted.
[1 : mcmc] Progress @ 2026-09-09 20:35:34 : 21806 steps taken, and 1653 accepted.
[2 : mcmc] Progress @ 2026-09-09 20:35:34 : 21327 steps taken, and 1623 accepted.
[0 : mcmc] Progress @ 2026-09-09 20:35:46 : 21303 steps taken, and 1616 accepted.
[3 : mcmc] Progress @ 2026-09-09 20:36:05 : 21471 steps taken, and 1631 accepted.
[1 : mcmc] Progress @ 2026-09-09 20:36:34 : 21859 steps taken, and 1657 accepted.
[2 : mcmc] Progress @ 2026-09-09 20:36:38 : 21376 steps taken, and 1626 accepted.
[0 : mcmc] Progress @ 2026-09-09 20:36:46 : 21385 steps taken, and 1622 accepted.
[3 : mcmc] Progress @ 2026-09-09 20:37:08 : 21554 steps taken, and 1637 accepted.
[1 : mcmc] Progress @ 2026-09-09 20:37:34 : 21932 steps taken, and 1662 accepted.
[2 : mcmc] Progress @ 2026-09-09 20:37:39 : 21420 steps taken, and 1630 accepted.
[0 : mcmc] Progress @ 2026-09-09 20:37:46 : 21460 steps taken, and 1628 accepted.
[3 : mcmc] Progress @ 2026-09-09 20:38:08 : 21629 steps taken, and 1643 accepted.
[1 : mcmc] Progress @ 2026-09-09 20:38:35 : 21978 steps taken, and 1666 accepted.
[2 : mcmc] Progress @ 2026-09-09 20:38:39 : 21495 steps taken, and 1636 accepted.
[0 : mcmc] Progress @ 2026-09-09 20:38:47 : 21503 steps taken, and 1631 accepted.
[3 : mcmc] Progress @ 2026-09-09 20:39:09 : 21704 steps taken, and 1649 accepted.
[1 : mcmc] Progress @ 2026-09-09 20:39:36 : 22023 steps taken, and 1669 accepted.
[2 : mcmc] Progress @ 2026-09-09 20:39:40 : 21572 steps taken, and 1641 accepted.
[0 : mcmc] Progress @ 2026-09-09 20:39:47 : 21547 steps taken, and 1634 accepted.
[3 : mcmc] Progress @ 2026-09-09 20:40:28 : 21743 steps taken, and 1652 accepted.
[1 : mcmc] Progress @ 2026-09-09 20:40:36 : 22066 steps taken, and 1672 accepted.
[2 : mcmc] Progress @ 2026-09-09 20:40:40 : 21647 steps taken, and 1647 accepted.
[0 : mcmc] Progress @ 2026-09-09 20:40:48 : 21590 steps taken, and 1638 accepted.
[3 : mcmc] Progress @ 2026-09-09 20:41:28 : 21789 steps taken, and 1655 accepted.
[1 : mcmc] Progress @ 2026-09-09 20:41:36 : 22139 steps taken, and 1677 accepted.
[2 : mcmc] Progress @ 2026-09-09 20:41:41 : 21690 steps taken, and 1651 accepted.
[0 : mcmc] Progress @ 2026-09-09 20:41:48 : 21634 steps taken, and 1641 accepted.
[3 : mcmc] Progress @ 2026-09-09 20:42:29 : 21862 steps taken, and 1661 accepted.
[1 : mcmc] Progress @ 2026-09-09 20:42:36 : 22213 steps taken, and 1683 accepted.
[2 : mcmc] Progress @ 2026-09-09 20:42:42 : 21766 steps taken, and 1656 accepted.
[0 : mcmc] Progress @ 2026-09-09 20:42:48 : 21707 steps taken, and 1646 accepted.
[3 : mcmc] Progress @ 2026-09-09 20:43:29 : 21906 steps taken, and 1664 accepted.
[1 : mcmc] Progress @ 2026-09-09 20:43:36 : 22286 steps taken, and 1688 accepted.
[2 : mcmc] Progress @ 2026-09-09 20:43:42 : 21810 steps taken, and 1660 accepted.
[0 : mcmc] Progress @ 2026-09-09 20:43:49 : 21782 steps taken, and 1653 accepted.
[3 : mcmc] Progress @ 2026-09-09 20:44:30 : 21950 steps taken, and 1668 accepted.
[1 : mcmc] Progress @ 2026-09-09 20:44:36 : 22329 steps taken, and 1691 accepted.
[0 : mcmc] Progress @ 2026-09-09 20:44:49 : 21858 steps taken, and 1659 accepted.
[2 : mcmc] Progress @ 2026-09-09 20:44:50 : 21865 steps taken, and 1664 accepted.
[3 : mcmc] Progress @ 2026-09-09 20:45:31 : 22025 steps taken, and 1674 accepted.
[1 : mcmc] Progress @ 2026-09-09 20:45:36 : 22402 steps taken, and 1696 accepted.
[0 : mcmc] Progress @ 2026-09-09 20:45:49 : 21902 steps taken, and 1662 accepted.
[2 : mcmc] Progress @ 2026-09-09 20:45:51 : 21939 steps taken, and 1670 accepted.
[1 : mcmc] Progress @ 2026-09-09 20:46:37 : 22418 steps taken, and 1698 accepted.
[3 : mcmc] Progress @ 2026-09-09 20:46:37 : 22078 steps taken, and 1678 accepted.
[2 : mcmc] Progress @ 2026-09-09 20:46:51 : 21983 steps taken, and 1673 accepted.
[0 : mcmc] Progress @ 2026-09-09 20:47:01 : 21931 steps taken, and 1664 accepted.
[3 : mcmc] Progress @ 2026-09-09 20:47:37 : 22151 steps taken, and 1683 accepted.
[1 : mcmc] Progress @ 2026-09-09 20:47:38 : 22464 steps taken, and 1701 accepted.
[2 : mcmc] Progress @ 2026-09-09 20:47:52 : 22028 steps taken, and 1677 accepted.
[0 : mcmc] Progress @ 2026-09-09 20:48:09 : 21985 steps taken, and 1669 accepted.
[3 : mcmc] Progress @ 2026-09-09 20:48:38 : 22198 steps taken, and 1687 accepted.
[1 : mcmc] Progress @ 2026-09-09 20:48:39 : 22509 steps taken, and 1705 accepted.
[2 : mcmc] Progress @ 2026-09-09 20:48:52 : 22072 steps taken, and 1680 accepted.
[0 : mcmc] Progress @ 2026-09-09 20:49:09 : 22060 steps taken, and 1674 accepted.
[3 : mcmc] Progress @ 2026-09-09 20:49:38 : 22270 steps taken, and 1692 accepted.
[1 : mcmc] Progress @ 2026-09-09 20:49:39 : 22582 steps taken, and 1710 accepted.
[2 : mcmc] Progress @ 2026-09-09 20:49:53 : 22147 steps taken, and 1686 accepted.
[0 : mcmc] Progress @ 2026-09-09 20:50:10 : 22107 steps taken, and 1678 accepted.
[3 : mcmc] Progress @ 2026-09-09 20:50:38 : 22317 steps taken, and 1696 accepted.
[1 : mcmc] Progress @ 2026-09-09 20:50:40 : 22627 steps taken, and 1714 accepted.
[2 : mcmc] Progress @ 2026-09-09 20:51:08 : 22211 steps taken, and 1691 accepted.
[0 : mcmc] Progress @ 2026-09-09 20:51:10 : 22180 steps taken, and 1683 accepted.
[3 : mcmc] Progress @ 2026-09-09 20:51:39 : 22392 steps taken, and 1702 accepted.
[1 : mcmc] Progress @ 2026-09-09 20:51:40 : 22672 steps taken, and 1717 accepted.
[2 : mcmc] Progress @ 2026-09-09 20:52:09 : 22254 steps taken, and 1694 accepted.
[0 : mcmc] Progress @ 2026-09-09 20:52:10 : 22253 steps taken, and 1689 accepted.
[1 : mcmc] Progress @ 2026-09-09 20:52:41 : 22716 steps taken, and 1721 accepted.
[3 : mcmc] Progress @ 2026-09-09 20:52:53 : 22456 steps taken, and 1707 accepted.
[2 : mcmc] Progress @ 2026-09-09 20:53:09 : 22330 steps taken, and 1699 accepted.
[0 : mcmc] Progress @ 2026-09-09 20:53:35 : 22297 steps taken, and 1692 accepted.
[1 : mcmc] Progress @ 2026-09-09 20:53:41 : 22790 steps taken, and 1726 accepted.
[3 : mcmc] Progress @ 2026-09-09 20:53:53 : 22502 steps taken, and 1710 accepted.
[2 : mcmc] Progress @ 2026-09-09 20:54:10 : 22404 steps taken, and 1705 accepted.
[0 : mcmc] Progress @ 2026-09-09 20:54:36 : 22341 steps taken, and 1696 accepted.
[1 : mcmc] Progress @ 2026-09-09 20:54:41 : 22864 steps taken, and 1732 accepted.
[3 : mcmc] Progress @ 2026-09-09 20:54:54 : 22576 steps taken, and 1715 accepted.
[2 : mcmc] Progress @ 2026-09-09 20:55:21 : 22430 steps taken, and 1707 accepted.
[0 : mcmc] Progress @ 2026-09-09 20:55:37 : 22387 steps taken, and 1699 accepted.
[1 : mcmc] Progress @ 2026-09-09 20:55:47 : 22916 steps taken, and 1736 accepted.
[3 : mcmc] Progress @ 2026-09-09 20:55:54 : 22658 steps taken, and 1721 accepted.
[2 : mcmc] Progress @ 2026-09-09 20:56:21 : 22504 steps taken, and 1712 accepted.
[0 : mcmc] Progress @ 2026-09-09 20:56:38 : 22432 steps taken, and 1703 accepted.
[1 : mcmc] Progress @ 2026-09-09 20:56:48 : 22992 steps taken, and 1742 accepted.
[3 : mcmc] Progress @ 2026-09-09 20:56:54 : 22753 steps taken, and 1728 accepted.
[2 : mcmc] Progress @ 2026-09-09 20:57:22 : 22581 steps taken, and 1718 accepted.
[0 : mcmc] Progress @ 2026-09-09 20:57:38 : 22478 steps taken, and 1706 accepted.
[1 : mcmc] Progress @ 2026-09-09 20:57:49 : 23072 steps taken, and 1748 accepted.
[3 : mcmc] Progress @ 2026-09-09 20:57:54 : 22846 steps taken, and 1735 accepted.
[2 : mcmc] Progress @ 2026-09-09 20:58:22 : 22656 steps taken, and 1724 accepted.
[0 : mcmc] Progress @ 2026-09-09 20:58:38 : 22582 steps taken, and 1714 accepted.
[1 : mcmc] Progress @ 2026-09-09 20:58:49 : 23197 steps taken, and 1758 accepted.
[3 : mcmc] Progress @ 2026-09-09 20:58:54 : 22938 steps taken, and 1743 accepted.
[2 : mcmc] Progress @ 2026-09-09 20:59:23 : 22700 steps taken, and 1727 accepted.
[0 : mcmc] Progress @ 2026-09-09 20:59:42 : 22683 steps taken, and 1722 accepted.
[1 : mcmc] Progress @ 2026-09-09 20:59:50 : 23259 steps taken, and 1762 accepted.
[3 : mcmc] Progress @ 2026-09-09 20:59:55 : 23034 steps taken, and 1750 accepted.
[0 : mcmc] Progress @ 2026-09-09 21:00:42 : 22778 steps taken, and 1730 accepted.
[2 : mcmc] Progress @ 2026-09-09 21:00:47 : 22742 steps taken, and 1730 accepted.
[1 : mcmc] Progress @ 2026-09-09 21:00:50 : 23319 steps taken, and 1767 accepted.
[3 : mcmc] Progress @ 2026-09-09 21:00:55 : 23159 steps taken, and 1760 accepted.
[2 : mcmc] Progress @ 2026-09-09 21:01:48 : 22862 steps taken, and 1740 accepted.
[0 : mcmc] Progress @ 2026-09-09 21:01:50 : 22854 steps taken, and 1735 accepted.
[1 : mcmc] Progress @ 2026-09-09 21:01:50 : 23446 steps taken, and 1777 accepted.
[3 : mcmc] Progress @ 2026-09-09 21:02:04 : 23215 steps taken, and 1764 accepted.
[2 : mcmc] Progress @ 2026-09-09 21:02:48 : 22987 steps taken, and 1749 accepted.
[0 : mcmc] Progress @ 2026-09-09 21:02:50 : 22981 steps taken, and 1745 accepted.
[1 : mcmc] Progress @ 2026-09-09 21:02:50 : 23538 steps taken, and 1784 accepted.
[3 : mcmc] Progress @ 2026-09-09 21:03:05 : 23291 steps taken, and 1770 accepted.
[2 : mcmc] Progress @ 2026-09-09 21:03:48 : 23079 steps taken, and 1756 accepted.
[1 : mcmc] Progress @ 2026-09-09 21:03:51 : 23664 steps taken, and 1793 accepted.
[3 : mcmc] Progress @ 2026-09-09 21:04:05 : 23354 steps taken, and 1775 accepted.
[0 : mcmc] Progress @ 2026-09-09 21:04:05 : 23074 steps taken, and 1752 accepted.
[1 : mcmc] Learn + convergence test @ 1800 samples accepted.
[1 : mcmc] Ready to check convergence and learn a new proposal covmat (waiting for the rest...)
[2 : mcmc] Progress @ 2026-09-09 21:04:48 : 23139 steps taken, and 1761 accepted.
[1 : mcmc] Progress @ 2026-09-09 21:04:51 : 23758 steps taken, and 1801 accepted.
[3 : mcmc] Progress @ 2026-09-09 21:05:05 : 23449 steps taken, and 1782 accepted.
[0 : mcmc] Progress @ 2026-09-09 21:05:10 : 23181 steps taken, and 1761 accepted.
[2 : mcmc] Progress @ 2026-09-09 21:05:48 : 23234 steps taken, and 1768 accepted.
[1 : mcmc] Progress @ 2026-09-09 21:06:06 : 23818 steps taken, and 1805 accepted.
[3 : mcmc] Progress @ 2026-09-09 21:06:08 : 23548 steps taken, and 1789 accepted.
[0 : mcmc] Progress @ 2026-09-09 21:06:11 : 23307 steps taken, and 1770 accepted.
[2 : mcmc] Progress @ 2026-09-09 21:06:49 : 23361 steps taken, and 1777 accepted.
[1 : mcmc] Progress @ 2026-09-09 21:07:06 : 23911 steps taken, and 1812 accepted.
[3 : mcmc] Progress @ 2026-09-09 21:07:09 : 23642 steps taken, and 1796 accepted.
[0 : mcmc] Progress @ 2026-09-09 21:07:11 : 23367 steps taken, and 1775 accepted.
[3 : mcmc] Learn + convergence test @ 1800 samples accepted.
[3 : mcmc] Ready to check convergence and learn a new proposal covmat (waiting for the rest...)
[2 : mcmc] Progress @ 2026-09-09 21:07:49 : 23455 steps taken, and 1784 accepted.
[1 : mcmc] Progress @ 2026-09-09 21:08:06 : 24037 steps taken, and 1822 accepted.
[0 : mcmc] Progress @ 2026-09-09 21:08:11 : 23460 steps taken, and 1782 accepted.
[3 : mcmc] Progress @ 2026-09-09 21:08:11 : 23743 steps taken, and 1804 accepted.
[2 : mcmc] Progress @ 2026-09-09 21:08:51 : 23518 steps taken, and 1789 accepted.
[3 : mcmc] Progress @ 2026-09-09 21:09:11 : 23836 steps taken, and 1811 accepted.
[0 : mcmc] Progress @ 2026-09-09 21:09:12 : 23555 steps taken, and 1788 accepted.
[1 : mcmc] Progress @ 2026-09-09 21:09:16 : 24152 steps taken, and 1831 accepted.
[2 : mcmc] Progress @ 2026-09-09 21:09:51 : 23643 steps taken, and 1798 accepted.
[2 : mcmc] Learn + convergence test @ 1800 samples accepted.
[2 : mcmc] Ready to check convergence and learn a new proposal covmat (waiting for the rest...)
[0 : mcmc] Progress @ 2026-09-09 21:10:12 : 23651 steps taken, and 1796 accepted.
[1 : mcmc] Progress @ 2026-09-09 21:10:16 : 24246 steps taken, and 1838 accepted.
[3 : mcmc] Progress @ 2026-09-09 21:10:23 : 23952 steps taken, and 1819 accepted.
[0 : mcmc] Learn + convergence test @ 1800 samples accepted.
[0 : mcmc] Ready to check convergence and learn a new proposal covmat (waiting for the rest...)
[0 : mcmc] All chains are ready to check convergence and learn a new proposal covmat
[0 : mcmc]  - Acceptance rate: 0.989 = avg([0.9923, 0.9882, 0.9901, 0.9849])
[0 : mcmc]  - Convergence of means: R-1 = 0.164403 after 7270 accepted steps = sum([1800, 1843, 1804, 1823])
[0 : mcmc]  - Updated covariance matrix of proposal pdf.
[2 : mcmc] Progress @ 2026-09-09 21:11:01 : 23713 steps taken, and 1804 accepted.
[1 : mcmc] Progress @ 2026-09-09 21:11:16 : 24337 steps taken, and 1845 accepted.
[3 : mcmc] Progress @ 2026-09-09 21:11:23 : 24076 steps taken, and 1829 accepted.
[0 : mcmc] Progress @ 2026-09-09 21:11:24 : 23758 steps taken, and 1803 accepted.
[2 : mcmc] Progress @ 2026-09-09 21:12:12 : 23796 steps taken, and 1811 accepted.
[1 : mcmc] Progress @ 2026-09-09 21:12:16 : 24463 steps taken, and 1855 accepted.
[3 : mcmc] Progress @ 2026-09-09 21:12:24 : 24138 steps taken, and 1834 accepted.
[0 : mcmc] Progress @ 2026-09-09 21:12:24 : 23885 steps taken, and 1814 accepted.
[2 : mcmc] Progress @ 2026-09-09 21:13:12 : 23888 steps taken, and 1818 accepted.
[1 : mcmc] Progress @ 2026-09-09 21:13:16 : 24556 steps taken, and 1861 accepted.
[3 : mcmc] Progress @ 2026-09-09 21:13:24 : 24231 steps taken, and 1840 accepted.
[0 : mcmc] Progress @ 2026-09-09 21:13:25 : 23981 steps taken, and 1821 accepted.
[2 : mcmc] Progress @ 2026-09-09 21:14:13 : 23983 steps taken, and 1825 accepted.
[1 : mcmc] Progress @ 2026-09-09 21:14:16 : 24647 steps taken, and 1868 accepted.
[0 : mcmc] Progress @ 2026-09-09 21:14:34 : 24063 steps taken, and 1827 accepted.
[3 : mcmc] Progress @ 2026-09-09 21:14:37 : 24353 steps taken, and 1850 accepted.
[1 : mcmc] Progress @ 2026-09-09 21:15:22 : 24718 steps taken, and 1873 accepted.
[2 : mcmc] Progress @ 2026-09-09 21:15:23 : 24067 steps taken, and 1832 accepted.
[0 : mcmc] Progress @ 2026-09-09 21:15:35 : 24158 steps taken, and 1834 accepted.
[3 : mcmc] Progress @ 2026-09-09 21:15:38 : 24481 steps taken, and 1859 accepted.
[1 : mcmc] Progress @ 2026-09-09 21:16:22 : 24843 steps taken, and 1883 accepted.
[2 : mcmc] Progress @ 2026-09-09 21:16:24 : 24192 steps taken, and 1841 accepted.
[0 : mcmc] Progress @ 2026-09-09 21:16:35 : 24253 steps taken, and 1841 accepted.
[3 : mcmc] Progress @ 2026-09-09 21:16:38 : 24542 steps taken, and 1864 accepted.
[1 : mcmc] Progress @ 2026-09-09 21:17:22 : 24968 steps taken, and 1893 accepted.
[2 : mcmc] Progress @ 2026-09-09 21:17:24 : 24252 steps taken, and 1846 accepted.
[0 : mcmc] Progress @ 2026-09-09 21:17:35 : 24348 steps taken, and 1848 accepted.
[3 : mcmc] Progress @ 2026-09-09 21:17:45 : 24615 steps taken, and 1869 accepted.
[1 : mcmc] Progress @ 2026-09-09 21:18:22 : 25063 steps taken, and 1900 accepted.
[2 : mcmc] Progress @ 2026-09-09 21:18:27 : 24353 steps taken, and 1854 accepted.
[0 : mcmc] Progress @ 2026-09-09 21:18:36 : 24408 steps taken, and 1853 accepted.
[3 : mcmc] Progress @ 2026-09-09 21:18:54 : 24728 steps taken, and 1878 accepted.
[1 : mcmc] Progress @ 2026-09-09 21:19:24 : 25160 steps taken, and 1907 accepted.
[2 : mcmc] Progress @ 2026-09-09 21:19:28 : 24415 steps taken, and 1858 accepted.
[0 : mcmc] Progress @ 2026-09-09 21:19:36 : 24534 steps taken, and 1862 accepted.
[3 : mcmc] Progress @ 2026-09-09 21:19:54 : 24855 steps taken, and 1887 accepted.
[1 : mcmc] Progress @ 2026-09-09 21:20:24 : 25252 steps taken, and 1915 accepted.
[2 : mcmc] Progress @ 2026-09-09 21:20:28 : 24508 steps taken, and 1865 accepted.
[0 : mcmc] Progress @ 2026-09-09 21:20:46 : 24613 steps taken, and 1869 accepted.
[3 : mcmc] Progress @ 2026-09-09 21:20:54 : 24981 steps taken, and 1897 accepted.
[1 : mcmc] Progress @ 2026-09-09 21:21:25 : 25313 steps taken, and 1919 accepted.
[2 : mcmc] Progress @ 2026-09-09 21:21:38 : 24625 steps taken, and 1873 accepted.
[0 : mcmc] Progress @ 2026-09-09 21:21:46 : 24674 steps taken, and 1873 accepted.
[3 : mcmc] Progress @ 2026-09-09 21:21:54 : 25073 steps taken, and 1904 accepted.
[1 : mcmc] Progress @ 2026-09-09 21:22:25 : 25405 steps taken, and 1925 accepted.
[2 : mcmc] Progress @ 2026-09-09 21:22:39 : 24753 steps taken, and 1883 accepted.
[0 : mcmc] Progress @ 2026-09-09 21:22:47 : 24767 steps taken, and 1880 accepted.
[3 : mcmc] Progress @ 2026-09-09 21:22:58 : 25145 steps taken, and 1909 accepted.
[1 : mcmc] Progress @ 2026-09-09 21:23:26 : 25499 steps taken, and 1932 accepted.
[2 : mcmc] Progress @ 2026-09-09 21:23:39 : 24880 steps taken, and 1893 accepted.
[0 : mcmc] Progress @ 2026-09-09 21:23:47 : 24860 steps taken, and 1888 accepted.
[3 : mcmc] Progress @ 2026-09-09 21:23:59 : 25239 steps taken, and 1916 accepted.
[1 : mcmc] Progress @ 2026-09-09 21:24:26 : 25623 steps taken, and 1942 accepted.
[2 : mcmc] Progress @ 2026-09-09 21:24:39 : 24974 steps taken, and 1900 accepted.
[0 : mcmc] Progress @ 2026-09-09 21:24:47 : 24954 steps taken, and 1895 accepted.
[3 : mcmc] Progress @ 2026-09-09 21:24:59 : 25333 steps taken, and 1923 accepted.
[1 : mcmc] Progress @ 2026-09-09 21:25:28 : 25724 steps taken, and 1950 accepted.
[2 : mcmc] Progress @ 2026-09-09 21:25:39 : 25066 steps taken, and 1907 accepted.
[0 : mcmc] Progress @ 2026-09-09 21:25:47 : 25045 steps taken, and 1902 accepted.
[3 : mcmc] Progress @ 2026-09-09 21:26:13 : 25423 steps taken, and 1930 accepted.
[1 : mcmc] Progress @ 2026-09-09 21:26:28 : 25848 steps taken, and 1960 accepted.
[2 : mcmc] Progress @ 2026-09-09 21:26:40 : 25160 steps taken, and 1914 accepted.
[0 : mcmc] Progress @ 2026-09-09 21:26:55 : 25125 steps taken, and 1908 accepted.
[3 : mcmc] Progress @ 2026-09-09 21:27:13 : 25516 steps taken, and 1937 accepted.
[1 : mcmc] Progress @ 2026-09-09 21:27:28 : 25941 steps taken, and 1967 accepted.
[2 : mcmc] Progress @ 2026-09-09 21:27:51 : 25243 steps taken, and 1920 accepted.
[0 : mcmc] Progress @ 2026-09-09 21:27:56 : 25219 steps taken, and 1915 accepted.
[3 : mcmc] Progress @ 2026-09-09 21:28:13 : 25643 steps taken, and 1947 accepted.
[1 : mcmc] Progress @ 2026-09-09 21:28:28 : 26034 steps taken, and 1974 accepted.
[2 : mcmc] Progress @ 2026-09-09 21:28:51 : 25337 steps taken, and 1926 accepted.
[0 : mcmc] Progress @ 2026-09-09 21:28:56 : 25311 steps taken, and 1922 accepted.
[3 : mcmc] Progress @ 2026-09-09 21:29:14 : 25737 steps taken, and 1953 accepted.
[1 : mcmc] Progress @ 2026-09-09 21:29:28 : 26126 steps taken, and 1981 accepted.
[2 : mcmc] Progress @ 2026-09-09 21:29:52 : 25429 steps taken, and 1932 accepted.
[0 : mcmc] Progress @ 2026-09-09 21:30:02 : 25351 steps taken, and 1925 accepted.
[3 : mcmc] Progress @ 2026-09-09 21:30:29 : 25832 steps taken, and 1961 accepted.
[1 : mcmc] Progress @ 2026-09-09 21:30:43 : 26216 steps taken, and 1988 accepted.
[2 : mcmc] Progress @ 2026-09-09 21:30:52 : 25523 steps taken, and 1939 accepted.
[0 : mcmc] Progress @ 2026-09-09 21:31:03 : 25446 steps taken, and 1933 accepted.
[3 : mcmc] Progress @ 2026-09-09 21:31:36 : 25910 steps taken, and 1967 accepted.
[1 : mcmc] Progress @ 2026-09-09 21:31:43 : 26308 steps taken, and 1995 accepted.
[2 : mcmc] Progress @ 2026-09-09 21:31:52 : 25617 steps taken, and 1946 accepted.
[0 : mcmc] Progress @ 2026-09-09 21:32:03 : 25538 steps taken, and 1939 accepted.
[3 : mcmc] Progress @ 2026-09-09 21:32:36 : 26004 steps taken, and 1973 accepted.
[1 : mcmc] Progress @ 2026-09-09 21:32:43 : 26434 steps taken, and 2004 accepted.
[2 : mcmc] Progress @ 2026-09-09 21:32:53 : 25712 steps taken, and 1954 accepted.
[0 : mcmc] Progress @ 2026-09-09 21:33:06 : 25636 steps taken, and 1947 accepted.
[3 : mcmc] Progress @ 2026-09-09 21:33:37 : 26100 steps taken, and 1981 accepted.
[1 : mcmc] Progress @ 2026-09-09 21:33:43 : 26559 steps taken, and 2014 accepted.
[2 : mcmc] Progress @ 2026-09-09 21:33:53 : 25772 steps taken, and 1959 accepted.
[0 : mcmc] Progress @ 2026-09-09 21:34:11 : 25741 steps taken, and 1955 accepted.
[3 : mcmc] Progress @ 2026-09-09 21:34:37 : 26162 steps taken, and 1986 accepted.
[1 : mcmc] Progress @ 2026-09-09 21:34:43 : 26619 steps taken, and 2019 accepted.
[2 : mcmc] Progress @ 2026-09-09 21:35:01 : 25849 steps taken, and 1965 accepted.
[0 : mcmc] Progress @ 2026-09-09 21:35:21 : 25858 steps taken, and 1964 accepted.
[3 : mcmc] Progress @ 2026-09-09 21:35:37 : 26288 steps taken, and 1996 accepted.
[1 : mcmc] Progress @ 2026-09-09 21:35:47 : 26721 steps taken, and 2027 accepted.
[2 : mcmc] Progress @ 2026-09-09 21:36:01 : 25976 steps taken, and 1974 accepted.
[0 : mcmc] Progress @ 2026-09-09 21:36:21 : 25951 steps taken, and 1972 accepted.
[3 : mcmc] Progress @ 2026-09-09 21:36:37 : 26350 steps taken, and 2000 accepted.
[1 : mcmc] Progress @ 2026-09-09 21:36:47 : 26814 steps taken, and 2034 accepted.
[2 : mcmc] Progress @ 2026-09-09 21:37:02 : 26071 steps taken, and 1982 accepted.
[0 : mcmc] Progress @ 2026-09-09 21:37:21 : 26080 steps taken, and 1981 accepted.
[3 : mcmc] Progress @ 2026-09-09 21:37:43 : 26458 steps taken, and 2009 accepted.
[1 : mcmc] Progress @ 2026-09-09 21:37:53 : 26857 steps taken, and 2037 accepted.
[2 : mcmc] Progress @ 2026-09-09 21:38:02 : 26199 steps taken, and 1992 accepted.
[0 : mcmc] Progress @ 2026-09-09 21:38:22 : 26208 steps taken, and 1991 accepted.
[3 : mcmc] Progress @ 2026-09-09 21:38:43 : 26553 steps taken, and 2016 accepted.
[1 : mcmc] Progress @ 2026-09-09 21:38:53 : 26982 steps taken, and 2047 accepted.
[2 : mcmc] Progress @ 2026-09-09 21:39:02 : 26293 steps taken, and 1999 accepted.
[0 : mcmc] Progress @ 2026-09-09 21:39:22 : 26336 steps taken, and 2001 accepted.
[3 : mcmc] Progress @ 2026-09-09 21:39:45 : 26618 steps taken, and 2021 accepted.
[1 : mcmc] Progress @ 2026-09-09 21:39:53 : 27076 steps taken, and 2054 accepted.
[2 : mcmc] Progress @ 2026-09-09 21:40:02 : 26386 steps taken, and 2006 accepted.
[0 : mcmc] Progress @ 2026-09-09 21:40:32 : 26419 steps taken, and 2008 accepted.
[3 : mcmc] Progress @ 2026-09-09 21:40:45 : 26712 steps taken, and 2028 accepted.
[1 : mcmc] Progress @ 2026-09-09 21:40:54 : 27171 steps taken, and 2061 accepted.
[2 : mcmc] Progress @ 2026-09-09 21:41:02 : 26479 steps taken, and 2013 accepted.
[0 : mcmc] Progress @ 2026-09-09 21:41:33 : 26546 steps taken, and 2017 accepted.
[3 : mcmc] Progress @ 2026-09-09 21:41:45 : 26774 steps taken, and 2032 accepted.
[1 : mcmc] Progress @ 2026-09-09 21:41:58 : 27274 steps taken, and 2068 accepted.
[2 : mcmc] Progress @ 2026-09-09 21:42:02 : 26573 steps taken, and 2020 accepted.
[0 : mcmc] Progress @ 2026-09-09 21:42:37 : 26618 steps taken, and 2023 accepted.
[3 : mcmc] Progress @ 2026-09-09 21:42:46 : 26902 steps taken, and 2043 accepted.
[1 : mcmc] Progress @ 2026-09-09 21:42:58 : 27367 steps taken, and 2073 accepted.
[2 : mcmc] Progress @ 2026-09-09 21:43:02 : 26667 steps taken, and 2027 accepted.
[0 : mcmc] Progress @ 2026-09-09 21:43:37 : 26712 steps taken, and 2030 accepted.
[3 : mcmc] Progress @ 2026-09-09 21:43:46 : 26965 steps taken, and 2048 accepted.
[1 : mcmc] Progress @ 2026-09-09 21:43:58 : 27495 steps taken, and 2083 accepted.
[2 : mcmc] Progress @ 2026-09-09 21:44:18 : 26761 steps taken, and 2035 accepted.
[0 : mcmc] Progress @ 2026-09-09 21:44:38 : 26807 steps taken, and 2037 accepted.
[3 : mcmc] Progress @ 2026-09-09 21:44:46 : 27061 steps taken, and 2055 accepted.
[1 : mcmc] Progress @ 2026-09-09 21:44:59 : 27557 steps taken, and 2088 accepted.
[2 : mcmc] Progress @ 2026-09-09 21:45:18 : 26889 steps taken, and 2044 accepted.
[0 : mcmc] Progress @ 2026-09-09 21:45:38 : 26870 steps taken, and 2041 accepted.
[3 : mcmc] Progress @ 2026-09-09 21:45:46 : 27156 steps taken, and 2062 accepted.
[1 : mcmc] Progress @ 2026-09-09 21:45:59 : 27684 steps taken, and 2098 accepted.
[2 : mcmc] Progress @ 2026-09-09 21:46:18 : 26981 steps taken, and 2052 accepted.
[0 : mcmc] Progress @ 2026-09-09 21:46:38 : 26963 steps taken, and 2048 accepted.
[3 : mcmc] Progress @ 2026-09-09 21:46:52 : 27262 steps taken, and 2071 accepted.
[1 : mcmc] Progress @ 2026-09-09 21:47:05 : 27790 steps taken, and 2106 accepted.
[2 : mcmc] Progress @ 2026-09-09 21:47:20 : 27078 steps taken, and 2059 accepted.
[0 : mcmc] Progress @ 2026-09-09 21:47:39 : 27056 steps taken, and 2056 accepted.
[3 : mcmc] Progress @ 2026-09-09 21:47:52 : 27388 steps taken, and 2080 accepted.
[1 : mcmc] Progress @ 2026-09-09 21:48:05 : 27916 steps taken, and 2116 accepted.
[2 : mcmc] Progress @ 2026-09-09 21:48:20 : 27172 steps taken, and 2066 accepted.
[0 : mcmc] Progress @ 2026-09-09 21:48:43 : 27157 steps taken, and 2063 accepted.
[3 : mcmc] Progress @ 2026-09-09 21:49:00 : 27467 steps taken, and 2086 accepted.
[1 : mcmc] Progress @ 2026-09-09 21:49:06 : 28012 steps taken, and 2123 accepted.
[2 : mcmc] Progress @ 2026-09-09 21:49:33 : 27261 steps taken, and 2072 accepted.
[0 : mcmc] Progress @ 2026-09-09 21:49:43 : 27251 steps taken, and 2070 accepted.
[1 : mcmc] Progress @ 2026-09-09 21:50:06 : 28106 steps taken, and 2130 accepted.
[3 : mcmc] Progress @ 2026-09-09 21:50:11 : 27584 steps taken, and 2095 accepted.
[2 : mcmc] Progress @ 2026-09-09 21:50:34 : 27388 steps taken, and 2082 accepted.
[0 : mcmc] Progress @ 2026-09-09 21:50:43 : 27344 steps taken, and 2077 accepted.
[1 : mcmc] Progress @ 2026-09-09 21:51:11 : 28211 steps taken, and 2138 accepted.
[3 : mcmc] Progress @ 2026-09-09 21:51:12 : 27647 steps taken, and 2100 accepted.
[2 : mcmc] Progress @ 2026-09-09 21:51:34 : 27481 steps taken, and 2089 accepted.
[0 : mcmc] Progress @ 2026-09-09 21:51:44 : 27436 steps taken, and 2085 accepted.
[1 : mcmc] Progress @ 2026-09-09 21:52:11 : 28305 steps taken, and 2146 accepted.
[3 : mcmc] Progress @ 2026-09-09 21:52:12 : 27774 steps taken, and 2110 accepted.
[2 : mcmc] Progress @ 2026-09-09 21:52:34 : 27575 steps taken, and 2096 accepted.
[0 : mcmc] Progress @ 2026-09-09 21:52:44 : 27500 steps taken, and 2090 accepted.
[1 : mcmc] Progress @ 2026-09-09 21:53:11 : 28397 steps taken, and 2152 accepted.
[3 : mcmc] Progress @ 2026-09-09 21:53:12 : 27870 steps taken, and 2117 accepted.
[0 : mcmc] Progress @ 2026-09-09 21:53:46 : 27597 steps taken, and 2097 accepted.
[2 : mcmc] Progress @ 2026-09-09 21:53:47 : 27660 steps taken, and 2103 accepted.
[1 : mcmc] Progress @ 2026-09-09 21:54:12 : 28460 steps taken, and 2157 accepted.
[3 : mcmc] Progress @ 2026-09-09 21:54:12 : 27965 steps taken, and 2124 accepted.
[1 : mcmc] Learn + convergence test @ 2160 samples accepted.
[1 : mcmc] Ready to check convergence and learn a new proposal covmat (waiting for the rest...)
[0 : mcmc] Progress @ 2026-09-09 21:54:47 : 27724 steps taken, and 2107 accepted.
[2 : mcmc] Progress @ 2026-09-09 21:54:56 : 27740 steps taken, and 2109 accepted.
[1 : mcmc] Progress @ 2026-09-09 21:55:12 : 28552 steps taken, and 2165 accepted.
[3 : mcmc] Progress @ 2026-09-09 21:55:26 : 28087 steps taken, and 2134 accepted.
[0 : mcmc] Progress @ 2026-09-09 21:55:47 : 27786 steps taken, and 2112 accepted.
[2 : mcmc] Progress @ 2026-09-09 21:55:56 : 27833 steps taken, and 2116 accepted.
[1 : mcmc] Progress @ 2026-09-09 21:56:13 : 28645 steps taken, and 2172 accepted.
[3 : mcmc] Progress @ 2026-09-09 21:56:26 : 28149 steps taken, and 2139 accepted.
[0 : mcmc] Progress @ 2026-09-09 21:56:48 : 27882 steps taken, and 2119 accepted.
[2 : mcmc] Progress @ 2026-09-09 21:57:11 : 27925 steps taken, and 2123 accepted.
[1 : mcmc] Progress @ 2026-09-09 21:57:13 : 28738 steps taken, and 2179 accepted.
[3 : mcmc] Progress @ 2026-09-09 21:57:41 : 28274 steps taken, and 2148 accepted.
[0 : mcmc] Progress @ 2026-09-09 21:57:49 : 28009 steps taken, and 2129 accepted.
[2 : mcmc] Progress @ 2026-09-09 21:58:11 : 28019 steps taken, and 2130 accepted.
[1 : mcmc] Progress @ 2026-09-09 21:58:13 : 28801 steps taken, and 2184 accepted.
[0 : mcmc] Progress @ 2026-09-09 21:58:49 : 28102 steps taken, and 2136 accepted.
[3 : mcmc] Progress @ 2026-09-09 21:58:52 : 28392 steps taken, and 2157 accepted.
[3 : mcmc] Learn + convergence test @ 2160 samples accepted.
[3 : mcmc] Ready to check convergence and learn a new proposal covmat (waiting for the rest...)
[2 : mcmc] Progress @ 2026-09-09 21:59:11 : 28147 steps taken, and 2140 accepted.
[1 : mcmc] Progress @ 2026-09-09 21:59:13 : 28925 steps taken, and 2193 accepted.
[0 : mcmc] Progress @ 2026-09-09 21:59:49 : 28162 steps taken, and 2141 accepted.
[3 : mcmc] Progress @ 2026-09-09 21:59:53 : 28520 steps taken, and 2167 accepted.
[2 : mcmc] Progress @ 2026-09-09 22:00:12 : 28276 steps taken, and 2150 accepted.
[1 : mcmc] Progress @ 2026-09-09 22:00:14 : 29019 steps taken, and 2200 accepted.
[0 : mcmc] Progress @ 2026-09-09 22:00:57 : 28274 steps taken, and 2149 accepted.
[3 : mcmc] Progress @ 2026-09-09 22:01:02 : 28634 steps taken, and 2176 accepted.
[2 : mcmc] Learn + convergence test @ 2160 samples accepted.
[2 : mcmc] Ready to check convergence and learn a new proposal covmat (waiting for the rest...)
[2 : mcmc] Progress @ 2026-09-09 22:01:12 : 28403 steps taken, and 2160 accepted.
[1 : mcmc] Progress @ 2026-09-09 22:01:17 : 29087 steps taken, and 2205 accepted.
[0 : mcmc] Progress @ 2026-09-09 22:01:58 : 28367 steps taken, and 2156 accepted.
[3 : mcmc] Progress @ 2026-09-09 22:02:02 : 28762 steps taken, and 2186 accepted.
[2 : mcmc] Progress @ 2026-09-09 22:02:12 : 28498 steps taken, and 2167 accepted.
[0 : mcmc] Learn + convergence test @ 2160 samples accepted.
[0 : mcmc] Ready to check convergence and learn a new proposal covmat (waiting for the rest...)
[0 : mcmc] All chains are ready to check convergence and learn a new proposal covmat
[1 : mcmc] Progress @ 2026-09-09 22:02:18 : 29180 steps taken, and 2213 accepted.
[0 : mcmc]  - Acceptance rate: 0.988 = avg([0.9926, 0.9858, 0.9882, 0.9865])
[0 : mcmc]  - Convergence of means: R-1 = 0.103805 after 8734 accepted steps = sum([2160, 2214, 2170, 2190])
[0 : mcmc]  - Updated covariance matrix of proposal pdf.
[0 : mcmc] Progress @ 2026-09-09 22:02:58 : 28475 steps taken, and 2165 accepted.
[3 : mcmc] Progress @ 2026-09-09 22:03:06 : 28862 steps taken, and 2194 accepted.
[2 : mcmc] Progress @ 2026-09-09 22:03:20 : 28576 steps taken, and 2173 accepted.
[1 : mcmc] Progress @ 2026-09-09 22:03:28 : 29287 steps taken, and 2221 accepted.
[0 : mcmc] Progress @ 2026-09-09 22:03:58 : 28568 steps taken, and 2172 accepted.
[3 : mcmc] Progress @ 2026-09-09 22:04:10 : 28932 steps taken, and 2199 accepted.
[2 : mcmc] Progress @ 2026-09-09 22:04:21 : 28668 steps taken, and 2180 accepted.
[1 : mcmc] Progress @ 2026-09-09 22:04:28 : 29413 steps taken, and 2231 accepted.
[0 : mcmc] Progress @ 2026-09-09 22:04:59 : 28662 steps taken, and 2179 accepted.
[3 : mcmc] Progress @ 2026-09-09 22:05:10 : 29025 steps taken, and 2206 accepted.
[2 : mcmc] Progress @ 2026-09-09 22:05:28 : 28778 steps taken, and 2188 accepted.
[1 : mcmc] Progress @ 2026-09-09 22:05:41 : 29533 steps taken, and 2240 accepted.
[0 : mcmc] Progress @ 2026-09-09 22:05:59 : 28757 steps taken, and 2186 accepted.
[3 : mcmc] Progress @ 2026-09-09 22:06:26 : 29118 steps taken, and 2213 accepted.
[2 : mcmc] Progress @ 2026-09-09 22:06:28 : 28872 steps taken, and 2195 accepted.
[1 : mcmc] Progress @ 2026-09-09 22:06:41 : 29626 steps taken, and 2247 accepted.
[0 : mcmc] Progress @ 2026-09-09 22:06:59 : 28883 steps taken, and 2196 accepted.
[2 : mcmc] Progress @ 2026-09-09 22:07:40 : 28988 steps taken, and 2204 accepted.
[3 : mcmc] Progress @ 2026-09-09 22:07:40 : 29209 steps taken, and 2220 accepted.
[1 : mcmc] Progress @ 2026-09-09 22:07:52 : 29712 steps taken, and 2253 accepted.
[0 : mcmc] Progress @ 2026-09-09 22:07:59 : 28942 steps taken, and 2199 accepted.
[2 : mcmc] Progress @ 2026-09-09 22:08:40 : 29084 steps taken, and 2211 accepted.
[3 : mcmc] Progress @ 2026-09-09 22:08:50 : 29325 steps taken, and 2229 accepted.
[0 : mcmc] Progress @ 2026-09-09 22:09:00 : 29037 steps taken, and 2207 accepted.
[1 : mcmc] Progress @ 2026-09-09 22:09:03 : 29827 steps taken, and 2262 accepted.
[2 : mcmc] Progress @ 2026-09-09 22:09:40 : 29177 steps taken, and 2218 accepted.
[3 : mcmc] Progress @ 2026-09-09 22:09:50 : 29452 steps taken, and 2239 accepted.
[0 : mcmc] Progress @ 2026-09-09 22:10:00 : 29131 steps taken, and 2214 accepted.
[1 : mcmc] Progress @ 2026-09-09 22:10:06 : 29928 steps taken, and 2269 accepted.
[2 : mcmc] Progress @ 2026-09-09 22:10:50 : 29257 steps taken, and 2225 accepted.
[3 : mcmc] Progress @ 2026-09-09 22:10:50 : 29580 steps taken, and 2248 accepted.
[1 : mcmc] Progress @ 2026-09-09 22:11:06 : 30023 steps taken, and 2277 accepted.
[0 : mcmc] Progress @ 2026-09-09 22:11:06 : 29239 steps taken, and 2223 accepted.
[3 : mcmc] Progress @ 2026-09-09 22:11:50 : 29676 steps taken, and 2256 accepted.
[2 : mcmc] Progress @ 2026-09-09 22:11:51 : 29319 steps taken, and 2229 accepted.
[0 : mcmc] Progress @ 2026-09-09 22:12:07 : 29334 steps taken, and 2230 accepted.
[1 : mcmc] Progress @ 2026-09-09 22:12:22 : 30116 steps taken, and 2284 accepted.
[2 : mcmc] Progress @ 2026-09-09 22:12:51 : 29444 steps taken, and 2239 accepted.
[3 : mcmc] Progress @ 2026-09-09 22:12:59 : 29791 steps taken, and 2265 accepted.
[0 : mcmc] Progress @ 2026-09-09 22:13:07 : 29427 steps taken, and 2237 accepted.
[1 : mcmc] Progress @ 2026-09-09 22:13:33 : 30234 steps taken, and 2293 accepted.
[2 : mcmc] Progress @ 2026-09-09 22:14:05 : 29534 steps taken, and 2246 accepted.
[0 : mcmc] Progress @ 2026-09-09 22:14:07 : 29554 steps taken, and 2247 accepted.
[3 : mcmc] Progress @ 2026-09-09 22:14:14 : 29917 steps taken, and 2275 accepted.
[1 : mcmc] Progress @ 2026-09-09 22:14:49 : 30328 steps taken, and 2300 accepted.
[0 : mcmc] Progress @ 2026-09-09 22:15:07 : 29649 steps taken, and 2254 accepted.
[3 : mcmc] Progress @ 2026-09-09 22:15:14 : 30012 steps taken, and 2282 accepted.
[2 : mcmc] Progress @ 2026-09-09 22:15:17 : 29619 steps taken, and 2253 accepted.
[1 : mcmc] Progress @ 2026-09-09 22:15:49 : 30455 steps taken, and 2310 accepted.
[0 : mcmc] Progress @ 2026-09-09 22:16:07 : 29776 steps taken, and 2264 accepted.
[3 : mcmc] Progress @ 2026-09-09 22:16:15 : 30108 steps taken, and 2289 accepted.
[2 : mcmc] Progress @ 2026-09-09 22:16:18 : 29746 steps taken, and 2262 accepted.
[1 : mcmc] Progress @ 2026-09-09 22:17:01 : 30542 steps taken, and 2317 accepted.
[0 : mcmc] Progress @ 2026-09-09 22:17:09 : 29873 steps taken, and 2271 accepted.
[2 : mcmc] Progress @ 2026-09-09 22:17:18 : 29841 steps taken, and 2270 accepted.
[3 : mcmc] Progress @ 2026-09-09 22:17:29 : 30233 steps taken, and 2299 accepted.
[1 : mcmc] Progress @ 2026-09-09 22:18:03 : 30637 steps taken, and 2324 accepted.
[0 : mcmc] Progress @ 2026-09-09 22:18:10 : 29968 steps taken, and 2278 accepted.
[2 : mcmc] Progress @ 2026-09-09 22:18:18 : 29967 steps taken, and 2279 accepted.
[3 : mcmc] Progress @ 2026-09-09 22:18:36 : 30342 steps taken, and 2307 accepted.
[1 : mcmc] Progress @ 2026-09-09 22:19:13 : 30720 steps taken, and 2330 accepted.
[2 : mcmc] Progress @ 2026-09-09 22:19:19 : 30061 steps taken, and 2286 accepted.
[0 : mcmc] Progress @ 2026-09-09 22:19:23 : 30056 steps taken, and 2285 accepted.
[3 : mcmc] Progress @ 2026-09-09 22:19:36 : 30436 steps taken, and 2314 accepted.
[1 : mcmc] Progress @ 2026-09-09 22:20:13 : 30847 steps taken, and 2340 accepted.
[2 : mcmc] Progress @ 2026-09-09 22:20:19 : 30155 steps taken, and 2293 accepted.
[0 : mcmc] Progress @ 2026-09-09 22:20:23 : 30151 steps taken, and 2293 accepted.
[3 : mcmc] Progress @ 2026-09-09 22:20:36 : 30530 steps taken, and 2321 accepted.
[1 : mcmc] Progress @ 2026-09-09 22:21:14 : 30974 steps taken, and 2350 accepted.
[2 : mcmc] Progress @ 2026-09-09 22:21:19 : 30217 steps taken, and 2297 accepted.
[0 : mcmc] Progress @ 2026-09-09 22:21:23 : 30277 steps taken, and 2302 accepted.
[3 : mcmc] Progress @ 2026-09-09 22:21:41 : 30632 steps taken, and 2329 accepted.
[1 : mcmc] Progress @ 2026-09-09 22:22:14 : 31036 steps taken, and 2355 accepted.
[2 : mcmc] Progress @ 2026-09-09 22:22:19 : 30343 steps taken, and 2307 accepted.
[0 : mcmc] Progress @ 2026-09-09 22:22:23 : 30339 steps taken, and 2307 accepted.
[3 : mcmc] Progress @ 2026-09-09 22:22:41 : 30760 steps taken, and 2337 accepted.
[1 : mcmc] Progress @ 2026-09-09 22:23:14 : 31129 steps taken, and 2362 accepted.
[2 : mcmc] Progress @ 2026-09-09 22:23:19 : 30471 steps taken, and 2317 accepted.
[0 : mcmc] Progress @ 2026-09-09 22:23:23 : 30433 steps taken, and 2314 accepted.
[3 : mcmc] Progress @ 2026-09-09 22:23:41 : 30853 steps taken, and 2345 accepted.
[1 : mcmc] Progress @ 2026-09-09 22:24:14 : 31256 steps taken, and 2372 accepted.
[2 : mcmc] Progress @ 2026-09-09 22:24:20 : 30565 steps taken, and 2324 accepted.
[0 : mcmc] Progress @ 2026-09-09 22:24:24 : 30528 steps taken, and 2321 accepted.
[3 : mcmc] Progress @ 2026-09-09 22:24:41 : 30981 steps taken, and 2354 accepted.
[1 : mcmc] Progress @ 2026-09-09 22:25:20 : 31360 steps taken, and 2379 accepted.
[2 : mcmc] Progress @ 2026-09-09 22:25:21 : 30660 steps taken, and 2332 accepted.
[0 : mcmc] Progress @ 2026-09-09 22:25:24 : 30654 steps taken, and 2331 accepted.
[3 : mcmc] Progress @ 2026-09-09 22:25:41 : 31075 steps taken, and 2362 accepted.
[1 : mcmc] Progress @ 2026-09-09 22:26:20 : 31453 steps taken, and 2387 accepted.
[2 : mcmc] Progress @ 2026-09-09 22:26:22 : 30724 steps taken, and 2337 accepted.
[0 : mcmc] Progress @ 2026-09-09 22:26:24 : 30750 steps taken, and 2339 accepted.
[3 : mcmc] Progress @ 2026-09-09 22:26:51 : 31156 steps taken, and 2368 accepted.
[1 : mcmc] Progress @ 2026-09-09 22:27:21 : 31579 steps taken, and 2396 accepted.
[2 : mcmc] Progress @ 2026-09-09 22:27:22 : 30817 steps taken, and 2344 accepted.
[0 : mcmc] Progress @ 2026-09-09 22:27:24 : 30843 steps taken, and 2346 accepted.
[3 : mcmc] Progress @ 2026-09-09 22:27:52 : 31251 steps taken, and 2375 accepted.
[2 : mcmc] Progress @ 2026-09-09 22:28:22 : 30913 steps taken, and 2351 accepted.
[1 : mcmc] Progress @ 2026-09-09 22:28:22 : 31643 steps taken, and 2401 accepted.
[0 : mcmc] Progress @ 2026-09-09 22:28:25 : 30973 steps taken, and 2356 accepted.
[3 : mcmc] Progress @ 2026-09-09 22:28:52 : 31377 steps taken, and 2385 accepted.
[2 : mcmc] Progress @ 2026-09-09 22:29:23 : 31039 steps taken, and 2361 accepted.
[1 : mcmc] Progress @ 2026-09-09 22:29:23 : 31769 steps taken, and 2411 accepted.
[0 : mcmc] Progress @ 2026-09-09 22:29:25 : 31100 steps taken, and 2366 accepted.
[3 : mcmc] Progress @ 2026-09-09 22:29:53 : 31505 steps taken, and 2395 accepted.
[1 : mcmc] Progress @ 2026-09-09 22:30:23 : 31863 steps taken, and 2418 accepted.
[0 : mcmc] Progress @ 2026-09-09 22:30:32 : 31209 steps taken, and 2374 accepted.
[2 : mcmc] Progress @ 2026-09-09 22:30:33 : 31123 steps taken, and 2367 accepted.
[3 : mcmc] Progress @ 2026-09-09 22:30:53 : 31633 steps taken, and 2405 accepted.
[1 : mcmc] Progress @ 2026-09-09 22:31:23 : 31924 steps taken, and 2423 accepted.
[0 : mcmc] Progress @ 2026-09-09 22:31:32 : 31303 steps taken, and 2381 accepted.
[2 : mcmc] Progress @ 2026-09-09 22:31:33 : 31184 steps taken, and 2372 accepted.
[3 : mcmc] Progress @ 2026-09-09 22:31:53 : 31727 steps taken, and 2412 accepted.
[1 : mcmc] Progress @ 2026-09-09 22:32:29 : 32029 steps taken, and 2431 accepted.
[2 : mcmc] Progress @ 2026-09-09 22:32:33 : 31277 steps taken, and 2379 accepted.
[0 : mcmc] Progress @ 2026-09-09 22:32:47 : 31430 steps taken, and 2391 accepted.
[3 : mcmc] Progress @ 2026-09-09 22:32:56 : 31827 steps taken, and 2420 accepted.
[1 : mcmc] Progress @ 2026-09-09 22:33:29 : 32122 steps taken, and 2438 accepted.
[2 : mcmc] Progress @ 2026-09-09 22:33:33 : 31370 steps taken, and 2386 accepted.
[0 : mcmc] Progress @ 2026-09-09 22:33:47 : 31559 steps taken, and 2401 accepted.
[3 : mcmc] Progress @ 2026-09-09 22:34:07 : 31944 steps taken, and 2429 accepted.
[1 : mcmc] Progress @ 2026-09-09 22:34:39 : 32235 steps taken, and 2447 accepted.
[2 : mcmc] Progress @ 2026-09-09 22:34:44 : 31453 steps taken, and 2393 accepted.
[0 : mcmc] Progress @ 2026-09-09 22:34:49 : 31625 steps taken, and 2406 accepted.
[3 : mcmc] Progress @ 2026-09-09 22:35:08 : 32006 steps taken, and 2433 accepted.
[1 : mcmc] Progress @ 2026-09-09 22:35:39 : 32328 steps taken, and 2454 accepted.
[2 : mcmc] Progress @ 2026-09-09 22:35:44 : 31579 steps taken, and 2401 accepted.
[0 : mcmc] Progress @ 2026-09-09 22:35:49 : 31752 steps taken, and 2416 accepted.
[3 : mcmc] Progress @ 2026-09-09 22:36:08 : 32101 steps taken, and 2440 accepted.
[1 : mcmc] Progress @ 2026-09-09 22:36:40 : 32423 steps taken, and 2461 accepted.
[2 : mcmc] Progress @ 2026-09-09 22:36:44 : 31674 steps taken, and 2409 accepted.
[0 : mcmc] Progress @ 2026-09-09 22:36:50 : 31845 steps taken, and 2423 accepted.
[3 : mcmc] Progress @ 2026-09-09 22:37:08 : 32194 steps taken, and 2446 accepted.
[1 : mcmc] Progress @ 2026-09-09 22:37:40 : 32548 steps taken, and 2471 accepted.
[2 : mcmc] Progress @ 2026-09-09 22:37:44 : 31802 steps taken, and 2419 accepted.
[0 : mcmc] Progress @ 2026-09-09 22:37:50 : 31906 steps taken, and 2428 accepted.
[3 : mcmc] Progress @ 2026-09-09 22:38:08 : 32290 steps taken, and 2453 accepted.
[1 : mcmc] Progress @ 2026-09-09 22:38:42 : 32611 steps taken, and 2476 accepted.
[2 : mcmc] Progress @ 2026-09-09 22:38:45 : 31928 steps taken, and 2428 accepted.
[0 : mcmc] Progress @ 2026-09-09 22:38:50 : 32034 steps taken, and 2437 accepted.
[3 : mcmc] Progress @ 2026-09-09 22:39:09 : 32418 steps taken, and 2463 accepted.
[1 : mcmc] Progress @ 2026-09-09 22:39:42 : 32703 steps taken, and 2483 accepted.
[2 : mcmc] Progress @ 2026-09-09 22:39:45 : 31989 steps taken, and 2432 accepted.
[0 : mcmc] Progress @ 2026-09-09 22:40:00 : 32116 steps taken, and 2444 accepted.
[3 : mcmc] Progress @ 2026-09-09 22:40:09 : 32513 steps taken, and 2470 accepted.
[1 : mcmc] Progress @ 2026-09-09 22:40:42 : 32797 steps taken, and 2489 accepted.
[2 : mcmc] Progress @ 2026-09-09 22:40:45 : 32050 steps taken, and 2437 accepted.
[0 : mcmc] Progress @ 2026-09-09 22:41:01 : 32180 steps taken, and 2449 accepted.
[3 : mcmc] Progress @ 2026-09-09 22:41:09 : 32577 steps taken, and 2475 accepted.
[2 : mcmc] Progress @ 2026-09-09 22:41:46 : 32177 steps taken, and 2447 accepted.
[1 : mcmc] Progress @ 2026-09-09 22:41:56 : 32884 steps taken, and 2496 accepted.
[0 : mcmc] Progress @ 2026-09-09 22:42:01 : 32306 steps taken, and 2458 accepted.
[3 : mcmc] Progress @ 2026-09-09 22:42:17 : 32685 steps taken, and 2483 accepted.
[2 : mcmc] Progress @ 2026-09-09 22:42:46 : 32303 steps taken, and 2456 accepted.
[1 : mcmc] Progress @ 2026-09-09 22:42:56 : 32977 steps taken, and 2503 accepted.
[0 : mcmc] Progress @ 2026-09-09 22:43:17 : 32434 steps taken, and 2468 accepted.
[3 : mcmc] Progress @ 2026-09-09 22:43:27 : 32771 steps taken, and 2490 accepted.
[2 : mcmc] Progress @ 2026-09-09 22:43:46 : 32431 steps taken, and 2467 accepted.
[1 : mcmc] Progress @ 2026-09-09 22:44:06 : 33056 steps taken, and 2509 accepted.
[0 : mcmc] Progress @ 2026-09-09 22:44:17 : 32562 steps taken, and 2478 accepted.
[3 : mcmc] Progress @ 2026-09-09 22:44:33 : 32875 steps taken, and 2497 accepted.
[2 : mcmc] Progress @ 2026-09-09 22:45:01 : 32558 steps taken, and 2477 accepted.
[1 : mcmc] Progress @ 2026-09-09 22:45:11 : 33160 steps taken, and 2517 accepted.
[0 : mcmc] Progress @ 2026-09-09 22:45:17 : 32657 steps taken, and 2485 accepted.
[1 : mcmc] Learn + convergence test @ 2520 samples accepted.
[1 : mcmc] Ready to check convergence and learn a new proposal covmat (waiting for the rest...)
[3 : mcmc] Progress @ 2026-09-09 22:45:33 : 32970 steps taken, and 2505 accepted.
[2 : mcmc] Progress @ 2026-09-09 22:46:01 : 32651 steps taken, and 2484 accepted.
[1 : mcmc] Progress @ 2026-09-09 22:46:11 : 33254 steps taken, and 2524 accepted.
[0 : mcmc] Progress @ 2026-09-09 22:46:17 : 32752 steps taken, and 2493 accepted.
[3 : mcmc] Progress @ 2026-09-09 22:46:34 : 33097 steps taken, and 2514 accepted.
[3 : mcmc] Learn + convergence test @ 2520 samples accepted.
[3 : mcmc] Ready to check convergence and learn a new proposal covmat (waiting for the rest...)
[1 : mcmc] Progress @ 2026-09-09 22:47:11 : 33346 steps taken, and 2531 accepted.
[2 : mcmc] Progress @ 2026-09-09 22:47:14 : 32771 steps taken, and 2492 accepted.
[0 : mcmc] Progress @ 2026-09-09 22:47:32 : 32879 steps taken, and 2502 accepted.
[3 : mcmc] Progress @ 2026-09-09 22:47:34 : 33225 steps taken, and 2524 accepted.
[2 : mcmc] Progress @ 2026-09-09 22:48:14 : 32898 steps taken, and 2502 accepted.
[1 : mcmc] Progress @ 2026-09-09 22:48:26 : 33438 steps taken, and 2538 accepted.
[3 : mcmc] Progress @ 2026-09-09 22:48:34 : 33354 steps taken, and 2532 accepted.
[0 : mcmc] Progress @ 2026-09-09 22:48:42 : 32991 steps taken, and 2510 accepted.
[1 : mcmc] Progress @ 2026-09-09 22:49:26 : 33530 steps taken, and 2546 accepted.
[2 : mcmc] Progress @ 2026-09-09 22:49:28 : 33021 steps taken, and 2511 accepted.
[3 : mcmc] Progress @ 2026-09-09 22:49:35 : 33481 steps taken, and 2541 accepted.
[0 : mcmc] Progress @ 2026-09-09 22:49:42 : 33086 steps taken, and 2517 accepted.
[0 : mcmc] Learn + convergence test @ 2520 samples accepted.
[0 : mcmc] Ready to check convergence and learn a new proposal covmat (waiting for the rest...)
[1 : mcmc] Progress @ 2026-09-09 22:50:26 : 33656 steps taken, and 2555 accepted.
[2 : mcmc] Progress @ 2026-09-09 22:50:28 : 33080 steps taken, and 2515 accepted.
[3 : mcmc] Progress @ 2026-09-09 22:50:35 : 33542 steps taken, and 2545 accepted.
[0 : mcmc] Progress @ 2026-09-09 22:50:42 : 33146 steps taken, and 2522 accepted.
[2 : mcmc] Learn + convergence test @ 2520 samples accepted.
[2 : mcmc] Ready to check convergence and learn a new proposal covmat (waiting for the rest...)
[0 : mcmc] All chains are ready to check convergence and learn a new proposal covmat
[0 : mcmc]  - Acceptance rate: 0.988 = avg([0.9929, 0.9876, 0.9890, 0.9838])
[0 : mcmc]  - Convergence of means: R-1 = 0.131386 after 10151 accepted steps = sum([2524, 2558, 2520, 2549])
[0 : mcmc]  - Updated covariance matrix of proposal pdf.
[1 : mcmc] Progress @ 2026-09-09 22:51:35 : 33696 steps taken, and 2558 accepted.
[2 : mcmc] Progress @ 2026-09-09 22:51:35 : 33135 steps taken, and 2520 accepted.
[3 : mcmc] Progress @ 2026-09-09 22:51:36 : 33623 steps taken, and 2552 accepted.
[0 : mcmc] Progress @ 2026-09-09 22:51:43 : 33241 steps taken, and 2528 accepted.
[2 : mcmc] Progress @ 2026-09-09 22:52:35 : 33229 steps taken, and 2527 accepted.
[1 : mcmc] Progress @ 2026-09-09 22:52:35 : 33822 steps taken, and 2568 accepted.
[3 : mcmc] Progress @ 2026-09-09 22:52:36 : 33718 steps taken, and 2559 accepted.
[0 : mcmc] Progress @ 2026-09-09 22:52:43 : 33367 steps taken, and 2537 accepted.
[1 : mcmc] Progress @ 2026-09-09 22:53:36 : 33949 steps taken, and 2577 accepted.
[3 : mcmc] Progress @ 2026-09-09 22:53:36 : 33811 steps taken, and 2566 accepted.
[2 : mcmc] Progress @ 2026-09-09 22:53:43 : 33303 steps taken, and 2533 accepted.
[0 : mcmc] Progress @ 2026-09-09 22:53:43 : 33428 steps taken, and 2543 accepted.
[1 : mcmc] Progress @ 2026-09-09 22:54:36 : 34044 steps taken, and 2585 accepted.
[3 : mcmc] Progress @ 2026-09-09 22:54:36 : 33907 steps taken, and 2573 accepted.
[0 : mcmc] Progress @ 2026-09-09 22:54:43 : 33489 steps taken, and 2547 accepted.
[2 : mcmc] Progress @ 2026-09-09 22:54:43 : 33397 steps taken, and 2540 accepted.
[1 : mcmc] Progress @ 2026-09-09 22:55:36 : 34171 steps taken, and 2595 accepted.
[3 : mcmc] Progress @ 2026-09-09 22:55:37 : 34035 steps taken, and 2582 accepted.
[2 : mcmc] Progress @ 2026-09-09 22:55:43 : 33491 steps taken, and 2546 accepted.
[0 : mcmc] Progress @ 2026-09-09 22:55:43 : 33582 steps taken, and 2554 accepted.
[1 : mcmc] Progress @ 2026-09-09 22:56:37 : 34298 steps taken, and 2604 accepted.
[3 : mcmc] Progress @ 2026-09-09 22:56:37 : 34130 steps taken, and 2590 accepted.
[2 : mcmc] Progress @ 2026-09-09 22:56:53 : 33571 steps taken, and 2553 accepted.
[0 : mcmc] Progress @ 2026-09-09 22:56:59 : 33676 steps taken, and 2562 accepted.
[3 : mcmc] Progress @ 2026-09-09 22:57:37 : 34224 steps taken, and 2597 accepted.
[1 : mcmc] Progress @ 2026-09-09 22:57:48 : 34416 steps taken, and 2614 accepted.
[2 : mcmc] Progress @ 2026-09-09 22:57:53 : 33698 steps taken, and 2562 accepted.
[0 : mcmc] Progress @ 2026-09-09 22:57:59 : 33803 steps taken, and 2571 accepted.
[3 : mcmc] Progress @ 2026-09-09 22:58:38 : 34318 steps taken, and 2603 accepted.
[1 : mcmc] Progress @ 2026-09-09 22:58:49 : 34510 steps taken, and 2620 accepted.
[2 : mcmc] Progress @ 2026-09-09 22:58:53 : 33828 steps taken, and 2572 accepted.
[0 : mcmc] Progress @ 2026-09-09 22:58:59 : 33899 steps taken, and 2579 accepted.
[3 : mcmc] Progress @ 2026-09-09 22:59:38 : 34414 steps taken, and 2610 accepted.
[1 : mcmc] Progress @ 2026-09-09 22:59:49 : 34570 steps taken, and 2624 accepted.
[2 : mcmc] Progress @ 2026-09-09 22:59:59 : 33902 steps taken, and 2578 accepted.
[0 : mcmc] Progress @ 2026-09-09 22:59:59 : 34026 steps taken, and 2589 accepted.
[3 : mcmc] Progress @ 2026-09-09 23:00:38 : 34509 steps taken, and 2617 accepted.
[1 : mcmc] Progress @ 2026-09-09 23:00:49 : 34663 steps taken, and 2632 accepted.
[2 : mcmc] Progress @ 2026-09-09 23:00:59 : 33997 steps taken, and 2585 accepted.
[0 : mcmc] Progress @ 2026-09-09 23:00:59 : 34087 steps taken, and 2593 accepted.
[3 : mcmc] Progress @ 2026-09-09 23:01:42 : 34614 steps taken, and 2625 accepted.
[1 : mcmc] Progress @ 2026-09-09 23:01:49 : 34723 steps taken, and 2636 accepted.
[2 : mcmc] Progress @ 2026-09-09 23:01:59 : 34092 steps taken, and 2593 accepted.
[0 : mcmc] Progress @ 2026-09-09 23:02:00 : 34181 steps taken, and 2600 accepted.
[3 : mcmc] Progress @ 2026-09-09 23:02:43 : 34740 steps taken, and 2634 accepted.
[1 : mcmc] Progress @ 2026-09-09 23:02:50 : 34849 steps taken, and 2646 accepted.
[2 : mcmc] Progress @ 2026-09-09 23:02:59 : 34185 steps taken, and 2600 accepted.
[0 : mcmc] Progress @ 2026-09-09 23:03:00 : 34242 steps taken, and 2604 accepted.
[3 : mcmc] Progress @ 2026-09-09 23:03:43 : 34835 steps taken, and 2641 accepted.
[1 : mcmc] Progress @ 2026-09-09 23:03:50 : 34909 steps taken, and 2650 accepted.
[2 : mcmc] Progress @ 2026-09-09 23:03:59 : 34279 steps taken, and 2607 accepted.
[0 : mcmc] Progress @ 2026-09-09 23:04:00 : 34371 steps taken, and 2614 accepted.
[3 : mcmc] Progress @ 2026-09-09 23:04:43 : 34898 steps taken, and 2646 accepted.
[1 : mcmc] Progress @ 2026-09-09 23:04:50 : 35033 steps taken, and 2660 accepted.
[2 : mcmc] Progress @ 2026-09-09 23:05:00 : 34406 steps taken, and 2617 accepted.
[0 : mcmc] Progress @ 2026-09-09 23:05:00 : 34465 steps taken, and 2622 accepted.
[3 : mcmc] Progress @ 2026-09-09 23:05:47 : 35000 steps taken, and 2654 accepted.
[1 : mcmc] Progress @ 2026-09-09 23:05:50 : 35062 steps taken, and 2662 accepted.
[0 : mcmc] Progress @ 2026-09-09 23:06:00 : 34528 steps taken, and 2626 accepted.
[2 : mcmc] Progress @ 2026-09-09 23:06:11 : 34455 steps taken, and 2621 accepted.
[3 : mcmc] Progress @ 2026-09-09 23:06:47 : 35126 steps taken, and 2663 accepted.
[1 : mcmc] Progress @ 2026-09-09 23:06:51 : 35188 steps taken, and 2672 accepted.
[0 : mcmc] Progress @ 2026-09-09 23:07:01 : 34591 steps taken, and 2631 accepted.
[2 : mcmc] Progress @ 2026-09-09 23:07:11 : 34548 steps taken, and 2628 accepted.
[3 : mcmc] Progress @ 2026-09-09 23:07:47 : 35221 steps taken, and 2671 accepted.
[1 : mcmc] Progress @ 2026-09-09 23:07:51 : 35282 steps taken, and 2679 accepted.
[0 : mcmc] Progress @ 2026-09-09 23:08:01 : 34652 steps taken, and 2636 accepted.
[2 : mcmc] Progress @ 2026-09-09 23:08:16 : 34652 steps taken, and 2636 accepted.
[3 : mcmc] Progress @ 2026-09-09 23:08:47 : 35317 steps taken, and 2677 accepted.
[1 : mcmc] Progress @ 2026-09-09 23:08:51 : 35409 steps taken, and 2689 accepted.
[0 : mcmc] Progress @ 2026-09-09 23:09:02 : 34779 steps taken, and 2646 accepted.
[2 : mcmc] Progress @ 2026-09-09 23:09:22 : 34757 steps taken, and 2644 accepted.
[3 : mcmc] Progress @ 2026-09-09 23:09:48 : 35412 steps taken, and 2685 accepted.
[1 : mcmc] Progress @ 2026-09-09 23:09:51 : 35504 steps taken, and 2696 accepted.
[0 : mcmc] Progress @ 2026-09-09 23:10:02 : 34874 steps taken, and 2653 accepted.
[2 : mcmc] Progress @ 2026-09-09 23:10:22 : 34883 steps taken, and 2654 accepted.
[3 : mcmc] Progress @ 2026-09-09 23:10:50 : 35511 steps taken, and 2693 accepted.
[1 : mcmc] Progress @ 2026-09-09 23:10:51 : 35599 steps taken, and 2704 accepted.
[0 : mcmc] Progress @ 2026-09-09 23:11:04 : 34973 steps taken, and 2661 accepted.
[2 : mcmc] Progress @ 2026-09-09 23:11:22 : 34977 steps taken, and 2661 accepted.
[3 : mcmc] Progress @ 2026-09-09 23:11:50 : 35638 steps taken, and 2702 accepted.
[1 : mcmc] Progress @ 2026-09-09 23:11:51 : 35693 steps taken, and 2711 accepted.
[0 : mcmc] Progress @ 2026-09-09 23:12:04 : 35067 steps taken, and 2668 accepted.
[2 : mcmc] Progress @ 2026-09-09 23:12:22 : 35070 steps taken, and 2667 accepted.
[1 : mcmc] Progress @ 2026-09-09 23:12:55 : 35762 steps taken, and 2716 accepted.
[0 : mcmc] Progress @ 2026-09-09 23:13:05 : 35160 steps taken, and 2675 accepted.
[3 : mcmc] Progress @ 2026-09-09 23:13:06 : 35767 steps taken, and 2712 accepted.
[2 : mcmc] Progress @ 2026-09-09 23:13:27 : 35144 steps taken, and 2673 accepted.
[1 : mcmc] Progress @ 2026-09-09 23:13:55 : 35888 steps taken, and 2726 accepted.
[3 : mcmc] Progress @ 2026-09-09 23:14:06 : 35861 steps taken, and 2718 accepted.
[0 : mcmc] Progress @ 2026-09-09 23:14:18 : 35283 steps taken, and 2684 accepted.
[2 : mcmc] Progress @ 2026-09-09 23:14:27 : 35238 steps taken, and 2679 accepted.
[1 : mcmc] Progress @ 2026-09-09 23:14:55 : 35983 steps taken, and 2733 accepted.
[3 : mcmc] Progress @ 2026-09-09 23:15:06 : 35955 steps taken, and 2725 accepted.
[0 : mcmc] Progress @ 2026-09-09 23:15:18 : 35409 steps taken, and 2693 accepted.
[2 : mcmc] Progress @ 2026-09-09 23:15:27 : 35333 steps taken, and 2687 accepted.
[1 : mcmc] Progress @ 2026-09-09 23:15:56 : 36077 steps taken, and 2740 accepted.
[3 : mcmc] Progress @ 2026-09-09 23:16:11 : 35998 steps taken, and 2728 accepted.
[0 : mcmc] Progress @ 2026-09-09 23:16:18 : 35504 steps taken, and 2699 accepted.
[2 : mcmc] Progress @ 2026-09-09 23:16:27 : 35427 steps taken, and 2694 accepted.
[1 : mcmc] Progress @ 2026-09-09 23:16:56 : 36172 steps taken, and 2748 accepted.
[3 : mcmc] Progress @ 2026-09-09 23:17:12 : 36125 steps taken, and 2738 accepted.
[0 : mcmc] Progress @ 2026-09-09 23:17:19 : 35598 steps taken, and 2707 accepted.
[2 : mcmc] Progress @ 2026-09-09 23:17:28 : 35521 steps taken, and 2701 accepted.
[1 : mcmc] Progress @ 2026-09-09 23:17:56 : 36266 steps taken, and 2755 accepted.
[0 : mcmc] Progress @ 2026-09-09 23:18:19 : 35694 steps taken, and 2714 accepted.
[3 : mcmc] Progress @ 2026-09-09 23:18:22 : 36209 steps taken, and 2745 accepted.
[2 : mcmc] Progress @ 2026-09-09 23:18:28 : 35613 steps taken, and 2708 accepted.
[1 : mcmc] Progress @ 2026-09-09 23:18:56 : 36359 steps taken, and 2762 accepted.
[0 : mcmc] Progress @ 2026-09-09 23:19:19 : 35787 steps taken, and 2721 accepted.
[3 : mcmc] Progress @ 2026-09-09 23:19:22 : 36335 steps taken, and 2754 accepted.
[2 : mcmc] Progress @ 2026-09-09 23:19:39 : 35699 steps taken, and 2715 accepted.
[1 : mcmc] Progress @ 2026-09-09 23:20:05 : 36469 steps taken, and 2771 accepted.
[0 : mcmc] Progress @ 2026-09-09 23:20:19 : 35883 steps taken, and 2729 accepted.
[3 : mcmc] Progress @ 2026-09-09 23:20:22 : 36463 steps taken, and 2764 accepted.
[2 : mcmc] Progress @ 2026-09-09 23:20:39 : 35791 steps taken, and 2722 accepted.
[1 : mcmc] Progress @ 2026-09-09 23:21:05 : 36597 steps taken, and 2780 accepted.
[0 : mcmc] Progress @ 2026-09-09 23:21:20 : 35977 steps taken, and 2735 accepted.
[3 : mcmc] Progress @ 2026-09-09 23:21:37 : 36587 steps taken, and 2774 accepted.
[2 : mcmc] Progress @ 2026-09-09 23:21:40 : 35884 steps taken, and 2730 accepted.
[1 : mcmc] Progress @ 2026-09-09 23:22:06 : 36723 steps taken, and 2790 accepted.
[0 : mcmc] Progress @ 2026-09-09 23:22:20 : 36071 steps taken, and 2743 accepted.
[3 : mcmc] Progress @ 2026-09-09 23:22:37 : 36681 steps taken, and 2781 accepted.
[2 : mcmc] Progress @ 2026-09-09 23:22:41 : 35978 steps taken, and 2737 accepted.
[1 : mcmc] Progress @ 2026-09-09 23:23:06 : 36817 steps taken, and 2797 accepted.
[0 : mcmc] Progress @ 2026-09-09 23:23:30 : 36186 steps taken, and 2750 accepted.
[3 : mcmc] Progress @ 2026-09-09 23:23:37 : 36778 steps taken, and 2788 accepted.
[2 : mcmc] Progress @ 2026-09-09 23:23:50 : 36025 steps taken, and 2740 accepted.
[1 : mcmc] Progress @ 2026-09-09 23:24:08 : 36884 steps taken, and 2802 accepted.
[0 : mcmc] Progress @ 2026-09-09 23:24:30 : 36312 steps taken, and 2759 accepted.
[3 : mcmc] Progress @ 2026-09-09 23:24:37 : 36873 steps taken, and 2796 accepted.
[2 : mcmc] Progress @ 2026-09-09 23:24:50 : 36149 steps taken, and 2750 accepted.
[1 : mcmc] Progress @ 2026-09-09 23:25:08 : 36977 steps taken, and 2809 accepted.
[0 : mcmc] Progress @ 2026-09-09 23:25:30 : 36410 steps taken, and 2767 accepted.
[3 : mcmc] Progress @ 2026-09-09 23:25:37 : 36967 steps taken, and 2802 accepted.
[2 : mcmc] Progress @ 2026-09-09 23:26:06 : 36242 steps taken, and 2757 accepted.
[1 : mcmc] Progress @ 2026-09-09 23:26:09 : 37037 steps taken, and 2813 accepted.
[0 : mcmc] Progress @ 2026-09-09 23:26:31 : 36536 steps taken, and 2775 accepted.
[3 : mcmc] Progress @ 2026-09-09 23:26:45 : 37076 steps taken, and 2811 accepted.
[2 : mcmc] Progress @ 2026-09-09 23:27:06 : 36336 steps taken, and 2764 accepted.
[1 : mcmc] Progress @ 2026-09-09 23:27:19 : 37119 steps taken, and 2820 accepted.
[0 : mcmc] Progress @ 2026-09-09 23:27:40 : 36619 steps taken, and 2782 accepted.
[3 : mcmc] Progress @ 2026-09-09 23:27:56 : 37160 steps taken, and 2817 accepted.
[2 : mcmc] Progress @ 2026-09-09 23:28:06 : 36429 steps taken, and 2771 accepted.
[1 : mcmc] Progress @ 2026-09-09 23:28:20 : 37179 steps taken, and 2824 accepted.
[0 : mcmc] Progress @ 2026-09-09 23:28:41 : 36714 steps taken, and 2790 accepted.
[3 : mcmc] Progress @ 2026-09-09 23:28:56 : 37254 steps taken, and 2825 accepted.
[2 : mcmc] Progress @ 2026-09-09 23:29:06 : 36520 steps taken, and 2778 accepted.
[1 : mcmc] Progress @ 2026-09-09 23:29:28 : 37289 steps taken, and 2833 accepted.
[0 : mcmc] Progress @ 2026-09-09 23:29:41 : 36839 steps taken, and 2799 accepted.
[3 : mcmc] Progress @ 2026-09-09 23:29:56 : 37347 steps taken, and 2832 accepted.
[2 : mcmc] Progress @ 2026-09-09 23:30:07 : 36615 steps taken, and 2786 accepted.
[1 : mcmc] Progress @ 2026-09-09 23:30:28 : 37381 steps taken, and 2840 accepted.
[0 : mcmc] Progress @ 2026-09-09 23:30:49 : 36918 steps taken, and 2804 accepted.
[3 : mcmc] Progress @ 2026-09-09 23:30:56 : 37441 steps taken, and 2839 accepted.
[2 : mcmc] Progress @ 2026-09-09 23:31:07 : 36743 steps taken, and 2796 accepted.
[1 : mcmc] Progress @ 2026-09-09 23:31:41 : 37501 steps taken, and 2849 accepted.
[0 : mcmc] Progress @ 2026-09-09 23:31:54 : 37022 steps taken, and 2812 accepted.
[3 : mcmc] Progress @ 2026-09-09 23:31:56 : 37534 steps taken, and 2846 accepted.
[2 : mcmc] Progress @ 2026-09-09 23:32:09 : 36839 steps taken, and 2803 accepted.
[1 : mcmc] Progress @ 2026-09-09 23:32:41 : 37596 steps taken, and 2856 accepted.
[0 : mcmc] Progress @ 2026-09-09 23:32:54 : 37117 steps taken, and 2819 accepted.
[3 : mcmc] Progress @ 2026-09-09 23:32:57 : 37627 steps taken, and 2854 accepted.
[2 : mcmc] Progress @ 2026-09-09 23:33:09 : 36933 steps taken, and 2810 accepted.
[1 : mcmc] Progress @ 2026-09-09 23:33:42 : 37690 steps taken, and 2863 accepted.
[3 : mcmc] Progress @ 2026-09-09 23:33:57 : 37689 steps taken, and 2859 accepted.
[0 : mcmc] Progress @ 2026-09-09 23:34:01 : 37225 steps taken, and 2828 accepted.
[2 : mcmc] Progress @ 2026-09-09 23:34:10 : 37027 steps taken, and 2816 accepted.
[1 : mcmc] Progress @ 2026-09-09 23:34:42 : 37785 steps taken, and 2870 accepted.
[3 : mcmc] Progress @ 2026-09-09 23:34:58 : 37782 steps taken, and 2865 accepted.
[0 : mcmc] Progress @ 2026-09-09 23:35:01 : 37320 steps taken, and 2835 accepted.
[2 : mcmc] Progress @ 2026-09-09 23:35:10 : 37155 steps taken, and 2826 accepted.
[1 : mcmc] Progress @ 2026-09-09 23:35:44 : 37883 steps taken, and 2877 accepted.
[3 : mcmc] Progress @ 2026-09-09 23:35:58 : 37878 steps taken, and 2873 accepted.
[0 : mcmc] Progress @ 2026-09-09 23:36:02 : 37415 steps taken, and 2842 accepted.
[2 : mcmc] Progress @ 2026-09-09 23:36:10 : 37247 steps taken, and 2833 accepted.
[1 : mcmc] Learn + convergence test @ 2880 samples accepted.
[1 : mcmc] Ready to check convergence and learn a new proposal covmat (waiting for the rest...)
[3 : mcmc] Learn + convergence test @ 2880 samples accepted.
[3 : mcmc] Ready to check convergence and learn a new proposal covmat (waiting for the rest...)
[1 : mcmc] Progress @ 2026-09-09 23:36:55 : 37965 steps taken, and 2883 accepted.
[0 : mcmc] Progress @ 2026-09-09 23:37:02 : 37543 steps taken, and 2852 accepted.
[3 : mcmc] Progress @ 2026-09-09 23:37:09 : 37993 steps taken, and 2882 accepted.
[2 : mcmc] Progress @ 2026-09-09 23:37:11 : 37342 steps taken, and 2840 accepted.
[1 : mcmc] Progress @ 2026-09-09 23:37:56 : 38092 steps taken, and 2893 accepted.
[0 : mcmc] Progress @ 2026-09-09 23:38:02 : 37638 steps taken, and 2859 accepted.
[3 : mcmc] Progress @ 2026-09-09 23:38:09 : 38088 steps taken, and 2889 accepted.
[2 : mcmc] Progress @ 2026-09-09 23:38:11 : 37437 steps taken, and 2848 accepted.
[1 : mcmc] Progress @ 2026-09-09 23:38:56 : 38184 steps taken, and 2900 accepted.
[0 : mcmc] Progress @ 2026-09-09 23:39:02 : 37733 steps taken, and 2867 accepted.
[3 : mcmc] Progress @ 2026-09-09 23:39:10 : 38182 steps taken, and 2896 accepted.
[2 : mcmc] Progress @ 2026-09-09 23:39:26 : 37527 steps taken, and 2855 accepted.
[0 : mcmc] Progress @ 2026-09-09 23:40:03 : 37861 steps taken, and 2877 accepted.
[1 : mcmc] Progress @ 2026-09-09 23:40:09 : 38271 steps taken, and 2907 accepted.
[3 : mcmc] Progress @ 2026-09-09 23:40:10 : 38275 steps taken, and 2904 accepted.
[0 : mcmc] Learn + convergence test @ 2880 samples accepted.
[0 : mcmc] Ready to check convergence and learn a new proposal covmat (waiting for the rest...)
[2 : mcmc] Progress @ 2026-09-09 23:40:41 : 37620 steps taken, and 2861 accepted.
[0 : mcmc] Progress @ 2026-09-09 23:41:07 : 37933 steps taken, and 2882 accepted.
[1 : mcmc] Progress @ 2026-09-09 23:41:09 : 38397 steps taken, and 2916 accepted.
[3 : mcmc] Progress @ 2026-09-09 23:41:10 : 38371 steps taken, and 2911 accepted.
[2 : mcmc] Progress @ 2026-09-09 23:41:42 : 37746 steps taken, and 2871 accepted.
[0 : mcmc] Progress @ 2026-09-09 23:42:08 : 38026 steps taken, and 2889 accepted.
[1 : mcmc] Progress @ 2026-09-09 23:42:10 : 38490 steps taken, and 2924 accepted.
[3 : mcmc] Progress @ 2026-09-09 23:42:10 : 38465 steps taken, and 2918 accepted.
[2 : mcmc] Progress @ 2026-09-09 23:42:42 : 37840 steps taken, and 2878 accepted.
[0 : mcmc] Progress @ 2026-09-09 23:43:08 : 38119 steps taken, and 2896 accepted.
[1 : mcmc] Progress @ 2026-09-09 23:43:10 : 38584 steps taken, and 2931 accepted.
[2 : mcmc] Learn + convergence test @ 2880 samples accepted.
[2 : mcmc] Ready to check convergence and learn a new proposal covmat (waiting for the rest...)
[3 : mcmc] Progress @ 2026-09-09 23:43:11 : 38559 steps taken, and 2925 accepted.
[0 : mcmc] All chains are ready to check convergence and learn a new proposal covmat
[0 : mcmc]  - Acceptance rate: 0.989 = avg([0.9904, 0.9905, 0.9883, 0.9852])
[0 : mcmc]  - Convergence of means: R-1 = 0.137999 after 11637 accepted steps = sum([2898, 2933, 2880, 2926])
[0 : mcmc]  - Updated covariance matrix of proposal pdf.
[2 : mcmc] Progress @ 2026-09-09 23:43:42 : 37880 steps taken, and 2881 accepted.
[0 : mcmc] Progress @ 2026-09-09 23:44:08 : 38215 steps taken, and 2903 accepted.
[1 : mcmc] Progress @ 2026-09-09 23:44:10 : 38645 steps taken, and 2936 accepted.
[3 : mcmc] Progress @ 2026-09-09 23:44:11 : 38604 steps taken, and 2928 accepted.
[2 : mcmc] Progress @ 2026-09-09 23:44:43 : 37941 steps taken, and 2885 accepted.
[0 : mcmc] Progress @ 2026-09-09 23:45:08 : 38343 steps taken, and 2912 accepted.
[1 : mcmc] Progress @ 2026-09-09 23:45:11 : 38773 steps taken, and 2946 accepted.
[3 : mcmc] Progress @ 2026-09-09 23:45:11 : 38699 steps taken, and 2935 accepted.
[2 : mcmc] Progress @ 2026-09-09 23:45:43 : 38034 steps taken, and 2893 accepted.
[0 : mcmc] Progress @ 2026-09-09 23:46:09 : 38437 steps taken, and 2919 accepted.
[3 : mcmc] Progress @ 2026-09-09 23:46:12 : 38793 steps taken, and 2941 accepted.
[1 : mcmc] Progress @ 2026-09-09 23:46:15 : 38874 steps taken, and 2953 accepted.
[2 : mcmc] Progress @ 2026-09-09 23:46:58 : 38162 steps taken, and 2903 accepted.
[0 : mcmc] Progress @ 2026-09-09 23:47:09 : 38533 steps taken, and 2926 accepted.
[3 : mcmc] Progress @ 2026-09-09 23:47:12 : 38890 steps taken, and 2949 accepted.
[1 : mcmc] Progress @ 2026-09-09 23:47:16 : 38934 steps taken, and 2958 accepted.
[2 : mcmc] Progress @ 2026-09-09 23:47:59 : 38254 steps taken, and 2910 accepted.
[0 : mcmc] Progress @ 2026-09-09 23:48:09 : 38628 steps taken, and 2933 accepted.
[3 : mcmc] Progress @ 2026-09-09 23:48:12 : 38984 steps taken, and 2956 accepted.
[1 : mcmc] Progress @ 2026-09-09 23:48:16 : 39027 steps taken, and 2965 accepted.
[2 : mcmc] Progress @ 2026-09-09 23:48:59 : 38380 steps taken, and 2919 accepted.
[0 : mcmc] Progress @ 2026-09-09 23:49:09 : 38755 steps taken, and 2943 accepted.
[3 : mcmc] Progress @ 2026-09-09 23:49:14 : 39081 steps taken, and 2964 accepted.
[1 : mcmc] Progress @ 2026-09-09 23:49:16 : 39153 steps taken, and 2975 accepted.
[0 : mcmc] Progress @ 2026-09-09 23:50:09 : 38848 steps taken, and 2951 accepted.
[2 : mcmc] Progress @ 2026-09-09 23:50:10 : 38466 steps taken, and 2926 accepted.
[3 : mcmc] Progress @ 2026-09-09 23:50:14 : 39176 steps taken, and 2971 accepted.
[1 : mcmc] Progress @ 2026-09-09 23:50:16 : 39216 steps taken, and 2980 accepted.
[2 : mcmc] Progress @ 2026-09-09 23:51:10 : 38560 steps taken, and 2933 accepted.
[3 : mcmc] Progress @ 2026-09-09 23:51:14 : 39273 steps taken, and 2978 accepted.
[1 : mcmc] Progress @ 2026-09-09 23:51:17 : 39278 steps taken, and 2985 accepted.
[0 : mcmc] Progress @ 2026-09-09 23:51:20 : 38934 steps taken, and 2957 accepted.
[2 : mcmc] Progress @ 2026-09-09 23:52:10 : 38688 steps taken, and 2943 accepted.
[3 : mcmc] Progress @ 2026-09-09 23:52:14 : 39367 steps taken, and 2984 accepted.
[1 : mcmc] Progress @ 2026-09-09 23:52:17 : 39404 steps taken, and 2994 accepted.
[0 : mcmc] Progress @ 2026-09-09 23:52:21 : 39028 steps taken, and 2964 accepted.
[2 : mcmc] Progress @ 2026-09-09 23:53:12 : 38752 steps taken, and 2948 accepted.
[3 : mcmc] Progress @ 2026-09-09 23:53:14 : 39429 steps taken, and 2989 accepted.
[1 : mcmc] Progress @ 2026-09-09 23:53:18 : 39468 steps taken, and 2999 accepted.
[0 : mcmc] Progress @ 2026-09-09 23:53:21 : 39121 steps taken, and 2972 accepted.
[2 : mcmc] Progress @ 2026-09-09 23:54:12 : 38844 steps taken, and 2955 accepted.
[3 : mcmc] Progress @ 2026-09-09 23:54:16 : 39527 steps taken, and 2997 accepted.
[0 : mcmc] Progress @ 2026-09-09 23:54:22 : 39184 steps taken, and 2976 accepted.
[1 : mcmc] Progress @ 2026-09-09 23:54:29 : 39550 steps taken, and 3005 accepted.
[3 : mcmc] Progress @ 2026-09-09 23:55:16 : 39622 steps taken, and 3004 accepted.
[2 : mcmc] Progress @ 2026-09-09 23:55:24 : 38962 steps taken, and 2964 accepted.
[0 : mcmc] Progress @ 2026-09-09 23:55:25 : 39285 steps taken, and 2984 accepted.
[1 : mcmc] Progress @ 2026-09-09 23:55:29 : 39643 steps taken, and 3012 accepted.
[3 : mcmc] Progress @ 2026-09-09 23:56:17 : 39750 steps taken, and 3014 accepted.
[2 : mcmc] Progress @ 2026-09-09 23:56:24 : 39055 steps taken, and 2971 accepted.
[0 : mcmc] Progress @ 2026-09-09 23:56:27 : 39384 steps taken, and 2992 accepted.
[1 : mcmc] Progress @ 2026-09-09 23:56:29 : 39704 steps taken, and 3017 accepted.
[3 : mcmc] Progress @ 2026-09-09 23:57:17 : 39844 steps taken, and 3021 accepted.
[2 : mcmc] Progress @ 2026-09-09 23:57:25 : 39150 steps taken, and 2979 accepted.
[0 : mcmc] Progress @ 2026-09-09 23:57:27 : 39479 steps taken, and 2999 accepted.
[1 : mcmc] Progress @ 2026-09-09 23:57:29 : 39797 steps taken, and 3024 accepted.
[3 : mcmc] Progress @ 2026-09-09 23:58:17 : 39940 steps taken, and 3029 accepted.
[2 : mcmc] Progress @ 2026-09-09 23:58:25 : 39243 steps taken, and 2986 accepted.
[0 : mcmc] Progress @ 2026-09-09 23:58:27 : 39608 steps taken, and 3008 accepted.
[1 : mcmc] Progress @ 2026-09-09 23:58:29 : 39889 steps taken, and 3032 accepted.
[3 : mcmc] Progress @ 2026-09-09 23:59:17 : 40036 steps taken, and 3036 accepted.
[2 : mcmc] Progress @ 2026-09-09 23:59:25 : 39370 steps taken, and 2995 accepted.
[0 : mcmc] Progress @ 2026-09-09 23:59:28 : 39736 steps taken, and 3018 accepted.
[1 : mcmc] Progress @ 2026-09-09 23:59:30 : 39949 steps taken, and 3036 accepted.
[3 : mcmc] Progress @ 2026-09-10 00:00:17 : 40132 steps taken, and 3044 accepted.
[2 : mcmc] Progress @ 2026-09-10 00:00:26 : 39498 steps taken, and 3004 accepted.
[0 : mcmc] Progress @ 2026-09-10 00:00:28 : 39800 steps taken, and 3023 accepted.
[1 : mcmc] Progress @ 2026-09-10 00:00:35 : 40019 steps taken, and 3042 accepted.
[3 : mcmc] Progress @ 2026-09-10 00:01:18 : 40227 steps taken, and 3050 accepted.
[2 : mcmc] Progress @ 2026-09-10 00:01:26 : 39590 steps taken, and 3011 accepted.
[0 : mcmc] Progress @ 2026-09-10 00:01:29 : 39893 steps taken, and 3030 accepted.
[1 : mcmc] Progress @ 2026-09-10 00:01:35 : 40111 steps taken, and 3049 accepted.
[3 : mcmc] Progress @ 2026-09-10 00:02:18 : 40322 steps taken, and 3058 accepted.
[2 : mcmc] Progress @ 2026-09-10 00:02:27 : 39718 steps taken, and 3021 accepted.
[0 : mcmc] Progress @ 2026-09-10 00:02:29 : 39988 steps taken, and 3037 accepted.
[1 : mcmc] Progress @ 2026-09-10 00:02:44 : 40222 steps taken, and 3057 accepted.
[3 : mcmc] Progress @ 2026-09-10 00:03:18 : 40416 steps taken, and 3065 accepted.
[2 : mcmc] Progress @ 2026-09-10 00:03:27 : 39847 steps taken, and 3031 accepted.
[0 : mcmc] Progress @ 2026-09-10 00:03:29 : 40116 steps taken, and 3047 accepted.
[1 : mcmc] Progress @ 2026-09-10 00:03:48 : 40327 steps taken, and 3065 accepted.
[3 : mcmc] Progress @ 2026-09-10 00:04:18 : 40511 steps taken, and 3073 accepted.
[0 : mcmc] Progress @ 2026-09-10 00:04:30 : 40210 steps taken, and 3053 accepted.
[2 : mcmc] Progress @ 2026-09-10 00:04:31 : 39948 steps taken, and 3039 accepted.
[1 : mcmc] Progress @ 2026-09-10 00:05:04 : 40451 steps taken, and 3075 accepted.
[3 : mcmc] Progress @ 2026-09-10 00:05:19 : 40638 steps taken, and 3082 accepted.
[0 : mcmc] Progress @ 2026-09-10 00:05:30 : 40303 steps taken, and 3060 accepted.
[2 : mcmc] Progress @ 2026-09-10 00:05:31 : 40041 steps taken, and 3046 accepted.
[1 : mcmc] Progress @ 2026-09-10 00:06:04 : 40511 steps taken, and 3079 accepted.
[3 : mcmc] Progress @ 2026-09-10 00:06:19 : 40765 steps taken, and 3092 accepted.
[2 : mcmc] Progress @ 2026-09-10 00:06:31 : 40134 steps taken, and 3053 accepted.
[0 : mcmc] Progress @ 2026-09-10 00:06:44 : 40429 steps taken, and 3070 accepted.
[1 : mcmc] Progress @ 2026-09-10 00:07:11 : 40617 steps taken, and 3088 accepted.
[3 : mcmc] Progress @ 2026-09-10 00:07:19 : 40892 steps taken, and 3101 accepted.
[2 : mcmc] Progress @ 2026-09-10 00:07:34 : 40233 steps taken, and 3061 accepted.
[0 : mcmc] Progress @ 2026-09-10 00:07:45 : 40524 steps taken, and 3078 accepted.
[1 : mcmc] Progress @ 2026-09-10 00:08:11 : 40745 steps taken, and 3098 accepted.
[3 : mcmc] Progress @ 2026-09-10 00:08:19 : 40986 steps taken, and 3108 accepted.
[2 : mcmc] Progress @ 2026-09-10 00:08:34 : 40325 steps taken, and 3067 accepted.
[0 : mcmc] Progress @ 2026-09-10 00:08:45 : 40652 steps taken, and 3086 accepted.
[1 : mcmc] Progress @ 2026-09-10 00:09:16 : 40816 steps taken, and 3103 accepted.
[3 : mcmc] Progress @ 2026-09-10 00:09:19 : 41112 steps taken, and 3118 accepted.
[2 : mcmc] Progress @ 2026-09-10 00:09:35 : 40452 steps taken, and 3076 accepted.
[0 : mcmc] Progress @ 2026-09-10 00:09:54 : 40730 steps taken, and 3092 accepted.
[1 : mcmc] Progress @ 2026-09-10 00:10:20 : 40917 steps taken, and 3111 accepted.
[3 : mcmc] Progress @ 2026-09-10 00:10:30 : 41194 steps taken, and 3124 accepted.
[2 : mcmc] Progress @ 2026-09-10 00:10:35 : 40545 steps taken, and 3081 accepted.
[0 : mcmc] Progress @ 2026-09-10 00:10:54 : 40858 steps taken, and 3102 accepted.
[1 : mcmc] Progress @ 2026-09-10 00:11:20 : 41009 steps taken, and 3118 accepted.
[3 : mcmc] Progress @ 2026-09-10 00:11:30 : 41289 steps taken, and 3131 accepted.
[2 : mcmc] Progress @ 2026-09-10 00:11:35 : 40639 steps taken, and 3088 accepted.
[0 : mcmc] Progress @ 2026-09-10 00:11:55 : 40919 steps taken, and 3107 accepted.
[1 : mcmc] Progress @ 2026-09-10 00:12:20 : 41100 steps taken, and 3124 accepted.
[3 : mcmc] Progress @ 2026-09-10 00:12:30 : 41382 steps taken, and 3138 accepted.
[2 : mcmc] Progress @ 2026-09-10 00:12:35 : 40732 steps taken, and 3095 accepted.
[0 : mcmc] Progress @ 2026-09-10 00:12:55 : 41045 steps taken, and 3116 accepted.
[1 : mcmc] Progress @ 2026-09-10 00:13:35 : 41160 steps taken, and 3128 accepted.
[2 : mcmc] Progress @ 2026-09-10 00:13:35 : 40826 steps taken, and 3103 accepted.
[3 : mcmc] Progress @ 2026-09-10 00:13:37 : 41461 steps taken, and 3144 accepted.
[0 : mcmc] Progress @ 2026-09-10 00:13:55 : 41174 steps taken, and 3127 accepted.
[2 : mcmc] Progress @ 2026-09-10 00:14:36 : 40920 steps taken, and 3109 accepted.
[3 : mcmc] Progress @ 2026-09-10 00:14:40 : 41560 steps taken, and 3151 accepted.
[1 : mcmc] Progress @ 2026-09-10 00:14:42 : 41269 steps taken, and 3137 accepted.
[0 : mcmc] Progress @ 2026-09-10 00:14:55 : 41267 steps taken, and 3134 accepted.
[3 : mcmc] Progress @ 2026-09-10 00:15:40 : 41653 steps taken, and 3159 accepted.
[2 : mcmc] Progress @ 2026-09-10 00:15:49 : 41042 steps taken, and 3119 accepted.
[1 : mcmc] Progress @ 2026-09-10 00:15:50 : 41349 steps taken, and 3143 accepted.
[0 : mcmc] Progress @ 2026-09-10 00:16:08 : 41387 steps taken, and 3143 accepted.
[3 : mcmc] Progress @ 2026-09-10 00:16:41 : 41748 steps taken, and 3166 accepted.
[2 : mcmc] Progress @ 2026-09-10 00:16:49 : 41169 steps taken, and 3129 accepted.
[1 : mcmc] Progress @ 2026-09-10 00:16:51 : 41474 steps taken, and 3152 accepted.
[0 : mcmc] Progress @ 2026-09-10 00:17:11 : 41453 steps taken, and 3147 accepted.
[3 : mcmc] Progress @ 2026-09-10 00:17:41 : 41842 steps taken, and 3173 accepted.
[2 : mcmc] Progress @ 2026-09-10 00:17:49 : 41263 steps taken, and 3136 accepted.
[1 : mcmc] Progress @ 2026-09-10 00:17:51 : 41569 steps taken, and 3160 accepted.
[0 : mcmc] Progress @ 2026-09-10 00:18:12 : 41549 steps taken, and 3152 accepted.
[3 : mcmc] Progress @ 2026-09-10 00:18:41 : 41936 steps taken, and 3180 accepted.
[2 : mcmc] Progress @ 2026-09-10 00:18:50 : 41355 steps taken, and 3143 accepted.
[1 : mcmc] Progress @ 2026-09-10 00:18:52 : 41663 steps taken, and 3166 accepted.
[0 : mcmc] Progress @ 2026-09-10 00:19:12 : 41674 steps taken, and 3162 accepted.
[3 : mcmc] Progress @ 2026-09-10 00:19:41 : 42062 steps taken, and 3190 accepted.
[2 : mcmc] Progress @ 2026-09-10 00:19:50 : 41447 steps taken, and 3150 accepted.
[1 : mcmc] Progress @ 2026-09-10 00:19:52 : 41758 steps taken, and 3173 accepted.
[0 : mcmc] Progress @ 2026-09-10 00:20:25 : 41731 steps taken, and 3166 accepted.
[3 : mcmc] Progress @ 2026-09-10 00:20:41 : 42155 steps taken, and 3197 accepted.
[1 : mcmc] Progress @ 2026-09-10 00:20:52 : 41885 steps taken, and 3183 accepted.
[2 : mcmc] Progress @ 2026-09-10 00:20:59 : 41523 steps taken, and 3156 accepted.
[0 : mcmc] Progress @ 2026-09-10 00:21:26 : 41857 steps taken, and 3176 accepted.
[3 : mcmc] Progress @ 2026-09-10 00:21:46 : 42225 steps taken, and 3202 accepted.
[1 : mcmc] Progress @ 2026-09-10 00:21:53 : 41980 steps taken, and 3190 accepted.
[2 : mcmc] Progress @ 2026-09-10 00:22:07 : 41599 steps taken, and 3162 accepted.
[0 : mcmc] Progress @ 2026-09-10 00:22:26 : 41950 steps taken, and 3183 accepted.
[3 : mcmc] Progress @ 2026-09-10 00:22:47 : 42320 steps taken, and 3210 accepted.
[1 : mcmc] Progress @ 2026-09-10 00:22:53 : 42076 steps taken, and 3198 accepted.
[2 : mcmc] Progress @ 2026-09-10 00:23:08 : 41691 steps taken, and 3169 accepted.
[0 : mcmc] Progress @ 2026-09-10 00:23:34 : 42030 steps taken, and 3189 accepted.
[3 : mcmc] Progress @ 2026-09-10 00:23:49 : 42386 steps taken, and 3215 accepted.
[1 : mcmc] Progress @ 2026-09-10 00:23:53 : 42171 steps taken, and 3205 accepted.
[2 : mcmc] Progress @ 2026-09-10 00:24:16 : 41766 steps taken, and 3174 accepted.
[0 : mcmc] Progress @ 2026-09-10 00:24:42 : 42108 steps taken, and 3195 accepted.
[3 : mcmc] Progress @ 2026-09-10 00:24:50 : 42479 steps taken, and 3222 accepted.
[1 : mcmc] Progress @ 2026-09-10 00:24:54 : 42235 steps taken, and 3210 accepted.
[2 : mcmc] Progress @ 2026-09-10 00:25:18 : 41830 steps taken, and 3179 accepted.
[0 : mcmc] Progress @ 2026-09-10 00:25:42 : 42236 steps taken, and 3204 accepted.
[3 : mcmc] Progress @ 2026-09-10 00:25:55 : 42553 steps taken, and 3228 accepted.
[1 : mcmc] Progress @ 2026-09-10 00:25:59 : 42338 steps taken, and 3217 accepted.
[2 : mcmc] Progress @ 2026-09-10 00:26:18 : 41956 steps taken, and 3189 accepted.
[0 : mcmc] Progress @ 2026-09-10 00:26:42 : 42329 steps taken, and 3211 accepted.
[3 : mcmc] Progress @ 2026-09-10 00:26:55 : 42682 steps taken, and 3237 accepted.
[1 : mcmc] Progress @ 2026-09-10 00:26:59 : 42433 steps taken, and 3224 accepted.
[3 : mcmc] Learn + convergence test @ 3240 samples accepted.
[3 : mcmc] Ready to check convergence and learn a new proposal covmat (waiting for the rest...)
[2 : mcmc] Progress @ 2026-09-10 00:27:31 : 42043 steps taken, and 3195 accepted.
[0 : mcmc] Progress @ 2026-09-10 00:27:43 : 42390 steps taken, and 3216 accepted.
[3 : mcmc] Progress @ 2026-09-10 00:27:56 : 42775 steps taken, and 3244 accepted.
[1 : mcmc] Progress @ 2026-09-10 00:28:04 : 42506 steps taken, and 3230 accepted.
[2 : mcmc] Progress @ 2026-09-10 00:28:31 : 42106 steps taken, and 3200 accepted.
[3 : mcmc] Progress @ 2026-09-10 00:28:56 : 42836 steps taken, and 3248 accepted.
[0 : mcmc] Progress @ 2026-09-10 00:28:58 : 42514 steps taken, and 3226 accepted.
[1 : mcmc] Progress @ 2026-09-10 00:29:05 : 42633 steps taken, and 3239 accepted.
[1 : mcmc] Learn + convergence test @ 3240 samples accepted.
[1 : mcmc] Ready to check convergence and learn a new proposal covmat (waiting for the rest...)
[2 : mcmc] Progress @ 2026-09-10 00:29:32 : 42230 steps taken, and 3210 accepted.
[3 : mcmc] Progress @ 2026-09-10 00:29:57 : 42964 steps taken, and 3257 accepted.
[0 : mcmc] Progress @ 2026-09-10 00:29:58 : 42608 steps taken, and 3232 accepted.
[1 : mcmc] Progress @ 2026-09-10 00:30:05 : 42728 steps taken, and 3246 accepted.
[2 : mcmc] Progress @ 2026-09-10 00:30:32 : 42289 steps taken, and 3214 accepted.
[0 : mcmc] Learn + convergence test @ 3240 samples accepted.
[0 : mcmc] Ready to check convergence and learn a new proposal covmat (waiting for the rest...)
[3 : mcmc] Progress @ 2026-09-10 00:30:57 : 43092 steps taken, and 3267 accepted.
[0 : mcmc] Progress @ 2026-09-10 00:30:58 : 42702 steps taken, and 3240 accepted.
[1 : mcmc] Progress @ 2026-09-10 00:31:05 : 42822 steps taken, and 3253 accepted.
[2 : mcmc] Progress @ 2026-09-10 00:31:33 : 42384 steps taken, and 3221 accepted.
[3 : mcmc] Progress @ 2026-09-10 00:31:57 : 43220 steps taken, and 3277 accepted.
[0 : mcmc] Progress @ 2026-09-10 00:31:58 : 42797 steps taken, and 3247 accepted.
[1 : mcmc] Progress @ 2026-09-10 00:32:05 : 42915 steps taken, and 3260 accepted.
[2 : mcmc] Progress @ 2026-09-10 00:32:43 : 42465 steps taken, and 3228 accepted.
[3 : mcmc] Progress @ 2026-09-10 00:32:57 : 43315 steps taken, and 3284 accepted.
[0 : mcmc] Progress @ 2026-09-10 00:32:59 : 42859 steps taken, and 3252 accepted.
[1 : mcmc] Progress @ 2026-09-10 00:33:05 : 42976 steps taken, and 3265 accepted.
[2 : mcmc] Progress @ 2026-09-10 00:33:45 : 42559 steps taken, and 3235 accepted.
[3 : mcmc] Progress @ 2026-09-10 00:33:58 : 43408 steps taken, and 3292 accepted.
[0 : mcmc] Progress @ 2026-09-10 00:33:59 : 42985 steps taken, and 3262 accepted.
[1 : mcmc] Progress @ 2026-09-10 00:34:06 : 43038 steps taken, and 3270 accepted.
[2 : mcmc] Learn + convergence test @ 3240 samples accepted.
[2 : mcmc] Ready to check convergence and learn a new proposal covmat (waiting for the rest...)
[0 : mcmc] All chains are ready to check convergence and learn a new proposal covmat
[0 : mcmc]  - Acceptance rate: 0.987 = avg([0.9867, 0.9903, 0.9872, 0.9839])
[0 : mcmc]  - Convergence of means: R-1 = 0.088841 after 13073 accepted steps = sum([3265, 3272, 3240, 3296])
[0 : mcmc]  - Updated covariance matrix of proposal pdf.
[2 : mcmc] Progress @ 2026-09-10 00:34:45 : 42638 steps taken, and 3241 accepted.
[0 : mcmc] Progress @ 2026-09-10 00:35:08 : 43060 steps taken, and 3268 accepted.
[3 : mcmc] Progress @ 2026-09-10 00:35:10 : 43497 steps taken, and 3298 accepted.
[1 : mcmc] Progress @ 2026-09-10 00:35:20 : 43117 steps taken, and 3276 accepted.
[2 : mcmc] Progress @ 2026-09-10 00:35:45 : 42767 steps taken, and 3251 accepted.
[0 : mcmc] Progress @ 2026-09-10 00:36:08 : 43187 steps taken, and 3276 accepted.
[3 : mcmc] Progress @ 2026-09-10 00:36:10 : 43625 steps taken, and 3308 accepted.
[1 : mcmc] Progress @ 2026-09-10 00:36:20 : 43243 steps taken, and 3286 accepted.
[2 : mcmc] Progress @ 2026-09-10 00:36:58 : 42852 steps taken, and 3257 accepted.
[3 : mcmc] Progress @ 2026-09-10 00:37:11 : 43721 steps taken, and 3315 accepted.
[0 : mcmc] Progress @ 2026-09-10 00:37:19 : 43304 steps taken, and 3285 accepted.
[1 : mcmc] Progress @ 2026-09-10 00:37:20 : 43339 steps taken, and 3293 accepted.
[2 : mcmc] Progress @ 2026-09-10 00:37:58 : 42943 steps taken, and 3264 accepted.
[3 : mcmc] Progress @ 2026-09-10 00:38:11 : 43785 steps taken, and 3320 accepted.
[0 : mcmc] Progress @ 2026-09-10 00:38:19 : 43399 steps taken, and 3293 accepted.
[1 : mcmc] Progress @ 2026-09-10 00:38:21 : 43434 steps taken, and 3299 accepted.
[2 : mcmc] Progress @ 2026-09-10 00:38:58 : 43002 steps taken, and 3268 accepted.
[3 : mcmc] Progress @ 2026-09-10 00:39:19 : 43895 steps taken, and 3329 accepted.
[1 : mcmc] Progress @ 2026-09-10 00:39:21 : 43530 steps taken, and 3307 accepted.
[0 : mcmc] Progress @ 2026-09-10 00:39:24 : 43470 steps taken, and 3298 accepted.
[2 : mcmc] Progress @ 2026-09-10 00:39:58 : 43094 steps taken, and 3275 accepted.
[3 : mcmc] Progress @ 2026-09-10 00:40:19 : 43990 steps taken, and 3336 accepted.
[1 : mcmc] Progress @ 2026-09-10 00:40:21 : 43625 steps taken, and 3314 accepted.
[0 : mcmc] Progress @ 2026-09-10 00:40:24 : 43565 steps taken, and 3305 accepted.
[2 : mcmc] Progress @ 2026-09-10 00:40:58 : 43221 steps taken, and 3285 accepted.
[3 : mcmc] Progress @ 2026-09-10 00:41:20 : 44118 steps taken, and 3346 accepted.
[1 : mcmc] Progress @ 2026-09-10 00:41:22 : 43686 steps taken, and 3319 accepted.
[0 : mcmc] Progress @ 2026-09-10 00:41:24 : 43659 steps taken, and 3313 accepted.
[2 : mcmc] Progress @ 2026-09-10 00:41:59 : 43348 steps taken, and 3293 accepted.
[3 : mcmc] Progress @ 2026-09-10 00:42:20 : 44212 steps taken, and 3353 accepted.
[1 : mcmc] Progress @ 2026-09-10 00:42:24 : 43752 steps taken, and 3324 accepted.
[0 : mcmc] Progress @ 2026-09-10 00:42:25 : 43786 steps taken, and 3322 accepted.
[2 : mcmc] Progress @ 2026-09-10 00:43:11 : 43468 steps taken, and 3303 accepted.
[3 : mcmc] Progress @ 2026-09-10 00:43:21 : 44273 steps taken, and 3358 accepted.
[1 : mcmc] Progress @ 2026-09-10 00:43:25 : 43870 steps taken, and 3333 accepted.
[0 : mcmc] Progress @ 2026-09-10 00:43:30 : 43853 steps taken, and 3328 accepted.
[2 : mcmc] Progress @ 2026-09-10 00:44:11 : 43554 steps taken, and 3310 accepted.
[3 : mcmc] Progress @ 2026-09-10 00:44:21 : 44364 steps taken, and 3365 accepted.
[1 : mcmc] Progress @ 2026-09-10 00:44:25 : 43963 steps taken, and 3340 accepted.
[0 : mcmc] Progress @ 2026-09-10 00:44:30 : 43912 steps taken, and 3332 accepted.
[2 : mcmc] Progress @ 2026-09-10 00:45:11 : 43647 steps taken, and 3317 accepted.
[3 : mcmc] Progress @ 2026-09-10 00:45:21 : 44458 steps taken, and 3372 accepted.
[1 : mcmc] Progress @ 2026-09-10 00:45:25 : 44057 steps taken, and 3347 accepted.
[0 : mcmc] Progress @ 2026-09-10 00:45:39 : 44024 steps taken, and 3341 accepted.
[3 : mcmc] Progress @ 2026-09-10 00:46:21 : 44552 steps taken, and 3379 accepted.
[2 : mcmc] Progress @ 2026-09-10 00:46:25 : 43735 steps taken, and 3323 accepted.
[1 : mcmc] Progress @ 2026-09-10 00:46:25 : 44120 steps taken, and 3352 accepted.
[0 : mcmc] Progress @ 2026-09-10 00:46:39 : 44117 steps taken, and 3348 accepted.
[3 : mcmc] Progress @ 2026-09-10 00:47:21 : 44679 steps taken, and 3389 accepted.
[2 : mcmc] Progress @ 2026-09-10 00:47:25 : 43862 steps taken, and 3333 accepted.
[1 : mcmc] Progress @ 2026-09-10 00:47:25 : 44245 steps taken, and 3362 accepted.
[0 : mcmc] Progress @ 2026-09-10 00:47:39 : 44244 steps taken, and 3358 accepted.
[3 : mcmc] Progress @ 2026-09-10 00:48:22 : 44775 steps taken, and 3397 accepted.
[1 : mcmc] Progress @ 2026-09-10 00:48:25 : 44338 steps taken, and 3369 accepted.
[2 : mcmc] Progress @ 2026-09-10 00:48:25 : 43955 steps taken, and 3339 accepted.
[0 : mcmc] Progress @ 2026-09-10 00:48:39 : 44337 steps taken, and 3365 accepted.
[3 : mcmc] Progress @ 2026-09-10 00:49:22 : 44837 steps taken, and 3401 accepted.
[1 : mcmc] Progress @ 2026-09-10 00:49:25 : 44400 steps taken, and 3373 accepted.
[2 : mcmc] Progress @ 2026-09-10 00:49:25 : 44015 steps taken, and 3344 accepted.
[0 : mcmc] Progress @ 2026-09-10 00:49:46 : 44444 steps taken, and 3373 accepted.
[1 : mcmc] Progress @ 2026-09-10 00:50:26 : 44495 steps taken, and 3380 accepted.
[2 : mcmc] Progress @ 2026-09-10 00:50:26 : 44107 steps taken, and 3351 accepted.
[3 : mcmc] Progress @ 2026-09-10 00:50:28 : 44942 steps taken, and 3410 accepted.
[0 : mcmc] Progress @ 2026-09-10 00:50:46 : 44536 steps taken, and 3380 accepted.
[1 : mcmc] Progress @ 2026-09-10 00:51:26 : 44590 steps taken, and 3387 accepted.
[3 : mcmc] Progress @ 2026-09-10 00:51:28 : 45036 steps taken, and 3416 accepted.
[2 : mcmc] Progress @ 2026-09-10 00:51:29 : 44175 steps taken, and 3356 accepted.
[0 : mcmc] Progress @ 2026-09-10 00:52:00 : 44658 steps taken, and 3390 accepted.
[1 : mcmc] Progress @ 2026-09-10 00:52:26 : 44719 steps taken, and 3397 accepted.
[3 : mcmc] Progress @ 2026-09-10 00:52:29 : 45131 steps taken, and 3424 accepted.
[2 : mcmc] Progress @ 2026-09-10 00:52:29 : 44269 steps taken, and 3363 accepted.
[0 : mcmc] Progress @ 2026-09-10 00:53:00 : 44784 steps taken, and 3399 accepted.
[3 : mcmc] Progress @ 2026-09-10 00:53:29 : 45226 steps taken, and 3430 accepted.
[2 : mcmc] Progress @ 2026-09-10 00:53:29 : 44394 steps taken, and 3372 accepted.
[1 : mcmc] Progress @ 2026-09-10 00:53:34 : 44797 steps taken, and 3403 accepted.
[0 : mcmc] Progress @ 2026-09-10 00:54:00 : 44879 steps taken, and 3406 accepted.
[2 : mcmc] Progress @ 2026-09-10 00:54:30 : 44487 steps taken, and 3379 accepted.
[1 : mcmc] Progress @ 2026-09-10 00:54:34 : 44889 steps taken, and 3410 accepted.
[3 : mcmc] Progress @ 2026-09-10 00:54:39 : 45342 steps taken, and 3440 accepted.
[0 : mcmc] Progress @ 2026-09-10 00:55:05 : 44948 steps taken, and 3412 accepted.
[2 : mcmc] Progress @ 2026-09-10 00:55:30 : 44615 steps taken, and 3389 accepted.
[3 : mcmc] Progress @ 2026-09-10 00:55:40 : 45435 steps taken, and 3447 accepted.
[1 : mcmc] Progress @ 2026-09-10 00:55:42 : 44998 steps taken, and 3418 accepted.
[0 : mcmc] Progress @ 2026-09-10 00:56:05 : 45074 steps taken, and 3422 accepted.
[2 : mcmc] Progress @ 2026-09-10 00:56:30 : 44710 steps taken, and 3396 accepted.
[3 : mcmc] Progress @ 2026-09-10 00:56:40 : 45499 steps taken, and 3452 accepted.
[1 : mcmc] Progress @ 2026-09-10 00:56:57 : 45123 steps taken, and 3428 accepted.
[0 : mcmc] Progress @ 2026-09-10 00:57:06 : 45136 steps taken, and 3426 accepted.
[2 : mcmc] Progress @ 2026-09-10 00:57:40 : 44792 steps taken, and 3403 accepted.
[3 : mcmc] Progress @ 2026-09-10 00:57:40 : 45591 steps taken, and 3459 accepted.
[1 : mcmc] Progress @ 2026-09-10 00:58:01 : 45223 steps taken, and 3436 accepted.
[0 : mcmc] Progress @ 2026-09-10 00:58:09 : 45203 steps taken, and 3432 accepted.
[2 : mcmc] Progress @ 2026-09-10 00:58:40 : 44919 steps taken, and 3413 accepted.
[3 : mcmc] Progress @ 2026-09-10 00:58:41 : 45718 steps taken, and 3469 accepted.
[1 : mcmc] Progress @ 2026-09-10 00:59:01 : 45316 steps taken, and 3443 accepted.
[0 : mcmc] Progress @ 2026-09-10 00:59:10 : 45297 steps taken, and 3438 accepted.
[2 : mcmc] Progress @ 2026-09-10 00:59:40 : 45047 steps taken, and 3422 accepted.
[3 : mcmc] Progress @ 2026-09-10 00:59:41 : 45812 steps taken, and 3476 accepted.
[1 : mcmc] Progress @ 2026-09-10 01:00:02 : 45443 steps taken, and 3453 accepted.
[0 : mcmc] Progress @ 2026-09-10 01:00:10 : 45424 steps taken, and 3448 accepted.
[2 : mcmc] Progress @ 2026-09-10 01:00:40 : 45142 steps taken, and 3429 accepted.
[3 : mcmc] Progress @ 2026-09-10 01:00:41 : 45908 steps taken, and 3484 accepted.
[1 : mcmc] Progress @ 2026-09-10 01:01:02 : 45537 steps taken, and 3460 accepted.
[0 : mcmc] Progress @ 2026-09-10 01:01:21 : 45543 steps taken, and 3458 accepted.
[2 : mcmc] Progress @ 2026-09-10 01:01:41 : 45236 steps taken, and 3437 accepted.
[3 : mcmc] Progress @ 2026-09-10 01:01:41 : 45970 steps taken, and 3488 accepted.
[1 : mcmc] Progress @ 2026-09-10 01:02:10 : 45647 steps taken, and 3469 accepted.
[0 : mcmc] Progress @ 2026-09-10 01:02:21 : 45669 steps taken, and 3467 accepted.
[2 : mcmc] Progress @ 2026-09-10 01:02:41 : 45362 steps taken, and 3446 accepted.
[3 : mcmc] Progress @ 2026-09-10 01:02:42 : 46092 steps taken, and 3497 accepted.
[1 : mcmc] Progress @ 2026-09-10 01:03:10 : 45740 steps taken, and 3476 accepted.
[0 : mcmc] Progress @ 2026-09-10 01:03:35 : 45760 steps taken, and 3474 accepted.
[2 : mcmc] Progress @ 2026-09-10 01:03:41 : 45441 steps taken, and 3451 accepted.
[3 : mcmc] Progress @ 2026-09-10 01:03:42 : 46152 steps taken, and 3502 accepted.
[1 : mcmc] Progress @ 2026-09-10 01:04:10 : 45833 steps taken, and 3483 accepted.
[2 : mcmc] Progress @ 2026-09-10 01:04:41 : 45484 steps taken, and 3454 accepted.
[3 : mcmc] Progress @ 2026-09-10 01:04:42 : 46244 steps taken, and 3509 accepted.
[0 : mcmc] Progress @ 2026-09-10 01:04:42 : 45870 steps taken, and 3483 accepted.
[1 : mcmc] Progress @ 2026-09-10 01:05:10 : 45928 steps taken, and 3490 accepted.
[2 : mcmc] Progress @ 2026-09-10 01:05:42 : 45528 steps taken, and 3457 accepted.
[3 : mcmc] Progress @ 2026-09-10 01:05:42 : 46340 steps taken, and 3516 accepted.
[0 : mcmc] Progress @ 2026-09-10 01:05:43 : 45995 steps taken, and 3492 accepted.
[1 : mcmc] Progress @ 2026-09-10 01:06:10 : 46022 steps taken, and 3497 accepted.
[2 : mcmc] Progress @ 2026-09-10 01:06:42 : 45571 steps taken, and 3461 accepted.
[3 : mcmc] Progress @ 2026-09-10 01:06:43 : 46465 steps taken, and 3525 accepted.
[0 : mcmc] Progress @ 2026-09-10 01:06:43 : 46125 steps taken, and 3502 accepted.
[1 : mcmc] Progress @ 2026-09-10 01:07:25 : 46113 steps taken, and 3504 accepted.
[2 : mcmc] Progress @ 2026-09-10 01:07:42 : 45615 steps taken, and 3463 accepted.
[0 : mcmc] Progress @ 2026-09-10 01:07:43 : 46251 steps taken, and 3510 accepted.
[3 : mcmc] Progress @ 2026-09-10 01:07:43 : 46560 steps taken, and 3532 accepted.
[1 : mcmc] Progress @ 2026-09-10 01:08:29 : 46215 steps taken, and 3512 accepted.
[2 : mcmc] Progress @ 2026-09-10 01:08:43 : 45659 steps taken, and 3467 accepted.
[0 : mcmc] Progress @ 2026-09-10 01:08:43 : 46377 steps taken, and 3520 accepted.
[3 : mcmc] Progress @ 2026-09-10 01:08:43 : 46685 steps taken, and 3542 accepted.
[1 : mcmc] Progress @ 2026-09-10 01:09:36 : 46290 steps taken, and 3518 accepted.
[2 : mcmc] Progress @ 2026-09-10 01:09:43 : 45735 steps taken, and 3473 accepted.
[0 : mcmc] Progress @ 2026-09-10 01:09:46 : 46445 steps taken, and 3525 accepted.
[3 : mcmc] Progress @ 2026-09-10 01:09:55 : 46741 steps taken, and 3546 accepted.
[1 : mcmc] Progress @ 2026-09-10 01:10:36 : 46383 steps taken, and 3525 accepted.
[0 : mcmc] Progress @ 2026-09-10 01:10:47 : 46540 steps taken, and 3532 accepted.
[3 : mcmc] Progress @ 2026-09-10 01:10:55 : 46833 steps taken, and 3553 accepted.
[2 : mcmc] Progress @ 2026-09-10 01:11:02 : 45803 steps taken, and 3479 accepted.
[1 : mcmc] Progress @ 2026-09-10 01:11:36 : 46477 steps taken, and 3532 accepted.
[0 : mcmc] Progress @ 2026-09-10 01:11:51 : 46640 steps taken, and 3540 accepted.
[3 : mcmc] Progress @ 2026-09-10 01:11:55 : 46926 steps taken, and 3560 accepted.
[2 : mcmc] Progress @ 2026-09-10 01:12:02 : 45847 steps taken, and 3482 accepted.
[1 : mcmc] Progress @ 2026-09-10 01:12:36 : 46571 steps taken, and 3539 accepted.
[0 : mcmc] Progress @ 2026-09-10 01:12:51 : 46767 steps taken, and 3550 accepted.
[3 : mcmc] Progress @ 2026-09-10 01:12:55 : 46986 steps taken, and 3565 accepted.
[2 : mcmc] Progress @ 2026-09-10 01:13:03 : 45891 steps taken, and 3485 accepted.
[1 : mcmc] Progress @ 2026-09-10 01:13:37 : 46698 steps taken, and 3549 accepted.
[0 : mcmc] Progress @ 2026-09-10 01:13:51 : 46862 steps taken, and 3556 accepted.
[3 : mcmc] Progress @ 2026-09-10 01:14:02 : 47091 steps taken, and 3573 accepted.
[2 : mcmc] Progress @ 2026-09-10 01:14:03 : 45966 steps taken, and 3491 accepted.
[1 : mcmc] Progress @ 2026-09-10 01:14:37 : 46795 steps taken, and 3557 accepted.
[0 : mcmc] Progress @ 2026-09-10 01:14:56 : 46966 steps taken, and 3564 accepted.
[3 : mcmc] Progress @ 2026-09-10 01:15:02 : 47184 steps taken, and 3579 accepted.
[2 : mcmc] Progress @ 2026-09-10 01:15:04 : 46041 steps taken, and 3497 accepted.
[1 : mcmc] Progress @ 2026-09-10 01:15:45 : 46907 steps taken, and 3566 accepted.
[0 : mcmc] Progress @ 2026-09-10 01:15:56 : 47060 steps taken, and 3571 accepted.
[3 : mcmc] Progress @ 2026-09-10 01:16:02 : 47279 steps taken, and 3586 accepted.
[2 : mcmc] Progress @ 2026-09-10 01:16:04 : 46086 steps taken, and 3500 accepted.
[1 : mcmc] Progress @ 2026-09-10 01:16:46 : 47032 steps taken, and 3575 accepted.
[0 : mcmc] Progress @ 2026-09-10 01:17:00 : 47158 steps taken, and 3579 accepted.
[3 : mcmc] Progress @ 2026-09-10 01:17:03 : 47342 steps taken, and 3591 accepted.
[2 : mcmc] Progress @ 2026-09-10 01:17:05 : 46161 steps taken, and 3506 accepted.
[1 : mcmc] Progress @ 2026-09-10 01:17:46 : 47126 steps taken, and 3582 accepted.
[2 : mcmc] Progress @ 2026-09-10 01:18:05 : 46238 steps taken, and 3512 accepted.
[0 : mcmc] Progress @ 2026-09-10 01:18:10 : 47274 steps taken, and 3588 accepted.
[3 : mcmc] Progress @ 2026-09-10 01:18:15 : 47429 steps taken, and 3598 accepted.
[3 : mcmc] Learn + convergence test @ 3600 samples accepted.
[3 : mcmc] Ready to check convergence and learn a new proposal covmat (waiting for the rest...)
[1 : mcmc] Progress @ 2026-09-10 01:18:49 : 47195 steps taken, and 3588 accepted.
[0 : mcmc] Progress @ 2026-09-10 01:19:11 : 47367 steps taken, and 3595 accepted.
[3 : mcmc] Progress @ 2026-09-10 01:19:15 : 47523 steps taken, and 3605 accepted.
[2 : mcmc] Progress @ 2026-09-10 01:19:28 : 46310 steps taken, and 3518 accepted.
[1 : mcmc] Progress @ 2026-09-10 01:19:49 : 47289 steps taken, and 3595 accepted.
[0 : mcmc] Learn + convergence test @ 3600 samples accepted.
[0 : mcmc] Ready to check convergence and learn a new proposal covmat (waiting for the rest...)
[0 : mcmc] Progress @ 2026-09-10 01:20:11 : 47427 steps taken, and 3600 accepted.
[3 : mcmc] Progress @ 2026-09-10 01:20:15 : 47585 steps taken, and 3610 accepted.
[2 : mcmc] Progress @ 2026-09-10 01:20:28 : 46384 steps taken, and 3523 accepted.
[1 : mcmc] Learn + convergence test @ 3600 samples accepted.
[1 : mcmc] Ready to check convergence and learn a new proposal covmat (waiting for the rest...)
[1 : mcmc] Progress @ 2026-09-10 01:20:53 : 47360 steps taken, and 3600 accepted.
[0 : mcmc] Progress @ 2026-09-10 01:21:11 : 47519 steps taken, and 3606 accepted.
[3 : mcmc] Progress @ 2026-09-10 01:21:15 : 47646 steps taken, and 3614 accepted.
[2 : mcmc] Progress @ 2026-09-10 01:21:29 : 46427 steps taken, and 3527 accepted.
[1 : mcmc] Progress @ 2026-09-10 01:22:02 : 47441 steps taken, and 3607 accepted.
[3 : mcmc] Progress @ 2026-09-10 01:22:15 : 47739 steps taken, and 3622 accepted.
[0 : mcmc] Progress @ 2026-09-10 01:22:16 : 47588 steps taken, and 3612 accepted.
[2 : mcmc] Progress @ 2026-09-10 01:22:29 : 46471 steps taken, and 3530 accepted.
[1 : mcmc] Progress @ 2026-09-10 01:23:12 : 47556 steps taken, and 3615 accepted.
[0 : mcmc] Progress @ 2026-09-10 01:23:16 : 47682 steps taken, and 3619 accepted.
[3 : mcmc] Progress @ 2026-09-10 01:23:21 : 47813 steps taken, and 3627 accepted.
[2 : mcmc] Progress @ 2026-09-10 01:23:30 : 46547 steps taken, and 3535 accepted.
[1 : mcmc] Progress @ 2026-09-10 01:24:13 : 47629 steps taken, and 3620 accepted.
[0 : mcmc] Progress @ 2026-09-10 01:24:16 : 47752 steps taken, and 3623 accepted.
[3 : mcmc] Progress @ 2026-09-10 01:24:21 : 47907 steps taken, and 3635 accepted.
[2 : mcmc] Progress @ 2026-09-10 01:24:30 : 46660 steps taken, and 3544 accepted.
[1 : mcmc] Progress @ 2026-09-10 01:25:14 : 47702 steps taken, and 3626 accepted.
[0 : mcmc] Progress @ 2026-09-10 01:25:17 : 47825 steps taken, and 3629 accepted.
[3 : mcmc] Progress @ 2026-09-10 01:25:21 : 48032 steps taken, and 3644 accepted.
[2 : mcmc] Progress @ 2026-09-10 01:25:41 : 46776 steps taken, and 3553 accepted.
[0 : mcmc] Progress @ 2026-09-10 01:26:17 : 47871 steps taken, and 3632 accepted.
[3 : mcmc] Progress @ 2026-09-10 01:26:21 : 48127 steps taken, and 3651 accepted.
[1 : mcmc] Progress @ 2026-09-10 01:26:30 : 47740 steps taken, and 3629 accepted.
[2 : mcmc] Progress @ 2026-09-10 01:26:41 : 46902 steps taken, and 3563 accepted.
[0 : mcmc] Progress @ 2026-09-10 01:27:17 : 47943 steps taken, and 3638 accepted.
[3 : mcmc] Progress @ 2026-09-10 01:27:22 : 48254 steps taken, and 3661 accepted.
[1 : mcmc] Progress @ 2026-09-10 01:27:31 : 47783 steps taken, and 3632 accepted.
[2 : mcmc] Progress @ 2026-09-10 01:27:41 : 46996 steps taken, and 3570 accepted.
[0 : mcmc] Progress @ 2026-09-10 01:28:18 : 47990 steps taken, and 3642 accepted.
[3 : mcmc] Progress @ 2026-09-10 01:28:22 : 48349 steps taken, and 3669 accepted.
[1 : mcmc] Progress @ 2026-09-10 01:28:31 : 47857 steps taken, and 3638 accepted.
[2 : mcmc] Progress @ 2026-09-10 01:28:42 : 47089 steps taken, and 3577 accepted.
[0 : mcmc] Progress @ 2026-09-10 01:29:18 : 48036 steps taken, and 3644 accepted.
[3 : mcmc] Progress @ 2026-09-10 01:29:22 : 48475 steps taken, and 3678 accepted.
[1 : mcmc] Progress @ 2026-09-10 01:29:32 : 47932 steps taken, and 3643 accepted.
[2 : mcmc] Progress @ 2026-09-10 01:29:56 : 47215 steps taken, and 3587 accepted.
[0 : mcmc] Progress @ 2026-09-10 01:30:19 : 48082 steps taken, and 3648 accepted.
[3 : mcmc] Progress @ 2026-09-10 01:30:31 : 48558 steps taken, and 3685 accepted.
[1 : mcmc] Progress @ 2026-09-10 01:30:32 : 48006 steps taken, and 3649 accepted.
[2 : mcmc] Progress @ 2026-09-10 01:30:57 : 47308 steps taken, and 3594 accepted.
[0 : mcmc] Progress @ 2026-09-10 01:31:19 : 48126 steps taken, and 3651 accepted.
[2 : mcmc] Learn + convergence test @ 3600 samples accepted.
[2 : mcmc] Ready to check convergence and learn a new proposal covmat (waiting for the rest...)
[3 : mcmc] Progress @ 2026-09-10 01:31:32 : 48618 steps taken, and 3689 accepted.
[1 : mcmc] Progress @ 2026-09-10 01:31:34 : 48052 steps taken, and 3652 accepted.
[0 : mcmc] All chains are ready to check convergence and learn a new proposal covmat
[0 : mcmc]  - Acceptance rate: 0.987 = avg([0.9854, 0.9908, 0.9863, 0.9856])
[0 : mcmc]  - Convergence of means: R-1 = 0.078163 after 14597 accepted steps = sum([3654, 3653, 3600, 3690])
[0 : mcmc]  - Updated covariance matrix of proposal pdf.
[2 : mcmc] Progress @ 2026-09-10 01:31:57 : 47411 steps taken, and 3602 accepted.
[0 : mcmc] Progress @ 2026-09-10 01:32:20 : 48200 steps taken, and 3657 accepted.
[1 : mcmc] Progress @ 2026-09-10 01:32:34 : 48119 steps taken, and 3657 accepted.
[3 : mcmc] Progress @ 2026-09-10 01:32:45 : 48724 steps taken, and 3697 accepted.
[2 : mcmc] Progress @ 2026-09-10 01:32:57 : 47491 steps taken, and 3608 accepted.
[0 : mcmc] Progress @ 2026-09-10 01:33:20 : 48243 steps taken, and 3659 accepted.
[1 : mcmc] Progress @ 2026-09-10 01:33:35 : 48194 steps taken, and 3663 accepted.
[3 : mcmc] Progress @ 2026-09-10 01:33:46 : 48850 steps taken, and 3707 accepted.
[2 : mcmc] Progress @ 2026-09-10 01:33:58 : 47535 steps taken, and 3612 accepted.
[1 : mcmc] Progress @ 2026-09-10 01:34:36 : 48269 steps taken, and 3669 accepted.
[0 : mcmc] Progress @ 2026-09-10 01:34:41 : 48283 steps taken, and 3662 accepted.
[3 : mcmc] Progress @ 2026-09-10 01:34:46 : 48945 steps taken, and 3714 accepted.
[2 : mcmc] Progress @ 2026-09-10 01:34:58 : 47578 steps taken, and 3615 accepted.
[1 : mcmc] Progress @ 2026-09-10 01:35:36 : 48342 steps taken, and 3675 accepted.
[0 : mcmc] Progress @ 2026-09-10 01:35:41 : 48327 steps taken, and 3666 accepted.
[3 : mcmc] Progress @ 2026-09-10 01:35:46 : 49039 steps taken, and 3721 accepted.
[2 : mcmc] Progress @ 2026-09-10 01:35:58 : 47652 steps taken, and 3620 accepted.
[1 : mcmc] Progress @ 2026-09-10 01:36:36 : 48387 steps taken, and 3678 accepted.
[0 : mcmc] Progress @ 2026-09-10 01:36:41 : 48401 steps taken, and 3671 accepted.
[3 : mcmc] Progress @ 2026-09-10 01:36:49 : 49130 steps taken, and 3728 accepted.
[2 : mcmc] Progress @ 2026-09-10 01:37:08 : 47733 steps taken, and 3627 accepted.
[1 : mcmc] Progress @ 2026-09-10 01:37:36 : 48463 steps taken, and 3684 accepted.
[0 : mcmc] Progress @ 2026-09-10 01:37:42 : 48478 steps taken, and 3677 accepted.
[3 : mcmc] Progress @ 2026-09-10 01:37:50 : 49175 steps taken, and 3731 accepted.
[2 : mcmc] Progress @ 2026-09-10 01:38:08 : 47859 steps taken, and 3636 accepted.
[1 : mcmc] Progress @ 2026-09-10 01:38:37 : 48537 steps taken, and 3690 accepted.
[3 : mcmc] Progress @ 2026-09-10 01:38:50 : 49250 steps taken, and 3737 accepted.
[0 : mcmc] Progress @ 2026-09-10 01:38:53 : 48537 steps taken, and 3682 accepted.
[2 : mcmc] Progress @ 2026-09-10 01:39:09 : 47952 steps taken, and 3644 accepted.
[1 : mcmc] Progress @ 2026-09-10 01:39:37 : 48610 steps taken, and 3696 accepted.
[3 : mcmc] Progress @ 2026-09-10 01:39:50 : 49327 steps taken, and 3743 accepted.
[0 : mcmc] Progress @ 2026-09-10 01:39:54 : 48610 steps taken, and 3687 accepted.
[2 : mcmc] Progress @ 2026-09-10 01:40:09 : 48044 steps taken, and 3651 accepted.
[1 : mcmc] Progress @ 2026-09-10 01:40:37 : 48654 steps taken, and 3699 accepted.
[3 : mcmc] Progress @ 2026-09-10 01:40:50 : 49401 steps taken, and 3748 accepted.
[0 : mcmc] Progress @ 2026-09-10 01:40:54 : 48653 steps taken, and 3691 accepted.
[2 : mcmc] Progress @ 2026-09-10 01:41:09 : 48138 steps taken, and 3658 accepted.
[1 : mcmc] Progress @ 2026-09-10 01:41:37 : 48726 steps taken, and 3704 accepted.
[3 : mcmc] Progress @ 2026-09-10 01:41:51 : 49445 steps taken, and 3752 accepted.
[0 : mcmc] Progress @ 2026-09-10 01:41:54 : 48696 steps taken, and 3694 accepted.
[2 : mcmc] Progress @ 2026-09-10 01:42:10 : 48230 steps taken, and 3665 accepted.
[1 : mcmc] Progress @ 2026-09-10 01:42:37 : 48822 steps taken, and 3712 accepted.
[3 : mcmc] Progress @ 2026-09-10 01:42:52 : 49490 steps taken, and 3755 accepted.
[0 : mcmc] Progress @ 2026-09-10 01:42:55 : 48741 steps taken, and 3698 accepted.
[2 : mcmc] Progress @ 2026-09-10 01:43:13 : 48328 steps taken, and 3673 accepted.
[1 : mcmc] Progress @ 2026-09-10 01:43:37 : 48917 steps taken, and 3719 accepted.
[3 : mcmc] Progress @ 2026-09-10 01:43:53 : 49535 steps taken, and 3759 accepted.
[0 : mcmc] Progress @ 2026-09-10 01:43:55 : 48820 steps taken, and 3704 accepted.
[2 : mcmc] Progress @ 2026-09-10 01:44:14 : 48371 steps taken, and 3676 accepted.
[1 : mcmc] Progress @ 2026-09-10 01:44:38 : 49043 steps taken, and 3728 accepted.
[3 : mcmc] Progress @ 2026-09-10 01:44:53 : 49609 steps taken, and 3764 accepted.
[0 : mcmc] Progress @ 2026-09-10 01:45:05 : 48900 steps taken, and 3710 accepted.
[2 : mcmc] Progress @ 2026-09-10 01:45:14 : 48447 steps taken, and 3682 accepted.
[1 : mcmc] Progress @ 2026-09-10 01:45:38 : 49105 steps taken, and 3734 accepted.
[3 : mcmc] Progress @ 2026-09-10 01:45:53 : 49686 steps taken, and 3770 accepted.
[0 : mcmc] Progress @ 2026-09-10 01:46:05 : 48995 steps taken, and 3717 accepted.
[2 : mcmc] Progress @ 2026-09-10 01:46:15 : 48522 steps taken, and 3688 accepted.
[1 : mcmc] Progress @ 2026-09-10 01:46:38 : 49191 steps taken, and 3739 accepted.
[3 : mcmc] Progress @ 2026-09-10 01:46:53 : 49761 steps taken, and 3776 accepted.
[0 : mcmc] Progress @ 2026-09-10 01:47:14 : 49060 steps taken, and 3722 accepted.
[2 : mcmc] Progress @ 2026-09-10 01:47:15 : 48617 steps taken, and 3695 accepted.
[1 : mcmc] Progress @ 2026-09-10 01:47:38 : 49254 steps taken, and 3744 accepted.
[3 : mcmc] Progress @ 2026-09-10 01:47:56 : 49831 steps taken, and 3782 accepted.
[0 : mcmc] Progress @ 2026-09-10 01:48:14 : 49142 steps taken, and 3728 accepted.
[2 : mcmc] Progress @ 2026-09-10 01:48:15 : 48705 steps taken, and 3702 accepted.
[1 : mcmc] Progress @ 2026-09-10 01:48:38 : 49325 steps taken, and 3749 accepted.
[3 : mcmc] Progress @ 2026-09-10 01:49:11 : 49888 steps taken, and 3786 accepted.
[3 : mcmc] Progress @ 2026-09-10 01:54:42 : 49889 steps taken, and 3786 accepted.
[0 : mcmc] Progress @ 2026-09-10 01:54:42 : 49192 steps taken, and 3732 accepted.
[1 : mcmc] Progress @ 2026-09-10 01:54:42 : 49340 steps taken, and 3750 accepted.
[2 : mcmc] Progress @ 2026-09-10 01:54:42 : 48754 steps taken, and 3705 accepted.
[1 : mcmc] Progress @ 2026-09-10 01:55:42 : 49430 steps taken, and 3755 accepted.
[2 : mcmc] Progress @ 2026-09-10 01:55:43 : 48798 steps taken, and 3709 accepted.
[3 : mcmc] Progress @ 2026-09-10 01:55:43 : 49982 steps taken, and 3793 accepted.
[0 : mcmc] Progress @ 2026-09-10 01:55:55 : 49272 steps taken, and 3738 accepted.
[2 : mcmc] Progress @ 2026-09-10 01:56:43 : 48905 steps taken, and 3717 accepted.
[3 : mcmc] Progress @ 2026-09-10 01:56:54 : 50081 steps taken, and 3801 accepted.
[1 : mcmc] Progress @ 2026-09-10 01:56:55 : 49504 steps taken, and 3761 accepted.
[0 : mcmc] Progress @ 2026-09-10 01:56:56 : 49355 steps taken, and 3745 accepted.
[2 : mcmc] Progress @ 2026-09-10 01:57:43 : 49030 steps taken, and 3727 accepted.
[3 : mcmc] Progress @ 2026-09-10 01:57:54 : 50155 steps taken, and 3806 accepted.
[0 : mcmc] Progress @ 2026-09-10 01:57:58 : 49423 steps taken, and 3750 accepted.
[1 : mcmc] Progress @ 2026-09-10 01:58:18 : 49578 steps taken, and 3766 accepted.
[2 : mcmc] Progress @ 2026-09-10 01:58:52 : 49142 steps taken, and 3735 accepted.
[0 : mcmc] Progress @ 2026-09-10 01:58:59 : 49517 steps taken, and 3757 accepted.
[3 : mcmc] Progress @ 2026-09-10 01:59:13 : 50222 steps taken, and 3812 accepted.
[1 : mcmc] Progress @ 2026-09-10 01:59:18 : 49652 steps taken, and 3772 accepted.
[2 : mcmc] Progress @ 2026-09-10 01:59:52 : 49202 steps taken, and 3740 accepted.
[0 : mcmc] Progress @ 2026-09-10 01:59:59 : 49609 steps taken, and 3764 accepted.
[3 : mcmc] Progress @ 2026-09-10 02:00:13 : 50268 steps taken, and 3815 accepted.
[1 : mcmc] Progress @ 2026-09-10 02:00:18 : 49726 steps taken, and 3777 accepted.
[2 : mcmc] Progress @ 2026-09-10 02:00:52 : 49328 steps taken, and 3749 accepted.
[0 : mcmc] Progress @ 2026-09-10 02:01:05 : 49683 steps taken, and 3770 accepted.
[3 : mcmc] Progress @ 2026-09-10 02:01:14 : 50343 steps taken, and 3821 accepted.
[1 : mcmc] Progress @ 2026-09-10 02:01:19 : 49772 steps taken, and 3781 accepted.
[2 : mcmc] Progress @ 2026-09-10 02:01:59 : 49377 steps taken, and 3753 accepted.
[0 : mcmc] Progress @ 2026-09-10 02:02:07 : 49780 steps taken, and 3777 accepted.
[1 : mcmc] Progress @ 2026-09-10 02:02:19 : 49891 steps taken, and 3789 accepted.
[3 : mcmc] Progress @ 2026-09-10 02:02:33 : 50411 steps taken, and 3826 accepted.
[2 : mcmc] Progress @ 2026-09-10 02:02:59 : 49421 steps taken, and 3757 accepted.
[0 : mcmc] Progress @ 2026-09-10 02:03:07 : 49872 steps taken, and 3784 accepted.
[3 : mcmc] Progress @ 2026-09-10 02:03:33 : 50487 steps taken, and 3832 accepted.
[1 : mcmc] Progress @ 2026-09-10 02:03:34 : 49983 steps taken, and 3796 accepted.
[2 : mcmc] Progress @ 2026-09-10 02:04:00 : 49467 steps taken, and 3760 accepted.
[0 : mcmc] Progress @ 2026-09-10 02:04:07 : 49965 steps taken, and 3790 accepted.
[3 : mcmc] Progress @ 2026-09-10 02:04:33 : 50562 steps taken, and 3838 accepted.
[1 : mcmc] Progress @ 2026-09-10 02:04:34 : 50075 steps taken, and 3803 accepted.
[0 : mcmc] Progress @ 2026-09-10 02:05:07 : 50059 steps taken, and 3797 accepted.
[2 : mcmc] Progress @ 2026-09-10 02:05:12 : 49524 steps taken, and 3765 accepted.
[3 : mcmc] Progress @ 2026-09-10 02:05:34 : 50608 steps taken, and 3841 accepted.
[1 : mcmc] Progress @ 2026-09-10 02:05:34 : 50168 steps taken, and 3810 accepted.
[0 : mcmc] Progress @ 2026-09-10 02:06:07 : 50154 steps taken, and 3804 accepted.
[2 : mcmc] Progress @ 2026-09-10 02:06:14 : 49571 steps taken, and 3768 accepted.
[3 : mcmc] Progress @ 2026-09-10 02:06:34 : 50690 steps taken, and 3848 accepted.
[1 : mcmc] Progress @ 2026-09-10 02:06:35 : 50256 steps taken, and 3816 accepted.
[0 : mcmc] Progress @ 2026-09-10 02:07:07 : 50281 steps taken, and 3814 accepted.
[1 : mcmc] Progress @ 2026-09-10 02:07:35 : 50349 steps taken, and 3824 accepted.
[3 : mcmc] Progress @ 2026-09-10 02:07:35 : 50767 steps taken, and 3853 accepted.
[2 : mcmc] Progress @ 2026-09-10 02:07:37 : 49612 steps taken, and 3772 accepted.
[0 : mcmc] Progress @ 2026-09-10 02:08:07 : 50408 steps taken, and 3824 accepted.
[1 : mcmc] Progress @ 2026-09-10 02:08:35 : 50475 steps taken, and 3833 accepted.
[3 : mcmc] Progress @ 2026-09-10 02:08:35 : 50841 steps taken, and 3859 accepted.
[2 : mcmc] Progress @ 2026-09-10 02:08:37 : 49687 steps taken, and 3777 accepted.
[0 : mcmc] Progress @ 2026-09-10 02:09:08 : 50534 steps taken, and 3834 accepted.
[1 : mcmc] Progress @ 2026-09-10 02:09:35 : 50568 steps taken, and 3841 accepted.
[3 : mcmc] Progress @ 2026-09-10 02:09:36 : 50886 steps taken, and 3863 accepted.
[2 : mcmc] Progress @ 2026-09-10 02:09:38 : 49763 steps taken, and 3783 accepted.
[0 : mcmc] Progress @ 2026-09-10 02:10:08 : 50627 steps taken, and 3841 accepted.
[1 : mcmc] Progress @ 2026-09-10 02:10:35 : 50629 steps taken, and 3846 accepted.
[2 : mcmc] Progress @ 2026-09-10 02:10:38 : 49805 steps taken, and 3786 accepted.
[3 : mcmc] Progress @ 2026-09-10 02:10:48 : 50943 steps taken, and 3867 accepted.
[0 : mcmc] Progress @ 2026-09-10 02:11:08 : 50688 steps taken, and 3845 accepted.
[1 : mcmc] Progress @ 2026-09-10 02:11:35 : 50723 steps taken, and 3853 accepted.
[2 : mcmc] Progress @ 2026-09-10 02:11:39 : 49849 steps taken, and 3790 accepted.
[3 : mcmc] Progress @ 2026-09-10 02:11:49 : 51018 steps taken, and 3873 accepted.
[0 : mcmc] Progress @ 2026-09-10 02:12:08 : 50782 steps taken, and 3853 accepted.
[1 : mcmc] Progress @ 2026-09-10 02:12:35 : 50815 steps taken, and 3860 accepted.
[2 : mcmc] Progress @ 2026-09-10 02:12:40 : 49924 steps taken, and 3796 accepted.
[3 : mcmc] Progress @ 2026-09-10 02:12:49 : 51062 steps taken, and 3876 accepted.
[0 : mcmc] Progress @ 2026-09-10 02:13:08 : 50876 steps taken, and 3860 accepted.
[1 : mcmc] Progress @ 2026-09-10 02:13:35 : 50942 steps taken, and 3870 accepted.
[3 : mcmc] Progress @ 2026-09-10 02:13:49 : 51109 steps taken, and 3880 accepted.
[2 : mcmc] Progress @ 2026-09-10 02:13:57 : 49988 steps taken, and 3800 accepted.
[0 : mcmc] Progress @ 2026-09-10 02:14:08 : 51004 steps taken, and 3869 accepted.
[1 : mcmc] Progress @ 2026-09-10 02:14:36 : 51037 steps taken, and 3877 accepted.
[3 : mcmc] Progress @ 2026-09-10 02:14:49 : 51153 steps taken, and 3883 accepted.
[2 : mcmc] Progress @ 2026-09-10 02:14:57 : 50032 steps taken, and 3804 accepted.
[0 : mcmc] Progress @ 2026-09-10 02:15:09 : 51098 steps taken, and 3877 accepted.
[1 : mcmc] Progress @ 2026-09-10 02:15:36 : 51131 steps taken, and 3884 accepted.
[3 : mcmc] Progress @ 2026-09-10 02:15:49 : 51228 steps taken, and 3889 accepted.
[2 : mcmc] Progress @ 2026-09-10 02:15:58 : 50107 steps taken, and 3809 accepted.
[0 : mcmc] Progress @ 2026-09-10 02:16:09 : 51193 steps taken, and 3884 accepted.
[1 : mcmc] Progress @ 2026-09-10 02:16:36 : 51192 steps taken, and 3889 accepted.
[3 : mcmc] Progress @ 2026-09-10 02:16:50 : 51273 steps taken, and 3893 accepted.
[0 : mcmc] Progress @ 2026-09-10 02:17:09 : 51287 steps taken, and 3892 accepted.
[2 : mcmc] Progress @ 2026-09-10 02:17:15 : 50171 steps taken, and 3814 accepted.
[1 : mcmc] Progress @ 2026-09-10 02:17:37 : 51285 steps taken, and 3896 accepted.
[3 : mcmc] Progress @ 2026-09-10 02:17:50 : 51349 steps taken, and 3898 accepted.
[0 : mcmc] Progress @ 2026-09-10 02:18:09 : 51382 steps taken, and 3898 accepted.
[2 : mcmc] Progress @ 2026-09-10 02:18:15 : 50245 steps taken, and 3820 accepted.
[1 : mcmc] Progress @ 2026-09-10 02:18:37 : 51346 steps taken, and 3901 accepted.
[3 : mcmc] Progress @ 2026-09-10 02:18:50 : 51421 steps taken, and 3904 accepted.
[0 : mcmc] Progress @ 2026-09-10 02:19:09 : 51442 steps taken, and 3903 accepted.
[2 : mcmc] Progress @ 2026-09-10 02:19:16 : 50317 steps taken, and 3825 accepted.
[1 : mcmc] Progress @ 2026-09-10 02:19:37 : 51439 steps taken, and 3908 accepted.
[3 : mcmc] Progress @ 2026-09-10 02:19:51 : 51495 steps taken, and 3910 accepted.
[0 : mcmc] Progress @ 2026-09-10 02:20:10 : 51535 steps taken, and 3910 accepted.
[2 : mcmc] Progress @ 2026-09-10 02:20:16 : 50363 steps taken, and 3829 accepted.
[1 : mcmc] Progress @ 2026-09-10 02:20:47 : 51521 steps taken, and 3914 accepted.
[3 : mcmc] Progress @ 2026-09-10 02:20:51 : 51540 steps taken, and 3913 accepted.
[2 : mcmc] Progress @ 2026-09-10 02:21:17 : 50438 steps taken, and 3835 accepted.
[0 : mcmc] Progress @ 2026-09-10 02:21:20 : 51618 steps taken, and 3917 accepted.
[1 : mcmc] Progress @ 2026-09-10 02:21:47 : 51646 steps taken, and 3923 accepted.
[3 : mcmc] Progress @ 2026-09-10 02:21:52 : 51615 steps taken, and 3919 accepted.
[2 : mcmc] Progress @ 2026-09-10 02:22:17 : 50482 steps taken, and 3838 accepted.
[0 : mcmc] Progress @ 2026-09-10 02:22:20 : 51745 steps taken, and 3927 accepted.
[1 : mcmc] Progress @ 2026-09-10 02:22:48 : 51740 steps taken, and 3930 accepted.
[3 : mcmc] Progress @ 2026-09-10 02:22:52 : 51660 steps taken, and 3922 accepted.
[2 : mcmc] Progress @ 2026-09-10 02:23:18 : 50559 steps taken, and 3844 accepted.
[0 : mcmc] Progress @ 2026-09-10 02:23:21 : 51840 steps taken, and 3933 accepted.
[1 : mcmc] Progress @ 2026-09-10 02:23:48 : 51834 steps taken, and 3937 accepted.
[3 : mcmc] Progress @ 2026-09-10 02:24:07 : 51723 steps taken, and 3927 accepted.
[2 : mcmc] Progress @ 2026-09-10 02:24:24 : 50611 steps taken, and 3848 accepted.
[0 : mcmc] Progress @ 2026-09-10 02:24:32 : 51959 steps taken, and 3943 accepted.
[1 : mcmc] Progress @ 2026-09-10 02:24:48 : 51926 steps taken, and 3944 accepted.
[3 : mcmc] Progress @ 2026-09-10 02:25:13 : 51773 steps taken, and 3931 accepted.
[2 : mcmc] Progress @ 2026-09-10 02:25:24 : 50654 steps taken, and 3851 accepted.
[0 : mcmc] Progress @ 2026-09-10 02:25:33 : 52053 steps taken, and 3950 accepted.
[1 : mcmc] Progress @ 2026-09-10 02:25:48 : 52053 steps taken, and 3954 accepted.
[3 : mcmc] Progress @ 2026-09-10 02:26:18 : 51795 steps taken, and 3932 accepted.
[0 : mcmc] Progress @ 2026-09-10 02:26:33 : 52147 steps taken, and 3958 accepted.
[1 : mcmc] Learn + convergence test @ 3960 samples accepted.
[1 : mcmc] Ready to check convergence and learn a new proposal covmat (waiting for the rest...)
[2 : mcmc] Progress @ 2026-09-10 02:26:40 : 50717 steps taken, and 3856 accepted.
[0 : mcmc] Learn + convergence test @ 3960 samples accepted.
[0 : mcmc] Ready to check convergence and learn a new proposal covmat (waiting for the rest...)
[1 : mcmc] Progress @ 2026-09-10 02:26:48 : 52146 steps taken, and 3962 accepted.
[3 : mcmc] Progress @ 2026-09-10 02:27:19 : 51869 steps taken, and 3938 accepted.
[0 : mcmc] Progress @ 2026-09-10 02:27:33 : 52240 steps taken, and 3965 accepted.
[2 : mcmc] Progress @ 2026-09-10 02:27:40 : 50762 steps taken, and 3859 accepted.
[1 : mcmc] Progress @ 2026-09-10 02:28:00 : 52267 steps taken, and 3971 accepted.
[3 : mcmc] Progress @ 2026-09-10 02:28:19 : 51946 steps taken, and 3944 accepted.
[0 : mcmc] Progress @ 2026-09-10 02:28:42 : 52321 steps taken, and 3971 accepted.
[2 : mcmc] Progress @ 2026-09-10 02:28:42 : 50809 steps taken, and 3863 accepted.
[1 : mcmc] Progress @ 2026-09-10 02:29:01 : 52359 steps taken, and 3978 accepted.
[3 : mcmc] Progress @ 2026-09-10 02:29:19 : 52021 steps taken, and 3950 accepted.
[0 : mcmc] Progress @ 2026-09-10 02:29:42 : 52414 steps taken, and 3978 accepted.
[2 : mcmc] Progress @ 2026-09-10 02:29:43 : 50884 steps taken, and 3868 accepted.
[1 : mcmc] Progress @ 2026-09-10 02:30:16 : 52451 steps taken, and 3985 accepted.
[3 : mcmc] Progress @ 2026-09-10 02:30:20 : 52036 steps taken, and 3951 accepted.
[0 : mcmc] Progress @ 2026-09-10 02:30:42 : 52507 steps taken, and 3985 accepted.
[2 : mcmc] Progress @ 2026-09-10 02:30:43 : 50928 steps taken, and 3872 accepted.
[1 : mcmc] Progress @ 2026-09-10 02:31:16 : 52575 steps taken, and 3995 accepted.
[3 : mcmc] Progress @ 2026-09-10 02:31:20 : 52081 steps taken, and 3954 accepted.
[0 : mcmc] Progress @ 2026-09-10 02:31:43 : 52569 steps taken, and 3990 accepted.
[2 : mcmc] Progress @ 2026-09-10 02:31:44 : 51004 steps taken, and 3878 accepted.
[3 : mcmc] Learn + convergence test @ 3960 samples accepted.
[3 : mcmc] Ready to check convergence and learn a new proposal covmat (waiting for the rest...)
[1 : mcmc] Progress @ 2026-09-10 02:32:16 : 52670 steps taken, and 4002 accepted.
[3 : mcmc] Progress @ 2026-09-10 02:32:21 : 52155 steps taken, and 3960 accepted.
[0 : mcmc] Progress @ 2026-09-10 02:32:43 : 52694 steps taken, and 4000 accepted.
[2 : mcmc] Progress @ 2026-09-10 02:32:44 : 51078 steps taken, and 3883 accepted.
[1 : mcmc] Progress @ 2026-09-10 02:33:17 : 52765 steps taken, and 4009 accepted.
[3 : mcmc] Progress @ 2026-09-10 02:33:21 : 52231 steps taken, and 3966 accepted.
[0 : mcmc] Progress @ 2026-09-10 02:33:43 : 52755 steps taken, and 4004 accepted.
[2 : mcmc] Progress @ 2026-09-10 02:33:47 : 51096 steps taken, and 3885 accepted.
[1 : mcmc] Progress @ 2026-09-10 02:34:17 : 52891 steps taken, and 4019 accepted.
[3 : mcmc] Progress @ 2026-09-10 02:34:21 : 52275 steps taken, and 3969 accepted.
[0 : mcmc] Progress @ 2026-09-10 02:34:44 : 52816 steps taken, and 4009 accepted.
[2 : mcmc] Progress @ 2026-09-10 02:34:47 : 51141 steps taken, and 3888 accepted.
[3 : mcmc] Progress @ 2026-09-10 02:35:21 : 52349 steps taken, and 3975 accepted.
[1 : mcmc] Progress @ 2026-09-10 02:35:25 : 52970 steps taken, and 4025 accepted.
[0 : mcmc] Progress @ 2026-09-10 02:35:44 : 52909 steps taken, and 4016 accepted.
[2 : mcmc] Progress @ 2026-09-10 02:35:48 : 51186 steps taken, and 3892 accepted.
[3 : mcmc] Progress @ 2026-09-10 02:36:22 : 52395 steps taken, and 3979 accepted.
[1 : mcmc] Progress @ 2026-09-10 02:36:25 : 53094 steps taken, and 4034 accepted.
[0 : mcmc] Progress @ 2026-09-10 02:36:44 : 53004 steps taken, and 4023 accepted.
[2 : mcmc] Progress @ 2026-09-10 02:36:48 : 51260 steps taken, and 3897 accepted.
[3 : mcmc] Progress @ 2026-09-10 02:37:22 : 52487 steps taken, and 3986 accepted.
[1 : mcmc] Progress @ 2026-09-10 02:37:25 : 53221 steps taken, and 4044 accepted.
[0 : mcmc] Progress @ 2026-09-10 02:37:52 : 53117 steps taken, and 4032 accepted.
[2 : mcmc] Progress @ 2026-09-10 02:37:56 : 51325 steps taken, and 3902 accepted.
[1 : mcmc] Progress @ 2026-09-10 02:38:25 : 53282 steps taken, and 4049 accepted.
[3 : mcmc] Progress @ 2026-09-10 02:38:29 : 52595 steps taken, and 3994 accepted.
[0 : mcmc] Progress @ 2026-09-10 02:38:52 : 53243 steps taken, and 4042 accepted.
[2 : mcmc] Progress @ 2026-09-10 02:38:56 : 51418 steps taken, and 3909 accepted.
[3 : mcmc] Progress @ 2026-09-10 02:39:30 : 52690 steps taken, and 4001 accepted.
[1 : mcmc] Progress @ 2026-09-10 02:39:30 : 53384 steps taken, and 4057 accepted.
[2 : mcmc] Progress @ 2026-09-10 02:39:56 : 51478 steps taken, and 3914 accepted.
[0 : mcmc] Progress @ 2026-09-10 02:40:08 : 53338 steps taken, and 4049 accepted.
[1 : mcmc] Progress @ 2026-09-10 02:40:30 : 53511 steps taken, and 4067 accepted.
[3 : mcmc] Progress @ 2026-09-10 02:40:30 : 52785 steps taken, and 4008 accepted.
[2 : mcmc] Progress @ 2026-09-10 02:40:56 : 51572 steps taken, and 3921 accepted.
[0 : mcmc] Progress @ 2026-09-10 02:41:18 : 53455 steps taken, and 4058 accepted.
[1 : mcmc] Progress @ 2026-09-10 02:41:30 : 53607 steps taken, and 4074 accepted.
[3 : mcmc] Progress @ 2026-09-10 02:41:31 : 52879 steps taken, and 4016 accepted.
[2 : mcmc] Progress @ 2026-09-10 02:42:00 : 51673 steps taken, and 3929 accepted.
[0 : mcmc] Progress @ 2026-09-10 02:42:18 : 53582 steps taken, and 4068 accepted.
[1 : mcmc] Progress @ 2026-09-10 02:42:30 : 53733 steps taken, and 4083 accepted.
[3 : mcmc] Progress @ 2026-09-10 02:42:31 : 52938 steps taken, and 4021 accepted.
[2 : mcmc] Progress @ 2026-09-10 02:43:10 : 51751 steps taken, and 3935 accepted.
[0 : mcmc] Progress @ 2026-09-10 02:43:18 : 53678 steps taken, and 4075 accepted.
[3 : mcmc] Progress @ 2026-09-10 02:43:31 : 53065 steps taken, and 4030 accepted.
[1 : mcmc] Progress @ 2026-09-10 02:43:36 : 53807 steps taken, and 4089 accepted.
[2 : mcmc] Progress @ 2026-09-10 02:44:10 : 51846 steps taken, and 3942 accepted.
[0 : mcmc] Progress @ 2026-09-10 02:44:18 : 53807 steps taken, and 4085 accepted.
[3 : mcmc] Progress @ 2026-09-10 02:44:31 : 53158 steps taken, and 4036 accepted.
[1 : mcmc] Progress @ 2026-09-10 02:44:36 : 53933 steps taken, and 4099 accepted.
[2 : mcmc] Progress @ 2026-09-10 02:45:12 : 51945 steps taken, and 3950 accepted.
[0 : mcmc] Progress @ 2026-09-10 02:45:19 : 53902 steps taken, and 4092 accepted.
[1 : mcmc] Progress @ 2026-09-10 02:45:36 : 54061 steps taken, and 4109 accepted.
[3 : mcmc] Progress @ 2026-09-10 02:45:43 : 53245 steps taken, and 4043 accepted.
[2 : mcmc] Progress @ 2026-09-10 02:46:13 : 52007 steps taken, and 3955 accepted.
[0 : mcmc] Progress @ 2026-09-10 02:46:19 : 54030 steps taken, and 4102 accepted.
[1 : mcmc] Progress @ 2026-09-10 02:46:36 : 54122 steps taken, and 4113 accepted.
[3 : mcmc] Progress @ 2026-09-10 02:46:44 : 53307 steps taken, and 4048 accepted.
[2 : mcmc] Progress @ 2026-09-10 02:47:13 : 52068 steps taken, and 3959 accepted.
[2 : mcmc] Learn + convergence test @ 3960 samples accepted.
[2 : mcmc] Ready to check convergence and learn a new proposal covmat (waiting for the rest...)
[0 : mcmc] Progress @ 2026-09-10 02:47:19 : 54090 steps taken, and 4107 accepted.
[0 : mcmc] All chains are ready to check convergence and learn a new proposal covmat
[0 : mcmc]  - Acceptance rate: 0.988 = avg([0.9866, 0.9899, 0.9890, 0.9873])
[0 : mcmc]  - Convergence of means: R-1 = 0.103532 after 16243 accepted steps = sum([4108, 4120, 3960, 4055])
[0 : mcmc]  - Updated covariance matrix of proposal pdf.
[1 : mcmc] Progress @ 2026-09-10 02:47:36 : 54217 steps taken, and 4120 accepted.
[3 : mcmc] Progress @ 2026-09-10 02:47:44 : 53422 steps taken, and 4057 accepted.
[2 : mcmc] Progress @ 2026-09-10 02:48:14 : 52132 steps taken, and 3964 accepted.
[0 : mcmc] Progress @ 2026-09-10 02:48:21 : 54171 steps taken, and 4113 accepted.
[1 : mcmc] Progress @ 2026-09-10 02:48:36 : 54342 steps taken, and 4130 accepted.
[3 : mcmc] Progress @ 2026-09-10 02:48:54 : 53505 steps taken, and 4063 accepted.
[2 : mcmc] Progress @ 2026-09-10 02:49:14 : 52227 steps taken, and 3972 accepted.
[0 : mcmc] Progress @ 2026-09-10 02:49:35 : 54259 steps taken, and 4120 accepted.
[1 : mcmc] Progress @ 2026-09-10 02:49:37 : 54402 steps taken, and 4135 accepted.
[3 : mcmc] Progress @ 2026-09-10 02:49:59 : 53545 steps taken, and 4066 accepted.
[2 : mcmc] Progress @ 2026-09-10 02:50:14 : 52354 steps taken, and 3981 accepted.
[0 : mcmc] Progress @ 2026-09-10 02:50:36 : 54352 steps taken, and 4127 accepted.
[1 : mcmc] Progress @ 2026-09-10 02:50:51 : 54493 steps taken, and 4142 accepted.
[3 : mcmc] Progress @ 2026-09-10 02:51:00 : 53671 steps taken, and 4076 accepted.
[2 : mcmc] Progress @ 2026-09-10 02:51:19 : 52425 steps taken, and 3987 accepted.
[0 : mcmc] Progress @ 2026-09-10 02:51:36 : 54413 steps taken, and 4132 accepted.
[1 : mcmc] Progress @ 2026-09-10 02:51:51 : 54589 steps taken, and 4149 accepted.
[3 : mcmc] Progress @ 2026-09-10 02:52:00 : 53763 steps taken, and 4083 accepted.
[2 : mcmc] Progress @ 2026-09-10 02:52:19 : 52519 steps taken, and 3994 accepted.
[0 : mcmc] Progress @ 2026-09-10 02:52:44 : 54523 steps taken, and 4140 accepted.
[3 : mcmc] Progress @ 2026-09-10 02:53:00 : 53825 steps taken, and 4088 accepted.
[1 : mcmc] Progress @ 2026-09-10 02:53:04 : 54709 steps taken, and 4159 accepted.
[2 : mcmc] Progress @ 2026-09-10 02:53:29 : 52568 steps taken, and 3998 accepted.
[0 : mcmc] Progress @ 2026-09-10 02:53:44 : 54652 steps taken, and 4150 accepted.
[1 : mcmc] Progress @ 2026-09-10 02:54:04 : 54803 steps taken, and 4166 accepted.
[3 : mcmc] Progress @ 2026-09-10 02:54:12 : 53943 steps taken, and 4097 accepted.
[2 : mcmc] Progress @ 2026-09-10 02:54:40 : 52683 steps taken, and 4006 accepted.
[0 : mcmc] Progress @ 2026-09-10 02:54:45 : 54747 steps taken, and 4157 accepted.
[3 : mcmc] Progress @ 2026-09-10 02:55:12 : 54069 steps taken, and 4107 accepted.
[1 : mcmc] Progress @ 2026-09-10 02:55:18 : 54893 steps taken, and 4173 accepted.
[2 : mcmc] Progress @ 2026-09-10 02:55:41 : 52777 steps taken, and 4013 accepted.
[0 : mcmc] Progress @ 2026-09-10 02:55:45 : 54840 steps taken, and 4165 accepted.
[1 : mcmc] Progress @ 2026-09-10 02:56:18 : 54988 steps taken, and 4180 accepted.
[3 : mcmc] Progress @ 2026-09-10 02:56:23 : 54154 steps taken, and 4113 accepted.
[2 : mcmc] Progress @ 2026-09-10 02:56:41 : 52870 steps taken, and 4020 accepted.
[0 : mcmc] Progress @ 2026-09-10 02:56:45 : 54968 steps taken, and 4175 accepted.
[1 : mcmc] Progress @ 2026-09-10 02:57:19 : 55116 steps taken, and 4188 accepted.
[3 : mcmc] Progress @ 2026-09-10 02:57:24 : 54248 steps taken, and 4120 accepted.
[2 : mcmc] Progress @ 2026-09-10 02:57:41 : 52964 steps taken, and 4027 accepted.
[0 : mcmc] Progress @ 2026-09-10 02:57:46 : 55063 steps taken, and 4182 accepted.
[3 : mcmc] Progress @ 2026-09-10 02:58:24 : 54309 steps taken, and 4125 accepted.
[1 : mcmc] Progress @ 2026-09-10 02:58:24 : 55191 steps taken, and 4195 accepted.
[2 : mcmc] Progress @ 2026-09-10 02:58:41 : 53090 steps taken, and 4036 accepted.
[0 : mcmc] Progress @ 2026-09-10 02:58:46 : 55159 steps taken, and 4189 accepted.
[3 : mcmc] Progress @ 2026-09-10 02:59:25 : 54404 steps taken, and 4132 accepted.
[1 : mcmc] Progress @ 2026-09-10 02:59:25 : 55286 steps taken, and 4202 accepted.
[2 : mcmc] Progress @ 2026-09-10 02:59:41 : 53187 steps taken, and 4042 accepted.
[0 : mcmc] Progress @ 2026-09-10 02:59:47 : 55255 steps taken, and 4196 accepted.
[3 : mcmc] Progress @ 2026-09-10 03:00:25 : 54466 steps taken, and 4137 accepted.
[1 : mcmc] Progress @ 2026-09-10 03:00:25 : 55380 steps taken, and 4209 accepted.
[2 : mcmc] Progress @ 2026-09-10 03:00:41 : 53278 steps taken, and 4049 accepted.
[0 : mcmc] Progress @ 2026-09-10 03:00:48 : 55350 steps taken, and 4204 accepted.
[3 : mcmc] Progress @ 2026-09-10 03:01:25 : 54559 steps taken, and 4144 accepted.
[1 : mcmc] Progress @ 2026-09-10 03:01:36 : 55466 steps taken, and 4216 accepted.
[0 : mcmc] Progress @ 2026-09-10 03:01:48 : 55444 steps taken, and 4211 accepted.
[2 : mcmc] Progress @ 2026-09-10 03:01:57 : 53369 steps taken, and 4056 accepted.
[3 : mcmc] Progress @ 2026-09-10 03:02:25 : 54651 steps taken, and 4151 accepted.
[1 : mcmc] Progress @ 2026-09-10 03:02:45 : 55517 steps taken, and 4220 accepted.
[0 : mcmc] Progress @ 2026-09-10 03:02:48 : 55539 steps taken, and 4219 accepted.
[2 : mcmc] Progress @ 2026-09-10 03:02:57 : 53464 steps taken, and 4062 accepted.
[3 : mcmc] Progress @ 2026-09-10 03:03:39 : 54773 steps taken, and 4161 accepted.
[1 : mcmc] Progress @ 2026-09-10 03:03:46 : 55645 steps taken, and 4230 accepted.
[0 : mcmc] Progress @ 2026-09-10 03:03:48 : 55599 steps taken, and 4223 accepted.
[2 : mcmc] Progress @ 2026-09-10 03:03:57 : 53555 steps taken, and 4070 accepted.
[3 : mcmc] Progress @ 2026-09-10 03:04:39 : 54868 steps taken, and 4168 accepted.
[1 : mcmc] Progress @ 2026-09-10 03:04:46 : 55770 steps taken, and 4239 accepted.
[0 : mcmc] Progress @ 2026-09-10 03:04:49 : 55694 steps taken, and 4231 accepted.
[2 : mcmc] Progress @ 2026-09-10 03:04:58 : 53683 steps taken, and 4080 accepted.
[3 : mcmc] Progress @ 2026-09-10 03:05:39 : 54961 steps taken, and 4174 accepted.
[1 : mcmc] Progress @ 2026-09-10 03:05:46 : 55900 steps taken, and 4249 accepted.
[0 : mcmc] Progress @ 2026-09-10 03:05:49 : 55789 steps taken, and 4238 accepted.
[2 : mcmc] Progress @ 2026-09-10 03:05:58 : 53811 steps taken, and 4089 accepted.
[3 : mcmc] Progress @ 2026-09-10 03:06:40 : 55024 steps taken, and 4179 accepted.
[1 : mcmc] Progress @ 2026-09-10 03:06:47 : 56026 steps taken, and 4259 accepted.
[0 : mcmc] Progress @ 2026-09-10 03:06:50 : 55883 steps taken, and 4245 accepted.
[2 : mcmc] Progress @ 2026-09-10 03:06:58 : 53906 steps taken, and 4096 accepted.
[1 : mcmc] Progress @ 2026-09-10 03:07:48 : 56086 steps taken, and 4264 accepted.
[0 : mcmc] Progress @ 2026-09-10 03:07:50 : 55973 steps taken, and 4252 accepted.
[3 : mcmc] Progress @ 2026-09-10 03:07:51 : 55135 steps taken, and 4187 accepted.
[2 : mcmc] Progress @ 2026-09-10 03:07:58 : 54023 steps taken, and 4105 accepted.
[1 : mcmc] Progress @ 2026-09-10 03:08:48 : 56196 steps taken, and 4272 accepted.
[3 : mcmc] Progress @ 2026-09-10 03:08:51 : 55217 steps taken, and 4193 accepted.
[0 : mcmc] Progress @ 2026-09-10 03:08:53 : 56057 steps taken, and 4258 accepted.
[2 : mcmc] Progress @ 2026-09-10 03:08:58 : 54141 steps taken, and 4115 accepted.
[1 : mcmc] Progress @ 2026-09-10 03:09:48 : 56258 steps taken, and 4277 accepted.
[3 : mcmc] Progress @ 2026-09-10 03:09:51 : 55309 steps taken, and 4200 accepted.
[0 : mcmc] Progress @ 2026-09-10 03:09:53 : 56181 steps taken, and 4267 accepted.
[2 : mcmc] Progress @ 2026-09-10 03:09:59 : 54233 steps taken, and 4122 accepted.
[1 : mcmc] Progress @ 2026-09-10 03:10:48 : 56383 steps taken, and 4286 accepted.
[3 : mcmc] Progress @ 2026-09-10 03:10:51 : 55402 steps taken, and 4207 accepted.
[0 : mcmc] Progress @ 2026-09-10 03:10:54 : 56273 steps taken, and 4274 accepted.
[2 : mcmc] Progress @ 2026-09-10 03:11:07 : 54307 steps taken, and 4128 accepted.
[1 : mcmc] Progress @ 2026-09-10 03:11:48 : 56442 steps taken, and 4290 accepted.
[3 : mcmc] Progress @ 2026-09-10 03:11:52 : 55494 steps taken, and 4214 accepted.
[0 : mcmc] Progress @ 2026-09-10 03:11:54 : 56332 steps taken, and 4278 accepted.
[2 : mcmc] Progress @ 2026-09-10 03:12:07 : 54401 steps taken, and 4135 accepted.
[1 : mcmc] Progress @ 2026-09-10 03:12:48 : 56535 steps taken, and 4297 accepted.
[0 : mcmc] Progress @ 2026-09-10 03:12:55 : 56426 steps taken, and 4286 accepted.
[3 : mcmc] Progress @ 2026-09-10 03:12:59 : 55569 steps taken, and 4220 accepted.
[2 : mcmc] Progress @ 2026-09-10 03:13:07 : 54476 steps taken, and 4141 accepted.
[1 : mcmc] Progress @ 2026-09-10 03:13:48 : 56579 steps taken, and 4300 accepted.
[0 : mcmc] Progress @ 2026-09-10 03:13:55 : 56477 steps taken, and 4290 accepted.
[3 : mcmc] Progress @ 2026-09-10 03:14:00 : 55623 steps taken, and 4224 accepted.
[2 : mcmc] Progress @ 2026-09-10 03:14:07 : 54542 steps taken, and 4146 accepted.
[1 : mcmc] Progress @ 2026-09-10 03:14:49 : 56700 steps taken, and 4310 accepted.
[0 : mcmc] Progress @ 2026-09-10 03:14:55 : 56534 steps taken, and 4294 accepted.
[3 : mcmc] Progress @ 2026-09-10 03:15:00 : 55749 steps taken, and 4233 accepted.
[2 : mcmc] Progress @ 2026-09-10 03:15:17 : 54653 steps taken, and 4154 accepted.
[1 : mcmc] Progress @ 2026-09-10 03:15:49 : 56793 steps taken, and 4317 accepted.
[0 : mcmc] Progress @ 2026-09-10 03:15:55 : 56626 steps taken, and 4301 accepted.
[1 : mcmc] Learn + convergence test @ 4320 samples accepted.
[1 : mcmc] Ready to check convergence and learn a new proposal covmat (waiting for the rest...)
[3 : mcmc] Progress @ 2026-09-10 03:16:12 : 55864 steps taken, and 4242 accepted.
[2 : mcmc] Progress @ 2026-09-10 03:16:17 : 54744 steps taken, and 4161 accepted.
[0 : mcmc] Progress @ 2026-09-10 03:17:02 : 56726 steps taken, and 4309 accepted.
[1 : mcmc] Progress @ 2026-09-10 03:17:05 : 56911 steps taken, and 4326 accepted.
[3 : mcmc] Progress @ 2026-09-10 03:17:12 : 55951 steps taken, and 4248 accepted.
[2 : mcmc] Progress @ 2026-09-10 03:17:18 : 54862 steps taken, and 4170 accepted.
[0 : mcmc] Progress @ 2026-09-10 03:18:02 : 56812 steps taken, and 4316 accepted.
[1 : mcmc] Progress @ 2026-09-10 03:18:05 : 56996 steps taken, and 4333 accepted.
[3 : mcmc] Progress @ 2026-09-10 03:18:12 : 56034 steps taken, and 4255 accepted.
[2 : mcmc] Progress @ 2026-09-10 03:18:18 : 54912 steps taken, and 4174 accepted.
[0 : mcmc] Learn + convergence test @ 4320 samples accepted.
[0 : mcmc] Ready to check convergence and learn a new proposal covmat (waiting for the rest...)
[0 : mcmc] Progress @ 2026-09-10 03:19:02 : 56913 steps taken, and 4323 accepted.
[1 : mcmc] Progress @ 2026-09-10 03:19:05 : 57097 steps taken, and 4340 accepted.
[3 : mcmc] Progress @ 2026-09-10 03:19:13 : 56106 steps taken, and 4260 accepted.
[2 : mcmc] Progress @ 2026-09-10 03:19:19 : 54987 steps taken, and 4180 accepted.
[0 : mcmc] Progress @ 2026-09-10 03:20:03 : 56964 steps taken, and 4327 accepted.
[1 : mcmc] Progress @ 2026-09-10 03:20:06 : 57183 steps taken, and 4346 accepted.
[3 : mcmc] Progress @ 2026-09-10 03:20:13 : 56195 steps taken, and 4267 accepted.
[2 : mcmc] Progress @ 2026-09-10 03:20:24 : 55086 steps taken, and 4186 accepted.
[0 : mcmc] Progress @ 2026-09-10 03:21:03 : 57056 steps taken, and 4334 accepted.
[1 : mcmc] Progress @ 2026-09-10 03:21:06 : 57242 steps taken, and 4351 accepted.
[3 : mcmc] Progress @ 2026-09-10 03:21:13 : 56319 steps taken, and 4277 accepted.
[2 : mcmc] Progress @ 2026-09-10 03:21:24 : 55169 steps taken, and 4193 accepted.
[0 : mcmc] Progress @ 2026-09-10 03:22:03 : 57171 steps taken, and 4343 accepted.
[1 : mcmc] Progress @ 2026-09-10 03:22:07 : 57323 steps taken, and 4356 accepted.
[3 : mcmc] Progress @ 2026-09-10 03:22:14 : 56403 steps taken, and 4283 accepted.
[2 : mcmc] Progress @ 2026-09-10 03:22:24 : 55291 steps taken, and 4202 accepted.
[0 : mcmc] Progress @ 2026-09-10 03:23:03 : 57264 steps taken, and 4350 accepted.
[1 : mcmc] Progress @ 2026-09-10 03:23:07 : 57416 steps taken, and 4364 accepted.
[3 : mcmc] Progress @ 2026-09-10 03:23:14 : 56461 steps taken, and 4287 accepted.
[2 : mcmc] Progress @ 2026-09-10 03:23:24 : 55351 steps taken, and 4207 accepted.
[0 : mcmc] Progress @ 2026-09-10 03:24:04 : 57358 steps taken, and 4357 accepted.
[1 : mcmc] Progress @ 2026-09-10 03:24:07 : 57542 steps taken, and 4372 accepted.
[3 : mcmc] Progress @ 2026-09-10 03:24:20 : 56533 steps taken, and 4293 accepted.
[2 : mcmc] Progress @ 2026-09-10 03:24:30 : 55454 steps taken, and 4214 accepted.
[0 : mcmc] Progress @ 2026-09-10 03:25:04 : 57451 steps taken, and 4365 accepted.
[1 : mcmc] Progress @ 2026-09-10 03:25:07 : 57636 steps taken, and 4379 accepted.
[3 : mcmc] Progress @ 2026-09-10 03:25:20 : 56625 steps taken, and 4299 accepted.
[2 : mcmc] Progress @ 2026-09-10 03:25:46 : 55546 steps taken, and 4221 accepted.
[0 : mcmc] Progress @ 2026-09-10 03:26:04 : 57511 steps taken, and 4369 accepted.
[1 : mcmc] Progress @ 2026-09-10 03:26:16 : 57746 steps taken, and 4387 accepted.
[3 : mcmc] Progress @ 2026-09-10 03:26:20 : 56716 steps taken, and 4306 accepted.
[2 : mcmc] Progress @ 2026-09-10 03:26:46 : 55637 steps taken, and 4228 accepted.
[0 : mcmc] Progress @ 2026-09-10 03:27:13 : 57618 steps taken, and 4378 accepted.
[1 : mcmc] Progress @ 2026-09-10 03:27:17 : 57864 steps taken, and 4396 accepted.
[3 : mcmc] Progress @ 2026-09-10 03:27:20 : 56831 steps taken, and 4315 accepted.
[2 : mcmc] Progress @ 2026-09-10 03:27:47 : 55687 steps taken, and 4232 accepted.
[3 : mcmc] Progress @ 2026-09-10 03:28:37 : 56860 steps taken, and 4317 accepted.
[0 : mcmc] Progress @ 2026-09-10 03:28:37 : 57656 steps taken, and 4380 accepted.
[1 : mcmc] Progress @ 2026-09-10 03:29:10 : 57879 steps taken, and 4398 accepted.
[2 : mcmc] Progress @ 2026-09-10 03:29:11 : 55692 steps taken, and 4232 accepted.
[3 : mcmc] Progress @ 2026-09-10 03:29:37 : 56869 steps taken, and 4318 accepted.
[0 : mcmc] Progress @ 2026-09-10 03:29:38 : 57666 steps taken, and 4381 accepted.
[3 : mcmc] Learn + convergence test @ 4320 samples accepted.
[3 : mcmc] Ready to check convergence and learn a new proposal covmat (waiting for the rest...)
[1 : mcmc] Progress @ 2026-09-10 03:30:10 : 57954 steps taken, and 4403 accepted.
[2 : mcmc] Progress @ 2026-09-10 03:30:11 : 55768 steps taken, and 4238 accepted.
[0 : mcmc] Progress @ 2026-09-10 03:30:38 : 57758 steps taken, and 4387 accepted.
[3 : mcmc] Progress @ 2026-09-10 03:30:41 : 56967 steps taken, and 4325 accepted.
[1 : mcmc] Progress @ 2026-09-10 03:31:11 : 58011 steps taken, and 4408 accepted.
[2 : mcmc] Progress @ 2026-09-10 03:31:11 : 55856 steps taken, and 4244 accepted.
[0 : mcmc] Progress @ 2026-09-10 03:31:39 : 57873 steps taken, and 4396 accepted.
[3 : mcmc] Progress @ 2026-09-10 03:31:41 : 57085 steps taken, and 4335 accepted.
[1 : mcmc] Progress @ 2026-09-10 03:32:12 : 58096 steps taken, and 4414 accepted.
[2 : mcmc] Progress @ 2026-09-10 03:32:19 : 55952 steps taken, and 4252 accepted.
[0 : mcmc] Progress @ 2026-09-10 03:32:39 : 57955 steps taken, and 4401 accepted.
[3 : mcmc] Progress @ 2026-09-10 03:32:42 : 57168 steps taken, and 4341 accepted.
[1 : mcmc] Progress @ 2026-09-10 03:33:17 : 58163 steps taken, and 4419 accepted.
[2 : mcmc] Progress @ 2026-09-10 03:33:21 : 56048 steps taken, and 4260 accepted.
[0 : mcmc] Progress @ 2026-09-10 03:33:39 : 58011 steps taken, and 4406 accepted.
[3 : mcmc] Progress @ 2026-09-10 03:33:42 : 57256 steps taken, and 4347 accepted.
[1 : mcmc] Progress @ 2026-09-10 03:34:17 : 58276 steps taken, and 4427 accepted.
[2 : mcmc] Progress @ 2026-09-10 03:34:21 : 56129 steps taken, and 4266 accepted.
[0 : mcmc] Progress @ 2026-09-10 03:34:39 : 58098 steps taken, and 4412 accepted.
[3 : mcmc] Progress @ 2026-09-10 03:34:42 : 57342 steps taken, and 4354 accepted.
[2 : mcmc] Progress @ 2026-09-10 03:35:21 : 56218 steps taken, and 4273 accepted.
[1 : mcmc] Progress @ 2026-09-10 03:35:27 : 58351 steps taken, and 4433 accepted.
[3 : mcmc] Progress @ 2026-09-10 03:35:47 : 57440 steps taken, and 4362 accepted.
[0 : mcmc] Progress @ 2026-09-10 03:35:53 : 58213 steps taken, and 4421 accepted.
[2 : mcmc] Progress @ 2026-09-10 03:36:22 : 56304 steps taken, and 4279 accepted.
[1 : mcmc] Progress @ 2026-09-10 03:36:28 : 58405 steps taken, and 4437 accepted.
[3 : mcmc] Progress @ 2026-09-10 03:36:49 : 57527 steps taken, and 4369 accepted.
[0 : mcmc] Progress @ 2026-09-10 03:36:54 : 58323 steps taken, and 4429 accepted.
[2 : mcmc] Progress @ 2026-09-10 03:37:22 : 56386 steps taken, and 4286 accepted.
[2 : mcmc] Progress @ 2026-09-10 03:38:29 : 56388 steps taken, and 4286 accepted.
[1 : mcmc] Progress @ 2026-09-10 03:38:29 : 58477 steps taken, and 4443 accepted.
[3 : mcmc] Progress @ 2026-09-10 03:38:29 : 57562 steps taken, and 4371 accepted.
[0 : mcmc] Progress @ 2026-09-10 03:38:29 : 58354 steps taken, and 4431 accepted.
[1 : mcmc] Progress @ 2026-09-10 03:39:31 : 58531 steps taken, and 4446 accepted.
[3 : mcmc] Progress @ 2026-09-10 03:39:31 : 57617 steps taken, and 4375 accepted.
[2 : mcmc] Progress @ 2026-09-10 03:39:31 : 56442 steps taken, and 4290 accepted.
[0 : mcmc] Progress @ 2026-09-10 03:39:31 : 58408 steps taken, and 4435 accepted.
