[0 : output] Output to be read-from/written-into folder '/mnt/datos/SSEE_data/chains_p6/kids', with prefix 'lcdmfijo'
[1 : p06_growth.cobaya_kids.loglike_lcdm_fijo] Initialized external likelihood.
[2 : p06_growth.cobaya_kids.loglike_lcdm_fijo] Initialized external likelihood.
[3 : p06_growth.cobaya_kids.loglike_lcdm_fijo] Initialized external likelihood.
[0 : p06_growth.cobaya_kids.loglike_lcdm_fijo] Initialized external likelihood.
[2 : mcmc] Getting initial point... (this may take a few seconds)
[0 : mcmc] Getting initial point... (this may take a few seconds)
[3 : mcmc] Getting initial point... (this may take a few seconds)
[1 : mcmc] Getting initial point... (this may take a few seconds)
[0 : mcmc] Initial point: logA:3.04, halo_A:2.6, A_IA:1, dz1:0, dz2:-0.002, dz3:-0.013, dz4:-0.011, dz5:0.006, delta_c:0
[2 : mcmc] Initial point: logA:3.04, halo_A:2.6, A_IA:1, dz1:0, dz2:-0.002, dz3:-0.013, dz4:-0.011, dz5:0.006, delta_c:0
[1 : mcmc] Initial point: logA:3.04, halo_A:2.6, A_IA:1, dz1:0, dz2:-0.002, dz3:-0.013, dz4:-0.011, dz5:0.006, delta_c:0
[3 : mcmc] Initial point: logA:3.04, halo_A:2.6, A_IA:1, dz1:0, dz2:-0.002, dz3:-0.013, dz4:-0.011, dz5:0.006, delta_c:0
[0 : mcmc] Oversampling with factors:
[0 : mcmc] *  1 : ['logA', 'halo_A']
[0 : mcmc] * 18 : ['A_IA', 'dz1', 'dz2', 'dz3', 'dz4', 'dz5', 'delta_c']
[0 : mcmc] Covariance matrix loaded for params ['logA', 'halo_A', 'A_IA', 'dz1', 'dz2', 'dz3', 'dz4', 'dz5', 'delta_c']
[0 : mcmc] All parameters' covariance loaded from given covmat.
[0 : mcmc] Sampling!
[0 : mcmc] Progress @ 2026-09-08 22:10:39 : 1 steps taken, and 0 accepted.
[1 : mcmc] Progress @ 2026-09-08 22:10:39 : 1 steps taken, and 0 accepted.
[2 : mcmc] Progress @ 2026-09-08 22:10:39 : 1 steps taken, and 0 accepted.
[3 : mcmc] Progress @ 2026-09-08 22:10:39 : 1 steps taken, and 0 accepted.
[2 : mcmc] Progress @ 2026-09-08 22:11:39 : 72 steps taken, and 4 accepted.
[1 : mcmc] Progress @ 2026-09-08 22:11:40 : 101 steps taken, and 6 accepted.
[3 : mcmc] Progress @ 2026-09-08 22:11:46 : 87 steps taken, and 5 accepted.
[0 : mcmc] Progress @ 2026-09-08 22:11:50 : 98 steps taken, and 6 accepted.
[1 : mcmc] Progress @ 2026-09-08 22:12:45 : 184 steps taken, and 11 accepted.
[0 : mcmc] Progress @ 2026-09-08 22:12:51 : 224 steps taken, and 14 accepted.
[2 : mcmc] Progress @ 2026-09-08 22:12:52 : 197 steps taken, and 13 accepted.
[3 : mcmc] Progress @ 2026-09-08 22:12:56 : 204 steps taken, and 13 accepted.
[1 : mcmc] Progress @ 2026-09-08 22:13:48 : 287 steps taken, and 19 accepted.
[0 : mcmc] Progress @ 2026-09-08 22:13:51 : 296 steps taken, and 19 accepted.
[2 : mcmc] Progress @ 2026-09-08 22:13:55 : 300 steps taken, and 21 accepted.
[3 : mcmc] Progress @ 2026-09-08 22:13:57 : 329 steps taken, and 21 accepted.
[1 : mcmc] Progress @ 2026-09-08 22:14:48 : 412 steps taken, and 27 accepted.
[0 : mcmc] Progress @ 2026-09-08 22:14:51 : 421 steps taken, and 28 accepted.
[2 : mcmc] Progress @ 2026-09-08 22:14:55 : 426 steps taken, and 30 accepted.
[3 : mcmc] Progress @ 2026-09-08 22:14:57 : 428 steps taken, and 29 accepted.
[1 : mcmc] Progress @ 2026-09-08 22:15:48 : 540 steps taken, and 37 accepted.
[0 : mcmc] Progress @ 2026-09-08 22:15:51 : 493 steps taken, and 34 accepted.
[2 : mcmc] Progress @ 2026-09-08 22:15:56 : 525 steps taken, and 37 accepted.
[3 : mcmc] Progress @ 2026-09-08 22:15:57 : 525 steps taken, and 35 accepted.
[1 : mcmc] Progress @ 2026-09-08 22:16:49 : 639 steps taken, and 44 accepted.
[0 : mcmc] Progress @ 2026-09-08 22:16:51 : 592 steps taken, and 41 accepted.
[2 : mcmc] Progress @ 2026-09-08 22:16:56 : 623 steps taken, and 44 accepted.
[3 : mcmc] Progress @ 2026-09-08 22:16:57 : 651 steps taken, and 44 accepted.
[1 : mcmc] Progress @ 2026-09-08 22:17:49 : 738 steps taken, and 51 accepted.
[0 : mcmc] Progress @ 2026-09-08 22:17:51 : 664 steps taken, and 46 accepted.
[2 : mcmc] Progress @ 2026-09-08 22:17:56 : 722 steps taken, and 51 accepted.
[3 : mcmc] Progress @ 2026-09-08 22:18:03 : 760 steps taken, and 51 accepted.
[1 : mcmc] Progress @ 2026-09-08 22:18:49 : 862 steps taken, and 60 accepted.
[0 : mcmc] Progress @ 2026-09-08 22:18:52 : 762 steps taken, and 53 accepted.
[3 : mcmc] Progress @ 2026-09-08 22:19:03 : 857 steps taken, and 58 accepted.
[2 : mcmc] Progress @ 2026-09-08 22:19:08 : 844 steps taken, and 59 accepted.
[1 : mcmc] Progress @ 2026-09-08 22:19:49 : 935 steps taken, and 65 accepted.
[0 : mcmc] Progress @ 2026-09-08 22:19:52 : 859 steps taken, and 60 accepted.
[3 : mcmc] Progress @ 2026-09-08 22:20:04 : 957 steps taken, and 65 accepted.
[2 : mcmc] Progress @ 2026-09-08 22:20:09 : 942 steps taken, and 66 accepted.
[1 : mcmc] Progress @ 2026-09-08 22:20:50 : 1061 steps taken, and 74 accepted.
[0 : mcmc] Progress @ 2026-09-08 22:20:52 : 958 steps taken, and 66 accepted.
[3 : mcmc] Progress @ 2026-09-08 22:21:04 : 1055 steps taken, and 72 accepted.
[2 : mcmc] Progress @ 2026-09-08 22:21:09 : 1067 steps taken, and 76 accepted.
[1 : mcmc] Progress @ 2026-09-08 22:21:50 : 1161 steps taken, and 81 accepted.
[0 : mcmc] Progress @ 2026-09-08 22:21:53 : 1057 steps taken, and 74 accepted.
[3 : mcmc] Progress @ 2026-09-08 22:22:04 : 1154 steps taken, and 79 accepted.
[2 : mcmc] Progress @ 2026-09-08 22:22:09 : 1166 steps taken, and 83 accepted.
[1 : mcmc] Progress @ 2026-09-08 22:22:51 : 1261 steps taken, and 88 accepted.
[0 : mcmc] Progress @ 2026-09-08 22:22:53 : 1155 steps taken, and 81 accepted.
[3 : mcmc] Progress @ 2026-09-08 22:23:04 : 1252 steps taken, and 86 accepted.
[2 : mcmc] Progress @ 2026-09-08 22:23:09 : 1294 steps taken, and 92 accepted.
[1 : mcmc] Progress @ 2026-09-08 22:23:51 : 1389 steps taken, and 98 accepted.
[0 : mcmc] Progress @ 2026-09-08 22:24:00 : 1242 steps taken, and 87 accepted.
[3 : mcmc] Progress @ 2026-09-08 22:24:04 : 1326 steps taken, and 91 accepted.
[2 : mcmc] Progress @ 2026-09-08 22:24:09 : 1392 steps taken, and 99 accepted.
[1 : mcmc] Progress @ 2026-09-08 22:24:51 : 1489 steps taken, and 105 accepted.
[0 : mcmc] Progress @ 2026-09-08 22:25:00 : 1367 steps taken, and 96 accepted.
[3 : mcmc] Progress @ 2026-09-08 22:25:05 : 1451 steps taken, and 100 accepted.
[2 : mcmc] Progress @ 2026-09-08 22:25:10 : 1492 steps taken, and 106 accepted.
[1 : mcmc] Progress @ 2026-09-08 22:25:52 : 1614 steps taken, and 113 accepted.
[3 : mcmc] Progress @ 2026-09-08 22:26:05 : 1574 steps taken, and 109 accepted.
[0 : mcmc] Progress @ 2026-09-08 22:26:09 : 1483 steps taken, and 104 accepted.
[2 : mcmc] Progress @ 2026-09-08 22:26:10 : 1616 steps taken, and 114 accepted.
[1 : mcmc] Progress @ 2026-09-08 22:26:52 : 1715 steps taken, and 121 accepted.
[3 : mcmc] Progress @ 2026-09-08 22:27:05 : 1671 steps taken, and 115 accepted.
[0 : mcmc] Progress @ 2026-09-08 22:27:09 : 1609 steps taken, and 113 accepted.
[2 : mcmc] Progress @ 2026-09-08 22:27:10 : 1716 steps taken, and 122 accepted.
[1 : mcmc] Progress @ 2026-09-08 22:27:52 : 1841 steps taken, and 130 accepted.
[3 : mcmc] Progress @ 2026-09-08 22:28:06 : 1766 steps taken, and 122 accepted.
[0 : mcmc] Progress @ 2026-09-08 22:28:09 : 1707 steps taken, and 120 accepted.
[2 : mcmc] Progress @ 2026-09-08 22:28:23 : 1843 steps taken, and 131 accepted.
[1 : mcmc] Progress @ 2026-09-08 22:28:53 : 1968 steps taken, and 139 accepted.
[3 : mcmc] Progress @ 2026-09-08 22:29:06 : 1863 steps taken, and 129 accepted.
[0 : mcmc] Progress @ 2026-09-08 22:29:09 : 1832 steps taken, and 129 accepted.
[2 : mcmc] Progress @ 2026-09-08 22:29:26 : 1948 steps taken, and 138 accepted.
[1 : mcmc] Progress @ 2026-09-08 22:29:53 : 2067 steps taken, and 146 accepted.
[3 : mcmc] Progress @ 2026-09-08 22:30:06 : 1959 steps taken, and 136 accepted.
[0 : mcmc] Progress @ 2026-09-08 22:30:10 : 1933 steps taken, and 135 accepted.
[2 : mcmc] Progress @ 2026-09-08 22:30:27 : 2074 steps taken, and 147 accepted.
[1 : mcmc] Progress @ 2026-09-08 22:30:53 : 2168 steps taken, and 153 accepted.
[0 : mcmc] Progress @ 2026-09-08 22:31:10 : 2058 steps taken, and 144 accepted.
[3 : mcmc] Progress @ 2026-09-08 22:31:12 : 2041 steps taken, and 142 accepted.
[2 : mcmc] Progress @ 2026-09-08 22:31:30 : 2179 steps taken, and 155 accepted.
[1 : mcmc] Progress @ 2026-09-08 22:31:53 : 2240 steps taken, and 158 accepted.
[0 : mcmc] Progress @ 2026-09-08 22:32:10 : 2158 steps taken, and 151 accepted.
[3 : mcmc] Progress @ 2026-09-08 22:32:12 : 2164 steps taken, and 151 accepted.
[2 : mcmc] Progress @ 2026-09-08 22:32:30 : 2304 steps taken, and 164 accepted.
[1 : mcmc] Progress @ 2026-09-08 22:32:54 : 2364 steps taken, and 167 accepted.
[3 : mcmc] Progress @ 2026-09-08 22:33:12 : 2234 steps taken, and 156 accepted.
[0 : mcmc] Progress @ 2026-09-08 22:33:15 : 2265 steps taken, and 158 accepted.
[2 : mcmc] Progress @ 2026-09-08 22:33:30 : 2401 steps taken, and 170 accepted.
[1 : mcmc] Progress @ 2026-09-08 22:33:54 : 2435 steps taken, and 172 accepted.
[3 : mcmc] Progress @ 2026-09-08 22:34:12 : 2305 steps taken, and 161 accepted.
[0 : mcmc] Progress @ 2026-09-08 22:34:18 : 2368 steps taken, and 166 accepted.
[2 : mcmc] Progress @ 2026-09-08 22:34:39 : 2489 steps taken, and 177 accepted.
[1 : mcmc] Progress @ 2026-09-08 22:34:54 : 2563 steps taken, and 181 accepted.
[3 : mcmc] Progress @ 2026-09-08 22:35:18 : 2414 steps taken, and 169 accepted.
[0 : mcmc] Progress @ 2026-09-08 22:35:18 : 2467 steps taken, and 172 accepted.
[2 : mcmc] Progress @ 2026-09-08 22:35:39 : 2585 steps taken, and 184 accepted.
[1 : mcmc] Progress @ 2026-09-08 22:35:54 : 2661 steps taken, and 188 accepted.
[3 : mcmc] Progress @ 2026-09-08 22:36:18 : 2510 steps taken, and 175 accepted.
[0 : mcmc] Progress @ 2026-09-08 22:36:23 : 2549 steps taken, and 178 accepted.
[2 : mcmc] Progress @ 2026-09-08 22:36:39 : 2682 steps taken, and 191 accepted.
[1 : mcmc] Progress @ 2026-09-08 22:36:55 : 2760 steps taken, and 195 accepted.
[3 : mcmc] Progress @ 2026-09-08 22:37:18 : 2608 steps taken, and 182 accepted.
[0 : mcmc] Progress @ 2026-09-08 22:37:24 : 2648 steps taken, and 186 accepted.
[2 : mcmc] Progress @ 2026-09-08 22:37:39 : 2779 steps taken, and 198 accepted.
[1 : mcmc] Progress @ 2026-09-08 22:37:55 : 2858 steps taken, and 202 accepted.
[3 : mcmc] Progress @ 2026-09-08 22:38:19 : 2707 steps taken, and 189 accepted.
[0 : mcmc] Progress @ 2026-09-08 22:38:29 : 2731 steps taken, and 192 accepted.
[2 : mcmc] Progress @ 2026-09-08 22:38:39 : 2905 steps taken, and 207 accepted.
[1 : mcmc] Progress @ 2026-09-08 22:38:55 : 2956 steps taken, and 209 accepted.
[3 : mcmc] Progress @ 2026-09-08 22:39:19 : 2805 steps taken, and 196 accepted.
[0 : mcmc] Progress @ 2026-09-08 22:39:29 : 2830 steps taken, and 198 accepted.
[2 : mcmc] Progress @ 2026-09-08 22:39:40 : 3029 steps taken, and 215 accepted.
[1 : mcmc] Progress @ 2026-09-08 22:39:55 : 3028 steps taken, and 214 accepted.
[3 : mcmc] Progress @ 2026-09-08 22:40:19 : 2876 steps taken, and 201 accepted.
[0 : mcmc] Progress @ 2026-09-08 22:40:30 : 2930 steps taken, and 205 accepted.
[2 : mcmc] Progress @ 2026-09-08 22:40:47 : 3114 steps taken, and 222 accepted.
[1 : mcmc] Progress @ 2026-09-08 22:40:56 : 3126 steps taken, and 221 accepted.
[3 : mcmc] Progress @ 2026-09-08 22:41:19 : 2973 steps taken, and 207 accepted.
[0 : mcmc] Progress @ 2026-09-08 22:41:30 : 3030 steps taken, and 212 accepted.
[2 : mcmc] Progress @ 2026-09-08 22:41:48 : 3214 steps taken, and 229 accepted.
[1 : mcmc] Progress @ 2026-09-08 22:41:56 : 3224 steps taken, and 228 accepted.
[3 : mcmc] Progress @ 2026-09-08 22:42:19 : 3097 steps taken, and 216 accepted.
[0 : mcmc] Progress @ 2026-09-08 22:42:30 : 3156 steps taken, and 222 accepted.
[2 : mcmc] Progress @ 2026-09-08 22:42:48 : 3338 steps taken, and 238 accepted.
[1 : mcmc] Progress @ 2026-09-08 22:43:08 : 3320 steps taken, and 235 accepted.
[3 : mcmc] Progress @ 2026-09-08 22:43:20 : 3195 steps taken, and 222 accepted.
[0 : mcmc] Progress @ 2026-09-08 22:43:38 : 3272 steps taken, and 230 accepted.
[2 : mcmc] Progress @ 2026-09-08 22:43:48 : 3409 steps taken, and 243 accepted.
[1 : mcmc] Progress @ 2026-09-08 22:44:08 : 3392 steps taken, and 239 accepted.
[3 : mcmc] Progress @ 2026-09-08 22:44:20 : 3293 steps taken, and 228 accepted.
[0 : mcmc] Progress @ 2026-09-08 22:44:39 : 3371 steps taken, and 237 accepted.
[2 : mcmc] Progress @ 2026-09-08 22:44:49 : 3507 steps taken, and 250 accepted.
[1 : mcmc] Progress @ 2026-09-08 22:45:19 : 3486 steps taken, and 246 accepted.
[3 : mcmc] Progress @ 2026-09-08 22:45:20 : 3391 steps taken, and 236 accepted.
[0 : mcmc] Progress @ 2026-09-08 22:45:39 : 3472 steps taken, and 244 accepted.
[2 : mcmc] Progress @ 2026-09-08 22:45:49 : 3604 steps taken, and 256 accepted.
[1 : mcmc] Progress @ 2026-09-08 22:46:19 : 3610 steps taken, and 255 accepted.
[3 : mcmc] Progress @ 2026-09-08 22:46:20 : 3463 steps taken, and 241 accepted.
[0 : mcmc] Progress @ 2026-09-08 22:46:40 : 3571 steps taken, and 251 accepted.
[2 : mcmc] Progress @ 2026-09-08 22:46:49 : 3701 steps taken, and 263 accepted.
[1 : mcmc] Progress @ 2026-09-08 22:47:19 : 3709 steps taken, and 262 accepted.
[3 : mcmc] Progress @ 2026-09-08 22:47:21 : 3587 steps taken, and 250 accepted.
[0 : mcmc] Progress @ 2026-09-08 22:47:40 : 3671 steps taken, and 259 accepted.
[2 : mcmc] Progress @ 2026-09-08 22:47:50 : 3799 steps taken, and 270 accepted.
[1 : mcmc] Progress @ 2026-09-08 22:48:20 : 3809 steps taken, and 269 accepted.
[3 : mcmc] Progress @ 2026-09-08 22:48:21 : 3712 steps taken, and 258 accepted.
[0 : mcmc] Progress @ 2026-09-08 22:48:40 : 3769 steps taken, and 264 accepted.
[2 : mcmc] Progress @ 2026-09-08 22:48:50 : 3896 steps taken, and 276 accepted.
[3 : mcmc] Progress @ 2026-09-08 22:49:21 : 3782 steps taken, and 264 accepted.
[1 : mcmc] Progress @ 2026-09-08 22:49:25 : 3917 steps taken, and 277 accepted.
[0 : mcmc] Progress @ 2026-09-08 22:49:40 : 3868 steps taken, and 272 accepted.
[2 : mcmc] Progress @ 2026-09-08 22:49:50 : 4018 steps taken, and 285 accepted.
[3 : mcmc] Progress @ 2026-09-08 22:50:21 : 3902 steps taken, and 272 accepted.
[1 : mcmc] Progress @ 2026-09-08 22:50:25 : 4013 steps taken, and 284 accepted.
[0 : mcmc] Progress @ 2026-09-08 22:50:40 : 3964 steps taken, and 278 accepted.
[2 : mcmc] Progress @ 2026-09-08 22:50:50 : 4087 steps taken, and 290 accepted.
[3 : mcmc] Progress @ 2026-09-08 22:51:22 : 4000 steps taken, and 278 accepted.
[1 : mcmc] Progress @ 2026-09-08 22:51:25 : 4137 steps taken, and 293 accepted.
[0 : mcmc] Progress @ 2026-09-08 22:51:40 : 4063 steps taken, and 286 accepted.
[2 : mcmc] Progress @ 2026-09-08 22:51:50 : 4185 steps taken, and 297 accepted.
[3 : mcmc] Progress @ 2026-09-08 22:52:22 : 4099 steps taken, and 286 accepted.
[1 : mcmc] Progress @ 2026-09-08 22:52:25 : 4237 steps taken, and 300 accepted.
[0 : mcmc] Progress @ 2026-09-08 22:52:40 : 4161 steps taken, and 293 accepted.
[2 : mcmc] Progress @ 2026-09-08 22:52:50 : 4284 steps taken, and 304 accepted.
[3 : mcmc] Progress @ 2026-09-08 22:53:22 : 4198 steps taken, and 293 accepted.
[1 : mcmc] Progress @ 2026-09-08 22:53:25 : 4335 steps taken, and 306 accepted.
[0 : mcmc] Progress @ 2026-09-08 22:53:41 : 4287 steps taken, and 301 accepted.
[2 : mcmc] Progress @ 2026-09-08 22:53:55 : 4365 steps taken, and 310 accepted.
[3 : mcmc] Progress @ 2026-09-08 22:54:22 : 4295 steps taken, and 300 accepted.
[1 : mcmc] Progress @ 2026-09-08 22:54:33 : 4449 steps taken, and 314 accepted.
[0 : mcmc] Progress @ 2026-09-08 22:54:41 : 4386 steps taken, and 308 accepted.
[2 : mcmc] Progress @ 2026-09-08 22:54:55 : 4490 steps taken, and 319 accepted.
[3 : mcmc] Progress @ 2026-09-08 22:55:23 : 4421 steps taken, and 309 accepted.
[1 : mcmc] Progress @ 2026-09-08 22:55:34 : 4547 steps taken, and 321 accepted.
[0 : mcmc] Progress @ 2026-09-08 22:55:41 : 4486 steps taken, and 315 accepted.
[2 : mcmc] Progress @ 2026-09-08 22:55:55 : 4589 steps taken, and 326 accepted.
[3 : mcmc] Progress @ 2026-09-08 22:56:23 : 4518 steps taken, and 316 accepted.
[1 : mcmc] Progress @ 2026-09-08 22:56:34 : 4645 steps taken, and 328 accepted.
[0 : mcmc] Progress @ 2026-09-08 22:56:41 : 4584 steps taken, and 322 accepted.
[2 : mcmc] Progress @ 2026-09-08 22:56:56 : 4688 steps taken, and 333 accepted.
[3 : mcmc] Progress @ 2026-09-08 22:57:23 : 4590 steps taken, and 321 accepted.
[1 : mcmc] Progress @ 2026-09-08 22:57:35 : 4719 steps taken, and 333 accepted.
[0 : mcmc] Progress @ 2026-09-08 22:57:41 : 4683 steps taken, and 329 accepted.
[2 : mcmc] Progress @ 2026-09-08 22:57:56 : 4786 steps taken, and 340 accepted.
[3 : mcmc] Progress @ 2026-09-08 22:58:24 : 4690 steps taken, and 328 accepted.
[1 : mcmc] Progress @ 2026-09-08 22:58:35 : 4818 steps taken, and 340 accepted.
[0 : mcmc] Progress @ 2026-09-08 22:58:50 : 4798 steps taken, and 337 accepted.
[2 : mcmc] Progress @ 2026-09-08 22:58:56 : 4911 steps taken, and 349 accepted.
[3 : mcmc] Progress @ 2026-09-08 22:59:24 : 4814 steps taken, and 337 accepted.
[1 : mcmc] Progress @ 2026-09-08 22:59:35 : 4916 steps taken, and 348 accepted.
[0 : mcmc] Progress @ 2026-09-08 22:59:50 : 4925 steps taken, and 346 accepted.
[2 : mcmc] Progress @ 2026-09-08 23:00:04 : 5001 steps taken, and 355 accepted.
[3 : mcmc] Progress @ 2026-09-08 23:00:24 : 4912 steps taken, and 344 accepted.
[2 : mcmc] Learn + convergence test @ 360 samples accepted.
[2 : mcmc] Ready to check convergence and learn a new proposal covmat (waiting for the rest...)
[1 : mcmc] Progress @ 2026-09-08 23:00:37 : 5018 steps taken, and 355 accepted.
[0 : mcmc] Progress @ 2026-09-08 23:00:50 : 5050 steps taken, and 355 accepted.
[2 : mcmc] Progress @ 2026-09-08 23:01:05 : 5126 steps taken, and 364 accepted.
[1 : mcmc] Learn + convergence test @ 360 samples accepted.
[1 : mcmc] Ready to check convergence and learn a new proposal covmat (waiting for the rest...)
[3 : mcmc] Progress @ 2026-09-08 23:01:25 : 5011 steps taken, and 351 accepted.
[0 : mcmc] Learn + convergence test @ 360 samples accepted.
[0 : mcmc] Ready to check convergence and learn a new proposal covmat (waiting for the rest...)
[1 : mcmc] Progress @ 2026-09-08 23:01:37 : 5142 steps taken, and 363 accepted.
[0 : mcmc] Progress @ 2026-09-08 23:01:50 : 5148 steps taken, and 362 accepted.
[2 : mcmc] Progress @ 2026-09-08 23:02:05 : 5225 steps taken, and 372 accepted.
[3 : mcmc] Progress @ 2026-09-08 23:02:26 : 5110 steps taken, and 358 accepted.
[3 : mcmc] Learn + convergence test @ 360 samples accepted.
[3 : mcmc] Ready to check convergence and learn a new proposal covmat (waiting for the rest...)
[1 : mcmc] Progress @ 2026-09-08 23:02:37 : 5240 steps taken, and 370 accepted.
[0 : mcmc] All chains are ready to check convergence and learn a new proposal covmat
[0 : mcmc]  - Acceptance rate: 0.991 = avg([0.9892, 0.9894, 0.9947, 0.9890])
[0 : mcmc]  - Convergence of means: R-1 = 0.756568 after 1476 accepted steps = sum([368, 371, 377, 360])
[0 : mcmc]  - Updated covariance matrix of proposal pdf.
[0 : mcmc] Progress @ 2026-09-08 23:02:50 : 5245 steps taken, and 369 accepted.
[2 : mcmc] Progress @ 2026-09-08 23:03:15 : 5343 steps taken, and 380 accepted.
[3 : mcmc] Progress @ 2026-09-08 23:03:26 : 5219 steps taken, and 366 accepted.
[1 : mcmc] Progress @ 2026-09-08 23:03:37 : 5362 steps taken, and 379 accepted.
[0 : mcmc] Progress @ 2026-09-08 23:03:50 : 5372 steps taken, and 378 accepted.
[2 : mcmc] Progress @ 2026-09-08 23:04:16 : 5442 steps taken, and 387 accepted.
[3 : mcmc] Progress @ 2026-09-08 23:04:26 : 5290 steps taken, and 371 accepted.
[1 : mcmc] Progress @ 2026-09-08 23:04:37 : 5461 steps taken, and 386 accepted.
[0 : mcmc] Progress @ 2026-09-08 23:05:03 : 5497 steps taken, and 387 accepted.
[2 : mcmc] Progress @ 2026-09-08 23:05:16 : 5542 steps taken, and 394 accepted.
[3 : mcmc] Progress @ 2026-09-08 23:05:36 : 5408 steps taken, and 379 accepted.
[1 : mcmc] Progress @ 2026-09-08 23:05:38 : 5562 steps taken, and 394 accepted.
[0 : mcmc] Progress @ 2026-09-08 23:06:03 : 5595 steps taken, and 394 accepted.
[2 : mcmc] Progress @ 2026-09-08 23:06:16 : 5665 steps taken, and 403 accepted.
[3 : mcmc] Progress @ 2026-09-08 23:06:36 : 5505 steps taken, and 386 accepted.
[1 : mcmc] Progress @ 2026-09-08 23:06:45 : 5673 steps taken, and 402 accepted.
[0 : mcmc] Progress @ 2026-09-08 23:07:05 : 5668 steps taken, and 399 accepted.
[2 : mcmc] Progress @ 2026-09-08 23:07:16 : 5791 steps taken, and 412 accepted.
[3 : mcmc] Progress @ 2026-09-08 23:07:45 : 5621 steps taken, and 395 accepted.
[1 : mcmc] Progress @ 2026-09-08 23:07:45 : 5797 steps taken, and 410 accepted.
[0 : mcmc] Progress @ 2026-09-08 23:08:05 : 5796 steps taken, and 408 accepted.
[2 : mcmc] Progress @ 2026-09-08 23:08:17 : 5890 steps taken, and 419 accepted.
[3 : mcmc] Progress @ 2026-09-08 23:08:45 : 5718 steps taken, and 402 accepted.
[1 : mcmc] Progress @ 2026-09-08 23:08:45 : 5896 steps taken, and 417 accepted.
[0 : mcmc] Progress @ 2026-09-08 23:09:05 : 5894 steps taken, and 415 accepted.
[2 : mcmc] Progress @ 2026-09-08 23:09:17 : 5962 steps taken, and 424 accepted.
[3 : mcmc] Progress @ 2026-09-08 23:09:45 : 5816 steps taken, and 408 accepted.
[1 : mcmc] Progress @ 2026-09-08 23:09:46 : 6021 steps taken, and 426 accepted.
[0 : mcmc] Progress @ 2026-09-08 23:10:06 : 6020 steps taken, and 424 accepted.
[2 : mcmc] Progress @ 2026-09-08 23:10:18 : 6061 steps taken, and 431 accepted.
[3 : mcmc] Progress @ 2026-09-08 23:10:45 : 5914 steps taken, and 416 accepted.
[1 : mcmc] Progress @ 2026-09-08 23:10:46 : 6120 steps taken, and 434 accepted.
[0 : mcmc] Progress @ 2026-09-08 23:11:06 : 6146 steps taken, and 433 accepted.
[2 : mcmc] Progress @ 2026-09-08 23:11:18 : 6186 steps taken, and 440 accepted.
[3 : mcmc] Progress @ 2026-09-08 23:11:46 : 6012 steps taken, and 422 accepted.
[1 : mcmc] Progress @ 2026-09-08 23:11:46 : 6218 steps taken, and 440 accepted.
[0 : mcmc] Progress @ 2026-09-08 23:12:06 : 6246 steps taken, and 440 accepted.
[2 : mcmc] Progress @ 2026-09-08 23:12:26 : 6275 steps taken, and 446 accepted.
[1 : mcmc] Progress @ 2026-09-08 23:12:46 : 6318 steps taken, and 448 accepted.
[3 : mcmc] Progress @ 2026-09-08 23:12:46 : 6110 steps taken, and 428 accepted.
[0 : mcmc] Progress @ 2026-09-08 23:13:06 : 6371 steps taken, and 449 accepted.
[2 : mcmc] Progress @ 2026-09-08 23:13:26 : 6372 steps taken, and 453 accepted.
[1 : mcmc] Progress @ 2026-09-08 23:13:46 : 6441 steps taken, and 456 accepted.
[3 : mcmc] Progress @ 2026-09-08 23:13:46 : 6207 steps taken, and 436 accepted.
[0 : mcmc] Progress @ 2026-09-08 23:14:06 : 6470 steps taken, and 457 accepted.
[2 : mcmc] Progress @ 2026-09-08 23:14:27 : 6469 steps taken, and 460 accepted.
[1 : mcmc] Progress @ 2026-09-08 23:14:46 : 6566 steps taken, and 465 accepted.
[3 : mcmc] Progress @ 2026-09-08 23:14:47 : 6305 steps taken, and 442 accepted.
[0 : mcmc] Progress @ 2026-09-08 23:15:06 : 6593 steps taken, and 465 accepted.
[2 : mcmc] Progress @ 2026-09-08 23:15:27 : 6568 steps taken, and 467 accepted.
[1 : mcmc] Progress @ 2026-09-08 23:15:47 : 6665 steps taken, and 472 accepted.
[3 : mcmc] Progress @ 2026-09-08 23:15:47 : 6429 steps taken, and 452 accepted.
[0 : mcmc] Progress @ 2026-09-08 23:16:07 : 6718 steps taken, and 474 accepted.
[2 : mcmc] Progress @ 2026-09-08 23:16:39 : 6692 steps taken, and 476 accepted.
[3 : mcmc] Progress @ 2026-09-08 23:16:47 : 6554 steps taken, and 460 accepted.
[1 : mcmc] Progress @ 2026-09-08 23:16:57 : 6786 steps taken, and 481 accepted.
[0 : mcmc] Progress @ 2026-09-08 23:17:07 : 6815 steps taken, and 481 accepted.
[2 : mcmc] Progress @ 2026-09-08 23:17:40 : 6817 steps taken, and 485 accepted.
[3 : mcmc] Progress @ 2026-09-08 23:17:53 : 6636 steps taken, and 466 accepted.
[1 : mcmc] Progress @ 2026-09-08 23:17:57 : 6911 steps taken, and 490 accepted.
[0 : mcmc] Progress @ 2026-09-08 23:18:11 : 6894 steps taken, and 487 accepted.
[2 : mcmc] Progress @ 2026-09-08 23:18:40 : 6916 steps taken, and 492 accepted.
[3 : mcmc] Progress @ 2026-09-08 23:18:53 : 6761 steps taken, and 474 accepted.
[1 : mcmc] Progress @ 2026-09-08 23:18:57 : 7010 steps taken, and 497 accepted.
[0 : mcmc] Progress @ 2026-09-08 23:19:11 : 6993 steps taken, and 494 accepted.
[2 : mcmc] Progress @ 2026-09-08 23:19:40 : 7042 steps taken, and 501 accepted.
[3 : mcmc] Progress @ 2026-09-08 23:19:53 : 6858 steps taken, and 481 accepted.
[1 : mcmc] Progress @ 2026-09-08 23:20:10 : 7134 steps taken, and 506 accepted.
[0 : mcmc] Progress @ 2026-09-08 23:20:12 : 7118 steps taken, and 503 accepted.
[2 : mcmc] Progress @ 2026-09-08 23:20:48 : 7156 steps taken, and 509 accepted.
[3 : mcmc] Progress @ 2026-09-08 23:20:54 : 6954 steps taken, and 488 accepted.
[0 : mcmc] Progress @ 2026-09-08 23:21:12 : 7214 steps taken, and 510 accepted.
[1 : mcmc] Progress @ 2026-09-08 23:21:21 : 7255 steps taken, and 515 accepted.
[2 : mcmc] Progress @ 2026-09-08 23:21:51 : 7234 steps taken, and 515 accepted.
[3 : mcmc] Progress @ 2026-09-08 23:21:54 : 7079 steps taken, and 497 accepted.
[0 : mcmc] Progress @ 2026-09-08 23:22:12 : 7314 steps taken, and 517 accepted.
[1 : mcmc] Progress @ 2026-09-08 23:22:21 : 7353 steps taken, and 522 accepted.
[2 : mcmc] Progress @ 2026-09-08 23:22:52 : 7333 steps taken, and 522 accepted.
[3 : mcmc] Progress @ 2026-09-08 23:22:54 : 7178 steps taken, and 504 accepted.
[0 : mcmc] Progress @ 2026-09-08 23:23:12 : 7412 steps taken, and 524 accepted.
[1 : mcmc] Progress @ 2026-09-08 23:23:27 : 7437 steps taken, and 528 accepted.
[2 : mcmc] Progress @ 2026-09-08 23:23:52 : 7430 steps taken, and 529 accepted.
[3 : mcmc] Progress @ 2026-09-08 23:23:54 : 7275 steps taken, and 511 accepted.
[0 : mcmc] Progress @ 2026-09-08 23:24:13 : 7482 steps taken, and 529 accepted.
[1 : mcmc] Progress @ 2026-09-08 23:24:27 : 7560 steps taken, and 536 accepted.
[3 : mcmc] Progress @ 2026-09-08 23:24:55 : 7346 steps taken, and 516 accepted.
[2 : mcmc] Progress @ 2026-09-08 23:24:58 : 7540 steps taken, and 536 accepted.
[0 : mcmc] Progress @ 2026-09-08 23:25:20 : 7569 steps taken, and 535 accepted.
[1 : mcmc] Progress @ 2026-09-08 23:25:28 : 7658 steps taken, and 543 accepted.
[3 : mcmc] Progress @ 2026-09-08 23:25:55 : 7472 steps taken, and 525 accepted.
[2 : mcmc] Progress @ 2026-09-08 23:25:58 : 7638 steps taken, and 543 accepted.
[0 : mcmc] Progress @ 2026-09-08 23:26:21 : 7693 steps taken, and 544 accepted.
[1 : mcmc] Progress @ 2026-09-08 23:26:28 : 7756 steps taken, and 549 accepted.
[3 : mcmc] Progress @ 2026-09-08 23:26:55 : 7569 steps taken, and 532 accepted.
[2 : mcmc] Progress @ 2026-09-08 23:26:59 : 7735 steps taken, and 549 accepted.
[0 : mcmc] Progress @ 2026-09-08 23:27:21 : 7791 steps taken, and 551 accepted.
[1 : mcmc] Progress @ 2026-09-08 23:27:28 : 7854 steps taken, and 556 accepted.
[3 : mcmc] Progress @ 2026-09-08 23:27:55 : 7667 steps taken, and 539 accepted.
[2 : mcmc] Progress @ 2026-09-08 23:27:59 : 7807 steps taken, and 554 accepted.
[0 : mcmc] Progress @ 2026-09-08 23:28:21 : 7890 steps taken, and 557 accepted.
[1 : mcmc] Progress @ 2026-09-08 23:28:28 : 7926 steps taken, and 561 accepted.
[3 : mcmc] Progress @ 2026-09-08 23:28:56 : 7767 steps taken, and 546 accepted.
[2 : mcmc] Progress @ 2026-09-08 23:28:59 : 7932 steps taken, and 563 accepted.
[0 : mcmc] Progress @ 2026-09-08 23:29:21 : 7988 steps taken, and 565 accepted.
[1 : mcmc] Progress @ 2026-09-08 23:29:28 : 7998 steps taken, and 567 accepted.
[2 : mcmc] Progress @ 2026-09-08 23:30:00 : 8031 steps taken, and 570 accepted.
[3 : mcmc] Progress @ 2026-09-08 23:30:02 : 7875 steps taken, and 554 accepted.
[0 : mcmc] Progress @ 2026-09-08 23:30:22 : 8114 steps taken, and 574 accepted.
[1 : mcmc] Progress @ 2026-09-08 23:30:28 : 8121 steps taken, and 575 accepted.
[2 : mcmc] Progress @ 2026-09-08 23:31:00 : 8158 steps taken, and 579 accepted.
[3 : mcmc] Progress @ 2026-09-08 23:31:02 : 8001 steps taken, and 563 accepted.
[0 : mcmc] Progress @ 2026-09-08 23:31:22 : 8212 steps taken, and 581 accepted.
[1 : mcmc] Progress @ 2026-09-08 23:31:28 : 8247 steps taken, and 584 accepted.
[2 : mcmc] Progress @ 2026-09-08 23:32:00 : 8256 steps taken, and 586 accepted.
[3 : mcmc] Progress @ 2026-09-08 23:32:02 : 8073 steps taken, and 568 accepted.
[1 : mcmc] Progress @ 2026-09-08 23:32:28 : 8347 steps taken, and 591 accepted.
[0 : mcmc] Progress @ 2026-09-08 23:32:31 : 8330 steps taken, and 589 accepted.
[2 : mcmc] Progress @ 2026-09-08 23:33:01 : 8381 steps taken, and 595 accepted.
[3 : mcmc] Progress @ 2026-09-08 23:33:02 : 8197 steps taken, and 577 accepted.
[0 : mcmc] Progress @ 2026-09-08 23:33:32 : 8428 steps taken, and 596 accepted.
[1 : mcmc] Progress @ 2026-09-08 23:33:32 : 8453 steps taken, and 599 accepted.
[2 : mcmc] Progress @ 2026-09-08 23:34:01 : 8453 steps taken, and 600 accepted.
[3 : mcmc] Progress @ 2026-09-08 23:34:03 : 8322 steps taken, and 586 accepted.
[0 : mcmc] Progress @ 2026-09-08 23:34:32 : 8526 steps taken, and 603 accepted.
[1 : mcmc] Progress @ 2026-09-08 23:34:33 : 8551 steps taken, and 606 accepted.
[2 : mcmc] Progress @ 2026-09-08 23:35:01 : 8552 steps taken, and 607 accepted.
[3 : mcmc] Progress @ 2026-09-08 23:35:03 : 8421 steps taken, and 593 accepted.
[0 : mcmc] Progress @ 2026-09-08 23:35:33 : 8651 steps taken, and 611 accepted.
[1 : mcmc] Progress @ 2026-09-08 23:35:33 : 8650 steps taken, and 613 accepted.
[3 : mcmc] Progress @ 2026-09-08 23:36:03 : 8518 steps taken, and 600 accepted.
[2 : mcmc] Progress @ 2026-09-08 23:36:11 : 8642 steps taken, and 614 accepted.
[0 : mcmc] Progress @ 2026-09-08 23:36:33 : 8723 steps taken, and 617 accepted.
[1 : mcmc] Progress @ 2026-09-08 23:36:33 : 8749 steps taken, and 619 accepted.
[3 : mcmc] Progress @ 2026-09-08 23:37:03 : 8615 steps taken, and 607 accepted.
[2 : mcmc] Progress @ 2026-09-08 23:37:11 : 8767 steps taken, and 622 accepted.
[1 : mcmc] Progress @ 2026-09-08 23:37:34 : 8875 steps taken, and 628 accepted.
[0 : mcmc] Progress @ 2026-09-08 23:37:43 : 8841 steps taken, and 625 accepted.
[3 : mcmc] Progress @ 2026-09-08 23:38:04 : 8712 steps taken, and 613 accepted.
[2 : mcmc] Progress @ 2026-09-08 23:38:11 : 8891 steps taken, and 631 accepted.
[1 : mcmc] Progress @ 2026-09-08 23:38:34 : 8973 steps taken, and 635 accepted.
[0 : mcmc] Progress @ 2026-09-08 23:38:43 : 8966 steps taken, and 634 accepted.
[3 : mcmc] Progress @ 2026-09-08 23:39:04 : 8837 steps taken, and 623 accepted.
[2 : mcmc] Progress @ 2026-09-08 23:39:19 : 9004 steps taken, and 639 accepted.
[1 : mcmc] Progress @ 2026-09-08 23:39:34 : 9072 steps taken, and 642 accepted.
[0 : mcmc] Progress @ 2026-09-08 23:39:49 : 9077 steps taken, and 642 accepted.
[3 : mcmc] Progress @ 2026-09-08 23:40:04 : 8935 steps taken, and 629 accepted.
[2 : mcmc] Progress @ 2026-09-08 23:40:19 : 9131 steps taken, and 648 accepted.
[1 : mcmc] Progress @ 2026-09-08 23:40:35 : 9171 steps taken, and 649 accepted.
[0 : mcmc] Progress @ 2026-09-08 23:40:53 : 9183 steps taken, and 649 accepted.
[3 : mcmc] Progress @ 2026-09-08 23:41:04 : 9033 steps taken, and 636 accepted.
[2 : mcmc] Progress @ 2026-09-08 23:41:32 : 9255 steps taken, and 657 accepted.
[1 : mcmc] Progress @ 2026-09-08 23:41:35 : 9271 steps taken, and 656 accepted.
[0 : mcmc] Progress @ 2026-09-08 23:42:02 : 9272 steps taken, and 655 accepted.
[3 : mcmc] Progress @ 2026-09-08 23:42:05 : 9130 steps taken, and 643 accepted.
[2 : mcmc] Progress @ 2026-09-08 23:42:32 : 9379 steps taken, and 666 accepted.
[1 : mcmc] Progress @ 2026-09-08 23:42:35 : 9397 steps taken, and 666 accepted.
[0 : mcmc] Progress @ 2026-09-08 23:43:03 : 9395 steps taken, and 664 accepted.
[3 : mcmc] Progress @ 2026-09-08 23:43:05 : 9227 steps taken, and 650 accepted.
[2 : mcmc] Progress @ 2026-09-08 23:43:33 : 9451 steps taken, and 671 accepted.
[1 : mcmc] Progress @ 2026-09-08 23:43:46 : 9518 steps taken, and 674 accepted.
[0 : mcmc] Progress @ 2026-09-08 23:44:03 : 9495 steps taken, and 672 accepted.
[3 : mcmc] Progress @ 2026-09-08 23:44:05 : 9298 steps taken, and 655 accepted.
[2 : mcmc] Progress @ 2026-09-08 23:44:33 : 9549 steps taken, and 678 accepted.
[1 : mcmc] Progress @ 2026-09-08 23:44:59 : 9645 steps taken, and 683 accepted.
[0 : mcmc] Progress @ 2026-09-08 23:45:03 : 9592 steps taken, and 679 accepted.
[3 : mcmc] Progress @ 2026-09-08 23:45:05 : 9395 steps taken, and 662 accepted.
[2 : mcmc] Progress @ 2026-09-08 23:45:33 : 9673 steps taken, and 687 accepted.
[1 : mcmc] Progress @ 2026-09-08 23:45:59 : 9769 steps taken, and 692 accepted.
[0 : mcmc] Progress @ 2026-09-08 23:46:03 : 9690 steps taken, and 685 accepted.
[3 : mcmc] Progress @ 2026-09-08 23:46:05 : 9494 steps taken, and 668 accepted.
[2 : mcmc] Progress @ 2026-09-08 23:46:33 : 9772 steps taken, and 694 accepted.
[1 : mcmc] Progress @ 2026-09-08 23:46:59 : 9868 steps taken, and 699 accepted.
[3 : mcmc] Progress @ 2026-09-08 23:47:05 : 9618 steps taken, and 677 accepted.
[0 : mcmc] Progress @ 2026-09-08 23:47:13 : 9808 steps taken, and 694 accepted.
[2 : mcmc] Progress @ 2026-09-08 23:47:34 : 9898 steps taken, and 703 accepted.
[1 : mcmc] Progress @ 2026-09-08 23:47:59 : 9967 steps taken, and 706 accepted.
[3 : mcmc] Progress @ 2026-09-08 23:48:06 : 9716 steps taken, and 684 accepted.
[0 : mcmc] Progress @ 2026-09-08 23:48:13 : 9905 steps taken, and 701 accepted.
[2 : mcmc] Progress @ 2026-09-08 23:48:34 : 10022 steps taken, and 712 accepted.
[1 : mcmc] Progress @ 2026-09-08 23:48:59 : 10088 steps taken, and 715 accepted.
[3 : mcmc] Progress @ 2026-09-08 23:49:06 : 9806 steps taken, and 691 accepted.
[0 : mcmc] Progress @ 2026-09-08 23:49:13 : 10001 steps taken, and 708 accepted.
[2 : mcmc] Learn + convergence test @ 720 samples accepted.
[2 : mcmc] Ready to check convergence and learn a new proposal covmat (waiting for the rest...)
[1 : mcmc] Learn + convergence test @ 720 samples accepted.
[1 : mcmc] Ready to check convergence and learn a new proposal covmat (waiting for the rest...)
[2 : mcmc] Progress @ 2026-09-08 23:49:42 : 10129 steps taken, and 720 accepted.
[1 : mcmc] Progress @ 2026-09-08 23:49:59 : 10208 steps taken, and 724 accepted.
[3 : mcmc] Progress @ 2026-09-08 23:50:07 : 9902 steps taken, and 698 accepted.
[0 : mcmc] Progress @ 2026-09-08 23:50:14 : 10119 steps taken, and 716 accepted.
[0 : mcmc] Learn + convergence test @ 720 samples accepted.
[0 : mcmc] Ready to check convergence and learn a new proposal covmat (waiting for the rest...)
[2 : mcmc] Progress @ 2026-09-08 23:50:42 : 10252 steps taken, and 728 accepted.
[1 : mcmc] Progress @ 2026-09-08 23:50:59 : 10304 steps taken, and 730 accepted.
[3 : mcmc] Progress @ 2026-09-08 23:51:07 : 10025 steps taken, and 706 accepted.
[0 : mcmc] Progress @ 2026-09-08 23:51:14 : 10244 steps taken, and 725 accepted.
[2 : mcmc] Progress @ 2026-09-08 23:51:43 : 10350 steps taken, and 735 accepted.
[1 : mcmc] Progress @ 2026-09-08 23:51:59 : 10429 steps taken, and 739 accepted.
[3 : mcmc] Progress @ 2026-09-08 23:52:07 : 10123 steps taken, and 714 accepted.
[0 : mcmc] Progress @ 2026-09-08 23:52:14 : 10341 steps taken, and 732 accepted.
[2 : mcmc] Progress @ 2026-09-08 23:52:43 : 10449 steps taken, and 741 accepted.
[1 : mcmc] Progress @ 2026-09-08 23:53:00 : 10528 steps taken, and 746 accepted.
[3 : mcmc] Learn + convergence test @ 720 samples accepted.
[3 : mcmc] Ready to check convergence and learn a new proposal covmat (waiting for the rest...)
[0 : mcmc] All chains are ready to check convergence and learn a new proposal covmat
[0 : mcmc]  - Acceptance rate: 0.994 = avg([0.9973, 0.9947, 0.9920, 0.9917])
[0 : mcmc]  - Convergence of means: R-1 = 0.066689 after 2955 accepted steps = sum([739, 749, 747, 720])
[0 : mcmc]  - Updated covariance matrix of proposal pdf.
[0 : mcmc] Progress @ 2026-09-08 23:53:17 : 10432 steps taken, and 739 accepted.
[3 : mcmc] Progress @ 2026-09-08 23:53:17 : 10213 steps taken, and 720 accepted.
[2 : mcmc] Progress @ 2026-09-08 23:53:43 : 10548 steps taken, and 748 accepted.
[1 : mcmc] Progress @ 2026-09-08 23:54:00 : 10622 steps taken, and 752 accepted.
[3 : mcmc] Progress @ 2026-09-08 23:54:17 : 10284 steps taken, and 725 accepted.
[0 : mcmc] Progress @ 2026-09-08 23:54:23 : 10542 steps taken, and 746 accepted.
[2 : mcmc] Progress @ 2026-09-08 23:54:44 : 10646 steps taken, and 756 accepted.
[1 : mcmc] Progress @ 2026-09-08 23:55:00 : 10720 steps taken, and 759 accepted.
[3 : mcmc] Progress @ 2026-09-08 23:55:18 : 10381 steps taken, and 732 accepted.
[0 : mcmc] Progress @ 2026-09-08 23:55:23 : 10666 steps taken, and 755 accepted.
[2 : mcmc] Progress @ 2026-09-08 23:55:44 : 10745 steps taken, and 763 accepted.
[1 : mcmc] Progress @ 2026-09-08 23:56:12 : 10816 steps taken, and 766 accepted.
[3 : mcmc] Progress @ 2026-09-08 23:56:18 : 10477 steps taken, and 739 accepted.
[0 : mcmc] Progress @ 2026-09-08 23:56:24 : 10765 steps taken, and 762 accepted.
[2 : mcmc] Progress @ 2026-09-08 23:56:44 : 10843 steps taken, and 770 accepted.
[1 : mcmc] Progress @ 2026-09-08 23:57:18 : 10899 steps taken, and 771 accepted.
[3 : mcmc] Progress @ 2026-09-08 23:57:18 : 10601 steps taken, and 748 accepted.
[0 : mcmc] Progress @ 2026-09-08 23:57:24 : 10864 steps taken, and 769 accepted.
[2 : mcmc] Progress @ 2026-09-08 23:57:44 : 10914 steps taken, and 775 accepted.
[3 : mcmc] Progress @ 2026-09-08 23:58:18 : 10699 steps taken, and 754 accepted.
[1 : mcmc] Progress @ 2026-09-08 23:58:18 : 10997 steps taken, and 777 accepted.
[0 : mcmc] Progress @ 2026-09-08 23:58:31 : 10977 steps taken, and 778 accepted.
[2 : mcmc] Progress @ 2026-09-08 23:58:45 : 11011 steps taken, and 782 accepted.
[3 : mcmc] Progress @ 2026-09-08 23:59:18 : 10795 steps taken, and 761 accepted.
[1 : mcmc] Progress @ 2026-09-08 23:59:18 : 11095 steps taken, and 785 accepted.
[0 : mcmc] Progress @ 2026-09-08 23:59:39 : 11091 steps taken, and 784 accepted.
[2 : mcmc] Progress @ 2026-09-08 23:59:45 : 11109 steps taken, and 788 accepted.
[1 : mcmc] Progress @ 2026-09-09 00:00:19 : 11177 steps taken, and 790 accepted.
[3 : mcmc] Progress @ 2026-09-09 00:00:27 : 10884 steps taken, and 767 accepted.
[0 : mcmc] Progress @ 2026-09-09 00:00:39 : 11215 steps taken, and 794 accepted.
[2 : mcmc] Progress @ 2026-09-09 00:00:45 : 11232 steps taken, and 797 accepted.
[1 : mcmc] Progress @ 2026-09-09 00:01:19 : 11225 steps taken, and 794 accepted.
[3 : mcmc] Progress @ 2026-09-09 00:01:27 : 11008 steps taken, and 777 accepted.
[0 : mcmc] Progress @ 2026-09-09 00:01:40 : 11315 steps taken, and 801 accepted.
[2 : mcmc] Progress @ 2026-09-09 00:01:45 : 11331 steps taken, and 804 accepted.
[1 : mcmc] Progress @ 2026-09-09 00:02:20 : 11299 steps taken, and 799 accepted.
[3 : mcmc] Progress @ 2026-09-09 00:02:28 : 11105 steps taken, and 784 accepted.
[0 : mcmc] Progress @ 2026-09-09 00:02:40 : 11441 steps taken, and 810 accepted.
[2 : mcmc] Progress @ 2026-09-09 00:02:45 : 11430 steps taken, and 811 accepted.
[3 : mcmc] Progress @ 2026-09-09 00:03:28 : 11203 steps taken, and 791 accepted.
[1 : mcmc] Progress @ 2026-09-09 00:03:29 : 11357 steps taken, and 804 accepted.
[0 : mcmc] Progress @ 2026-09-09 00:03:40 : 11513 steps taken, and 815 accepted.
[2 : mcmc] Progress @ 2026-09-09 00:03:46 : 11555 steps taken, and 821 accepted.
[3 : mcmc] Progress @ 2026-09-09 00:04:28 : 11300 steps taken, and 797 accepted.
[1 : mcmc] Progress @ 2026-09-09 00:04:29 : 11406 steps taken, and 807 accepted.
[0 : mcmc] Progress @ 2026-09-09 00:04:40 : 11611 steps taken, and 822 accepted.
[2 : mcmc] Progress @ 2026-09-09 00:04:46 : 11655 steps taken, and 827 accepted.
[3 : mcmc] Progress @ 2026-09-09 00:05:28 : 11425 steps taken, and 806 accepted.
[1 : mcmc] Progress @ 2026-09-09 00:05:29 : 11480 steps taken, and 812 accepted.
[0 : mcmc] Progress @ 2026-09-09 00:05:43 : 11688 steps taken, and 827 accepted.
[2 : mcmc] Progress @ 2026-09-09 00:05:46 : 11752 steps taken, and 833 accepted.
[3 : mcmc] Progress @ 2026-09-09 00:06:29 : 11523 steps taken, and 814 accepted.
[1 : mcmc] Progress @ 2026-09-09 00:06:33 : 11533 steps taken, and 816 accepted.
[0 : mcmc] Progress @ 2026-09-09 00:06:43 : 11813 steps taken, and 836 accepted.
[2 : mcmc] Progress @ 2026-09-09 00:06:47 : 11851 steps taken, and 840 accepted.
[1 : mcmc] Progress @ 2026-09-09 00:07:34 : 11608 steps taken, and 821 accepted.
[3 : mcmc] Progress @ 2026-09-09 00:07:38 : 11614 steps taken, and 820 accepted.
[0 : mcmc] Progress @ 2026-09-09 00:07:44 : 11912 steps taken, and 842 accepted.
[2 : mcmc] Progress @ 2026-09-09 00:07:47 : 11949 steps taken, and 847 accepted.
[1 : mcmc] Progress @ 2026-09-09 00:08:34 : 11681 steps taken, and 827 accepted.
[0 : mcmc] Progress @ 2026-09-09 00:08:44 : 12011 steps taken, and 848 accepted.
[2 : mcmc] Progress @ 2026-09-09 00:08:47 : 12074 steps taken, and 856 accepted.
[3 : mcmc] Progress @ 2026-09-09 00:08:51 : 11737 steps taken, and 829 accepted.
[0 : mcmc] Progress @ 2026-09-09 00:09:44 : 12109 steps taken, and 854 accepted.
[2 : mcmc] Progress @ 2026-09-09 00:09:49 : 12177 steps taken, and 863 accepted.
[1 : mcmc] Progress @ 2026-09-09 00:09:55 : 11756 steps taken, and 832 accepted.
[3 : mcmc] Progress @ 2026-09-09 00:09:55 : 11816 steps taken, and 834 accepted.
[0 : mcmc] Progress @ 2026-09-09 00:10:45 : 12182 steps taken, and 860 accepted.
[2 : mcmc] Progress @ 2026-09-09 00:10:49 : 12302 steps taken, and 872 accepted.
[3 : mcmc] Progress @ 2026-09-09 00:10:55 : 11914 steps taken, and 841 accepted.
[1 : mcmc] Progress @ 2026-09-09 00:11:10 : 11796 steps taken, and 835 accepted.
[0 : mcmc] Progress @ 2026-09-09 00:11:45 : 12306 steps taken, and 868 accepted.
[2 : mcmc] Progress @ 2026-09-09 00:11:50 : 12400 steps taken, and 879 accepted.
[3 : mcmc] Progress @ 2026-09-09 00:11:56 : 12012 steps taken, and 848 accepted.
[1 : mcmc] Progress @ 2026-09-09 00:12:10 : 11869 steps taken, and 840 accepted.
[0 : mcmc] Progress @ 2026-09-09 00:12:45 : 12406 steps taken, and 876 accepted.
[2 : mcmc] Progress @ 2026-09-09 00:12:50 : 12498 steps taken, and 885 accepted.
[3 : mcmc] Progress @ 2026-09-09 00:12:56 : 12109 steps taken, and 855 accepted.
[1 : mcmc] Progress @ 2026-09-09 00:13:11 : 11918 steps taken, and 844 accepted.
[0 : mcmc] Progress @ 2026-09-09 00:13:46 : 12504 steps taken, and 883 accepted.
[2 : mcmc] Progress @ 2026-09-09 00:13:50 : 12597 steps taken, and 892 accepted.
[3 : mcmc] Progress @ 2026-09-09 00:13:56 : 12206 steps taken, and 862 accepted.
[1 : mcmc] Progress @ 2026-09-09 00:14:11 : 11991 steps taken, and 849 accepted.
[0 : mcmc] Progress @ 2026-09-09 00:14:46 : 12601 steps taken, and 889 accepted.
[2 : mcmc] Progress @ 2026-09-09 00:14:50 : 12723 steps taken, and 901 accepted.
[3 : mcmc] Progress @ 2026-09-09 00:14:56 : 12306 steps taken, and 869 accepted.
[1 : mcmc] Progress @ 2026-09-09 00:15:33 : 12039 steps taken, and 852 accepted.
[0 : mcmc] Progress @ 2026-09-09 00:15:46 : 12701 steps taken, and 896 accepted.
[2 : mcmc] Progress @ 2026-09-09 00:15:50 : 12850 steps taken, and 909 accepted.
[3 : mcmc] Progress @ 2026-09-09 00:15:56 : 12430 steps taken, and 878 accepted.
[1 : mcmc] Progress @ 2026-09-09 00:16:38 : 12095 steps taken, and 856 accepted.
[0 : mcmc] Progress @ 2026-09-09 00:16:46 : 12826 steps taken, and 905 accepted.
[2 : mcmc] Progress @ 2026-09-09 00:16:51 : 12949 steps taken, and 916 accepted.
[3 : mcmc] Progress @ 2026-09-09 00:16:56 : 12554 steps taken, and 887 accepted.
[1 : mcmc] Progress @ 2026-09-09 00:17:38 : 12169 steps taken, and 862 accepted.
[2 : mcmc] Progress @ 2026-09-09 00:17:51 : 13048 steps taken, and 923 accepted.
[0 : mcmc] Progress @ 2026-09-09 00:17:56 : 12918 steps taken, and 912 accepted.
[3 : mcmc] Progress @ 2026-09-09 00:17:57 : 12653 steps taken, and 894 accepted.
[1 : mcmc] Progress @ 2026-09-09 00:18:39 : 12243 steps taken, and 867 accepted.
[2 : mcmc] Progress @ 2026-09-09 00:18:51 : 13145 steps taken, and 930 accepted.
[0 : mcmc] Progress @ 2026-09-09 00:18:56 : 13044 steps taken, and 920 accepted.
[3 : mcmc] Progress @ 2026-09-09 00:18:57 : 12778 steps taken, and 903 accepted.
[1 : mcmc] Progress @ 2026-09-09 00:19:39 : 12292 steps taken, and 870 accepted.
[2 : mcmc] Progress @ 2026-09-09 00:19:52 : 13217 steps taken, and 935 accepted.
[0 : mcmc] Progress @ 2026-09-09 00:19:57 : 13170 steps taken, and 930 accepted.
[3 : mcmc] Progress @ 2026-09-09 00:20:07 : 12871 steps taken, and 910 accepted.
[1 : mcmc] Progress @ 2026-09-09 00:20:40 : 12367 steps taken, and 875 accepted.
[2 : mcmc] Progress @ 2026-09-09 00:20:52 : 13342 steps taken, and 943 accepted.
[0 : mcmc] Progress @ 2026-09-09 00:21:02 : 13253 steps taken, and 936 accepted.
[3 : mcmc] Progress @ 2026-09-09 00:21:08 : 12994 steps taken, and 919 accepted.
[1 : mcmc] Progress @ 2026-09-09 00:21:40 : 12443 steps taken, and 881 accepted.
[0 : mcmc] Progress @ 2026-09-09 00:22:03 : 13377 steps taken, and 945 accepted.
[2 : mcmc] Progress @ 2026-09-09 00:22:03 : 13436 steps taken, and 950 accepted.
[3 : mcmc] Progress @ 2026-09-09 00:22:08 : 13119 steps taken, and 927 accepted.
[1 : mcmc] Progress @ 2026-09-09 00:22:41 : 12518 steps taken, and 886 accepted.
[0 : mcmc] Progress @ 2026-09-09 00:23:03 : 13476 steps taken, and 952 accepted.
[3 : mcmc] Progress @ 2026-09-09 00:23:08 : 13217 steps taken, and 934 accepted.
[2 : mcmc] Progress @ 2026-09-09 00:23:12 : 13525 steps taken, and 956 accepted.
[1 : mcmc] Progress @ 2026-09-09 00:23:41 : 12595 steps taken, and 892 accepted.
[0 : mcmc] Progress @ 2026-09-09 00:24:03 : 13574 steps taken, and 959 accepted.
[3 : mcmc] Progress @ 2026-09-09 00:24:08 : 13289 steps taken, and 940 accepted.
[2 : mcmc] Progress @ 2026-09-09 00:24:12 : 13622 steps taken, and 963 accepted.
[1 : mcmc] Progress @ 2026-09-09 00:24:42 : 12720 steps taken, and 901 accepted.
[0 : mcmc] Progress @ 2026-09-09 00:25:03 : 13670 steps taken, and 966 accepted.
[3 : mcmc] Progress @ 2026-09-09 00:25:08 : 13411 steps taken, and 948 accepted.
[2 : mcmc] Progress @ 2026-09-09 00:25:13 : 13719 steps taken, and 970 accepted.
[1 : mcmc] Progress @ 2026-09-09 00:25:46 : 12828 steps taken, and 909 accepted.
[0 : mcmc] Progress @ 2026-09-09 00:26:03 : 13767 steps taken, and 973 accepted.
[3 : mcmc] Progress @ 2026-09-09 00:26:09 : 13508 steps taken, and 955 accepted.
[2 : mcmc] Progress @ 2026-09-09 00:26:13 : 13815 steps taken, and 977 accepted.
[1 : mcmc] Progress @ 2026-09-09 00:26:46 : 12951 steps taken, and 917 accepted.
[3 : mcmc] Progress @ 2026-09-09 00:27:09 : 13634 steps taken, and 964 accepted.
[0 : mcmc] Progress @ 2026-09-09 00:27:12 : 13857 steps taken, and 979 accepted.
[2 : mcmc] Progress @ 2026-09-09 00:27:19 : 13925 steps taken, and 985 accepted.
[1 : mcmc] Progress @ 2026-09-09 00:27:47 : 13050 steps taken, and 924 accepted.
[3 : mcmc] Progress @ 2026-09-09 00:28:10 : 13734 steps taken, and 971 accepted.
[0 : mcmc] Progress @ 2026-09-09 00:28:13 : 13982 steps taken, and 988 accepted.
[2 : mcmc] Progress @ 2026-09-09 00:28:19 : 14024 steps taken, and 992 accepted.
[1 : mcmc] Progress @ 2026-09-09 00:28:59 : 13174 steps taken, and 933 accepted.
[3 : mcmc] Progress @ 2026-09-09 00:29:10 : 13832 steps taken, and 978 accepted.
[0 : mcmc] Progress @ 2026-09-09 00:29:13 : 14080 steps taken, and 995 accepted.
[2 : mcmc] Progress @ 2026-09-09 00:29:19 : 14122 steps taken, and 999 accepted.
[1 : mcmc] Progress @ 2026-09-09 00:29:59 : 13272 steps taken, and 940 accepted.
[0 : mcmc] Progress @ 2026-09-09 00:30:14 : 14182 steps taken, and 1002 accepted.
[3 : mcmc] Progress @ 2026-09-09 00:30:17 : 13917 steps taken, and 985 accepted.
[2 : mcmc] Progress @ 2026-09-09 00:30:20 : 14194 steps taken, and 1004 accepted.
[1 : mcmc] Progress @ 2026-09-09 00:31:04 : 13353 steps taken, and 946 accepted.
[0 : mcmc] Progress @ 2026-09-09 00:31:15 : 14308 steps taken, and 1011 accepted.
[3 : mcmc] Progress @ 2026-09-09 00:31:17 : 14041 steps taken, and 993 accepted.
[2 : mcmc] Progress @ 2026-09-09 00:31:20 : 14292 steps taken, and 1009 accepted.
[1 : mcmc] Progress @ 2026-09-09 00:32:04 : 13452 steps taken, and 953 accepted.
[0 : mcmc] Progress @ 2026-09-09 00:32:15 : 14432 steps taken, and 1019 accepted.
[2 : mcmc] Progress @ 2026-09-09 00:32:20 : 14391 steps taken, and 1017 accepted.
[3 : mcmc] Progress @ 2026-09-09 00:32:25 : 14127 steps taken, and 1000 accepted.
[1 : mcmc] Progress @ 2026-09-09 00:33:05 : 13551 steps taken, and 960 accepted.
[0 : mcmc] Progress @ 2026-09-09 00:33:15 : 14504 steps taken, and 1024 accepted.
[2 : mcmc] Progress @ 2026-09-09 00:33:20 : 14490 steps taken, and 1024 accepted.
[3 : mcmc] Progress @ 2026-09-09 00:33:25 : 14225 steps taken, and 1007 accepted.
[1 : mcmc] Progress @ 2026-09-09 00:34:05 : 13649 steps taken, and 967 accepted.
[0 : mcmc] Progress @ 2026-09-09 00:34:20 : 14611 steps taken, and 1032 accepted.
[2 : mcmc] Progress @ 2026-09-09 00:34:21 : 14562 steps taken, and 1029 accepted.
[3 : mcmc] Progress @ 2026-09-09 00:34:25 : 14349 steps taken, and 1014 accepted.
[1 : mcmc] Progress @ 2026-09-09 00:35:05 : 13775 steps taken, and 976 accepted.
[0 : mcmc] Progress @ 2026-09-09 00:35:20 : 14709 steps taken, and 1039 accepted.
[2 : mcmc] Progress @ 2026-09-09 00:35:21 : 14660 steps taken, and 1036 accepted.
[3 : mcmc] Progress @ 2026-09-09 00:35:28 : 14452 steps taken, and 1022 accepted.
[1 : mcmc] Progress @ 2026-09-09 00:36:05 : 13873 steps taken, and 983 accepted.
[0 : mcmc] Progress @ 2026-09-09 00:36:20 : 14833 steps taken, and 1047 accepted.
[3 : mcmc] Progress @ 2026-09-09 00:36:28 : 14550 steps taken, and 1030 accepted.
[2 : mcmc] Progress @ 2026-09-09 00:36:29 : 14775 steps taken, and 1045 accepted.
[1 : mcmc] Progress @ 2026-09-09 00:37:05 : 13973 steps taken, and 990 accepted.
[0 : mcmc] Progress @ 2026-09-09 00:37:20 : 14932 steps taken, and 1055 accepted.
[3 : mcmc] Progress @ 2026-09-09 00:37:28 : 14647 steps taken, and 1036 accepted.
[2 : mcmc] Progress @ 2026-09-09 00:37:29 : 14900 steps taken, and 1054 accepted.
[1 : mcmc] Progress @ 2026-09-09 00:38:05 : 14069 steps taken, and 997 accepted.
[0 : mcmc] Progress @ 2026-09-09 00:38:21 : 15032 steps taken, and 1062 accepted.
[3 : mcmc] Progress @ 2026-09-09 00:38:29 : 14771 steps taken, and 1045 accepted.
[2 : mcmc] Progress @ 2026-09-09 00:38:29 : 15000 steps taken, and 1060 accepted.
[1 : mcmc] Progress @ 2026-09-09 00:39:17 : 14165 steps taken, and 1004 accepted.
[0 : mcmc] Progress @ 2026-09-09 00:39:21 : 15157 steps taken, and 1071 accepted.
[3 : mcmc] Progress @ 2026-09-09 00:39:29 : 14842 steps taken, and 1050 accepted.
[2 : mcmc] Progress @ 2026-09-09 00:39:30 : 15125 steps taken, and 1069 accepted.
[1 : mcmc] Progress @ 2026-09-09 00:40:17 : 14290 steps taken, and 1013 accepted.
[0 : mcmc] Progress @ 2026-09-09 00:40:22 : 15255 steps taken, and 1078 accepted.
[3 : mcmc] Progress @ 2026-09-09 00:40:29 : 14968 steps taken, and 1059 accepted.
[2 : mcmc] Progress @ 2026-09-09 00:40:30 : 15224 steps taken, and 1076 accepted.
[0 : mcmc] Learn + convergence test @ 1080 samples accepted.
[0 : mcmc] Ready to check convergence and learn a new proposal covmat (waiting for the rest...)
[2 : mcmc] Learn + convergence test @ 1080 samples accepted.
[2 : mcmc] Ready to check convergence and learn a new proposal covmat (waiting for the rest...)
[1 : mcmc] Progress @ 2026-09-09 00:41:17 : 14363 steps taken, and 1018 accepted.
[0 : mcmc] Progress @ 2026-09-09 00:41:26 : 15334 steps taken, and 1084 accepted.
[2 : mcmc] Progress @ 2026-09-09 00:41:30 : 15348 steps taken, and 1085 accepted.
[3 : mcmc] Progress @ 2026-09-09 00:41:35 : 15077 steps taken, and 1067 accepted.
[1 : mcmc] Progress @ 2026-09-09 00:42:17 : 14487 steps taken, and 1027 accepted.
[0 : mcmc] Progress @ 2026-09-09 00:42:26 : 15431 steps taken, and 1091 accepted.
[2 : mcmc] Progress @ 2026-09-09 00:42:30 : 15475 steps taken, and 1093 accepted.
[3 : mcmc] Progress @ 2026-09-09 00:42:35 : 15175 steps taken, and 1074 accepted.
[3 : mcmc] Learn + convergence test @ 1080 samples accepted.
[3 : mcmc] Ready to check convergence and learn a new proposal covmat (waiting for the rest...)
[1 : mcmc] Progress @ 2026-09-09 00:43:24 : 14572 steps taken, and 1033 accepted.
[2 : mcmc] Progress @ 2026-09-09 00:43:31 : 15547 steps taken, and 1099 accepted.
[0 : mcmc] Progress @ 2026-09-09 00:43:35 : 15521 steps taken, and 1097 accepted.
[3 : mcmc] Progress @ 2026-09-09 00:43:36 : 15273 steps taken, and 1081 accepted.
[2 : mcmc] Progress @ 2026-09-09 00:44:31 : 15644 steps taken, and 1106 accepted.
[1 : mcmc] Progress @ 2026-09-09 00:44:34 : 14690 steps taken, and 1041 accepted.
[0 : mcmc] Progress @ 2026-09-09 00:44:35 : 15645 steps taken, and 1105 accepted.
[3 : mcmc] Progress @ 2026-09-09 00:44:36 : 15370 steps taken, and 1088 accepted.
[2 : mcmc] Progress @ 2026-09-09 00:45:31 : 15769 steps taken, and 1115 accepted.
[1 : mcmc] Progress @ 2026-09-09 00:45:34 : 14816 steps taken, and 1051 accepted.
[3 : mcmc] Progress @ 2026-09-09 00:45:41 : 15478 steps taken, and 1096 accepted.
[0 : mcmc] Progress @ 2026-09-09 00:45:48 : 15742 steps taken, and 1112 accepted.
[2 : mcmc] Progress @ 2026-09-09 00:46:31 : 15867 steps taken, and 1121 accepted.
[1 : mcmc] Progress @ 2026-09-09 00:46:34 : 14914 steps taken, and 1056 accepted.
[3 : mcmc] Progress @ 2026-09-09 00:46:41 : 15576 steps taken, and 1103 accepted.
[0 : mcmc] Progress @ 2026-09-09 00:46:48 : 15840 steps taken, and 1119 accepted.
[2 : mcmc] Progress @ 2026-09-09 00:47:31 : 15991 steps taken, and 1130 accepted.
[1 : mcmc] Progress @ 2026-09-09 00:47:34 : 15012 steps taken, and 1064 accepted.
[3 : mcmc] Progress @ 2026-09-09 00:47:41 : 15672 steps taken, and 1109 accepted.
[0 : mcmc] Progress @ 2026-09-09 00:47:48 : 15937 steps taken, and 1126 accepted.
[1 : mcmc] Progress @ 2026-09-09 00:48:37 : 15116 steps taken, and 1070 accepted.
[2 : mcmc] Progress @ 2026-09-09 00:48:39 : 16105 steps taken, and 1139 accepted.
[3 : mcmc] Progress @ 2026-09-09 00:48:41 : 15770 steps taken, and 1117 accepted.
[0 : mcmc] Progress @ 2026-09-09 00:49:01 : 16059 steps taken, and 1134 accepted.
[1 : mcmc] Progress @ 2026-09-09 00:49:37 : 15242 steps taken, and 1079 accepted.
[2 : mcmc] Progress @ 2026-09-09 00:49:39 : 16232 steps taken, and 1147 accepted.
[1 : mcmc] Learn + convergence test @ 1080 samples accepted.
[1 : mcmc] Ready to check convergence and learn a new proposal covmat (waiting for the rest...)
[3 : mcmc] Progress @ 2026-09-09 00:49:41 : 15895 steps taken, and 1125 accepted.
[0 : mcmc] All chains are ready to check convergence and learn a new proposal covmat
[0 : mcmc]  - Acceptance rate: 0.990 = avg([0.9879, 0.9890, 0.9846, 0.9982])
[0 : mcmc]  - Convergence of means: R-1 = 0.066462 after 4494 accepted steps = sum([1139, 1080, 1149, 1126])
[0 : mcmc]  - Updated covariance matrix of proposal pdf.
[0 : mcmc] Progress @ 2026-09-09 00:50:01 : 16137 steps taken, and 1140 accepted.
[1 : mcmc] Progress @ 2026-09-09 00:50:38 : 15315 steps taken, and 1084 accepted.
[2 : mcmc] Progress @ 2026-09-09 00:50:39 : 16302 steps taken, and 1152 accepted.
[3 : mcmc] Progress @ 2026-09-09 00:50:42 : 15971 steps taken, and 1131 accepted.
[0 : mcmc] Progress @ 2026-09-09 00:51:01 : 16236 steps taken, and 1147 accepted.
[1 : mcmc] Progress @ 2026-09-09 00:51:38 : 15415 steps taken, and 1091 accepted.
[2 : mcmc] Progress @ 2026-09-09 00:51:40 : 16426 steps taken, and 1161 accepted.
[3 : mcmc] Progress @ 2026-09-09 00:51:42 : 16069 steps taken, and 1138 accepted.
[0 : mcmc] Progress @ 2026-09-09 00:52:01 : 16335 steps taken, and 1154 accepted.
[1 : mcmc] Progress @ 2026-09-09 00:52:38 : 15514 steps taken, and 1098 accepted.
[2 : mcmc] Progress @ 2026-09-09 00:52:40 : 16525 steps taken, and 1168 accepted.
[3 : mcmc] Progress @ 2026-09-09 00:52:48 : 16180 steps taken, and 1146 accepted.
[0 : mcmc] Progress @ 2026-09-09 00:53:01 : 16433 steps taken, and 1161 accepted.
[1 : mcmc] Progress @ 2026-09-09 00:53:38 : 15611 steps taken, and 1105 accepted.
[2 : mcmc] Progress @ 2026-09-09 00:53:40 : 16623 steps taken, and 1175 accepted.
[3 : mcmc] Progress @ 2026-09-09 00:53:48 : 16304 steps taken, and 1155 accepted.
[0 : mcmc] Progress @ 2026-09-09 00:54:01 : 16532 steps taken, and 1167 accepted.
[1 : mcmc] Progress @ 2026-09-09 00:54:38 : 15736 steps taken, and 1114 accepted.
[2 : mcmc] Progress @ 2026-09-09 00:54:40 : 16721 steps taken, and 1182 accepted.
[3 : mcmc] Progress @ 2026-09-09 00:54:48 : 16402 steps taken, and 1162 accepted.
[0 : mcmc] Progress @ 2026-09-09 00:55:02 : 16631 steps taken, and 1174 accepted.
[1 : mcmc] Progress @ 2026-09-09 00:55:38 : 15808 steps taken, and 1119 accepted.
[2 : mcmc] Progress @ 2026-09-09 00:55:40 : 16821 steps taken, and 1189 accepted.
[3 : mcmc] Progress @ 2026-09-09 00:55:53 : 16510 steps taken, and 1170 accepted.
[0 : mcmc] Progress @ 2026-09-09 00:56:02 : 16729 steps taken, and 1181 accepted.
[1 : mcmc] Progress @ 2026-09-09 00:56:38 : 15935 steps taken, and 1129 accepted.
[2 : mcmc] Progress @ 2026-09-09 00:56:41 : 16945 steps taken, and 1197 accepted.
[3 : mcmc] Progress @ 2026-09-09 00:56:53 : 16635 steps taken, and 1178 accepted.
[0 : mcmc] Progress @ 2026-09-09 00:57:02 : 16801 steps taken, and 1186 accepted.
[1 : mcmc] Progress @ 2026-09-09 00:57:38 : 16033 steps taken, and 1135 accepted.
[2 : mcmc] Progress @ 2026-09-09 00:57:48 : 17032 steps taken, and 1204 accepted.
[3 : mcmc] Progress @ 2026-09-09 00:57:54 : 16733 steps taken, and 1186 accepted.
[0 : mcmc] Progress @ 2026-09-09 00:58:02 : 16899 steps taken, and 1193 accepted.
[2 : mcmc] Progress @ 2026-09-09 00:58:48 : 17129 steps taken, and 1211 accepted.
[1 : mcmc] Progress @ 2026-09-09 00:58:50 : 16127 steps taken, and 1142 accepted.
[3 : mcmc] Progress @ 2026-09-09 00:58:54 : 16831 steps taken, and 1192 accepted.
[0 : mcmc] Progress @ 2026-09-09 00:59:03 : 16971 steps taken, and 1199 accepted.
[2 : mcmc] Progress @ 2026-09-09 00:59:48 : 17255 steps taken, and 1220 accepted.
[3 : mcmc] Progress @ 2026-09-09 00:59:54 : 16954 steps taken, and 1200 accepted.
[1 : mcmc] Progress @ 2026-09-09 01:00:01 : 16250 steps taken, and 1151 accepted.
[0 : mcmc] Progress @ 2026-09-09 01:00:03 : 17094 steps taken, and 1207 accepted.
[3 : mcmc] Progress @ 2026-09-09 01:00:54 : 17025 steps taken, and 1205 accepted.
[2 : mcmc] Progress @ 2026-09-09 01:00:57 : 17370 steps taken, and 1228 accepted.
[1 : mcmc] Progress @ 2026-09-09 01:01:02 : 16348 steps taken, and 1157 accepted.
[0 : mcmc] Progress @ 2026-09-09 01:01:13 : 17161 steps taken, and 1212 accepted.
[3 : mcmc] Progress @ 2026-09-09 01:01:54 : 17096 steps taken, and 1210 accepted.
[2 : mcmc] Progress @ 2026-09-09 01:01:57 : 17496 steps taken, and 1237 accepted.
[1 : mcmc] Progress @ 2026-09-09 01:02:02 : 16447 steps taken, and 1164 accepted.
[0 : mcmc] Progress @ 2026-09-09 01:02:13 : 17287 steps taken, and 1221 accepted.
[2 : mcmc] Progress @ 2026-09-09 01:02:58 : 17597 steps taken, and 1244 accepted.
[1 : mcmc] Progress @ 2026-09-09 01:03:06 : 16528 steps taken, and 1170 accepted.
[3 : mcmc] Progress @ 2026-09-09 01:03:06 : 17219 steps taken, and 1219 accepted.
[0 : mcmc] Progress @ 2026-09-09 01:03:14 : 17386 steps taken, and 1228 accepted.
[2 : mcmc] Progress @ 2026-09-09 01:03:58 : 17696 steps taken, and 1251 accepted.
[3 : mcmc] Progress @ 2026-09-09 01:04:06 : 17316 steps taken, and 1226 accepted.
[1 : mcmc] Progress @ 2026-09-09 01:04:06 : 16627 steps taken, and 1177 accepted.
[0 : mcmc] Progress @ 2026-09-09 01:04:14 : 17485 steps taken, and 1235 accepted.
[2 : mcmc] Progress @ 2026-09-09 01:04:58 : 17820 steps taken, and 1260 accepted.
[3 : mcmc] Progress @ 2026-09-09 01:05:06 : 17414 steps taken, and 1232 accepted.
[1 : mcmc] Progress @ 2026-09-09 01:05:06 : 16726 steps taken, and 1184 accepted.
[0 : mcmc] Progress @ 2026-09-09 01:05:14 : 17583 steps taken, and 1242 accepted.
[2 : mcmc] Progress @ 2026-09-09 01:06:03 : 17900 steps taken, and 1266 accepted.
[3 : mcmc] Progress @ 2026-09-09 01:06:06 : 17512 steps taken, and 1239 accepted.
[1 : mcmc] Progress @ 2026-09-09 01:06:06 : 16824 steps taken, and 1191 accepted.
[0 : mcmc] Progress @ 2026-09-09 01:06:21 : 17670 steps taken, and 1248 accepted.
[2 : mcmc] Progress @ 2026-09-09 01:07:03 : 17998 steps taken, and 1273 accepted.
[3 : mcmc] Progress @ 2026-09-09 01:07:07 : 17609 steps taken, and 1246 accepted.
[1 : mcmc] Progress @ 2026-09-09 01:07:07 : 16949 steps taken, and 1200 accepted.
[0 : mcmc] Progress @ 2026-09-09 01:07:22 : 17768 steps taken, and 1255 accepted.
[2 : mcmc] Progress @ 2026-09-09 01:08:03 : 18123 steps taken, and 1282 accepted.
[3 : mcmc] Progress @ 2026-09-09 01:08:07 : 17734 steps taken, and 1255 accepted.
[1 : mcmc] Progress @ 2026-09-09 01:08:15 : 17066 steps taken, and 1208 accepted.
[0 : mcmc] Progress @ 2026-09-09 01:08:22 : 17892 steps taken, and 1264 accepted.
[2 : mcmc] Progress @ 2026-09-09 01:09:04 : 18221 steps taken, and 1289 accepted.
[3 : mcmc] Progress @ 2026-09-09 01:09:07 : 17833 steps taken, and 1262 accepted.
[1 : mcmc] Progress @ 2026-09-09 01:09:16 : 17190 steps taken, and 1217 accepted.
[0 : mcmc] Progress @ 2026-09-09 01:09:29 : 17953 steps taken, and 1269 accepted.
[2 : mcmc] Progress @ 2026-09-09 01:10:04 : 18320 steps taken, and 1296 accepted.
[3 : mcmc] Progress @ 2026-09-09 01:10:07 : 17905 steps taken, and 1267 accepted.
[1 : mcmc] Progress @ 2026-09-09 01:10:23 : 17277 steps taken, and 1223 accepted.
[0 : mcmc] Progress @ 2026-09-09 01:10:34 : 18060 steps taken, and 1276 accepted.
[2 : mcmc] Progress @ 2026-09-09 01:11:04 : 18392 steps taken, and 1301 accepted.
[3 : mcmc] Progress @ 2026-09-09 01:11:14 : 18017 steps taken, and 1275 accepted.
[1 : mcmc] Progress @ 2026-09-09 01:11:24 : 17376 steps taken, and 1230 accepted.
[0 : mcmc] Progress @ 2026-09-09 01:11:34 : 18157 steps taken, and 1283 accepted.
[2 : mcmc] Progress @ 2026-09-09 01:12:04 : 18490 steps taken, and 1308 accepted.
[3 : mcmc] Progress @ 2026-09-09 01:12:14 : 18114 steps taken, and 1282 accepted.
[1 : mcmc] Progress @ 2026-09-09 01:12:24 : 17474 steps taken, and 1237 accepted.
[0 : mcmc] Progress @ 2026-09-09 01:12:34 : 18256 steps taken, and 1290 accepted.
[2 : mcmc] Progress @ 2026-09-09 01:13:05 : 18588 steps taken, and 1315 accepted.
[3 : mcmc] Progress @ 2026-09-09 01:13:22 : 18227 steps taken, and 1290 accepted.
[1 : mcmc] Progress @ 2026-09-09 01:13:24 : 17572 steps taken, and 1244 accepted.
[0 : mcmc] Progress @ 2026-09-09 01:13:38 : 18364 steps taken, and 1298 accepted.
[2 : mcmc] Progress @ 2026-09-09 01:14:05 : 18686 steps taken, and 1322 accepted.
[3 : mcmc] Progress @ 2026-09-09 01:14:22 : 18350 steps taken, and 1299 accepted.
[1 : mcmc] Progress @ 2026-09-09 01:14:24 : 17643 steps taken, and 1250 accepted.
[0 : mcmc] Progress @ 2026-09-09 01:14:48 : 18480 steps taken, and 1306 accepted.
[2 : mcmc] Progress @ 2026-09-09 01:15:05 : 18812 steps taken, and 1330 accepted.
[3 : mcmc] Progress @ 2026-09-09 01:15:22 : 18448 steps taken, and 1306 accepted.
[1 : mcmc] Progress @ 2026-09-09 01:15:24 : 17741 steps taken, and 1256 accepted.
[0 : mcmc] Progress @ 2026-09-09 01:15:49 : 18578 steps taken, and 1313 accepted.
[2 : mcmc] Progress @ 2026-09-09 01:16:05 : 18911 steps taken, and 1337 accepted.
[3 : mcmc] Progress @ 2026-09-09 01:16:22 : 18548 steps taken, and 1312 accepted.
[1 : mcmc] Progress @ 2026-09-09 01:16:32 : 17856 steps taken, and 1265 accepted.
[0 : mcmc] Progress @ 2026-09-09 01:16:49 : 18677 steps taken, and 1320 accepted.
[2 : mcmc] Progress @ 2026-09-09 01:17:05 : 19009 steps taken, and 1344 accepted.
[3 : mcmc] Progress @ 2026-09-09 01:17:23 : 18645 steps taken, and 1319 accepted.
[1 : mcmc] Progress @ 2026-09-09 01:17:32 : 17954 steps taken, and 1272 accepted.
[0 : mcmc] Progress @ 2026-09-09 01:17:56 : 18764 steps taken, and 1327 accepted.
[2 : mcmc] Progress @ 2026-09-09 01:18:06 : 19108 steps taken, and 1351 accepted.
[3 : mcmc] Progress @ 2026-09-09 01:18:23 : 18771 steps taken, and 1328 accepted.
[1 : mcmc] Progress @ 2026-09-09 01:18:32 : 18079 steps taken, and 1281 accepted.
[0 : mcmc] Progress @ 2026-09-09 01:18:56 : 18889 steps taken, and 1336 accepted.
[2 : mcmc] Progress @ 2026-09-09 01:19:17 : 19201 steps taken, and 1358 accepted.
[3 : mcmc] Progress @ 2026-09-09 01:19:23 : 18895 steps taken, and 1337 accepted.
[1 : mcmc] Progress @ 2026-09-09 01:19:32 : 18177 steps taken, and 1287 accepted.
[0 : mcmc] Progress @ 2026-09-09 01:19:57 : 18986 steps taken, and 1342 accepted.
[2 : mcmc] Progress @ 2026-09-09 01:20:17 : 19325 steps taken, and 1367 accepted.
[3 : mcmc] Progress @ 2026-09-09 01:20:23 : 19020 steps taken, and 1346 accepted.
[1 : mcmc] Progress @ 2026-09-09 01:20:32 : 18276 steps taken, and 1295 accepted.
[0 : mcmc] Progress @ 2026-09-09 01:20:57 : 19085 steps taken, and 1350 accepted.
[2 : mcmc] Progress @ 2026-09-09 01:21:17 : 19423 steps taken, and 1373 accepted.
[3 : mcmc] Progress @ 2026-09-09 01:21:23 : 19118 steps taken, and 1353 accepted.
[1 : mcmc] Progress @ 2026-09-09 01:21:32 : 18374 steps taken, and 1302 accepted.
[0 : mcmc] Progress @ 2026-09-09 01:21:57 : 19183 steps taken, and 1356 accepted.
[2 : mcmc] Progress @ 2026-09-09 01:22:17 : 19548 steps taken, and 1382 accepted.
[3 : mcmc] Progress @ 2026-09-09 01:22:26 : 19222 steps taken, and 1360 accepted.
[1 : mcmc] Progress @ 2026-09-09 01:22:35 : 18450 steps taken, and 1307 accepted.
[0 : mcmc] Progress @ 2026-09-09 01:22:57 : 19229 steps taken, and 1360 accepted.
[2 : mcmc] Progress @ 2026-09-09 01:23:21 : 19628 steps taken, and 1388 accepted.
[3 : mcmc] Progress @ 2026-09-09 01:23:26 : 19347 steps taken, and 1369 accepted.
[1 : mcmc] Progress @ 2026-09-09 01:23:35 : 18574 steps taken, and 1316 accepted.
[0 : mcmc] Progress @ 2026-09-09 01:23:58 : 19353 steps taken, and 1369 accepted.
[2 : mcmc] Progress @ 2026-09-09 01:24:22 : 19754 steps taken, and 1397 accepted.
[3 : mcmc] Progress @ 2026-09-09 01:24:26 : 19444 steps taken, and 1376 accepted.
[1 : mcmc] Progress @ 2026-09-09 01:24:35 : 18674 steps taken, and 1323 accepted.
[0 : mcmc] Progress @ 2026-09-09 01:24:58 : 19425 steps taken, and 1374 accepted.
[2 : mcmc] Progress @ 2026-09-09 01:25:22 : 19853 steps taken, and 1404 accepted.
[1 : mcmc] Progress @ 2026-09-09 01:25:35 : 18772 steps taken, and 1330 accepted.
[3 : mcmc] Progress @ 2026-09-09 01:25:40 : 19541 steps taken, and 1383 accepted.
[0 : mcmc] Progress @ 2026-09-09 01:25:58 : 19523 steps taken, and 1381 accepted.
[2 : mcmc] Progress @ 2026-09-09 01:26:22 : 19950 steps taken, and 1411 accepted.
[1 : mcmc] Progress @ 2026-09-09 01:26:36 : 18842 steps taken, and 1335 accepted.
[3 : mcmc] Progress @ 2026-09-09 01:26:40 : 19663 steps taken, and 1391 accepted.
[0 : mcmc] Progress @ 2026-09-09 01:27:09 : 19640 steps taken, and 1389 accepted.
[2 : mcmc] Progress @ 2026-09-09 01:27:23 : 20047 steps taken, and 1418 accepted.
[1 : mcmc] Progress @ 2026-09-09 01:27:36 : 18938 steps taken, and 1342 accepted.
[3 : mcmc] Progress @ 2026-09-09 01:27:40 : 19761 steps taken, and 1398 accepted.
[0 : mcmc] Progress @ 2026-09-09 01:28:09 : 19738 steps taken, and 1396 accepted.
[2 : mcmc] Progress @ 2026-09-09 01:28:29 : 20129 steps taken, and 1424 accepted.
[1 : mcmc] Progress @ 2026-09-09 01:28:36 : 19034 steps taken, and 1348 accepted.
[3 : mcmc] Progress @ 2026-09-09 01:28:41 : 19879 steps taken, and 1406 accepted.
[0 : mcmc] Progress @ 2026-09-09 01:29:10 : 19834 steps taken, and 1402 accepted.
[2 : mcmc] Progress @ 2026-09-09 01:29:29 : 20226 steps taken, and 1431 accepted.
[1 : mcmc] Progress @ 2026-09-09 01:29:36 : 19129 steps taken, and 1356 accepted.
[3 : mcmc] Progress @ 2026-09-09 01:29:41 : 19971 steps taken, and 1413 accepted.
[0 : mcmc] Progress @ 2026-09-09 01:30:10 : 19932 steps taken, and 1409 accepted.
[2 : mcmc] Progress @ 2026-09-09 01:30:30 : 20323 steps taken, and 1438 accepted.
[1 : mcmc] Progress @ 2026-09-09 01:30:37 : 19227 steps taken, and 1362 accepted.
[2 : mcmc] Learn + convergence test @ 1440 samples accepted.
[2 : mcmc] Ready to check convergence and learn a new proposal covmat (waiting for the rest...)
[3 : mcmc] Progress @ 2026-09-09 01:30:41 : 20068 steps taken, and 1420 accepted.
[0 : mcmc] Progress @ 2026-09-09 01:31:10 : 20058 steps taken, and 1418 accepted.
[2 : mcmc] Progress @ 2026-09-09 01:31:30 : 20422 steps taken, and 1445 accepted.
[1 : mcmc] Progress @ 2026-09-09 01:31:37 : 19326 steps taken, and 1369 accepted.
[3 : mcmc] Progress @ 2026-09-09 01:31:42 : 20194 steps taken, and 1429 accepted.
[0 : mcmc] Progress @ 2026-09-09 01:32:10 : 20182 steps taken, and 1427 accepted.
[2 : mcmc] Progress @ 2026-09-09 01:32:30 : 20545 steps taken, and 1454 accepted.
[1 : mcmc] Progress @ 2026-09-09 01:32:37 : 19425 steps taken, and 1377 accepted.
[3 : mcmc] Progress @ 2026-09-09 01:32:42 : 20292 steps taken, and 1435 accepted.
[3 : mcmc] Learn + convergence test @ 1440 samples accepted.
[3 : mcmc] Ready to check convergence and learn a new proposal covmat (waiting for the rest...)
[0 : mcmc] Progress @ 2026-09-09 01:33:10 : 20309 steps taken, and 1436 accepted.
[2 : mcmc] Progress @ 2026-09-09 01:33:30 : 20645 steps taken, and 1460 accepted.
[3 : mcmc] Progress @ 2026-09-09 01:33:42 : 20417 steps taken, and 1445 accepted.
[1 : mcmc] Progress @ 2026-09-09 01:33:47 : 19543 steps taken, and 1385 accepted.
[0 : mcmc] Learn + convergence test @ 1440 samples accepted.
[0 : mcmc] Ready to check convergence and learn a new proposal covmat (waiting for the rest...)
[0 : mcmc] Progress @ 2026-09-09 01:34:11 : 20408 steps taken, and 1443 accepted.
[2 : mcmc] Progress @ 2026-09-09 01:34:31 : 20768 steps taken, and 1470 accepted.
[3 : mcmc] Progress @ 2026-09-09 01:34:42 : 20541 steps taken, and 1454 accepted.
[1 : mcmc] Progress @ 2026-09-09 01:34:51 : 19648 steps taken, and 1392 accepted.
[0 : mcmc] Progress @ 2026-09-09 01:35:11 : 20504 steps taken, and 1450 accepted.
[2 : mcmc] Progress @ 2026-09-09 01:35:31 : 20838 steps taken, and 1475 accepted.
[3 : mcmc] Progress @ 2026-09-09 01:35:43 : 20635 steps taken, and 1460 accepted.
[1 : mcmc] Progress @ 2026-09-09 01:35:58 : 19760 steps taken, and 1401 accepted.
[0 : mcmc] Progress @ 2026-09-09 01:36:11 : 20626 steps taken, and 1459 accepted.
[2 : mcmc] Progress @ 2026-09-09 01:36:31 : 20926 steps taken, and 1481 accepted.
[3 : mcmc] Progress @ 2026-09-09 01:36:43 : 20753 steps taken, and 1469 accepted.
[1 : mcmc] Progress @ 2026-09-09 01:36:58 : 19858 steps taken, and 1408 accepted.
[0 : mcmc] Progress @ 2026-09-09 01:37:11 : 20697 steps taken, and 1464 accepted.
[2 : mcmc] Progress @ 2026-09-09 01:37:32 : 21024 steps taken, and 1488 accepted.
[3 : mcmc] Progress @ 2026-09-09 01:37:43 : 20877 steps taken, and 1478 accepted.
[1 : mcmc] Progress @ 2026-09-09 01:38:03 : 19966 steps taken, and 1416 accepted.
[0 : mcmc] Progress @ 2026-09-09 01:38:16 : 20805 steps taken, and 1472 accepted.
[2 : mcmc] Progress @ 2026-09-09 01:38:32 : 21123 steps taken, and 1495 accepted.
[3 : mcmc] Progress @ 2026-09-09 01:38:43 : 20948 steps taken, and 1483 accepted.
[1 : mcmc] Progress @ 2026-09-09 01:39:04 : 20064 steps taken, and 1422 accepted.
[0 : mcmc] Progress @ 2026-09-09 01:39:17 : 20904 steps taken, and 1478 accepted.
[2 : mcmc] Progress @ 2026-09-09 01:39:32 : 21219 steps taken, and 1502 accepted.
[3 : mcmc] Progress @ 2026-09-09 01:39:43 : 21072 steps taken, and 1491 accepted.
[1 : mcmc] Progress @ 2026-09-09 01:40:13 : 20180 steps taken, and 1431 accepted.
[0 : mcmc] Progress @ 2026-09-09 01:40:17 : 21002 steps taken, and 1486 accepted.
[2 : mcmc] Progress @ 2026-09-09 01:40:32 : 21318 steps taken, and 1509 accepted.
[3 : mcmc] Progress @ 2026-09-09 01:40:57 : 21156 steps taken, and 1498 accepted.
[1 : mcmc] Progress @ 2026-09-09 01:41:13 : 20252 steps taken, and 1436 accepted.
[0 : mcmc] Progress @ 2026-09-09 01:41:24 : 21086 steps taken, and 1492 accepted.
[2 : mcmc] Progress @ 2026-09-09 01:41:35 : 21394 steps taken, and 1514 accepted.
[1 : mcmc] Learn + convergence test @ 1440 samples accepted.
[1 : mcmc] Ready to check convergence and learn a new proposal covmat (waiting for the rest...)
[0 : mcmc] All chains are ready to check convergence and learn a new proposal covmat
[0 : mcmc]  - Acceptance rate: 0.991 = avg([0.9894, 0.9931, 0.9883, 0.9934])
[0 : mcmc]  - Convergence of means: R-1 = 0.108958 after 5953 accepted steps = sum([1494, 1440, 1516, 1503])
[0 : mcmc]  - Updated covariance matrix of proposal pdf.
[3 : mcmc] Progress @ 2026-09-09 01:41:58 : 21265 steps taken, and 1504 accepted.
[1 : mcmc] Progress @ 2026-09-09 01:42:13 : 20361 steps taken, and 1444 accepted.
[0 : mcmc] Progress @ 2026-09-09 01:42:24 : 21171 steps taken, and 1498 accepted.
[2 : mcmc] Progress @ 2026-09-09 01:42:35 : 21486 steps taken, and 1521 accepted.
[3 : mcmc] Progress @ 2026-09-09 01:42:58 : 21361 steps taken, and 1511 accepted.
[1 : mcmc] Progress @ 2026-09-09 01:43:13 : 20458 steps taken, and 1451 accepted.
[0 : mcmc] Progress @ 2026-09-09 01:43:25 : 21269 steps taken, and 1504 accepted.
[2 : mcmc] Progress @ 2026-09-09 01:43:36 : 21586 steps taken, and 1528 accepted.
[3 : mcmc] Progress @ 2026-09-09 01:44:00 : 21461 steps taken, and 1518 accepted.
[1 : mcmc] Progress @ 2026-09-09 01:44:13 : 20530 steps taken, and 1456 accepted.
[0 : mcmc] Progress @ 2026-09-09 01:44:28 : 21375 steps taken, and 1512 accepted.
[2 : mcmc] Progress @ 2026-09-09 01:44:43 : 21700 steps taken, and 1536 accepted.
[3 : mcmc] Progress @ 2026-09-09 01:45:02 : 21534 steps taken, and 1523 accepted.
[1 : mcmc] Progress @ 2026-09-09 01:45:13 : 20655 steps taken, and 1465 accepted.
[0 : mcmc] Progress @ 2026-09-09 01:45:29 : 21446 steps taken, and 1517 accepted.
[2 : mcmc] Progress @ 2026-09-09 01:45:43 : 21825 steps taken, and 1545 accepted.
[3 : mcmc] Progress @ 2026-09-09 01:46:03 : 21656 steps taken, and 1532 accepted.
[1 : mcmc] Progress @ 2026-09-09 01:46:14 : 20726 steps taken, and 1470 accepted.
[0 : mcmc] Progress @ 2026-09-09 01:46:29 : 21564 steps taken, and 1526 accepted.
[2 : mcmc] Progress @ 2026-09-09 01:46:43 : 21919 steps taken, and 1552 accepted.
[3 : mcmc] Progress @ 2026-09-09 01:47:06 : 21756 steps taken, and 1539 accepted.
[1 : mcmc] Progress @ 2026-09-09 01:47:14 : 20796 steps taken, and 1475 accepted.
[0 : mcmc] Progress @ 2026-09-09 01:47:29 : 21659 steps taken, and 1532 accepted.
[2 : mcmc] Progress @ 2026-09-09 01:47:44 : 22042 steps taken, and 1561 accepted.
[3 : mcmc] Progress @ 2026-09-09 01:48:06 : 21878 steps taken, and 1548 accepted.
[1 : mcmc] Progress @ 2026-09-09 01:48:14 : 20919 steps taken, and 1483 accepted.
[0 : mcmc] Progress @ 2026-09-09 01:48:29 : 21784 steps taken, and 1541 accepted.
[2 : mcmc] Progress @ 2026-09-09 01:48:44 : 22141 steps taken, and 1568 accepted.
[3 : mcmc] Progress @ 2026-09-09 01:49:06 : 21974 steps taken, and 1555 accepted.
[1 : mcmc] Progress @ 2026-09-09 01:49:15 : 21013 steps taken, and 1490 accepted.
[0 : mcmc] Progress @ 2026-09-09 01:49:30 : 21882 steps taken, and 1548 accepted.
[2 : mcmc] Progress @ 2026-09-09 01:49:44 : 22239 steps taken, and 1575 accepted.
[3 : mcmc] Progress @ 2026-09-09 01:50:07 : 22097 steps taken, and 1564 accepted.
[1 : mcmc] Progress @ 2026-09-09 01:50:21 : 21124 steps taken, and 1498 accepted.
[0 : mcmc] Progress @ 2026-09-09 01:50:31 : 21981 steps taken, and 1556 accepted.
[2 : mcmc] Progress @ 2026-09-09 01:50:56 : 22332 steps taken, and 1581 accepted.
[3 : mcmc] Progress @ 2026-09-09 01:51:07 : 22219 steps taken, and 1572 accepted.
[1 : mcmc] Progress @ 2026-09-09 01:51:21 : 21222 steps taken, and 1505 accepted.
[0 : mcmc] Progress @ 2026-09-09 01:51:31 : 22027 steps taken, and 1559 accepted.
[2 : mcmc] Progress @ 2026-09-09 01:51:56 : 22431 steps taken, and 1588 accepted.
[3 : mcmc] Progress @ 2026-09-09 01:52:07 : 22315 steps taken, and 1579 accepted.
[1 : mcmc] Progress @ 2026-09-09 01:52:21 : 21320 steps taken, and 1512 accepted.
[0 : mcmc] Progress @ 2026-09-09 01:52:31 : 22151 steps taken, and 1567 accepted.
[2 : mcmc] Progress @ 2026-09-09 01:52:56 : 22530 steps taken, and 1596 accepted.
[3 : mcmc] Progress @ 2026-09-09 01:53:08 : 22440 steps taken, and 1588 accepted.
[1 : mcmc] Progress @ 2026-09-09 01:53:21 : 21392 steps taken, and 1517 accepted.
[0 : mcmc] Progress @ 2026-09-09 01:53:37 : 22261 steps taken, and 1575 accepted.
[3 : mcmc] Progress @ 2026-09-09 01:54:08 : 22536 steps taken, and 1595 accepted.
[2 : mcmc] Progress @ 2026-09-09 01:54:08 : 22655 steps taken, and 1603 accepted.
[1 : mcmc] Progress @ 2026-09-09 01:54:22 : 21518 steps taken, and 1526 accepted.
[0 : mcmc] Progress @ 2026-09-09 01:54:45 : 22376 steps taken, and 1584 accepted.
[3 : mcmc] Progress @ 2026-09-09 01:55:08 : 22632 steps taken, and 1602 accepted.
[2 : mcmc] Progress @ 2026-09-09 01:55:09 : 22755 steps taken, and 1611 accepted.
[1 : mcmc] Progress @ 2026-09-09 01:55:22 : 21617 steps taken, and 1533 accepted.
[0 : mcmc] Progress @ 2026-09-09 01:55:45 : 22475 steps taken, and 1591 accepted.
[3 : mcmc] Progress @ 2026-09-09 01:56:08 : 22729 steps taken, and 1609 accepted.
[2 : mcmc] Progress @ 2026-09-09 01:56:09 : 22854 steps taken, and 1618 accepted.
[1 : mcmc] Progress @ 2026-09-09 01:56:22 : 21742 steps taken, and 1542 accepted.
[0 : mcmc] Progress @ 2026-09-09 01:56:46 : 22599 steps taken, and 1599 accepted.
[3 : mcmc] Progress @ 2026-09-09 01:57:09 : 22825 steps taken, and 1616 accepted.
[2 : mcmc] Progress @ 2026-09-09 01:57:10 : 22980 steps taken, and 1627 accepted.
[1 : mcmc] Progress @ 2026-09-09 01:57:22 : 21840 steps taken, and 1549 accepted.
[0 : mcmc] Progress @ 2026-09-09 01:57:46 : 22670 steps taken, and 1605 accepted.
[3 : mcmc] Progress @ 2026-09-09 01:58:09 : 22921 steps taken, and 1622 accepted.
[2 : mcmc] Progress @ 2026-09-09 01:58:10 : 23051 steps taken, and 1632 accepted.
[1 : mcmc] Progress @ 2026-09-09 01:58:34 : 21963 steps taken, and 1558 accepted.
[0 : mcmc] Progress @ 2026-09-09 01:58:46 : 22767 steps taken, and 1612 accepted.
[2 : mcmc] Progress @ 2026-09-09 01:59:11 : 23149 steps taken, and 1639 accepted.
[3 : mcmc] Progress @ 2026-09-09 01:59:20 : 23037 steps taken, and 1631 accepted.
[1 : mcmc] Progress @ 2026-09-09 01:59:35 : 22086 steps taken, and 1567 accepted.
[0 : mcmc] Progress @ 2026-09-09 01:59:47 : 22836 steps taken, and 1617 accepted.
[2 : mcmc] Progress @ 2026-09-09 02:00:11 : 23274 steps taken, and 1648 accepted.
[3 : mcmc] Progress @ 2026-09-09 02:00:21 : 23133 steps taken, and 1637 accepted.
[1 : mcmc] Progress @ 2026-09-09 02:00:35 : 22210 steps taken, and 1576 accepted.
[0 : mcmc] Progress @ 2026-09-09 02:00:47 : 22958 steps taken, and 1625 accepted.
[2 : mcmc] Progress @ 2026-09-09 02:01:11 : 23371 steps taken, and 1655 accepted.
[3 : mcmc] Progress @ 2026-09-09 02:01:21 : 23228 steps taken, and 1645 accepted.
[1 : mcmc] Progress @ 2026-09-09 02:01:35 : 22306 steps taken, and 1583 accepted.
[0 : mcmc] Progress @ 2026-09-09 02:01:54 : 23070 steps taken, and 1633 accepted.
[2 : mcmc] Progress @ 2026-09-09 02:02:11 : 23498 steps taken, and 1664 accepted.
[3 : mcmc] Progress @ 2026-09-09 02:02:22 : 23324 steps taken, and 1651 accepted.
[1 : mcmc] Progress @ 2026-09-09 02:02:35 : 22378 steps taken, and 1588 accepted.
[0 : mcmc] Progress @ 2026-09-09 02:02:54 : 23167 steps taken, and 1640 accepted.
[2 : mcmc] Progress @ 2026-09-09 02:03:17 : 23610 steps taken, and 1672 accepted.
[3 : mcmc] Progress @ 2026-09-09 02:03:29 : 23434 steps taken, and 1659 accepted.
[1 : mcmc] Progress @ 2026-09-09 02:03:36 : 22477 steps taken, and 1595 accepted.
[0 : mcmc] Progress @ 2026-09-09 02:03:55 : 23265 steps taken, and 1646 accepted.
[2 : mcmc] Progress @ 2026-09-09 02:04:17 : 23736 steps taken, and 1681 accepted.
[3 : mcmc] Progress @ 2026-09-09 02:04:29 : 23530 steps taken, and 1666 accepted.
[1 : mcmc] Progress @ 2026-09-09 02:04:36 : 22575 steps taken, and 1602 accepted.
[0 : mcmc] Progress @ 2026-09-09 02:04:55 : 23365 steps taken, and 1652 accepted.
[2 : mcmc] Progress @ 2026-09-09 02:05:18 : 23835 steps taken, and 1688 accepted.
[3 : mcmc] Progress @ 2026-09-09 02:05:30 : 23629 steps taken, and 1672 accepted.
[1 : mcmc] Progress @ 2026-09-09 02:05:36 : 22701 steps taken, and 1611 accepted.
[0 : mcmc] Progress @ 2026-09-09 02:05:55 : 23463 steps taken, and 1659 accepted.
[2 : mcmc] Progress @ 2026-09-09 02:06:18 : 23961 steps taken, and 1697 accepted.
[3 : mcmc] Progress @ 2026-09-09 02:06:30 : 23725 steps taken, and 1679 accepted.
[1 : mcmc] Progress @ 2026-09-09 02:06:46 : 22820 steps taken, and 1619 accepted.
[0 : mcmc] Progress @ 2026-09-09 02:06:55 : 23559 steps taken, and 1666 accepted.
[2 : mcmc] Progress @ 2026-09-09 02:07:26 : 24075 steps taken, and 1705 accepted.
[3 : mcmc] Progress @ 2026-09-09 02:07:31 : 23844 steps taken, and 1687 accepted.
[1 : mcmc] Progress @ 2026-09-09 02:07:47 : 22944 steps taken, and 1628 accepted.
[0 : mcmc] Progress @ 2026-09-09 02:07:56 : 23629 steps taken, and 1671 accepted.
[2 : mcmc] Progress @ 2026-09-09 02:08:26 : 24172 steps taken, and 1712 accepted.
[3 : mcmc] Progress @ 2026-09-09 02:08:31 : 23940 steps taken, and 1694 accepted.
[1 : mcmc] Progress @ 2026-09-09 02:08:47 : 23041 steps taken, and 1635 accepted.
[0 : mcmc] Progress @ 2026-09-09 02:08:56 : 23725 steps taken, and 1677 accepted.
[2 : mcmc] Progress @ 2026-09-09 02:09:26 : 24268 steps taken, and 1719 accepted.
[3 : mcmc] Progress @ 2026-09-09 02:09:31 : 24037 steps taken, and 1701 accepted.
[0 : mcmc] Progress @ 2026-09-09 02:09:56 : 23823 steps taken, and 1684 accepted.
[1 : mcmc] Progress @ 2026-09-09 02:09:59 : 23137 steps taken, and 1641 accepted.
[2 : mcmc] Progress @ 2026-09-09 02:10:37 : 24388 steps taken, and 1727 accepted.
[3 : mcmc] Progress @ 2026-09-09 02:10:43 : 24133 steps taken, and 1708 accepted.
[0 : mcmc] Progress @ 2026-09-09 02:10:57 : 23948 steps taken, and 1694 accepted.
[1 : mcmc] Progress @ 2026-09-09 02:10:59 : 23235 steps taken, and 1648 accepted.
[2 : mcmc] Progress @ 2026-09-09 02:11:38 : 24486 steps taken, and 1734 accepted.
[3 : mcmc] Progress @ 2026-09-09 02:11:54 : 24251 steps taken, and 1716 accepted.
[0 : mcmc] Progress @ 2026-09-09 02:11:57 : 24019 steps taken, and 1699 accepted.
[1 : mcmc] Progress @ 2026-09-09 02:11:59 : 23332 steps taken, and 1655 accepted.
[2 : mcmc] Progress @ 2026-09-09 02:12:38 : 24583 steps taken, and 1741 accepted.
[3 : mcmc] Progress @ 2026-09-09 02:12:54 : 24375 steps taken, and 1726 accepted.
[1 : mcmc] Progress @ 2026-09-09 02:12:59 : 23404 steps taken, and 1659 accepted.
[0 : mcmc] Progress @ 2026-09-09 02:13:09 : 24142 steps taken, and 1708 accepted.
[2 : mcmc] Progress @ 2026-09-09 02:13:42 : 24661 steps taken, and 1747 accepted.
[3 : mcmc] Progress @ 2026-09-09 02:13:58 : 24454 steps taken, and 1731 accepted.
[1 : mcmc] Progress @ 2026-09-09 02:13:59 : 23501 steps taken, and 1666 accepted.
[0 : mcmc] Progress @ 2026-09-09 02:14:09 : 24239 steps taken, and 1714 accepted.
[2 : mcmc] Progress @ 2026-09-09 02:14:42 : 24785 steps taken, and 1756 accepted.
[1 : mcmc] Progress @ 2026-09-09 02:15:02 : 23577 steps taken, and 1671 accepted.
[3 : mcmc] Progress @ 2026-09-09 02:15:05 : 24563 steps taken, and 1739 accepted.
[0 : mcmc] Progress @ 2026-09-09 02:15:09 : 24363 steps taken, and 1723 accepted.
[2 : mcmc] Progress @ 2026-09-09 02:15:42 : 24856 steps taken, and 1761 accepted.
[3 : mcmc] Progress @ 2026-09-09 02:16:05 : 24686 steps taken, and 1748 accepted.
[0 : mcmc] Progress @ 2026-09-09 02:16:09 : 24432 steps taken, and 1728 accepted.
[1 : mcmc] Progress @ 2026-09-09 02:16:11 : 23693 steps taken, and 1680 accepted.
[2 : mcmc] Progress @ 2026-09-09 02:16:43 : 24953 steps taken, and 1768 accepted.
[3 : mcmc] Progress @ 2026-09-09 02:17:05 : 24809 steps taken, and 1756 accepted.
[0 : mcmc] Progress @ 2026-09-09 02:17:09 : 24530 steps taken, and 1736 accepted.
[1 : mcmc] Progress @ 2026-09-09 02:17:11 : 23818 steps taken, and 1688 accepted.
[2 : mcmc] Progress @ 2026-09-09 02:17:43 : 25079 steps taken, and 1776 accepted.
[3 : mcmc] Progress @ 2026-09-09 02:18:05 : 24908 steps taken, and 1763 accepted.
[0 : mcmc] Progress @ 2026-09-09 02:18:10 : 24654 steps taken, and 1744 accepted.
[1 : mcmc] Progress @ 2026-09-09 02:18:12 : 23944 steps taken, and 1697 accepted.
[2 : mcmc] Progress @ 2026-09-09 02:18:43 : 25175 steps taken, and 1783 accepted.
[3 : mcmc] Progress @ 2026-09-09 02:19:06 : 25005 steps taken, and 1769 accepted.
[0 : mcmc] Progress @ 2026-09-09 02:19:10 : 24754 steps taken, and 1750 accepted.
[1 : mcmc] Progress @ 2026-09-09 02:19:12 : 24043 steps taken, and 1704 accepted.
[2 : mcmc] Progress @ 2026-09-09 02:19:44 : 25274 steps taken, and 1790 accepted.
[3 : mcmc] Progress @ 2026-09-09 02:20:06 : 25077 steps taken, and 1774 accepted.
[0 : mcmc] Progress @ 2026-09-09 02:20:10 : 24853 steps taken, and 1757 accepted.
[1 : mcmc] Progress @ 2026-09-09 02:20:12 : 24142 steps taken, and 1711 accepted.
[2 : mcmc] Progress @ 2026-09-09 02:20:53 : 25391 steps taken, and 1799 accepted.
[2 : mcmc] Learn + convergence test @ 1800 samples accepted.
[2 : mcmc] Ready to check convergence and learn a new proposal covmat (waiting for the rest...)
[3 : mcmc] Progress @ 2026-09-09 02:21:06 : 25173 steps taken, and 1782 accepted.
[0 : mcmc] Progress @ 2026-09-09 02:21:10 : 24951 steps taken, and 1763 accepted.
[1 : mcmc] Progress @ 2026-09-09 02:21:25 : 24239 steps taken, and 1718 accepted.
[2 : mcmc] Progress @ 2026-09-09 02:21:53 : 25490 steps taken, and 1806 accepted.
[3 : mcmc] Progress @ 2026-09-09 02:22:06 : 25298 steps taken, and 1790 accepted.
[0 : mcmc] Progress @ 2026-09-09 02:22:11 : 25049 steps taken, and 1771 accepted.
[1 : mcmc] Progress @ 2026-09-09 02:22:25 : 24364 steps taken, and 1727 accepted.
[2 : mcmc] Progress @ 2026-09-09 02:22:54 : 25615 steps taken, and 1815 accepted.
[3 : mcmc] Progress @ 2026-09-09 02:23:07 : 25422 steps taken, and 1799 accepted.
[0 : mcmc] Progress @ 2026-09-09 02:23:11 : 25121 steps taken, and 1776 accepted.
[3 : mcmc] Learn + convergence test @ 1800 samples accepted.
[3 : mcmc] Ready to check convergence and learn a new proposal covmat (waiting for the rest...)
[1 : mcmc] Progress @ 2026-09-09 02:23:25 : 24463 steps taken, and 1734 accepted.
[2 : mcmc] Progress @ 2026-09-09 02:23:54 : 25713 steps taken, and 1822 accepted.
[3 : mcmc] Progress @ 2026-09-09 02:24:07 : 25493 steps taken, and 1804 accepted.
[0 : mcmc] Progress @ 2026-09-09 02:24:17 : 25232 steps taken, and 1783 accepted.
[1 : mcmc] Progress @ 2026-09-09 02:24:26 : 24562 steps taken, and 1740 accepted.
[2 : mcmc] Progress @ 2026-09-09 02:24:54 : 25837 steps taken, and 1831 accepted.
[3 : mcmc] Progress @ 2026-09-09 02:25:07 : 25617 steps taken, and 1813 accepted.
[0 : mcmc] Progress @ 2026-09-09 02:25:18 : 25330 steps taken, and 1790 accepted.
[1 : mcmc] Progress @ 2026-09-09 02:25:26 : 24661 steps taken, and 1748 accepted.
[2 : mcmc] Progress @ 2026-09-09 02:25:54 : 25937 steps taken, and 1838 accepted.
[3 : mcmc] Progress @ 2026-09-09 02:26:08 : 25716 steps taken, and 1820 accepted.
[0 : mcmc] Progress @ 2026-09-09 02:26:18 : 25429 steps taken, and 1798 accepted.
[1 : mcmc] Progress @ 2026-09-09 02:26:26 : 24759 steps taken, and 1755 accepted.
[0 : mcmc] Learn + convergence test @ 1800 samples accepted.
[0 : mcmc] Ready to check convergence and learn a new proposal covmat (waiting for the rest...)
[2 : mcmc] Progress @ 2026-09-09 02:26:55 : 26035 steps taken, and 1845 accepted.
[3 : mcmc] Progress @ 2026-09-09 02:27:08 : 25839 steps taken, and 1829 accepted.
[0 : mcmc] Progress @ 2026-09-09 02:27:18 : 25553 steps taken, and 1807 accepted.
[1 : mcmc] Progress @ 2026-09-09 02:27:36 : 24878 steps taken, and 1763 accepted.
[2 : mcmc] Progress @ 2026-09-09 02:27:55 : 26158 steps taken, and 1853 accepted.
[3 : mcmc] Progress @ 2026-09-09 02:28:08 : 25965 steps taken, and 1837 accepted.
[0 : mcmc] Progress @ 2026-09-09 02:28:18 : 25651 steps taken, and 1814 accepted.
[1 : mcmc] Progress @ 2026-09-09 02:28:48 : 24975 steps taken, and 1770 accepted.
[2 : mcmc] Progress @ 2026-09-09 02:28:55 : 26256 steps taken, and 1861 accepted.
[3 : mcmc] Progress @ 2026-09-09 02:29:15 : 26077 steps taken, and 1845 accepted.
[0 : mcmc] Progress @ 2026-09-09 02:29:19 : 25754 steps taken, and 1821 accepted.
[1 : mcmc] Progress @ 2026-09-09 02:29:48 : 25099 steps taken, and 1778 accepted.
[2 : mcmc] Progress @ 2026-09-09 02:30:01 : 26339 steps taken, and 1866 accepted.
[3 : mcmc] Progress @ 2026-09-09 02:30:15 : 26200 steps taken, and 1855 accepted.
[0 : mcmc] Progress @ 2026-09-09 02:30:19 : 25878 steps taken, and 1830 accepted.
[1 : mcmc] Progress @ 2026-09-09 02:30:48 : 25198 steps taken, and 1785 accepted.
[2 : mcmc] Progress @ 2026-09-09 02:31:02 : 26464 steps taken, and 1875 accepted.
[3 : mcmc] Progress @ 2026-09-09 02:31:15 : 26272 steps taken, and 1860 accepted.
[0 : mcmc] Progress @ 2026-09-09 02:31:19 : 25976 steps taken, and 1837 accepted.
[1 : mcmc] Progress @ 2026-09-09 02:31:48 : 25323 steps taken, and 1794 accepted.
[2 : mcmc] Progress @ 2026-09-09 02:32:02 : 26562 steps taken, and 1882 accepted.
[0 : mcmc] Progress @ 2026-09-09 02:32:19 : 26075 steps taken, and 1844 accepted.
[3 : mcmc] Progress @ 2026-09-09 02:32:23 : 26386 steps taken, and 1868 accepted.
[1 : mcmc] Learn + convergence test @ 1800 samples accepted.
[1 : mcmc] Ready to check convergence and learn a new proposal covmat (waiting for the rest...)
[0 : mcmc] All chains are ready to check convergence and learn a new proposal covmat
[0 : mcmc]  - Acceptance rate: 0.992 = avg([0.9914, 0.9923, 0.9937, 0.9926])
[0 : mcmc]  - Convergence of means: R-1 = 0.127228 after 7406 accepted steps = sum([1847, 1800, 1887, 1872])
[0 : mcmc]  - Updated covariance matrix of proposal pdf.
[1 : mcmc] Progress @ 2026-09-09 02:32:53 : 25400 steps taken, and 1800 accepted.
[2 : mcmc] Progress @ 2026-09-09 02:33:02 : 26652 steps taken, and 1888 accepted.
[0 : mcmc] Progress @ 2026-09-09 02:33:20 : 26173 steps taken, and 1851 accepted.
[3 : mcmc] Progress @ 2026-09-09 02:33:23 : 26471 steps taken, and 1874 accepted.
[1 : mcmc] Progress @ 2026-09-09 02:33:54 : 25499 steps taken, and 1807 accepted.
[2 : mcmc] Progress @ 2026-09-09 02:34:02 : 26749 steps taken, and 1895 accepted.
[3 : mcmc] Progress @ 2026-09-09 02:34:23 : 26569 steps taken, and 1881 accepted.
[0 : mcmc] Progress @ 2026-09-09 02:34:25 : 26256 steps taken, and 1857 accepted.
[1 : mcmc] Progress @ 2026-09-09 02:34:59 : 25581 steps taken, and 1812 accepted.
[2 : mcmc] Progress @ 2026-09-09 02:35:08 : 26832 steps taken, and 1901 accepted.
[3 : mcmc] Progress @ 2026-09-09 02:35:23 : 26693 steps taken, and 1889 accepted.
[0 : mcmc] Progress @ 2026-09-09 02:35:25 : 26381 steps taken, and 1866 accepted.
[1 : mcmc] Progress @ 2026-09-09 02:35:59 : 25680 steps taken, and 1820 accepted.
[2 : mcmc] Progress @ 2026-09-09 02:36:20 : 26955 steps taken, and 1910 accepted.
[0 : mcmc] Progress @ 2026-09-09 02:36:25 : 26453 steps taken, and 1871 accepted.
[3 : mcmc] Progress @ 2026-09-09 02:36:31 : 26779 steps taken, and 1895 accepted.
[1 : mcmc] Progress @ 2026-09-09 02:36:59 : 25778 steps taken, and 1827 accepted.
[0 : mcmc] Progress @ 2026-09-09 02:37:25 : 26551 steps taken, and 1878 accepted.
[3 : mcmc] Progress @ 2026-09-09 02:37:31 : 26903 steps taken, and 1904 accepted.
[2 : mcmc] Progress @ 2026-09-09 02:37:33 : 27079 steps taken, and 1918 accepted.
[1 : mcmc] Progress @ 2026-09-09 02:38:00 : 25876 steps taken, and 1834 accepted.
[0 : mcmc] Progress @ 2026-09-09 02:38:25 : 26649 steps taken, and 1885 accepted.
[3 : mcmc] Progress @ 2026-09-09 02:38:31 : 27000 steps taken, and 1911 accepted.
[2 : mcmc] Progress @ 2026-09-09 02:38:33 : 27202 steps taken, and 1926 accepted.
[1 : mcmc] Progress @ 2026-09-09 02:39:00 : 25975 steps taken, and 1840 accepted.
[0 : mcmc] Progress @ 2026-09-09 02:39:26 : 26775 steps taken, and 1894 accepted.
[3 : mcmc] Progress @ 2026-09-09 02:39:31 : 27071 steps taken, and 1916 accepted.
[2 : mcmc] Progress @ 2026-09-09 02:39:33 : 27300 steps taken, and 1933 accepted.
[1 : mcmc] Progress @ 2026-09-09 02:40:07 : 26061 steps taken, and 1847 accepted.
[0 : mcmc] Progress @ 2026-09-09 02:40:29 : 26880 steps taken, and 1901 accepted.
[3 : mcmc] Progress @ 2026-09-09 02:40:32 : 27194 steps taken, and 1925 accepted.
[2 : mcmc] Progress @ 2026-09-09 02:40:40 : 27384 steps taken, and 1939 accepted.
[1 : mcmc] Progress @ 2026-09-09 02:41:07 : 26185 steps taken, and 1856 accepted.
[0 : mcmc] Progress @ 2026-09-09 02:41:29 : 26978 steps taken, and 1908 accepted.
[3 : mcmc] Progress @ 2026-09-09 02:41:32 : 27265 steps taken, and 1930 accepted.
[2 : mcmc] Progress @ 2026-09-09 02:41:40 : 27481 steps taken, and 1945 accepted.
[1 : mcmc] Progress @ 2026-09-09 02:42:07 : 26285 steps taken, and 1863 accepted.
[0 : mcmc] Progress @ 2026-09-09 02:42:29 : 27077 steps taken, and 1915 accepted.
[3 : mcmc] Progress @ 2026-09-09 02:42:32 : 27362 steps taken, and 1937 accepted.
[2 : mcmc] Progress @ 2026-09-09 02:42:40 : 27579 steps taken, and 1952 accepted.
[1 : mcmc] Progress @ 2026-09-09 02:43:07 : 26384 steps taken, and 1870 accepted.
[0 : mcmc] Progress @ 2026-09-09 02:43:29 : 27176 steps taken, and 1922 accepted.
[3 : mcmc] Progress @ 2026-09-09 02:43:42 : 27454 steps taken, and 1943 accepted.
[2 : mcmc] Progress @ 2026-09-09 02:43:51 : 27698 steps taken, and 1960 accepted.
[1 : mcmc] Progress @ 2026-09-09 02:44:07 : 26509 steps taken, and 1879 accepted.
[0 : mcmc] Progress @ 2026-09-09 02:44:30 : 27301 steps taken, and 1931 accepted.
[3 : mcmc] Progress @ 2026-09-09 02:44:42 : 27577 steps taken, and 1952 accepted.
[2 : mcmc] Progress @ 2026-09-09 02:44:51 : 27796 steps taken, and 1967 accepted.
[1 : mcmc] Progress @ 2026-09-09 02:45:07 : 26608 steps taken, and 1885 accepted.
[0 : mcmc] Progress @ 2026-09-09 02:45:30 : 27400 steps taken, and 1938 accepted.
[3 : mcmc] Progress @ 2026-09-09 02:45:43 : 27647 steps taken, and 1957 accepted.
[2 : mcmc] Progress @ 2026-09-09 02:45:53 : 27896 steps taken, and 1975 accepted.
[1 : mcmc] Progress @ 2026-09-09 02:46:08 : 26707 steps taken, and 1893 accepted.
[0 : mcmc] Progress @ 2026-09-09 02:46:30 : 27526 steps taken, and 1947 accepted.
[3 : mcmc] Progress @ 2026-09-09 02:46:43 : 27772 steps taken, and 1966 accepted.
[2 : mcmc] Progress @ 2026-09-09 02:46:59 : 28007 steps taken, and 1983 accepted.
[1 : mcmc] Progress @ 2026-09-09 02:47:08 : 26833 steps taken, and 1902 accepted.
[0 : mcmc] Progress @ 2026-09-09 02:47:30 : 27625 steps taken, and 1954 accepted.
[3 : mcmc] Progress @ 2026-09-09 02:47:43 : 27870 steps taken, and 1973 accepted.
[2 : mcmc] Progress @ 2026-09-09 02:47:59 : 28105 steps taken, and 1990 accepted.
[1 : mcmc] Progress @ 2026-09-09 02:48:08 : 26931 steps taken, and 1909 accepted.
[0 : mcmc] Progress @ 2026-09-09 02:48:34 : 27729 steps taken, and 1962 accepted.
[3 : mcmc] Progress @ 2026-09-09 02:48:43 : 27996 steps taken, and 1982 accepted.
[2 : mcmc] Progress @ 2026-09-09 02:48:59 : 28202 steps taken, and 1997 accepted.
[1 : mcmc] Progress @ 2026-09-09 02:49:08 : 27030 steps taken, and 1916 accepted.
[0 : mcmc] Progress @ 2026-09-09 02:49:34 : 27827 steps taken, and 1969 accepted.
[3 : mcmc] Progress @ 2026-09-09 02:49:50 : 28081 steps taken, and 1988 accepted.
[1 : mcmc] Progress @ 2026-09-09 02:50:08 : 27155 steps taken, and 1925 accepted.
[2 : mcmc] Progress @ 2026-09-09 02:50:09 : 28295 steps taken, and 2003 accepted.
[0 : mcmc] Progress @ 2026-09-09 02:50:34 : 27952 steps taken, and 1978 accepted.
[3 : mcmc] Progress @ 2026-09-09 02:50:53 : 28183 steps taken, and 1995 accepted.
[2 : mcmc] Progress @ 2026-09-09 02:51:10 : 28392 steps taken, and 2010 accepted.
[1 : mcmc] Progress @ 2026-09-09 02:51:20 : 27252 steps taken, and 1931 accepted.
[0 : mcmc] Progress @ 2026-09-09 02:51:34 : 28078 steps taken, and 1987 accepted.
[3 : mcmc] Progress @ 2026-09-09 02:51:53 : 28307 steps taken, and 2004 accepted.
[2 : mcmc] Progress @ 2026-09-09 02:52:10 : 28516 steps taken, and 2019 accepted.
[1 : mcmc] Progress @ 2026-09-09 02:52:21 : 27376 steps taken, and 1941 accepted.
[0 : mcmc] Progress @ 2026-09-09 02:52:34 : 28177 steps taken, and 1994 accepted.
[3 : mcmc] Progress @ 2026-09-09 02:52:53 : 28405 steps taken, and 2011 accepted.
[2 : mcmc] Progress @ 2026-09-09 02:53:10 : 28588 steps taken, and 2024 accepted.
[1 : mcmc] Progress @ 2026-09-09 02:53:21 : 27449 steps taken, and 1946 accepted.
[0 : mcmc] Progress @ 2026-09-09 02:53:34 : 28276 steps taken, and 2001 accepted.
[3 : mcmc] Progress @ 2026-09-09 02:53:54 : 28504 steps taken, and 2018 accepted.
[2 : mcmc] Progress @ 2026-09-09 02:54:11 : 28711 steps taken, and 2033 accepted.
[1 : mcmc] Progress @ 2026-09-09 02:54:21 : 27546 steps taken, and 1953 accepted.
[0 : mcmc] Progress @ 2026-09-09 02:54:35 : 28374 steps taken, and 2008 accepted.
[3 : mcmc] Progress @ 2026-09-09 02:54:54 : 28601 steps taken, and 2025 accepted.
[2 : mcmc] Progress @ 2026-09-09 02:55:11 : 28808 steps taken, and 2040 accepted.
[1 : mcmc] Progress @ 2026-09-09 02:55:21 : 27619 steps taken, and 1958 accepted.
[0 : mcmc] Progress @ 2026-09-09 02:55:35 : 28472 steps taken, and 2015 accepted.
[3 : mcmc] Progress @ 2026-09-09 02:55:54 : 28725 steps taken, and 2034 accepted.
[2 : mcmc] Progress @ 2026-09-09 02:56:11 : 28906 steps taken, and 2047 accepted.
[1 : mcmc] Progress @ 2026-09-09 02:56:21 : 27691 steps taken, and 1963 accepted.
[0 : mcmc] Progress @ 2026-09-09 02:56:35 : 28544 steps taken, and 2020 accepted.
[3 : mcmc] Progress @ 2026-09-09 02:56:54 : 28796 steps taken, and 2039 accepted.
[2 : mcmc] Progress @ 2026-09-09 02:57:11 : 29030 steps taken, and 2056 accepted.
[1 : mcmc] Progress @ 2026-09-09 02:57:22 : 27815 steps taken, and 1972 accepted.
[0 : mcmc] Progress @ 2026-09-09 02:57:35 : 28642 steps taken, and 2027 accepted.
[3 : mcmc] Progress @ 2026-09-09 02:57:54 : 28866 steps taken, and 2044 accepted.
[2 : mcmc] Progress @ 2026-09-09 02:58:12 : 29128 steps taken, and 2062 accepted.
[1 : mcmc] Progress @ 2026-09-09 02:58:22 : 27914 steps taken, and 1979 accepted.
[0 : mcmc] Progress @ 2026-09-09 02:58:44 : 28759 steps taken, and 2036 accepted.
[3 : mcmc] Progress @ 2026-09-09 02:58:54 : 28989 steps taken, and 2053 accepted.
[2 : mcmc] Progress @ 2026-09-09 02:59:12 : 29225 steps taken, and 2069 accepted.
[1 : mcmc] Progress @ 2026-09-09 02:59:22 : 28005 steps taken, and 1986 accepted.
[0 : mcmc] Progress @ 2026-09-09 02:59:52 : 28874 steps taken, and 2044 accepted.
[3 : mcmc] Progress @ 2026-09-09 02:59:55 : 29076 steps taken, and 2059 accepted.
[2 : mcmc] Progress @ 2026-09-09 03:00:12 : 29296 steps taken, and 2074 accepted.
[1 : mcmc] Progress @ 2026-09-09 03:00:22 : 28053 steps taken, and 1989 accepted.
[0 : mcmc] Progress @ 2026-09-09 03:00:52 : 28973 steps taken, and 2050 accepted.
[3 : mcmc] Progress @ 2026-09-09 03:00:55 : 29125 steps taken, and 2063 accepted.
[2 : mcmc] Progress @ 2026-09-09 03:01:15 : 29398 steps taken, and 2081 accepted.
[1 : mcmc] Progress @ 2026-09-09 03:01:27 : 28107 steps taken, and 1993 accepted.
[0 : mcmc] Progress @ 2026-09-09 03:01:52 : 29098 steps taken, and 2059 accepted.
[3 : mcmc] Progress @ 2026-09-09 03:01:56 : 29197 steps taken, and 2068 accepted.
[2 : mcmc] Progress @ 2026-09-09 03:02:15 : 29495 steps taken, and 2088 accepted.
[1 : mcmc] Progress @ 2026-09-09 03:02:27 : 28179 steps taken, and 1998 accepted.
[0 : mcmc] Progress @ 2026-09-09 03:02:52 : 29224 steps taken, and 2069 accepted.
[3 : mcmc] Progress @ 2026-09-09 03:02:56 : 29245 steps taken, and 2071 accepted.
[2 : mcmc] Progress @ 2026-09-09 03:03:15 : 29593 steps taken, and 2095 accepted.
[1 : mcmc] Progress @ 2026-09-09 03:03:32 : 28209 steps taken, and 2000 accepted.
[0 : mcmc] Progress @ 2026-09-09 03:03:52 : 29322 steps taken, and 2076 accepted.
[3 : mcmc] Progress @ 2026-09-09 03:03:56 : 29318 steps taken, and 2076 accepted.
[2 : mcmc] Progress @ 2026-09-09 03:04:17 : 29693 steps taken, and 2101 accepted.
[1 : mcmc] Progress @ 2026-09-09 03:04:32 : 28281 steps taken, and 2005 accepted.
[0 : mcmc] Progress @ 2026-09-09 03:04:52 : 29421 steps taken, and 2083 accepted.
[3 : mcmc] Progress @ 2026-09-09 03:04:57 : 29390 steps taken, and 2082 accepted.
[2 : mcmc] Progress @ 2026-09-09 03:05:17 : 29791 steps taken, and 2108 accepted.
[1 : mcmc] Progress @ 2026-09-09 03:05:32 : 28329 steps taken, and 2009 accepted.
[0 : mcmc] Progress @ 2026-09-09 03:05:53 : 29519 steps taken, and 2090 accepted.
[3 : mcmc] Progress @ 2026-09-09 03:05:57 : 29464 steps taken, and 2087 accepted.
[2 : mcmc] Progress @ 2026-09-09 03:06:17 : 29890 steps taken, and 2115 accepted.
[1 : mcmc] Progress @ 2026-09-09 03:06:33 : 28402 steps taken, and 2014 accepted.
[0 : mcmc] Progress @ 2026-09-09 03:06:53 : 29618 steps taken, and 2097 accepted.
[3 : mcmc] Progress @ 2026-09-09 03:06:57 : 29538 steps taken, and 2092 accepted.
[2 : mcmc] Progress @ 2026-09-09 03:07:17 : 29986 steps taken, and 2122 accepted.
[1 : mcmc] Progress @ 2026-09-09 03:07:33 : 28475 steps taken, and 2019 accepted.
[0 : mcmc] Progress @ 2026-09-09 03:07:58 : 29727 steps taken, and 2105 accepted.
[3 : mcmc] Progress @ 2026-09-09 03:08:17 : 29586 steps taken, and 2096 accepted.
[2 : mcmc] Progress @ 2026-09-09 03:08:17 : 30083 steps taken, and 2129 accepted.
[1 : mcmc] Progress @ 2026-09-09 03:08:33 : 28549 steps taken, and 2024 accepted.
[0 : mcmc] Progress @ 2026-09-09 03:08:58 : 29852 steps taken, and 2114 accepted.
[3 : mcmc] Progress @ 2026-09-09 03:09:17 : 29658 steps taken, and 2101 accepted.
[2 : mcmc] Progress @ 2026-09-09 03:09:18 : 30180 steps taken, and 2136 accepted.
[1 : mcmc] Progress @ 2026-09-09 03:09:34 : 28622 steps taken, and 2030 accepted.
[0 : mcmc] Progress @ 2026-09-09 03:09:58 : 29950 steps taken, and 2120 accepted.
[3 : mcmc] Progress @ 2026-09-09 03:10:18 : 29731 steps taken, and 2106 accepted.
[2 : mcmc] Progress @ 2026-09-09 03:10:18 : 30250 steps taken, and 2140 accepted.
[1 : mcmc] Progress @ 2026-09-09 03:10:34 : 28700 steps taken, and 2035 accepted.
[0 : mcmc] Progress @ 2026-09-09 03:10:59 : 29999 steps taken, and 2124 accepted.
[3 : mcmc] Progress @ 2026-09-09 03:11:18 : 29780 steps taken, and 2110 accepted.
[2 : mcmc] Progress @ 2026-09-09 03:11:18 : 30374 steps taken, and 2149 accepted.
[1 : mcmc] Progress @ 2026-09-09 03:11:34 : 28799 steps taken, and 2042 accepted.
[0 : mcmc] Progress @ 2026-09-09 03:11:59 : 30072 steps taken, and 2129 accepted.
[3 : mcmc] Progress @ 2026-09-09 03:12:18 : 29850 steps taken, and 2115 accepted.
[2 : mcmc] Progress @ 2026-09-09 03:12:19 : 30472 steps taken, and 2157 accepted.
[1 : mcmc] Progress @ 2026-09-09 03:12:34 : 28897 steps taken, and 2049 accepted.
[2 : mcmc] Learn + convergence test @ 2160 samples accepted.
[2 : mcmc] Ready to check convergence and learn a new proposal covmat (waiting for the rest...)
[0 : mcmc] Progress @ 2026-09-09 03:13:11 : 30130 steps taken, and 2134 accepted.
[3 : mcmc] Progress @ 2026-09-09 03:13:19 : 29902 steps taken, and 2118 accepted.
[2 : mcmc] Progress @ 2026-09-09 03:13:19 : 30569 steps taken, and 2163 accepted.
[1 : mcmc] Progress @ 2026-09-09 03:13:35 : 28996 steps taken, and 2056 accepted.
[0 : mcmc] Progress @ 2026-09-09 03:14:11 : 30228 steps taken, and 2141 accepted.
[2 : mcmc] Progress @ 2026-09-09 03:14:19 : 30667 steps taken, and 2170 accepted.
[3 : mcmc] Progress @ 2026-09-09 03:14:19 : 30000 steps taken, and 2125 accepted.
[1 : mcmc] Progress @ 2026-09-09 03:14:35 : 29122 steps taken, and 2066 accepted.
[0 : mcmc] Progress @ 2026-09-09 03:15:11 : 30326 steps taken, and 2147 accepted.
[2 : mcmc] Progress @ 2026-09-09 03:15:19 : 30764 steps taken, and 2177 accepted.
[3 : mcmc] Progress @ 2026-09-09 03:15:20 : 30099 steps taken, and 2132 accepted.
[1 : mcmc] Progress @ 2026-09-09 03:15:35 : 29219 steps taken, and 2072 accepted.
[2 : mcmc] Progress @ 2026-09-09 03:16:20 : 30835 steps taken, and 2182 accepted.
[0 : mcmc] Progress @ 2026-09-09 03:16:23 : 30448 steps taken, and 2156 accepted.
[3 : mcmc] Progress @ 2026-09-09 03:16:28 : 30214 steps taken, and 2141 accepted.
[1 : mcmc] Progress @ 2026-09-09 03:16:35 : 29290 steps taken, and 2078 accepted.
[0 : mcmc] Learn + convergence test @ 2160 samples accepted.
[0 : mcmc] Ready to check convergence and learn a new proposal covmat (waiting for the rest...)
[2 : mcmc] Progress @ 2026-09-09 03:17:20 : 30959 steps taken, and 2191 accepted.
[0 : mcmc] Progress @ 2026-09-09 03:17:23 : 30547 steps taken, and 2163 accepted.
[3 : mcmc] Progress @ 2026-09-09 03:17:29 : 30314 steps taken, and 2148 accepted.
[1 : mcmc] Progress @ 2026-09-09 03:17:36 : 29416 steps taken, and 2087 accepted.
[2 : mcmc] Progress @ 2026-09-09 03:18:20 : 31086 steps taken, and 2199 accepted.
[0 : mcmc] Progress @ 2026-09-09 03:18:23 : 30647 steps taken, and 2170 accepted.
[3 : mcmc] Progress @ 2026-09-09 03:18:29 : 30440 steps taken, and 2157 accepted.
[1 : mcmc] Progress @ 2026-09-09 03:18:36 : 29487 steps taken, and 2091 accepted.
[3 : mcmc] Learn + convergence test @ 2160 samples accepted.
[3 : mcmc] Ready to check convergence and learn a new proposal covmat (waiting for the rest...)
[2 : mcmc] Progress @ 2026-09-09 03:19:20 : 31183 steps taken, and 2206 accepted.
[0 : mcmc] Progress @ 2026-09-09 03:19:23 : 30745 steps taken, and 2177 accepted.
[3 : mcmc] Progress @ 2026-09-09 03:19:30 : 30565 steps taken, and 2166 accepted.
[1 : mcmc] Progress @ 2026-09-09 03:19:43 : 29574 steps taken, and 2097 accepted.
[2 : mcmc] Progress @ 2026-09-09 03:20:20 : 31280 steps taken, and 2213 accepted.
[0 : mcmc] Progress @ 2026-09-09 03:20:24 : 30817 steps taken, and 2182 accepted.
[3 : mcmc] Progress @ 2026-09-09 03:20:30 : 30663 steps taken, and 2173 accepted.
[1 : mcmc] Progress @ 2026-09-09 03:20:48 : 29681 steps taken, and 2104 accepted.
[2 : mcmc] Progress @ 2026-09-09 03:21:21 : 31407 steps taken, and 2222 accepted.
[0 : mcmc] Progress @ 2026-09-09 03:21:24 : 30916 steps taken, and 2190 accepted.
[3 : mcmc] Progress @ 2026-09-09 03:21:30 : 30762 steps taken, and 2180 accepted.
[1 : mcmc] Progress @ 2026-09-09 03:21:48 : 29804 steps taken, and 2113 accepted.
[2 : mcmc] Progress @ 2026-09-09 03:22:21 : 31504 steps taken, and 2229 accepted.
[0 : mcmc] Progress @ 2026-09-09 03:22:24 : 31040 steps taken, and 2199 accepted.
[3 : mcmc] Progress @ 2026-09-09 03:22:30 : 30860 steps taken, and 2187 accepted.
[1 : mcmc] Progress @ 2026-09-09 03:22:49 : 29877 steps taken, and 2118 accepted.
[0 : mcmc] Progress @ 2026-09-09 03:23:25 : 31140 steps taken, and 2206 accepted.
[2 : mcmc] Progress @ 2026-09-09 03:23:26 : 31613 steps taken, and 2236 accepted.
[3 : mcmc] Progress @ 2026-09-09 03:23:31 : 30958 steps taken, and 2194 accepted.
[1 : mcmc] Progress @ 2026-09-09 03:23:49 : 29975 steps taken, and 2125 accepted.
[0 : mcmc] Progress @ 2026-09-09 03:24:25 : 31212 steps taken, and 2211 accepted.
[2 : mcmc] Progress @ 2026-09-09 03:24:27 : 31710 steps taken, and 2243 accepted.
[3 : mcmc] Progress @ 2026-09-09 03:24:31 : 31058 steps taken, and 2201 accepted.
[1 : mcmc] Progress @ 2026-09-09 03:24:50 : 30046 steps taken, and 2131 accepted.
[0 : mcmc] Progress @ 2026-09-09 03:25:25 : 31338 steps taken, and 2220 accepted.
[2 : mcmc] Progress @ 2026-09-09 03:25:27 : 31834 steps taken, and 2252 accepted.
[3 : mcmc] Progress @ 2026-09-09 03:25:31 : 31156 steps taken, and 2207 accepted.
[1 : mcmc] Progress @ 2026-09-09 03:25:50 : 30172 steps taken, and 2139 accepted.
[0 : mcmc] Progress @ 2026-09-09 03:26:25 : 31465 steps taken, and 2229 accepted.
[2 : mcmc] Progress @ 2026-09-09 03:26:27 : 31933 steps taken, and 2259 accepted.
[3 : mcmc] Progress @ 2026-09-09 03:26:34 : 31260 steps taken, and 2215 accepted.
[1 : mcmc] Progress @ 2026-09-09 03:26:59 : 30262 steps taken, and 2145 accepted.
[0 : mcmc] Progress @ 2026-09-09 03:27:25 : 31563 steps taken, and 2235 accepted.
[3 : mcmc] Progress @ 2026-09-09 03:27:34 : 31384 steps taken, and 2224 accepted.
[2 : mcmc] Progress @ 2026-09-09 03:27:39 : 32027 steps taken, and 2266 accepted.
[1 : mcmc] Progress @ 2026-09-09 03:27:59 : 30386 steps taken, and 2154 accepted.
[0 : mcmc] Progress @ 2026-09-09 03:28:28 : 31668 steps taken, and 2242 accepted.
[3 : mcmc] Progress @ 2026-09-09 03:28:34 : 31483 steps taken, and 2231 accepted.
[1 : mcmc] Learn + convergence test @ 2160 samples accepted.
[1 : mcmc] Ready to check convergence and learn a new proposal covmat (waiting for the rest...)
[0 : mcmc] All chains are ready to check convergence and learn a new proposal covmat
[2 : mcmc] Progress @ 2026-09-09 03:28:39 : 32153 steps taken, and 2274 accepted.
[0 : mcmc]  - Acceptance rate: 0.993 = avg([0.9938, 0.9936, 0.9913, 0.9929])
[0 : mcmc]  - Convergence of means: R-1 = 0.095798 after 8912 accepted steps = sum([2244, 2160, 2275, 2233])
[0 : mcmc]  - Updated covariance matrix of proposal pdf.
[1 : mcmc] Progress @ 2026-09-09 03:29:00 : 30498 steps taken, and 2162 accepted.
[0 : mcmc] Progress @ 2026-09-09 03:29:28 : 31754 steps taken, and 2249 accepted.
[3 : mcmc] Progress @ 2026-09-09 03:29:35 : 31609 steps taken, and 2240 accepted.
[2 : mcmc] Progress @ 2026-09-09 03:29:45 : 32254 steps taken, and 2282 accepted.
[1 : mcmc] Progress @ 2026-09-09 03:30:00 : 30570 steps taken, and 2167 accepted.
[0 : mcmc] Progress @ 2026-09-09 03:30:31 : 31830 steps taken, and 2254 accepted.
[3 : mcmc] Progress @ 2026-09-09 03:30:40 : 31718 steps taken, and 2248 accepted.
[2 : mcmc] Progress @ 2026-09-09 03:30:45 : 32352 steps taken, and 2289 accepted.
[1 : mcmc] Progress @ 2026-09-09 03:31:00 : 30669 steps taken, and 2174 accepted.
[0 : mcmc] Progress @ 2026-09-09 03:31:31 : 31954 steps taken, and 2263 accepted.
[3 : mcmc] Progress @ 2026-09-09 03:31:40 : 31790 steps taken, and 2253 accepted.
[2 : mcmc] Progress @ 2026-09-09 03:31:46 : 32476 steps taken, and 2298 accepted.
[1 : mcmc] Progress @ 2026-09-09 03:32:01 : 30767 steps taken, and 2181 accepted.
[0 : mcmc] Progress @ 2026-09-09 03:32:31 : 32026 steps taken, and 2268 accepted.
[3 : mcmc] Progress @ 2026-09-09 03:32:47 : 31875 steps taken, and 2259 accepted.
[2 : mcmc] Progress @ 2026-09-09 03:32:53 : 32537 steps taken, and 2302 accepted.
[1 : mcmc] Progress @ 2026-09-09 03:33:01 : 30865 steps taken, and 2188 accepted.
[0 : mcmc] Progress @ 2026-09-09 03:33:31 : 32152 steps taken, and 2276 accepted.
[3 : mcmc] Progress @ 2026-09-09 03:33:47 : 31999 steps taken, and 2268 accepted.
[2 : mcmc] Progress @ 2026-09-09 03:33:54 : 32660 steps taken, and 2309 accepted.
[1 : mcmc] Progress @ 2026-09-09 03:34:01 : 30991 steps taken, and 2197 accepted.
[0 : mcmc] Progress @ 2026-09-09 03:34:41 : 32272 steps taken, and 2285 accepted.
[3 : mcmc] Progress @ 2026-09-09 03:34:48 : 32097 steps taken, and 2275 accepted.
[2 : mcmc] Progress @ 2026-09-09 03:34:54 : 32786 steps taken, and 2319 accepted.
[1 : mcmc] Progress @ 2026-09-09 03:35:02 : 31089 steps taken, and 2204 accepted.
[0 : mcmc] Progress @ 2026-09-09 03:35:42 : 32370 steps taken, and 2292 accepted.
[3 : mcmc] Progress @ 2026-09-09 03:35:48 : 32222 steps taken, and 2284 accepted.
[2 : mcmc] Progress @ 2026-09-09 03:35:54 : 32884 steps taken, and 2326 accepted.
[1 : mcmc] Progress @ 2026-09-09 03:36:02 : 31160 steps taken, and 2209 accepted.
[3 : mcmc] Progress @ 2026-09-09 03:36:48 : 32320 steps taken, and 2291 accepted.
[0 : mcmc] Progress @ 2026-09-09 03:36:53 : 32464 steps taken, and 2299 accepted.
[2 : mcmc] Progress @ 2026-09-09 03:36:54 : 32955 steps taken, and 2331 accepted.
[1 : mcmc] Progress @ 2026-09-09 03:37:03 : 31234 steps taken, and 2214 accepted.
[3 : mcmc] Progress @ 2026-09-09 03:37:48 : 32419 steps taken, and 2298 accepted.
[2 : mcmc] Progress @ 2026-09-09 03:37:55 : 33054 steps taken, and 2338 accepted.
[1 : mcmc] Progress @ 2026-09-09 03:38:04 : 31359 steps taken, and 2222 accepted.
[0 : mcmc] Progress @ 2026-09-09 03:38:05 : 32586 steps taken, and 2308 accepted.
[3 : mcmc] Progress @ 2026-09-09 03:38:49 : 32518 steps taken, and 2305 accepted.
[2 : mcmc] Progress @ 2026-09-09 03:38:55 : 33152 steps taken, and 2345 accepted.
[0 : mcmc] Progress @ 2026-09-09 03:39:05 : 32684 steps taken, and 2315 accepted.
[1 : mcmc] Progress @ 2026-09-09 03:39:09 : 31467 steps taken, and 2229 accepted.
[3 : mcmc] Progress @ 2026-09-09 03:39:52 : 32622 steps taken, and 2312 accepted.
[2 : mcmc] Progress @ 2026-09-09 03:39:55 : 33225 steps taken, and 2351 accepted.
[0 : mcmc] Progress @ 2026-09-09 03:40:05 : 32756 steps taken, and 2320 accepted.
[1 : mcmc] Progress @ 2026-09-09 03:40:17 : 31556 steps taken, and 2236 accepted.
[3 : mcmc] Progress @ 2026-09-09 03:40:52 : 32720 steps taken, and 2319 accepted.
[2 : mcmc] Progress @ 2026-09-09 03:40:56 : 33324 steps taken, and 2358 accepted.
[0 : mcmc] Progress @ 2026-09-09 03:41:05 : 32829 steps taken, and 2325 accepted.
[1 : mcmc] Progress @ 2026-09-09 03:41:17 : 31679 steps taken, and 2245 accepted.
[3 : mcmc] Progress @ 2026-09-09 03:41:53 : 32818 steps taken, and 2326 accepted.
[2 : mcmc] Progress @ 2026-09-09 03:41:56 : 33448 steps taken, and 2366 accepted.
[0 : mcmc] Progress @ 2026-09-09 03:42:06 : 32953 steps taken, and 2334 accepted.
[1 : mcmc] Progress @ 2026-09-09 03:42:17 : 31777 steps taken, and 2252 accepted.
[3 : mcmc] Progress @ 2026-09-09 03:42:53 : 32917 steps taken, and 2334 accepted.
[2 : mcmc] Progress @ 2026-09-09 03:42:56 : 33546 steps taken, and 2373 accepted.
[0 : mcmc] Progress @ 2026-09-09 03:43:06 : 33051 steps taken, and 2341 accepted.
[1 : mcmc] Progress @ 2026-09-09 03:43:17 : 31875 steps taken, and 2259 accepted.
[3 : mcmc] Progress @ 2026-09-09 03:43:53 : 33015 steps taken, and 2340 accepted.
[2 : mcmc] Progress @ 2026-09-09 03:43:57 : 33674 steps taken, and 2383 accepted.
[0 : mcmc] Progress @ 2026-09-09 03:44:06 : 33123 steps taken, and 2346 accepted.
[1 : mcmc] Progress @ 2026-09-09 03:44:18 : 31947 steps taken, and 2264 accepted.
[3 : mcmc] Progress @ 2026-09-09 03:44:57 : 33121 steps taken, and 2348 accepted.
[2 : mcmc] Progress @ 2026-09-09 03:44:57 : 33799 steps taken, and 2391 accepted.
[0 : mcmc] Progress @ 2026-09-09 03:45:17 : 33217 steps taken, and 2353 accepted.
[1 : mcmc] Progress @ 2026-09-09 03:45:18 : 32071 steps taken, and 2273 accepted.
[3 : mcmc] Progress @ 2026-09-09 03:45:57 : 33219 steps taken, and 2355 accepted.
[2 : mcmc] Progress @ 2026-09-09 03:45:57 : 33897 steps taken, and 2398 accepted.
[0 : mcmc] Progress @ 2026-09-09 03:46:17 : 33341 steps taken, and 2362 accepted.
[1 : mcmc] Progress @ 2026-09-09 03:46:18 : 32170 steps taken, and 2280 accepted.
[3 : mcmc] Progress @ 2026-09-09 03:46:57 : 33319 steps taken, and 2362 accepted.
[2 : mcmc] Progress @ 2026-09-09 03:46:58 : 34023 steps taken, and 2407 accepted.
[1 : mcmc] Progress @ 2026-09-09 03:47:19 : 32296 steps taken, and 2289 accepted.
[0 : mcmc] Progress @ 2026-09-09 03:47:19 : 33418 steps taken, and 2367 accepted.
[3 : mcmc] Progress @ 2026-09-09 03:47:57 : 33417 steps taken, and 2369 accepted.
[2 : mcmc] Progress @ 2026-09-09 03:48:06 : 34086 steps taken, and 2412 accepted.
[1 : mcmc] Progress @ 2026-09-09 03:48:19 : 32421 steps taken, and 2298 accepted.
[0 : mcmc] Progress @ 2026-09-09 03:48:19 : 33543 steps taken, and 2376 accepted.
[3 : mcmc] Progress @ 2026-09-09 03:48:57 : 33513 steps taken, and 2376 accepted.
[2 : mcmc] Progress @ 2026-09-09 03:49:06 : 34209 steps taken, and 2420 accepted.
[1 : mcmc] Progress @ 2026-09-09 03:49:19 : 32518 steps taken, and 2305 accepted.
[0 : mcmc] Progress @ 2026-09-09 03:49:20 : 33669 steps taken, and 2385 accepted.
[3 : mcmc] Progress @ 2026-09-09 03:50:05 : 33625 steps taken, and 2384 accepted.
[2 : mcmc] Progress @ 2026-09-09 03:50:07 : 34281 steps taken, and 2425 accepted.
[0 : mcmc] Progress @ 2026-09-09 03:50:20 : 33767 steps taken, and 2392 accepted.
[1 : mcmc] Progress @ 2026-09-09 03:50:28 : 32632 steps taken, and 2313 accepted.
[3 : mcmc] Progress @ 2026-09-09 03:51:05 : 33723 steps taken, and 2391 accepted.
[2 : mcmc] Progress @ 2026-09-09 03:51:07 : 34379 steps taken, and 2432 accepted.
[0 : mcmc] Progress @ 2026-09-09 03:51:20 : 33868 steps taken, and 2400 accepted.
[1 : mcmc] Progress @ 2026-09-09 03:51:28 : 32731 steps taken, and 2320 accepted.
[3 : mcmc] Progress @ 2026-09-09 03:52:05 : 33848 steps taken, and 2400 accepted.
[2 : mcmc] Progress @ 2026-09-09 03:52:07 : 34478 steps taken, and 2439 accepted.
[0 : mcmc] Progress @ 2026-09-09 03:52:21 : 33993 steps taken, and 2408 accepted.
[1 : mcmc] Progress @ 2026-09-09 03:52:28 : 32858 steps taken, and 2328 accepted.
[3 : mcmc] Progress @ 2026-09-09 03:53:05 : 33947 steps taken, and 2407 accepted.
[2 : mcmc] Progress @ 2026-09-09 03:53:07 : 34578 steps taken, and 2446 accepted.
[0 : mcmc] Progress @ 2026-09-09 03:53:21 : 34065 steps taken, and 2413 accepted.
[1 : mcmc] Progress @ 2026-09-09 03:53:31 : 32962 steps taken, and 2336 accepted.
[3 : mcmc] Progress @ 2026-09-09 03:54:06 : 34044 steps taken, and 2414 accepted.
[2 : mcmc] Progress @ 2026-09-09 03:54:20 : 34677 steps taken, and 2453 accepted.
[0 : mcmc] Progress @ 2026-09-09 03:54:21 : 34164 steps taken, and 2421 accepted.
[1 : mcmc] Progress @ 2026-09-09 03:54:40 : 33051 steps taken, and 2342 accepted.
[3 : mcmc] Progress @ 2026-09-09 03:55:06 : 34169 steps taken, and 2423 accepted.
[2 : mcmc] Progress @ 2026-09-09 03:55:28 : 34791 steps taken, and 2461 accepted.
[0 : mcmc] Progress @ 2026-09-09 03:55:34 : 34288 steps taken, and 2429 accepted.
[1 : mcmc] Progress @ 2026-09-09 03:55:40 : 33176 steps taken, and 2351 accepted.
[3 : mcmc] Progress @ 2026-09-09 03:56:18 : 34289 steps taken, and 2432 accepted.
[2 : mcmc] Progress @ 2026-09-09 03:56:28 : 34864 steps taken, and 2466 accepted.
[0 : mcmc] Progress @ 2026-09-09 03:56:34 : 34415 steps taken, and 2438 accepted.
[1 : mcmc] Progress @ 2026-09-09 03:56:40 : 33302 steps taken, and 2360 accepted.
[3 : mcmc] Progress @ 2026-09-09 03:57:18 : 34360 steps taken, and 2437 accepted.
[2 : mcmc] Progress @ 2026-09-09 03:57:31 : 34971 steps taken, and 2474 accepted.
[0 : mcmc] Progress @ 2026-09-09 03:57:34 : 34513 steps taken, and 2446 accepted.
[1 : mcmc] Progress @ 2026-09-09 03:57:42 : 33402 steps taken, and 2367 accepted.
[3 : mcmc] Progress @ 2026-09-09 03:58:18 : 34457 steps taken, and 2443 accepted.
[2 : mcmc] Progress @ 2026-09-09 03:58:31 : 35070 steps taken, and 2481 accepted.
[0 : mcmc] Progress @ 2026-09-09 03:58:34 : 34640 steps taken, and 2455 accepted.
[1 : mcmc] Progress @ 2026-09-09 03:58:42 : 33501 steps taken, and 2374 accepted.
[3 : mcmc] Progress @ 2026-09-09 03:59:19 : 34555 steps taken, and 2450 accepted.
[2 : mcmc] Progress @ 2026-09-09 03:59:31 : 35197 steps taken, and 2490 accepted.
[0 : mcmc] Progress @ 2026-09-09 03:59:34 : 34738 steps taken, and 2462 accepted.
[1 : mcmc] Progress @ 2026-09-09 03:59:42 : 33625 steps taken, and 2383 accepted.
[3 : mcmc] Progress @ 2026-09-09 04:00:31 : 34678 steps taken, and 2458 accepted.
[2 : mcmc] Progress @ 2026-09-09 04:00:32 : 35297 steps taken, and 2498 accepted.
[1 : mcmc] Progress @ 2026-09-09 04:00:43 : 33697 steps taken, and 2388 accepted.
[0 : mcmc] Progress @ 2026-09-09 04:00:44 : 34833 steps taken, and 2469 accepted.
[3 : mcmc] Progress @ 2026-09-09 04:01:31 : 34777 steps taken, and 2465 accepted.
[2 : mcmc] Progress @ 2026-09-09 04:01:32 : 35423 steps taken, and 2506 accepted.
[1 : mcmc] Progress @ 2026-09-09 04:01:43 : 33796 steps taken, and 2395 accepted.
[0 : mcmc] Progress @ 2026-09-09 04:01:44 : 34931 steps taken, and 2475 accepted.
[3 : mcmc] Progress @ 2026-09-09 04:02:32 : 34848 steps taken, and 2471 accepted.
[2 : mcmc] Progress @ 2026-09-09 04:02:32 : 35497 steps taken, and 2511 accepted.
[0 : mcmc] Progress @ 2026-09-09 04:02:52 : 35045 steps taken, and 2484 accepted.
[1 : mcmc] Progress @ 2026-09-09 04:02:53 : 33914 steps taken, and 2404 accepted.
[3 : mcmc] Progress @ 2026-09-09 04:03:32 : 34971 steps taken, and 2479 accepted.
[2 : mcmc] Progress @ 2026-09-09 04:03:32 : 35597 steps taken, and 2518 accepted.
[2 : mcmc] Learn + convergence test @ 2520 samples accepted.
[2 : mcmc] Ready to check convergence and learn a new proposal covmat (waiting for the rest...)
[0 : mcmc] Progress @ 2026-09-09 04:03:52 : 35171 steps taken, and 2492 accepted.
[1 : mcmc] Progress @ 2026-09-09 04:04:04 : 34036 steps taken, and 2412 accepted.
[3 : mcmc] Progress @ 2026-09-09 04:04:32 : 35069 steps taken, and 2486 accepted.
[2 : mcmc] Progress @ 2026-09-09 04:04:45 : 35723 steps taken, and 2527 accepted.
[0 : mcmc] Progress @ 2026-09-09 04:04:52 : 35270 steps taken, and 2499 accepted.
[1 : mcmc] Progress @ 2026-09-09 04:05:04 : 34161 steps taken, and 2421 accepted.
[3 : mcmc] Progress @ 2026-09-09 04:05:37 : 35149 steps taken, and 2492 accepted.
[2 : mcmc] Progress @ 2026-09-09 04:05:46 : 35823 steps taken, and 2534 accepted.
[0 : mcmc] Progress @ 2026-09-09 04:05:53 : 35397 steps taken, and 2508 accepted.
[1 : mcmc] Progress @ 2026-09-09 04:06:05 : 34261 steps taken, and 2429 accepted.
[3 : mcmc] Progress @ 2026-09-09 04:06:37 : 35246 steps taken, and 2499 accepted.
[2 : mcmc] Progress @ 2026-09-09 04:06:46 : 35922 steps taken, and 2541 accepted.
[0 : mcmc] Progress @ 2026-09-09 04:06:53 : 35523 steps taken, and 2517 accepted.
[1 : mcmc] Progress @ 2026-09-09 04:07:05 : 34387 steps taken, and 2436 accepted.
[0 : mcmc] Learn + convergence test @ 2520 samples accepted.
[0 : mcmc] Ready to check convergence and learn a new proposal covmat (waiting for the rest...)
[3 : mcmc] Progress @ 2026-09-09 04:07:38 : 35343 steps taken, and 2506 accepted.
[2 : mcmc] Progress @ 2026-09-09 04:07:46 : 35995 steps taken, and 2546 accepted.
[0 : mcmc] Progress @ 2026-09-09 04:07:53 : 35649 steps taken, and 2526 accepted.
[1 : mcmc] Progress @ 2026-09-09 04:08:17 : 34508 steps taken, and 2445 accepted.
[3 : mcmc] Progress @ 2026-09-09 04:08:38 : 35441 steps taken, and 2513 accepted.
[2 : mcmc] Progress @ 2026-09-09 04:08:47 : 36094 steps taken, and 2553 accepted.
[0 : mcmc] Progress @ 2026-09-09 04:08:58 : 35732 steps taken, and 2532 accepted.
[1 : mcmc] Progress @ 2026-09-09 04:09:17 : 34634 steps taken, and 2454 accepted.
[3 : mcmc] Progress @ 2026-09-09 04:09:43 : 35521 steps taken, and 2519 accepted.
[2 : mcmc] Progress @ 2026-09-09 04:09:47 : 36194 steps taken, and 2560 accepted.
[3 : mcmc] Learn + convergence test @ 2520 samples accepted.
[3 : mcmc] Ready to check convergence and learn a new proposal covmat (waiting for the rest...)
[0 : mcmc] Progress @ 2026-09-09 04:09:58 : 35857 steps taken, and 2541 accepted.
[1 : mcmc] Progress @ 2026-09-09 04:10:26 : 34752 steps taken, and 2463 accepted.
[3 : mcmc] Progress @ 2026-09-09 04:10:43 : 35618 steps taken, and 2526 accepted.
[2 : mcmc] Progress @ 2026-09-09 04:10:47 : 36319 steps taken, and 2569 accepted.
[0 : mcmc] Progress @ 2026-09-09 04:10:58 : 35982 steps taken, and 2549 accepted.
[1 : mcmc] Progress @ 2026-09-09 04:11:27 : 34850 steps taken, and 2470 accepted.
[3 : mcmc] Progress @ 2026-09-09 04:11:43 : 35715 steps taken, and 2533 accepted.
[2 : mcmc] Progress @ 2026-09-09 04:11:47 : 36392 steps taken, and 2575 accepted.
[0 : mcmc] Progress @ 2026-09-09 04:11:58 : 36108 steps taken, and 2559 accepted.
[1 : mcmc] Progress @ 2026-09-09 04:12:27 : 34922 steps taken, and 2475 accepted.
[3 : mcmc] Progress @ 2026-09-09 04:12:43 : 35812 steps taken, and 2539 accepted.
[2 : mcmc] Progress @ 2026-09-09 04:12:47 : 36490 steps taken, and 2582 accepted.
[0 : mcmc] Progress @ 2026-09-09 04:12:58 : 36207 steps taken, and 2566 accepted.
[1 : mcmc] Progress @ 2026-09-09 04:13:27 : 35020 steps taken, and 2482 accepted.
[3 : mcmc] Progress @ 2026-09-09 04:13:44 : 35939 steps taken, and 2548 accepted.
[2 : mcmc] Progress @ 2026-09-09 04:13:50 : 36594 steps taken, and 2589 accepted.
[0 : mcmc] Progress @ 2026-09-09 04:13:59 : 36334 steps taken, and 2575 accepted.
[1 : mcmc] Progress @ 2026-09-09 04:14:27 : 35119 steps taken, and 2489 accepted.
[3 : mcmc] Progress @ 2026-09-09 04:14:44 : 36035 steps taken, and 2555 accepted.
[2 : mcmc] Progress @ 2026-09-09 04:14:50 : 36695 steps taken, and 2596 accepted.
[0 : mcmc] Progress @ 2026-09-09 04:15:08 : 36428 steps taken, and 2581 accepted.
[1 : mcmc] Progress @ 2026-09-09 04:15:27 : 35217 steps taken, and 2496 accepted.
[3 : mcmc] Progress @ 2026-09-09 04:15:45 : 36109 steps taken, and 2560 accepted.
[2 : mcmc] Progress @ 2026-09-09 04:15:51 : 36795 steps taken, and 2603 accepted.
[0 : mcmc] Progress @ 2026-09-09 04:16:09 : 36553 steps taken, and 2590 accepted.
[1 : mcmc] Progress @ 2026-09-09 04:16:27 : 35289 steps taken, and 2501 accepted.
[3 : mcmc] Progress @ 2026-09-09 04:16:45 : 36233 steps taken, and 2569 accepted.
[2 : mcmc] Progress @ 2026-09-09 04:16:51 : 36921 steps taken, and 2612 accepted.
[0 : mcmc] Progress @ 2026-09-09 04:17:09 : 36652 steps taken, and 2597 accepted.
[1 : mcmc] Progress @ 2026-09-09 04:17:28 : 35388 steps taken, and 2508 accepted.
[3 : mcmc] Progress @ 2026-09-09 04:17:46 : 36332 steps taken, and 2576 accepted.
[2 : mcmc] Progress @ 2026-09-09 04:17:51 : 36993 steps taken, and 2618 accepted.
[0 : mcmc] Progress @ 2026-09-09 04:18:09 : 36724 steps taken, and 2603 accepted.
[1 : mcmc] Progress @ 2026-09-09 04:18:28 : 35514 steps taken, and 2517 accepted.
[3 : mcmc] Progress @ 2026-09-09 04:18:46 : 36429 steps taken, and 2584 accepted.
[2 : mcmc] Progress @ 2026-09-09 04:18:51 : 37093 steps taken, and 2625 accepted.
[1 : mcmc] Learn + convergence test @ 2520 samples accepted.
[1 : mcmc] Ready to check convergence and learn a new proposal covmat (waiting for the rest...)
[0 : mcmc] Progress @ 2026-09-09 04:19:09 : 36851 steps taken, and 2612 accepted.
[0 : mcmc] All chains are ready to check convergence and learn a new proposal covmat
[0 : mcmc]  - Acceptance rate: 0.993 = avg([0.9947, 0.9929, 0.9910, 0.9946])
[0 : mcmc]  - Convergence of means: R-1 = 0.093596 after 10346 accepted steps = sum([2612, 2520, 2627, 2587])
[0 : mcmc]  - Updated covariance matrix of proposal pdf.
[1 : mcmc] Progress @ 2026-09-09 04:19:28 : 35567 steps taken, and 2521 accepted.
[2 : mcmc] Progress @ 2026-09-09 04:19:52 : 37185 steps taken, and 2631 accepted.
[3 : mcmc] Progress @ 2026-09-09 04:19:54 : 36516 steps taken, and 2590 accepted.
[0 : mcmc] Progress @ 2026-09-09 04:20:10 : 36931 steps taken, and 2617 accepted.
[1 : mcmc] Progress @ 2026-09-09 04:20:28 : 35666 steps taken, and 2527 accepted.
[2 : mcmc] Progress @ 2026-09-09 04:20:52 : 37285 steps taken, and 2638 accepted.
[3 : mcmc] Progress @ 2026-09-09 04:20:54 : 36640 steps taken, and 2598 accepted.
[0 : mcmc] Progress @ 2026-09-09 04:21:10 : 37059 steps taken, and 2626 accepted.
[1 : mcmc] Progress @ 2026-09-09 04:21:29 : 35765 steps taken, and 2534 accepted.
[2 : mcmc] Progress @ 2026-09-09 04:21:52 : 37357 steps taken, and 2644 accepted.
[3 : mcmc] Progress @ 2026-09-09 04:21:54 : 36765 steps taken, and 2607 accepted.
[0 : mcmc] Progress @ 2026-09-09 04:22:22 : 37185 steps taken, and 2636 accepted.
[1 : mcmc] Progress @ 2026-09-09 04:22:29 : 35863 steps taken, and 2541 accepted.
[2 : mcmc] Progress @ 2026-09-09 04:22:52 : 37483 steps taken, and 2653 accepted.
[3 : mcmc] Progress @ 2026-09-09 04:22:54 : 36890 steps taken, and 2616 accepted.
[0 : mcmc] Progress @ 2026-09-09 04:23:23 : 37284 steps taken, and 2642 accepted.
[1 : mcmc] Progress @ 2026-09-09 04:23:29 : 35989 steps taken, and 2550 accepted.
[2 : mcmc] Progress @ 2026-09-09 04:23:53 : 37529 steps taken, and 2656 accepted.
[3 : mcmc] Progress @ 2026-09-09 04:23:54 : 36962 steps taken, and 2621 accepted.
[0 : mcmc] Progress @ 2026-09-09 04:24:23 : 37383 steps taken, and 2649 accepted.
[1 : mcmc] Progress @ 2026-09-09 04:24:29 : 36088 steps taken, and 2557 accepted.
[2 : mcmc] Progress @ 2026-09-09 04:24:53 : 37655 steps taken, and 2665 accepted.
[3 : mcmc] Progress @ 2026-09-09 04:24:55 : 37061 steps taken, and 2629 accepted.
[0 : mcmc] Progress @ 2026-09-09 04:25:23 : 37482 steps taken, and 2656 accepted.
[1 : mcmc] Progress @ 2026-09-09 04:25:29 : 36186 steps taken, and 2564 accepted.
[2 : mcmc] Progress @ 2026-09-09 04:25:53 : 37782 steps taken, and 2674 accepted.
[3 : mcmc] Progress @ 2026-09-09 04:25:55 : 37185 steps taken, and 2637 accepted.
[0 : mcmc] Progress @ 2026-09-09 04:26:29 : 37592 steps taken, and 2663 accepted.
[1 : mcmc] Progress @ 2026-09-09 04:26:29 : 36311 steps taken, and 2573 accepted.
[2 : mcmc] Progress @ 2026-09-09 04:26:53 : 37882 steps taken, and 2681 accepted.
[3 : mcmc] Progress @ 2026-09-09 04:27:03 : 37274 steps taken, and 2644 accepted.
[0 : mcmc] Progress @ 2026-09-09 04:27:29 : 37690 steps taken, and 2670 accepted.
[1 : mcmc] Progress @ 2026-09-09 04:27:37 : 36400 steps taken, and 2579 accepted.
[2 : mcmc] Progress @ 2026-09-09 04:27:54 : 37981 steps taken, and 2688 accepted.
[3 : mcmc] Progress @ 2026-09-09 04:28:03 : 37399 steps taken, and 2653 accepted.
[0 : mcmc] Progress @ 2026-09-09 04:28:29 : 37790 steps taken, and 2678 accepted.
[1 : mcmc] Progress @ 2026-09-09 04:28:37 : 36524 steps taken, and 2588 accepted.
[2 : mcmc] Progress @ 2026-09-09 04:28:54 : 38108 steps taken, and 2697 accepted.
[3 : mcmc] Progress @ 2026-09-09 04:29:03 : 37496 steps taken, and 2659 accepted.
[0 : mcmc] Progress @ 2026-09-09 04:29:29 : 37916 steps taken, and 2686 accepted.
[1 : mcmc] Progress @ 2026-09-09 04:29:37 : 36623 steps taken, and 2595 accepted.
[2 : mcmc] Progress @ 2026-09-09 04:29:54 : 38207 steps taken, and 2704 accepted.
[3 : mcmc] Progress @ 2026-09-09 04:30:03 : 37595 steps taken, and 2667 accepted.
[0 : mcmc] Progress @ 2026-09-09 04:30:29 : 37988 steps taken, and 2691 accepted.
[1 : mcmc] Progress @ 2026-09-09 04:30:37 : 36722 steps taken, and 2602 accepted.
[2 : mcmc] Progress @ 2026-09-09 04:30:54 : 38279 steps taken, and 2709 accepted.
[3 : mcmc] Progress @ 2026-09-09 04:31:03 : 37692 steps taken, and 2674 accepted.
[0 : mcmc] Progress @ 2026-09-09 04:31:29 : 38113 steps taken, and 2700 accepted.
[1 : mcmc] Progress @ 2026-09-09 04:31:42 : 36831 steps taken, and 2610 accepted.
[2 : mcmc] Progress @ 2026-09-09 04:31:55 : 38378 steps taken, and 2717 accepted.
[3 : mcmc] Progress @ 2026-09-09 04:32:04 : 37816 steps taken, and 2682 accepted.
[0 : mcmc] Progress @ 2026-09-09 04:32:29 : 38185 steps taken, and 2705 accepted.
[1 : mcmc] Progress @ 2026-09-09 04:32:42 : 36957 steps taken, and 2619 accepted.
[2 : mcmc] Progress @ 2026-09-09 04:32:55 : 38478 steps taken, and 2724 accepted.
[3 : mcmc] Progress @ 2026-09-09 04:33:04 : 37914 steps taken, and 2690 accepted.
[0 : mcmc] Progress @ 2026-09-09 04:33:29 : 38283 steps taken, and 2712 accepted.
[1 : mcmc] Progress @ 2026-09-09 04:33:42 : 37056 steps taken, and 2626 accepted.
[2 : mcmc] Progress @ 2026-09-09 04:33:55 : 38604 steps taken, and 2733 accepted.
[3 : mcmc] Progress @ 2026-09-09 04:34:04 : 38012 steps taken, and 2696 accepted.
[0 : mcmc] Progress @ 2026-09-09 04:34:30 : 38381 steps taken, and 2718 accepted.
[1 : mcmc] Progress @ 2026-09-09 04:34:43 : 37180 steps taken, and 2635 accepted.
[2 : mcmc] Progress @ 2026-09-09 04:34:58 : 38681 steps taken, and 2738 accepted.
[3 : mcmc] Progress @ 2026-09-09 04:35:04 : 38110 steps taken, and 2703 accepted.
[0 : mcmc] Progress @ 2026-09-09 04:35:30 : 38480 steps taken, and 2725 accepted.
[1 : mcmc] Progress @ 2026-09-09 04:35:43 : 37252 steps taken, and 2640 accepted.
[2 : mcmc] Progress @ 2026-09-09 04:35:58 : 38780 steps taken, and 2745 accepted.
[3 : mcmc] Progress @ 2026-09-09 04:36:04 : 38208 steps taken, and 2711 accepted.
[0 : mcmc] Progress @ 2026-09-09 04:36:40 : 38573 steps taken, and 2732 accepted.
[1 : mcmc] Progress @ 2026-09-09 04:36:43 : 37351 steps taken, and 2647 accepted.
[2 : mcmc] Progress @ 2026-09-09 04:36:58 : 38880 steps taken, and 2752 accepted.
[3 : mcmc] Progress @ 2026-09-09 04:37:05 : 38280 steps taken, and 2716 accepted.
[0 : mcmc] Progress @ 2026-09-09 04:37:47 : 38687 steps taken, and 2740 accepted.
[1 : mcmc] Progress @ 2026-09-09 04:37:49 : 37461 steps taken, and 2655 accepted.
[2 : mcmc] Progress @ 2026-09-09 04:37:59 : 39007 steps taken, and 2761 accepted.
[3 : mcmc] Progress @ 2026-09-09 04:38:05 : 38404 steps taken, and 2725 accepted.
[0 : mcmc] Progress @ 2026-09-09 04:38:47 : 38785 steps taken, and 2746 accepted.
[1 : mcmc] Progress @ 2026-09-09 04:38:49 : 37587 steps taken, and 2664 accepted.
[2 : mcmc] Progress @ 2026-09-09 04:38:59 : 39133 steps taken, and 2769 accepted.
[3 : mcmc] Progress @ 2026-09-09 04:39:05 : 38503 steps taken, and 2732 accepted.
[0 : mcmc] Progress @ 2026-09-09 04:39:47 : 38884 steps taken, and 2754 accepted.
[1 : mcmc] Progress @ 2026-09-09 04:39:50 : 37634 steps taken, and 2667 accepted.
[2 : mcmc] Progress @ 2026-09-09 04:39:59 : 39259 steps taken, and 2778 accepted.
[3 : mcmc] Progress @ 2026-09-09 04:40:05 : 38628 steps taken, and 2739 accepted.
[0 : mcmc] Progress @ 2026-09-09 04:40:47 : 38983 steps taken, and 2761 accepted.
[1 : mcmc] Progress @ 2026-09-09 04:40:50 : 37759 steps taken, and 2676 accepted.
[2 : mcmc] Progress @ 2026-09-09 04:41:09 : 39326 steps taken, and 2783 accepted.
[3 : mcmc] Progress @ 2026-09-09 04:41:13 : 38742 steps taken, and 2748 accepted.
[0 : mcmc] Progress @ 2026-09-09 04:41:48 : 39081 steps taken, and 2768 accepted.
[1 : mcmc] Progress @ 2026-09-09 04:41:50 : 37858 steps taken, and 2682 accepted.
[2 : mcmc] Progress @ 2026-09-09 04:42:09 : 39451 steps taken, and 2792 accepted.
[3 : mcmc] Progress @ 2026-09-09 04:42:13 : 38867 steps taken, and 2757 accepted.
[0 : mcmc] Progress @ 2026-09-09 04:42:48 : 39207 steps taken, and 2777 accepted.
[1 : mcmc] Progress @ 2026-09-09 04:43:01 : 37978 steps taken, and 2691 accepted.
[2 : mcmc] Progress @ 2026-09-09 04:43:10 : 39551 steps taken, and 2799 accepted.
[3 : mcmc] Progress @ 2026-09-09 04:43:15 : 38969 steps taken, and 2764 accepted.
[0 : mcmc] Progress @ 2026-09-09 04:43:48 : 39305 steps taken, and 2784 accepted.
[1 : mcmc] Progress @ 2026-09-09 04:44:01 : 38103 steps taken, and 2699 accepted.
[2 : mcmc] Progress @ 2026-09-09 04:44:10 : 39679 steps taken, and 2809 accepted.
[3 : mcmc] Progress @ 2026-09-09 04:44:22 : 39053 steps taken, and 2770 accepted.
[0 : mcmc] Progress @ 2026-09-09 04:44:48 : 39403 steps taken, and 2791 accepted.
[1 : mcmc] Progress @ 2026-09-09 04:45:05 : 38184 steps taken, and 2705 accepted.
[2 : mcmc] Progress @ 2026-09-09 04:45:10 : 39777 steps taken, and 2814 accepted.
[3 : mcmc] Progress @ 2026-09-09 04:45:22 : 39177 steps taken, and 2779 accepted.
[0 : mcmc] Progress @ 2026-09-09 04:45:48 : 39502 steps taken, and 2798 accepted.
[1 : mcmc] Progress @ 2026-09-09 04:46:05 : 38309 steps taken, and 2713 accepted.
[2 : mcmc] Progress @ 2026-09-09 04:46:10 : 39850 steps taken, and 2820 accepted.
[3 : mcmc] Progress @ 2026-09-09 04:46:26 : 39283 steps taken, and 2786 accepted.
[0 : mcmc] Progress @ 2026-09-09 04:46:48 : 39600 steps taken, and 2805 accepted.
[1 : mcmc] Progress @ 2026-09-09 04:47:06 : 38408 steps taken, and 2721 accepted.
[2 : mcmc] Progress @ 2026-09-09 04:47:19 : 39966 steps taken, and 2828 accepted.
[3 : mcmc] Progress @ 2026-09-09 04:47:26 : 39381 steps taken, and 2793 accepted.
[0 : mcmc] Progress @ 2026-09-09 04:47:48 : 39699 steps taken, and 2812 accepted.
[1 : mcmc] Progress @ 2026-09-09 04:48:06 : 38507 steps taken, and 2728 accepted.
[2 : mcmc] Progress @ 2026-09-09 04:48:19 : 40065 steps taken, and 2834 accepted.
[3 : mcmc] Progress @ 2026-09-09 04:48:30 : 39488 steps taken, and 2801 accepted.
[0 : mcmc] Progress @ 2026-09-09 04:48:48 : 39798 steps taken, and 2819 accepted.
[1 : mcmc] Progress @ 2026-09-09 04:49:06 : 38606 steps taken, and 2735 accepted.
[2 : mcmc] Progress @ 2026-09-09 04:49:19 : 40137 steps taken, and 2840 accepted.
[3 : mcmc] Progress @ 2026-09-09 04:49:35 : 39569 steps taken, and 2807 accepted.
[0 : mcmc] Progress @ 2026-09-09 04:49:48 : 39897 steps taken, and 2826 accepted.
[1 : mcmc] Progress @ 2026-09-09 04:50:06 : 38731 steps taken, and 2744 accepted.
[2 : mcmc] Progress @ 2026-09-09 04:50:27 : 40250 steps taken, and 2848 accepted.
[3 : mcmc] Progress @ 2026-09-09 04:50:35 : 39693 steps taken, and 2815 accepted.
[0 : mcmc] Progress @ 2026-09-09 04:50:49 : 39995 steps taken, and 2833 accepted.
[1 : mcmc] Progress @ 2026-09-09 04:51:08 : 38807 steps taken, and 2749 accepted.
[2 : mcmc] Progress @ 2026-09-09 04:51:27 : 40377 steps taken, and 2857 accepted.
[3 : mcmc] Progress @ 2026-09-09 04:51:35 : 39790 steps taken, and 2823 accepted.
[0 : mcmc] Progress @ 2026-09-09 04:52:01 : 40122 steps taken, and 2842 accepted.
[1 : mcmc] Progress @ 2026-09-09 04:52:18 : 38926 steps taken, and 2758 accepted.
[2 : mcmc] Progress @ 2026-09-09 04:52:27 : 40476 steps taken, and 2864 accepted.
[3 : mcmc] Progress @ 2026-09-09 04:52:45 : 39908 steps taken, and 2831 accepted.
[0 : mcmc] Progress @ 2026-09-09 04:53:02 : 40247 steps taken, and 2851 accepted.
[1 : mcmc] Progress @ 2026-09-09 04:53:18 : 39024 steps taken, and 2765 accepted.
[2 : mcmc] Progress @ 2026-09-09 04:53:28 : 40548 steps taken, and 2869 accepted.
[3 : mcmc] Progress @ 2026-09-09 04:53:45 : 40005 steps taken, and 2838 accepted.
[0 : mcmc] Progress @ 2026-09-09 04:54:02 : 40319 steps taken, and 2856 accepted.
[1 : mcmc] Progress @ 2026-09-09 04:54:19 : 39122 steps taken, and 2772 accepted.
[2 : mcmc] Progress @ 2026-09-09 04:54:28 : 40620 steps taken, and 2875 accepted.
[3 : mcmc] Progress @ 2026-09-09 04:54:57 : 40101 steps taken, and 2845 accepted.
[2 : mcmc] Learn + convergence test @ 2880 samples accepted.
[2 : mcmc] Ready to check convergence and learn a new proposal covmat (waiting for the rest...)
[0 : mcmc] Progress @ 2026-09-09 04:55:02 : 40418 steps taken, and 2863 accepted.
[1 : mcmc] Progress @ 2026-09-09 04:55:19 : 39220 steps taken, and 2778 accepted.
[2 : mcmc] Progress @ 2026-09-09 04:55:28 : 40746 steps taken, and 2884 accepted.
[3 : mcmc] Progress @ 2026-09-09 04:55:57 : 40225 steps taken, and 2854 accepted.
[0 : mcmc] Progress @ 2026-09-09 04:56:02 : 40516 steps taken, and 2870 accepted.
[1 : mcmc] Progress @ 2026-09-09 04:56:19 : 39320 steps taken, and 2785 accepted.
[2 : mcmc] Progress @ 2026-09-09 04:56:39 : 40842 steps taken, and 2891 accepted.
[3 : mcmc] Progress @ 2026-09-09 04:56:58 : 40326 steps taken, and 2861 accepted.
[0 : mcmc] Progress @ 2026-09-09 04:57:02 : 40643 steps taken, and 2880 accepted.
[0 : mcmc] Learn + convergence test @ 2880 samples accepted.
[0 : mcmc] Ready to check convergence and learn a new proposal covmat (waiting for the rest...)
[1 : mcmc] Progress @ 2026-09-09 04:57:19 : 39419 steps taken, and 2792 accepted.
[2 : mcmc] Progress @ 2026-09-09 04:57:39 : 40968 steps taken, and 2900 accepted.
[3 : mcmc] Progress @ 2026-09-09 04:57:58 : 40450 steps taken, and 2870 accepted.
[0 : mcmc] Progress @ 2026-09-09 04:58:02 : 40741 steps taken, and 2886 accepted.
[1 : mcmc] Progress @ 2026-09-09 04:58:20 : 39544 steps taken, and 2801 accepted.
[2 : mcmc] Progress @ 2026-09-09 04:58:40 : 41068 steps taken, and 2907 accepted.
[3 : mcmc] Progress @ 2026-09-09 04:58:58 : 40549 steps taken, and 2877 accepted.
[0 : mcmc] Progress @ 2026-09-09 04:59:02 : 40867 steps taken, and 2896 accepted.
[3 : mcmc] Learn + convergence test @ 2880 samples accepted.
[3 : mcmc] Ready to check convergence and learn a new proposal covmat (waiting for the rest...)
[1 : mcmc] Progress @ 2026-09-09 04:59:20 : 39670 steps taken, and 2810 accepted.
[2 : mcmc] Progress @ 2026-09-09 04:59:40 : 41167 steps taken, and 2913 accepted.
[3 : mcmc] Progress @ 2026-09-09 04:59:58 : 40646 steps taken, and 2884 accepted.
[0 : mcmc] Progress @ 2026-09-09 05:00:03 : 40939 steps taken, and 2901 accepted.
[1 : mcmc] Progress @ 2026-09-09 05:00:20 : 39769 steps taken, and 2816 accepted.
[2 : mcmc] Progress @ 2026-09-09 05:00:40 : 41293 steps taken, and 2922 accepted.
[3 : mcmc] Progress @ 2026-09-09 05:00:59 : 40771 steps taken, and 2892 accepted.
[0 : mcmc] Progress @ 2026-09-09 05:01:03 : 41037 steps taken, and 2908 accepted.
[1 : mcmc] Progress @ 2026-09-09 05:01:20 : 39868 steps taken, and 2824 accepted.
[2 : mcmc] Progress @ 2026-09-09 05:01:40 : 41365 steps taken, and 2927 accepted.
[3 : mcmc] Progress @ 2026-09-09 05:01:59 : 40868 steps taken, and 2899 accepted.
[0 : mcmc] Progress @ 2026-09-09 05:02:03 : 41136 steps taken, and 2915 accepted.
[1 : mcmc] Progress @ 2026-09-09 05:02:21 : 39966 steps taken, and 2831 accepted.
[2 : mcmc] Progress @ 2026-09-09 05:02:41 : 41491 steps taken, and 2936 accepted.
[3 : mcmc] Progress @ 2026-09-09 05:02:59 : 40966 steps taken, and 2906 accepted.
[0 : mcmc] Progress @ 2026-09-09 05:03:07 : 41244 steps taken, and 2922 accepted.
[1 : mcmc] Progress @ 2026-09-09 05:03:21 : 40065 steps taken, and 2838 accepted.
[2 : mcmc] Progress @ 2026-09-09 05:03:41 : 41592 steps taken, and 2943 accepted.
[3 : mcmc] Progress @ 2026-09-09 05:03:59 : 41091 steps taken, and 2915 accepted.
[0 : mcmc] Progress @ 2026-09-09 05:04:07 : 41342 steps taken, and 2929 accepted.
[1 : mcmc] Progress @ 2026-09-09 05:04:21 : 40163 steps taken, and 2845 accepted.
[2 : mcmc] Progress @ 2026-09-09 05:04:45 : 41674 steps taken, and 2949 accepted.
[3 : mcmc] Progress @ 2026-09-09 05:04:59 : 41163 steps taken, and 2920 accepted.
[0 : mcmc] Progress @ 2026-09-09 05:05:07 : 41441 steps taken, and 2936 accepted.
[1 : mcmc] Progress @ 2026-09-09 05:05:21 : 40263 steps taken, and 2852 accepted.
[2 : mcmc] Progress @ 2026-09-09 05:05:45 : 41799 steps taken, and 2958 accepted.
[3 : mcmc] Progress @ 2026-09-09 05:05:59 : 41260 steps taken, and 2927 accepted.
[0 : mcmc] Progress @ 2026-09-09 05:06:08 : 41567 steps taken, and 2945 accepted.
[1 : mcmc] Progress @ 2026-09-09 05:06:21 : 40388 steps taken, and 2861 accepted.
[2 : mcmc] Progress @ 2026-09-09 05:06:45 : 41871 steps taken, and 2963 accepted.
[3 : mcmc] Progress @ 2026-09-09 05:06:59 : 41384 steps taken, and 2935 accepted.
[0 : mcmc] Progress @ 2026-09-09 05:07:08 : 41695 steps taken, and 2955 accepted.
[1 : mcmc] Progress @ 2026-09-09 05:07:22 : 40488 steps taken, and 2868 accepted.
[2 : mcmc] Progress @ 2026-09-09 05:07:46 : 41971 steps taken, and 2970 accepted.
[3 : mcmc] Progress @ 2026-09-09 05:08:08 : 41473 steps taken, and 2941 accepted.
[0 : mcmc] Progress @ 2026-09-09 05:08:13 : 41804 steps taken, and 2962 accepted.
[1 : mcmc] Progress @ 2026-09-09 05:08:22 : 40587 steps taken, and 2875 accepted.
[2 : mcmc] Progress @ 2026-09-09 05:08:46 : 42097 steps taken, and 2979 accepted.
[1 : mcmc] Learn + convergence test @ 2880 samples accepted.
[1 : mcmc] Ready to check convergence and learn a new proposal covmat (waiting for the rest...)
[0 : mcmc] All chains are ready to check convergence and learn a new proposal covmat
[3 : mcmc] Progress @ 2026-09-09 05:09:08 : 41570 steps taken, and 2949 accepted.
[0 : mcmc]  - Acceptance rate: 0.993 = avg([0.9940, 0.9911, 0.9907, 0.9953])
[0 : mcmc]  - Convergence of means: R-1 = 0.081761 after 11780 accepted steps = sum([2970, 2880, 2981, 2949])
[0 : mcmc]  - Updated covariance matrix of proposal pdf.
[0 : mcmc] Progress @ 2026-09-09 05:09:13 : 41915 steps taken, and 2970 accepted.
[1 : mcmc] Progress @ 2026-09-09 05:09:22 : 40674 steps taken, and 2881 accepted.
[2 : mcmc] Progress @ 2026-09-09 05:09:46 : 42196 steps taken, and 2986 accepted.
[0 : mcmc] Progress @ 2026-09-09 05:10:13 : 42040 steps taken, and 2979 accepted.
[3 : mcmc] Progress @ 2026-09-09 05:10:18 : 41689 steps taken, and 2957 accepted.
[1 : mcmc] Progress @ 2026-09-09 05:10:23 : 40775 steps taken, and 2889 accepted.
[2 : mcmc] Progress @ 2026-09-09 05:10:47 : 42295 steps taken, and 2993 accepted.
[0 : mcmc] Progress @ 2026-09-09 05:11:16 : 42120 steps taken, and 2985 accepted.
[1 : mcmc] Progress @ 2026-09-09 05:11:23 : 40900 steps taken, and 2898 accepted.
[3 : mcmc] Progress @ 2026-09-09 05:11:24 : 41799 steps taken, and 2965 accepted.
[2 : mcmc] Progress @ 2026-09-09 05:11:56 : 42386 steps taken, and 3000 accepted.
[0 : mcmc] Progress @ 2026-09-09 05:12:17 : 42245 steps taken, and 2994 accepted.
[1 : mcmc] Progress @ 2026-09-09 05:12:23 : 40999 steps taken, and 2905 accepted.
[3 : mcmc] Progress @ 2026-09-09 05:12:33 : 41914 steps taken, and 2973 accepted.
[2 : mcmc] Progress @ 2026-09-09 05:12:56 : 42512 steps taken, and 3008 accepted.
[0 : mcmc] Progress @ 2026-09-09 05:13:17 : 42344 steps taken, and 3000 accepted.
[1 : mcmc] Progress @ 2026-09-09 05:13:23 : 41097 steps taken, and 2912 accepted.
[3 : mcmc] Progress @ 2026-09-09 05:13:33 : 42011 steps taken, and 2980 accepted.
[2 : mcmc] Progress @ 2026-09-09 05:13:57 : 42587 steps taken, and 3014 accepted.
[0 : mcmc] Progress @ 2026-09-09 05:14:17 : 42469 steps taken, and 3010 accepted.
[1 : mcmc] Progress @ 2026-09-09 05:14:23 : 41196 steps taken, and 2918 accepted.
[3 : mcmc] Progress @ 2026-09-09 05:14:43 : 42102 steps taken, and 2987 accepted.
[2 : mcmc] Progress @ 2026-09-09 05:14:58 : 42714 steps taken, and 3022 accepted.
[0 : mcmc] Progress @ 2026-09-09 05:15:17 : 42542 steps taken, and 3015 accepted.
[1 : mcmc] Progress @ 2026-09-09 05:15:24 : 41296 steps taken, and 2926 accepted.
[3 : mcmc] Progress @ 2026-09-09 05:15:43 : 42201 steps taken, and 2994 accepted.
[2 : mcmc] Progress @ 2026-09-09 05:15:58 : 42841 steps taken, and 3032 accepted.
[0 : mcmc] Progress @ 2026-09-09 05:16:18 : 42640 steps taken, and 3022 accepted.
[1 : mcmc] Progress @ 2026-09-09 05:16:24 : 41394 steps taken, and 2933 accepted.
[3 : mcmc] Progress @ 2026-09-09 05:16:43 : 42299 steps taken, and 3001 accepted.
[2 : mcmc] Progress @ 2026-09-09 05:16:58 : 42941 steps taken, and 3040 accepted.
[0 : mcmc] Progress @ 2026-09-09 05:17:18 : 42739 steps taken, and 3029 accepted.
[1 : mcmc] Progress @ 2026-09-09 05:17:24 : 41519 steps taken, and 2942 accepted.
[3 : mcmc] Progress @ 2026-09-09 05:17:43 : 42422 steps taken, and 3009 accepted.
[2 : mcmc] Progress @ 2026-09-09 05:17:59 : 43067 steps taken, and 3048 accepted.
[0 : mcmc] Progress @ 2026-09-09 05:18:18 : 42811 steps taken, and 3034 accepted.
[1 : mcmc] Progress @ 2026-09-09 05:18:24 : 41645 steps taken, and 2951 accepted.
[3 : mcmc] Progress @ 2026-09-09 05:18:43 : 42548 steps taken, and 3019 accepted.
[2 : mcmc] Progress @ 2026-09-09 05:18:59 : 43140 steps taken, and 3053 accepted.
[0 : mcmc] Progress @ 2026-09-09 05:19:18 : 42935 steps taken, and 3042 accepted.
[1 : mcmc] Progress @ 2026-09-09 05:19:27 : 41723 steps taken, and 2957 accepted.
[3 : mcmc] Progress @ 2026-09-09 05:19:43 : 42646 steps taken, and 3026 accepted.
[2 : mcmc] Progress @ 2026-09-09 05:19:59 : 43240 steps taken, and 3061 accepted.
[0 : mcmc] Progress @ 2026-09-09 05:20:18 : 43034 steps taken, and 3049 accepted.
[1 : mcmc] Progress @ 2026-09-09 05:20:28 : 41795 steps taken, and 2962 accepted.
[3 : mcmc] Progress @ 2026-09-09 05:20:43 : 42744 steps taken, and 3033 accepted.
[2 : mcmc] Progress @ 2026-09-09 05:21:00 : 43339 steps taken, and 3068 accepted.
[0 : mcmc] Progress @ 2026-09-09 05:21:18 : 43133 steps taken, and 3056 accepted.
[1 : mcmc] Progress @ 2026-09-09 05:21:28 : 41893 steps taken, and 2969 accepted.
[3 : mcmc] Progress @ 2026-09-09 05:21:44 : 42815 steps taken, and 3036 accepted.
[2 : mcmc] Progress @ 2026-09-09 05:22:00 : 43439 steps taken, and 3075 accepted.
[0 : mcmc] Progress @ 2026-09-09 05:22:18 : 43232 steps taken, and 3063 accepted.
[1 : mcmc] Progress @ 2026-09-09 05:22:28 : 41991 steps taken, and 2975 accepted.
[3 : mcmc] Progress @ 2026-09-09 05:22:44 : 42914 steps taken, and 3044 accepted.
[2 : mcmc] Progress @ 2026-09-09 05:23:00 : 43538 steps taken, and 3082 accepted.
[0 : mcmc] Progress @ 2026-09-09 05:23:18 : 43330 steps taken, and 3070 accepted.
[1 : mcmc] Progress @ 2026-09-09 05:23:29 : 42090 steps taken, and 2983 accepted.
[3 : mcmc] Progress @ 2026-09-09 05:23:44 : 43011 steps taken, and 3051 accepted.
[2 : mcmc] Progress @ 2026-09-09 05:24:01 : 43637 steps taken, and 3089 accepted.
[0 : mcmc] Progress @ 2026-09-09 05:24:19 : 43428 steps taken, and 3077 accepted.
[1 : mcmc] Progress @ 2026-09-09 05:24:29 : 42215 steps taken, and 2992 accepted.
[3 : mcmc] Progress @ 2026-09-09 05:24:44 : 43109 steps taken, and 3057 accepted.
[2 : mcmc] Progress @ 2026-09-09 05:25:01 : 43765 steps taken, and 3098 accepted.
[0 : mcmc] Progress @ 2026-09-09 05:25:19 : 43527 steps taken, and 3085 accepted.
[1 : mcmc] Progress @ 2026-09-09 05:25:30 : 42288 steps taken, and 2997 accepted.
[3 : mcmc] Progress @ 2026-09-09 05:25:44 : 43206 steps taken, and 3065 accepted.
[2 : mcmc] Progress @ 2026-09-09 05:26:02 : 43892 steps taken, and 3107 accepted.
[0 : mcmc] Progress @ 2026-09-09 05:26:19 : 43626 steps taken, and 3092 accepted.
[1 : mcmc] Progress @ 2026-09-09 05:26:39 : 42380 steps taken, and 3003 accepted.
[3 : mcmc] Progress @ 2026-09-09 05:26:44 : 43303 steps taken, and 3072 accepted.
[2 : mcmc] Progress @ 2026-09-09 05:27:14 : 44017 steps taken, and 3116 accepted.
[0 : mcmc] Progress @ 2026-09-09 05:27:19 : 43724 steps taken, and 3098 accepted.
[1 : mcmc] Progress @ 2026-09-09 05:27:40 : 42505 steps taken, and 3012 accepted.
[3 : mcmc] Progress @ 2026-09-09 05:27:44 : 43401 steps taken, and 3079 accepted.
[2 : mcmc] Progress @ 2026-09-09 05:28:19 : 44129 steps taken, and 3124 accepted.
[0 : mcmc] Progress @ 2026-09-09 05:28:23 : 43833 steps taken, and 3105 accepted.
[1 : mcmc] Progress @ 2026-09-09 05:28:40 : 42604 steps taken, and 3019 accepted.
[3 : mcmc] Progress @ 2026-09-09 05:28:44 : 43472 steps taken, and 3084 accepted.
[0 : mcmc] Progress @ 2026-09-09 05:29:24 : 43958 steps taken, and 3114 accepted.
[2 : mcmc] Progress @ 2026-09-09 05:29:30 : 44224 steps taken, and 3131 accepted.
[1 : mcmc] Progress @ 2026-09-09 05:29:40 : 42702 steps taken, and 3027 accepted.
[3 : mcmc] Progress @ 2026-09-09 05:29:48 : 43576 steps taken, and 3091 accepted.
[0 : mcmc] Progress @ 2026-09-09 05:30:24 : 44056 steps taken, and 3121 accepted.
[2 : mcmc] Progress @ 2026-09-09 05:30:35 : 44331 steps taken, and 3138 accepted.
[1 : mcmc] Progress @ 2026-09-09 05:30:41 : 42828 steps taken, and 3035 accepted.
[3 : mcmc] Progress @ 2026-09-09 05:30:48 : 43673 steps taken, and 3097 accepted.
[0 : mcmc] Progress @ 2026-09-09 05:31:24 : 44155 steps taken, and 3128 accepted.
[2 : mcmc] Progress @ 2026-09-09 05:31:35 : 44457 steps taken, and 3147 accepted.
[1 : mcmc] Progress @ 2026-09-09 05:31:41 : 42929 steps taken, and 3043 accepted.
[3 : mcmc] Progress @ 2026-09-09 05:31:48 : 43771 steps taken, and 3104 accepted.
[0 : mcmc] Progress @ 2026-09-09 05:32:27 : 44233 steps taken, and 3134 accepted.
[2 : mcmc] Progress @ 2026-09-09 05:32:40 : 44539 steps taken, and 3153 accepted.
[1 : mcmc] Progress @ 2026-09-09 05:32:41 : 43028 steps taken, and 3050 accepted.
[3 : mcmc] Progress @ 2026-09-09 05:32:48 : 43868 steps taken, and 3110 accepted.
[0 : mcmc] Progress @ 2026-09-09 05:33:27 : 44358 steps taken, and 3143 accepted.
[1 : mcmc] Progress @ 2026-09-09 05:33:41 : 43126 steps taken, and 3057 accepted.
[3 : mcmc] Progress @ 2026-09-09 05:33:48 : 43966 steps taken, and 3118 accepted.
[2 : mcmc] Progress @ 2026-09-09 05:33:50 : 44631 steps taken, and 3160 accepted.
[0 : mcmc] Progress @ 2026-09-09 05:34:28 : 44456 steps taken, and 3150 accepted.
[1 : mcmc] Progress @ 2026-09-09 05:34:42 : 43198 steps taken, and 3062 accepted.
[3 : mcmc] Progress @ 2026-09-09 05:34:49 : 44063 steps taken, and 3125 accepted.
[2 : mcmc] Progress @ 2026-09-09 05:34:50 : 44759 steps taken, and 3169 accepted.
[0 : mcmc] Progress @ 2026-09-09 05:35:28 : 44528 steps taken, and 3155 accepted.
[1 : mcmc] Progress @ 2026-09-09 05:35:42 : 43296 steps taken, and 3069 accepted.
[3 : mcmc] Progress @ 2026-09-09 05:35:49 : 44134 steps taken, and 3130 accepted.
[2 : mcmc] Progress @ 2026-09-09 05:35:51 : 44859 steps taken, and 3176 accepted.
[0 : mcmc] Progress @ 2026-09-09 05:36:29 : 44627 steps taken, and 3161 accepted.
[1 : mcmc] Progress @ 2026-09-09 05:36:42 : 43394 steps taken, and 3076 accepted.
[3 : mcmc] Progress @ 2026-09-09 05:36:49 : 44231 steps taken, and 3136 accepted.
[2 : mcmc] Progress @ 2026-09-09 05:36:51 : 44959 steps taken, and 3183 accepted.
[0 : mcmc] Progress @ 2026-09-09 05:37:29 : 44752 steps taken, and 3171 accepted.
[1 : mcmc] Progress @ 2026-09-09 05:37:43 : 43492 steps taken, and 3083 accepted.
[3 : mcmc] Progress @ 2026-09-09 05:37:49 : 44355 steps taken, and 3146 accepted.
[2 : mcmc] Progress @ 2026-09-09 05:37:51 : 45083 steps taken, and 3192 accepted.
[0 : mcmc] Progress @ 2026-09-09 05:38:29 : 44850 steps taken, and 3178 accepted.
[1 : mcmc] Progress @ 2026-09-09 05:38:43 : 43592 steps taken, and 3090 accepted.
[3 : mcmc] Progress @ 2026-09-09 05:38:49 : 44454 steps taken, and 3152 accepted.
[2 : mcmc] Progress @ 2026-09-09 05:38:51 : 45182 steps taken, and 3200 accepted.
[0 : mcmc] Progress @ 2026-09-09 05:39:34 : 44931 steps taken, and 3184 accepted.
[1 : mcmc] Progress @ 2026-09-09 05:39:43 : 43690 steps taken, and 3097 accepted.
[3 : mcmc] Progress @ 2026-09-09 05:39:49 : 44526 steps taken, and 3158 accepted.
[2 : mcmc] Progress @ 2026-09-09 05:40:03 : 45277 steps taken, and 3206 accepted.
[0 : mcmc] Progress @ 2026-09-09 05:40:34 : 45028 steps taken, and 3190 accepted.
[1 : mcmc] Progress @ 2026-09-09 05:40:43 : 43788 steps taken, and 3104 accepted.
[3 : mcmc] Progress @ 2026-09-09 05:40:52 : 44629 steps taken, and 3164 accepted.
[2 : mcmc] Progress @ 2026-09-09 05:41:03 : 45375 steps taken, and 3213 accepted.
[0 : mcmc] Progress @ 2026-09-09 05:41:34 : 45126 steps taken, and 3198 accepted.
[1 : mcmc] Progress @ 2026-09-09 05:41:43 : 43915 steps taken, and 3113 accepted.
[3 : mcmc] Progress @ 2026-09-09 05:41:52 : 44755 steps taken, and 3172 accepted.
[2 : mcmc] Progress @ 2026-09-09 05:42:03 : 45474 steps taken, and 3220 accepted.
[0 : mcmc] Progress @ 2026-09-09 05:42:34 : 45249 steps taken, and 3207 accepted.
[1 : mcmc] Progress @ 2026-09-09 05:42:43 : 44014 steps taken, and 3120 accepted.
[3 : mcmc] Progress @ 2026-09-09 05:42:53 : 44880 steps taken, and 3181 accepted.
[2 : mcmc] Progress @ 2026-09-09 05:43:03 : 45600 steps taken, and 3228 accepted.
[0 : mcmc] Progress @ 2026-09-09 05:43:34 : 45349 steps taken, and 3214 accepted.
[1 : mcmc] Progress @ 2026-09-09 05:43:48 : 44122 steps taken, and 3128 accepted.
[3 : mcmc] Progress @ 2026-09-09 05:43:56 : 44959 steps taken, and 3187 accepted.
[2 : mcmc] Progress @ 2026-09-09 05:44:04 : 45727 steps taken, and 3237 accepted.
[2 : mcmc] Learn + convergence test @ 3240 samples accepted.
[2 : mcmc] Ready to check convergence and learn a new proposal covmat (waiting for the rest...)
[0 : mcmc] Progress @ 2026-09-09 05:44:36 : 45424 steps taken, and 3219 accepted.
[1 : mcmc] Progress @ 2026-09-09 05:44:48 : 44220 steps taken, and 3135 accepted.
[3 : mcmc] Progress @ 2026-09-09 05:44:57 : 45083 steps taken, and 3196 accepted.
[2 : mcmc] Progress @ 2026-09-09 05:45:04 : 45825 steps taken, and 3244 accepted.
[0 : mcmc] Progress @ 2026-09-09 05:45:36 : 45522 steps taken, and 3226 accepted.
[1 : mcmc] Progress @ 2026-09-09 05:45:49 : 44318 steps taken, and 3142 accepted.
[3 : mcmc] Progress @ 2026-09-09 05:45:57 : 45208 steps taken, and 3203 accepted.
[2 : mcmc] Progress @ 2026-09-09 05:46:04 : 45952 steps taken, and 3253 accepted.
[0 : mcmc] Progress @ 2026-09-09 05:46:37 : 45647 steps taken, and 3235 accepted.
[1 : mcmc] Progress @ 2026-09-09 05:46:49 : 44390 steps taken, and 3147 accepted.
[3 : mcmc] Progress @ 2026-09-09 05:46:57 : 45305 steps taken, and 3210 accepted.
[2 : mcmc] Progress @ 2026-09-09 05:47:04 : 46051 steps taken, and 3261 accepted.
[0 : mcmc] Learn + convergence test @ 3240 samples accepted.
[0 : mcmc] Ready to check convergence and learn a new proposal covmat (waiting for the rest...)
[0 : mcmc] Progress @ 2026-09-09 05:47:37 : 45719 steps taken, and 3240 accepted.
[1 : mcmc] Progress @ 2026-09-09 05:47:49 : 44514 steps taken, and 3156 accepted.
[3 : mcmc] Progress @ 2026-09-09 05:47:57 : 45403 steps taken, and 3217 accepted.
[2 : mcmc] Progress @ 2026-09-09 05:48:04 : 46150 steps taken, and 3268 accepted.
[0 : mcmc] Progress @ 2026-09-09 05:48:37 : 45818 steps taken, and 3247 accepted.
[1 : mcmc] Progress @ 2026-09-09 05:48:50 : 44613 steps taken, and 3163 accepted.
[2 : mcmc] Progress @ 2026-09-09 05:49:04 : 46247 steps taken, and 3274 accepted.
[3 : mcmc] Progress @ 2026-09-09 05:49:06 : 45491 steps taken, and 3224 accepted.
[0 : mcmc] Progress @ 2026-09-09 05:49:48 : 45935 steps taken, and 3255 accepted.
[1 : mcmc] Progress @ 2026-09-09 05:49:50 : 44710 steps taken, and 3170 accepted.
[2 : mcmc] Progress @ 2026-09-09 05:50:05 : 46345 steps taken, and 3280 accepted.
[3 : mcmc] Progress @ 2026-09-09 05:50:06 : 45589 steps taken, and 3231 accepted.
[0 : mcmc] Progress @ 2026-09-09 05:50:49 : 46007 steps taken, and 3261 accepted.
[1 : mcmc] Progress @ 2026-09-09 05:50:50 : 44810 steps taken, and 3177 accepted.
[3 : mcmc] Progress @ 2026-09-09 05:51:07 : 45688 steps taken, and 3238 accepted.
[2 : mcmc] Progress @ 2026-09-09 05:51:12 : 46432 steps taken, and 3287 accepted.
[3 : mcmc] Learn + convergence test @ 3240 samples accepted.
[3 : mcmc] Ready to check convergence and learn a new proposal covmat (waiting for the rest...)
[0 : mcmc] Progress @ 2026-09-09 05:51:49 : 46133 steps taken, and 3270 accepted.
[1 : mcmc] Progress @ 2026-09-09 05:51:50 : 44908 steps taken, and 3184 accepted.
[3 : mcmc] Progress @ 2026-09-09 05:52:16 : 45804 steps taken, and 3246 accepted.
[2 : mcmc] Progress @ 2026-09-09 05:52:16 : 46537 steps taken, and 3294 accepted.
[0 : mcmc] Progress @ 2026-09-09 05:52:49 : 46231 steps taken, and 3277 accepted.
[1 : mcmc] Progress @ 2026-09-09 05:52:51 : 45035 steps taken, and 3193 accepted.
[2 : mcmc] Progress @ 2026-09-09 05:53:16 : 46662 steps taken, and 3303 accepted.
[3 : mcmc] Progress @ 2026-09-09 05:53:16 : 45903 steps taken, and 3253 accepted.
[0 : mcmc] Progress @ 2026-09-09 05:53:50 : 46304 steps taken, and 3282 accepted.
[1 : mcmc] Progress @ 2026-09-09 05:53:51 : 45133 steps taken, and 3200 accepted.
[2 : mcmc] Progress @ 2026-09-09 05:54:16 : 46762 steps taken, and 3310 accepted.
[3 : mcmc] Progress @ 2026-09-09 05:54:16 : 46029 steps taken, and 3262 accepted.
[0 : mcmc] Progress @ 2026-09-09 05:54:50 : 46430 steps taken, and 3291 accepted.
[1 : mcmc] Progress @ 2026-09-09 05:54:51 : 45232 steps taken, and 3207 accepted.
[2 : mcmc] Progress @ 2026-09-09 05:55:17 : 46860 steps taken, and 3317 accepted.
[3 : mcmc] Progress @ 2026-09-09 05:55:17 : 46128 steps taken, and 3269 accepted.
[0 : mcmc] Progress @ 2026-09-09 05:55:50 : 46556 steps taken, and 3300 accepted.
[1 : mcmc] Progress @ 2026-09-09 05:55:51 : 45330 steps taken, and 3213 accepted.
[3 : mcmc] Progress @ 2026-09-09 05:56:17 : 46252 steps taken, and 3278 accepted.
[2 : mcmc] Progress @ 2026-09-09 05:56:17 : 46959 steps taken, and 3324 accepted.
[1 : mcmc] Progress @ 2026-09-09 05:56:51 : 45403 steps taken, and 3218 accepted.
[0 : mcmc] Progress @ 2026-09-09 05:56:56 : 46667 steps taken, and 3307 accepted.
[3 : mcmc] Progress @ 2026-09-09 05:57:17 : 46351 steps taken, and 3285 accepted.
[2 : mcmc] Progress @ 2026-09-09 05:57:30 : 47085 steps taken, and 3334 accepted.
[1 : mcmc] Progress @ 2026-09-09 05:57:51 : 45501 steps taken, and 3225 accepted.
[0 : mcmc] Progress @ 2026-09-09 05:57:56 : 46793 steps taken, and 3315 accepted.
[3 : mcmc] Progress @ 2026-09-09 05:58:17 : 46423 steps taken, and 3290 accepted.
[2 : mcmc] Progress @ 2026-09-09 05:58:38 : 47201 steps taken, and 3342 accepted.
[1 : mcmc] Progress @ 2026-09-09 05:58:51 : 45626 steps taken, and 3234 accepted.
[0 : mcmc] Progress @ 2026-09-09 05:59:06 : 46885 steps taken, and 3322 accepted.
[3 : mcmc] Progress @ 2026-09-09 05:59:18 : 46548 steps taken, and 3299 accepted.
[2 : mcmc] Progress @ 2026-09-09 05:59:38 : 47300 steps taken, and 3349 accepted.
[1 : mcmc] Learn + convergence test @ 3240 samples accepted.
[1 : mcmc] Ready to check convergence and learn a new proposal covmat (waiting for the rest...)
[0 : mcmc] All chains are ready to check convergence and learn a new proposal covmat
[0 : mcmc]  - Acceptance rate: 0.992 = avg([0.9940, 0.9914, 0.9911, 0.9934])
[0 : mcmc]  - Convergence of means: R-1 = 0.079866 after 13220 accepted steps = sum([3329, 3240, 3350, 3301])
[0 : mcmc]  - Updated covariance matrix of proposal pdf.
[1 : mcmc] Progress @ 2026-09-09 05:59:51 : 45707 steps taken, and 3240 accepted.
[0 : mcmc] Progress @ 2026-09-09 06:00:06 : 47010 steps taken, and 3331 accepted.
[3 : mcmc] Progress @ 2026-09-09 06:00:18 : 46634 steps taken, and 3305 accepted.
[2 : mcmc] Progress @ 2026-09-09 06:00:38 : 47418 steps taken, and 3357 accepted.
[1 : mcmc] Progress @ 2026-09-09 06:00:51 : 45806 steps taken, and 3247 accepted.
[0 : mcmc] Progress @ 2026-09-09 06:01:06 : 47110 steps taken, and 3338 accepted.
[3 : mcmc] Progress @ 2026-09-09 06:01:19 : 46736 steps taken, and 3313 accepted.
[2 : mcmc] Progress @ 2026-09-09 06:01:38 : 47490 steps taken, and 3362 accepted.
[1 : mcmc] Progress @ 2026-09-09 06:01:51 : 45932 steps taken, and 3256 accepted.
[0 : mcmc] Progress @ 2026-09-09 06:02:06 : 47208 steps taken, and 3345 accepted.
[3 : mcmc] Progress @ 2026-09-09 06:02:20 : 46834 steps taken, and 3320 accepted.
[2 : mcmc] Progress @ 2026-09-09 06:02:39 : 47589 steps taken, and 3369 accepted.
[1 : mcmc] Progress @ 2026-09-09 06:02:52 : 46004 steps taken, and 3261 accepted.
[0 : mcmc] Progress @ 2026-09-09 06:03:06 : 47281 steps taken, and 3350 accepted.
[3 : mcmc] Progress @ 2026-09-09 06:03:20 : 46933 steps taken, and 3327 accepted.
[2 : mcmc] Progress @ 2026-09-09 06:03:39 : 47687 steps taken, and 3376 accepted.
[1 : mcmc] Progress @ 2026-09-09 06:03:58 : 46115 steps taken, and 3269 accepted.
[0 : mcmc] Progress @ 2026-09-09 06:04:06 : 47407 steps taken, and 3359 accepted.
[3 : mcmc] Progress @ 2026-09-09 06:04:20 : 47058 steps taken, and 3335 accepted.
[2 : mcmc] Progress @ 2026-09-09 06:04:39 : 47787 steps taken, and 3384 accepted.
[0 : mcmc] Progress @ 2026-09-09 06:05:06 : 47505 steps taken, and 3366 accepted.
[1 : mcmc] Progress @ 2026-09-09 06:05:07 : 46233 steps taken, and 3277 accepted.
[3 : mcmc] Progress @ 2026-09-09 06:05:21 : 47156 steps taken, and 3343 accepted.
[2 : mcmc] Progress @ 2026-09-09 06:05:45 : 47899 steps taken, and 3392 accepted.
[0 : mcmc] Progress @ 2026-09-09 06:06:07 : 47604 steps taken, and 3373 accepted.
[1 : mcmc] Progress @ 2026-09-09 06:06:07 : 46358 steps taken, and 3287 accepted.
[3 : mcmc] Progress @ 2026-09-09 06:06:21 : 47284 steps taken, and 3352 accepted.
[2 : mcmc] Progress @ 2026-09-09 06:06:45 : 47997 steps taken, and 3399 accepted.
[0 : mcmc] Progress @ 2026-09-09 06:07:07 : 47731 steps taken, and 3382 accepted.
[1 : mcmc] Progress @ 2026-09-09 06:07:07 : 46457 steps taken, and 3294 accepted.
[3 : mcmc] Progress @ 2026-09-09 06:07:21 : 47408 steps taken, and 3360 accepted.
[2 : mcmc] Progress @ 2026-09-09 06:07:46 : 48069 steps taken, and 3404 accepted.
[0 : mcmc] Progress @ 2026-09-09 06:08:07 : 47830 steps taken, and 3389 accepted.
[1 : mcmc] Progress @ 2026-09-09 06:08:08 : 46557 steps taken, and 3301 accepted.
[3 : mcmc] Progress @ 2026-09-09 06:08:23 : 47482 steps taken, and 3366 accepted.
[2 : mcmc] Progress @ 2026-09-09 06:08:48 : 48173 steps taken, and 3411 accepted.
[0 : mcmc] Progress @ 2026-09-09 06:09:08 : 47956 steps taken, and 3398 accepted.
[1 : mcmc] Progress @ 2026-09-09 06:09:08 : 46682 steps taken, and 3309 accepted.
[3 : mcmc] Progress @ 2026-09-09 06:09:23 : 47580 steps taken, and 3373 accepted.
[2 : mcmc] Progress @ 2026-09-09 06:09:48 : 48300 steps taken, and 3420 accepted.
[0 : mcmc] Progress @ 2026-09-09 06:10:08 : 48055 steps taken, and 3405 accepted.
[1 : mcmc] Progress @ 2026-09-09 06:10:08 : 46780 steps taken, and 3317 accepted.
[3 : mcmc] Progress @ 2026-09-09 06:10:23 : 47677 steps taken, and 3380 accepted.
[2 : mcmc] Progress @ 2026-09-09 06:10:55 : 48386 steps taken, and 3426 accepted.
[1 : mcmc] Progress @ 2026-09-09 06:11:08 : 46879 steps taken, and 3324 accepted.
[0 : mcmc] Progress @ 2026-09-09 06:11:08 : 48154 steps taken, and 3412 accepted.
[3 : mcmc] Progress @ 2026-09-09 06:11:23 : 47749 steps taken, and 3385 accepted.
[2 : mcmc] Progress @ 2026-09-09 06:11:56 : 48487 steps taken, and 3434 accepted.
[0 : mcmc] Progress @ 2026-09-09 06:12:08 : 48226 steps taken, and 3417 accepted.
[1 : mcmc] Progress @ 2026-09-09 06:12:17 : 46969 steps taken, and 3330 accepted.
[3 : mcmc] Progress @ 2026-09-09 06:12:24 : 47848 steps taken, and 3392 accepted.
[2 : mcmc] Progress @ 2026-09-09 06:12:56 : 48585 steps taken, and 3441 accepted.
[0 : mcmc] Progress @ 2026-09-09 06:13:08 : 48350 steps taken, and 3426 accepted.
[1 : mcmc] Progress @ 2026-09-09 06:13:17 : 47067 steps taken, and 3337 accepted.
[3 : mcmc] Progress @ 2026-09-09 06:13:27 : 47951 steps taken, and 3399 accepted.
[2 : mcmc] Progress @ 2026-09-09 06:14:02 : 48697 steps taken, and 3449 accepted.
[0 : mcmc] Progress @ 2026-09-09 06:14:08 : 48449 steps taken, and 3433 accepted.
[1 : mcmc] Progress @ 2026-09-09 06:14:17 : 47166 steps taken, and 3343 accepted.
[3 : mcmc] Progress @ 2026-09-09 06:14:27 : 48049 steps taken, and 3406 accepted.
[2 : mcmc] Progress @ 2026-09-09 06:15:04 : 48773 steps taken, and 3454 accepted.
[0 : mcmc] Progress @ 2026-09-09 06:15:15 : 48535 steps taken, and 3439 accepted.
[1 : mcmc] Progress @ 2026-09-09 06:15:27 : 47285 steps taken, and 3352 accepted.
[3 : mcmc] Progress @ 2026-09-09 06:15:37 : 48168 steps taken, and 3415 accepted.
[2 : mcmc] Progress @ 2026-09-09 06:16:04 : 48898 steps taken, and 3463 accepted.
[0 : mcmc] Progress @ 2026-09-09 06:16:15 : 48660 steps taken, and 3448 accepted.
[1 : mcmc] Progress @ 2026-09-09 06:16:27 : 47383 steps taken, and 3359 accepted.
[3 : mcmc] Progress @ 2026-09-09 06:16:37 : 48265 steps taken, and 3422 accepted.
[2 : mcmc] Progress @ 2026-09-09 06:17:04 : 49025 steps taken, and 3472 accepted.
[0 : mcmc] Progress @ 2026-09-09 06:17:15 : 48786 steps taken, and 3457 accepted.
[1 : mcmc] Progress @ 2026-09-09 06:17:27 : 47482 steps taken, and 3365 accepted.
[3 : mcmc] Progress @ 2026-09-09 06:17:37 : 48363 steps taken, and 3429 accepted.
[2 : mcmc] Progress @ 2026-09-09 06:18:05 : 49152 steps taken, and 3481 accepted.
[0 : mcmc] Progress @ 2026-09-09 06:18:15 : 48885 steps taken, and 3464 accepted.
[1 : mcmc] Progress @ 2026-09-09 06:18:27 : 47607 steps taken, and 3374 accepted.
[3 : mcmc] Progress @ 2026-09-09 06:18:37 : 48461 steps taken, and 3436 accepted.
[2 : mcmc] Progress @ 2026-09-09 06:19:05 : 49279 steps taken, and 3490 accepted.
[0 : mcmc] Progress @ 2026-09-09 06:19:16 : 49011 steps taken, and 3473 accepted.
[1 : mcmc] Progress @ 2026-09-09 06:19:27 : 47706 steps taken, and 3381 accepted.
[3 : mcmc] Progress @ 2026-09-09 06:19:37 : 48559 steps taken, and 3443 accepted.
[2 : mcmc] Progress @ 2026-09-09 06:20:05 : 49378 steps taken, and 3497 accepted.
[0 : mcmc] Progress @ 2026-09-09 06:20:16 : 49083 steps taken, and 3477 accepted.
[1 : mcmc] Progress @ 2026-09-09 06:20:27 : 47804 steps taken, and 3388 accepted.
[3 : mcmc] Progress @ 2026-09-09 06:20:43 : 48642 steps taken, and 3449 accepted.
[2 : mcmc] Progress @ 2026-09-09 06:21:05 : 49451 steps taken, and 3502 accepted.
[0 : mcmc] Progress @ 2026-09-09 06:21:16 : 49182 steps taken, and 3484 accepted.
[1 : mcmc] Progress @ 2026-09-09 06:21:27 : 47903 steps taken, and 3395 accepted.
[3 : mcmc] Progress @ 2026-09-09 06:21:43 : 48765 steps taken, and 3457 accepted.
[2 : mcmc] Progress @ 2026-09-09 06:22:05 : 49577 steps taken, and 3511 accepted.
[0 : mcmc] Progress @ 2026-09-09 06:22:17 : 49282 steps taken, and 3492 accepted.
[1 : mcmc] Progress @ 2026-09-09 06:22:27 : 48030 steps taken, and 3404 accepted.
[3 : mcmc] Progress @ 2026-09-09 06:22:43 : 48864 steps taken, and 3465 accepted.
[2 : mcmc] Progress @ 2026-09-09 06:23:05 : 49678 steps taken, and 3519 accepted.
[0 : mcmc] Progress @ 2026-09-09 06:23:17 : 49382 steps taken, and 3499 accepted.
[1 : mcmc] Progress @ 2026-09-09 06:23:28 : 48158 steps taken, and 3413 accepted.
[3 : mcmc] Progress @ 2026-09-09 06:23:43 : 48961 steps taken, and 3471 accepted.
[2 : mcmc] Progress @ 2026-09-09 06:24:06 : 49777 steps taken, and 3526 accepted.
[0 : mcmc] Progress @ 2026-09-09 06:24:18 : 49483 steps taken, and 3506 accepted.
[1 : mcmc] Progress @ 2026-09-09 06:24:28 : 48257 steps taken, and 3420 accepted.
[3 : mcmc] Progress @ 2026-09-09 06:24:43 : 49086 steps taken, and 3480 accepted.
[2 : mcmc] Progress @ 2026-09-09 06:25:06 : 49876 steps taken, and 3533 accepted.
[0 : mcmc] Progress @ 2026-09-09 06:25:18 : 49583 steps taken, and 3513 accepted.
[1 : mcmc] Progress @ 2026-09-09 06:25:28 : 48383 steps taken, and 3429 accepted.
[3 : mcmc] Progress @ 2026-09-09 06:25:43 : 49183 steps taken, and 3488 accepted.
[2 : mcmc] Progress @ 2026-09-09 06:26:16 : 49970 steps taken, and 3540 accepted.
[0 : mcmc] Progress @ 2026-09-09 06:26:18 : 49682 steps taken, and 3520 accepted.
[1 : mcmc] Progress @ 2026-09-09 06:26:29 : 48510 steps taken, and 3438 accepted.
[3 : mcmc] Progress @ 2026-09-09 06:26:43 : 49308 steps taken, and 3496 accepted.
[2 : mcmc] Progress @ 2026-09-09 06:27:16 : 50095 steps taken, and 3548 accepted.
[0 : mcmc] Progress @ 2026-09-09 06:27:25 : 49767 steps taken, and 3526 accepted.
[1 : mcmc] Progress @ 2026-09-09 06:27:29 : 48583 steps taken, and 3444 accepted.
[3 : mcmc] Progress @ 2026-09-09 06:27:44 : 49379 steps taken, and 3501 accepted.
[2 : mcmc] Progress @ 2026-09-09 06:28:17 : 50167 steps taken, and 3554 accepted.
[0 : mcmc] Progress @ 2026-09-09 06:28:25 : 49893 steps taken, and 3535 accepted.
[1 : mcmc] Progress @ 2026-09-09 06:28:29 : 48681 steps taken, and 3450 accepted.
[3 : mcmc] Progress @ 2026-09-09 06:28:44 : 49502 steps taken, and 3510 accepted.
[2 : mcmc] Progress @ 2026-09-09 06:29:17 : 50266 steps taken, and 3561 accepted.
[0 : mcmc] Progress @ 2026-09-09 06:29:25 : 49992 steps taken, and 3542 accepted.
[1 : mcmc] Progress @ 2026-09-09 06:29:29 : 48779 steps taken, and 3457 accepted.
[3 : mcmc] Progress @ 2026-09-09 06:29:45 : 49576 steps taken, and 3516 accepted.
[2 : mcmc] Progress @ 2026-09-09 06:30:17 : 50339 steps taken, and 3566 accepted.
[0 : mcmc] Progress @ 2026-09-09 06:30:25 : 50092 steps taken, and 3549 accepted.
[1 : mcmc] Progress @ 2026-09-09 06:30:30 : 48878 steps taken, and 3465 accepted.
[3 : mcmc] Progress @ 2026-09-09 06:30:53 : 49689 steps taken, and 3524 accepted.
[2 : mcmc] Progress @ 2026-09-09 06:31:18 : 50439 steps taken, and 3573 accepted.
[0 : mcmc] Progress @ 2026-09-09 06:31:26 : 50218 steps taken, and 3558 accepted.
[1 : mcmc] Progress @ 2026-09-09 06:31:30 : 48976 steps taken, and 3472 accepted.
[3 : mcmc] Progress @ 2026-09-09 06:31:54 : 49814 steps taken, and 3532 accepted.
[2 : mcmc] Progress @ 2026-09-09 06:32:18 : 50538 steps taken, and 3580 accepted.
[0 : mcmc] Progress @ 2026-09-09 06:32:26 : 50318 steps taken, and 3565 accepted.
[1 : mcmc] Progress @ 2026-09-09 06:32:30 : 49074 steps taken, and 3479 accepted.
[3 : mcmc] Progress @ 2026-09-09 06:32:54 : 49938 steps taken, and 3540 accepted.
[2 : mcmc] Progress @ 2026-09-09 06:33:18 : 50637 steps taken, and 3587 accepted.
[0 : mcmc] Progress @ 2026-09-09 06:33:26 : 50445 steps taken, and 3575 accepted.
[1 : mcmc] Progress @ 2026-09-09 06:33:30 : 49173 steps taken, and 3485 accepted.
[3 : mcmc] Progress @ 2026-09-09 06:34:01 : 50022 steps taken, and 3546 accepted.
[2 : mcmc] Progress @ 2026-09-09 06:34:19 : 50737 steps taken, and 3594 accepted.
[0 : mcmc] Progress @ 2026-09-09 06:34:26 : 50545 steps taken, and 3582 accepted.
[1 : mcmc] Progress @ 2026-09-09 06:34:31 : 49271 steps taken, and 3493 accepted.
[3 : mcmc] Progress @ 2026-09-09 06:35:11 : 50139 steps taken, and 3555 accepted.
[2 : mcmc] Learn + convergence test @ 3600 samples accepted.
[2 : mcmc] Ready to check convergence and learn a new proposal covmat (waiting for the rest...)
[2 : mcmc] Progress @ 2026-09-09 06:35:19 : 50836 steps taken, and 3600 accepted.
[0 : mcmc] Progress @ 2026-09-09 06:35:27 : 50671 steps taken, and 3591 accepted.
[1 : mcmc] Progress @ 2026-09-09 06:35:31 : 49397 steps taken, and 3501 accepted.
[3 : mcmc] Progress @ 2026-09-09 06:36:11 : 50237 steps taken, and 3562 accepted.
[2 : mcmc] Progress @ 2026-09-09 06:36:20 : 50909 steps taken, and 3605 accepted.
[0 : mcmc] Progress @ 2026-09-09 06:36:27 : 50771 steps taken, and 3598 accepted.
[0 : mcmc] Learn + convergence test @ 3600 samples accepted.
[0 : mcmc] Ready to check convergence and learn a new proposal covmat (waiting for the rest...)
[1 : mcmc] Progress @ 2026-09-09 06:36:43 : 49521 steps taken, and 3511 accepted.
[3 : mcmc] Progress @ 2026-09-09 06:37:12 : 50365 steps taken, and 3571 accepted.
[2 : mcmc] Progress @ 2026-09-09 06:37:20 : 51008 steps taken, and 3613 accepted.
[0 : mcmc] Progress @ 2026-09-09 06:37:27 : 50870 steps taken, and 3605 accepted.
[1 : mcmc] Progress @ 2026-09-09 06:37:43 : 49646 steps taken, and 3519 accepted.
[3 : mcmc] Progress @ 2026-09-09 06:38:12 : 50489 steps taken, and 3579 accepted.
[2 : mcmc] Progress @ 2026-09-09 06:38:20 : 51135 steps taken, and 3621 accepted.
[0 : mcmc] Progress @ 2026-09-09 06:38:27 : 50994 steps taken, and 3614 accepted.
[1 : mcmc] Progress @ 2026-09-09 06:38:44 : 49745 steps taken, and 3526 accepted.
[3 : mcmc] Progress @ 2026-09-09 06:39:12 : 50588 steps taken, and 3587 accepted.
[2 : mcmc] Progress @ 2026-09-09 06:39:25 : 51218 steps taken, and 3628 accepted.
[0 : mcmc] Progress @ 2026-09-09 06:39:33 : 51079 steps taken, and 3620 accepted.
[1 : mcmc] Progress @ 2026-09-09 06:39:45 : 49819 steps taken, and 3532 accepted.
[3 : mcmc] Progress @ 2026-09-09 06:40:13 : 50685 steps taken, and 3593 accepted.
[2 : mcmc] Progress @ 2026-09-09 06:40:25 : 51344 steps taken, and 3637 accepted.
[0 : mcmc] Progress @ 2026-09-09 06:40:33 : 51204 steps taken, and 3629 accepted.
[1 : mcmc] Progress @ 2026-09-09 06:40:45 : 49917 steps taken, and 3539 accepted.
[3 : mcmc] Learn + convergence test @ 3600 samples accepted.
[3 : mcmc] Ready to check convergence and learn a new proposal covmat (waiting for the rest...)
[3 : mcmc] Progress @ 2026-09-09 06:41:20 : 50797 steps taken, and 3602 accepted.
[2 : mcmc] Progress @ 2026-09-09 06:41:26 : 51444 steps taken, and 3644 accepted.
[0 : mcmc] Progress @ 2026-09-09 06:41:33 : 51304 steps taken, and 3636 accepted.
[1 : mcmc] Progress @ 2026-09-09 06:41:45 : 50015 steps taken, and 3546 accepted.
[3 : mcmc] Progress @ 2026-09-09 06:42:20 : 50921 steps taken, and 3610 accepted.
[2 : mcmc] Progress @ 2026-09-09 06:42:26 : 51543 steps taken, and 3650 accepted.
[0 : mcmc] Progress @ 2026-09-09 06:42:33 : 51404 steps taken, and 3643 accepted.
[1 : mcmc] Progress @ 2026-09-09 06:42:46 : 50113 steps taken, and 3553 accepted.
[3 : mcmc] Progress @ 2026-09-09 06:43:21 : 51019 steps taken, and 3617 accepted.
[2 : mcmc] Progress @ 2026-09-09 06:43:26 : 51642 steps taken, and 3657 accepted.
[0 : mcmc] Progress @ 2026-09-09 06:43:40 : 51518 steps taken, and 3651 accepted.
[1 : mcmc] Progress @ 2026-09-09 06:43:46 : 50213 steps taken, and 3560 accepted.
[2 : mcmc] Progress @ 2026-09-09 06:44:27 : 51742 steps taken, and 3664 accepted.
[3 : mcmc] Progress @ 2026-09-09 06:44:29 : 51134 steps taken, and 3626 accepted.
[0 : mcmc] Progress @ 2026-09-09 06:44:40 : 51617 steps taken, and 3658 accepted.
[1 : mcmc] Progress @ 2026-09-09 06:44:47 : 50311 steps taken, and 3567 accepted.
[2 : mcmc] Progress @ 2026-09-09 06:45:27 : 51814 steps taken, and 3669 accepted.
[3 : mcmc] Progress @ 2026-09-09 06:45:30 : 51232 steps taken, and 3633 accepted.
[0 : mcmc] Progress @ 2026-09-09 06:45:41 : 51743 steps taken, and 3667 accepted.
[1 : mcmc] Progress @ 2026-09-09 06:45:50 : 50416 steps taken, and 3575 accepted.
[2 : mcmc] Progress @ 2026-09-09 06:46:27 : 51913 steps taken, and 3676 accepted.
[3 : mcmc] Progress @ 2026-09-09 06:46:30 : 51356 steps taken, and 3642 accepted.
[0 : mcmc] Progress @ 2026-09-09 06:46:41 : 51843 steps taken, and 3675 accepted.
[1 : mcmc] Progress @ 2026-09-09 06:46:50 : 50540 steps taken, and 3582 accepted.
[2 : mcmc] Progress @ 2026-09-09 06:47:27 : 52037 steps taken, and 3685 accepted.
[3 : mcmc] Progress @ 2026-09-09 06:47:30 : 51454 steps taken, and 3648 accepted.
[0 : mcmc] Progress @ 2026-09-09 06:47:41 : 51943 steps taken, and 3681 accepted.
[1 : mcmc] Progress @ 2026-09-09 06:47:51 : 50638 steps taken, and 3589 accepted.
[2 : mcmc] Progress @ 2026-09-09 06:48:27 : 52137 steps taken, and 3692 accepted.
[3 : mcmc] Progress @ 2026-09-09 06:48:30 : 51526 steps taken, and 3654 accepted.
[0 : mcmc] Progress @ 2026-09-09 06:48:41 : 52043 steps taken, and 3689 accepted.
[1 : mcmc] Progress @ 2026-09-09 06:48:51 : 50710 steps taken, and 3594 accepted.
[2 : mcmc] Progress @ 2026-09-09 06:49:29 : 52239 steps taken, and 3700 accepted.
[3 : mcmc] Progress @ 2026-09-09 06:49:30 : 51624 steps taken, and 3661 accepted.
[1 : mcmc] Learn + convergence test @ 3600 samples accepted.
[1 : mcmc] Ready to check convergence and learn a new proposal covmat (waiting for the rest...)
[0 : mcmc] Progress @ 2026-09-09 06:49:44 : 52147 steps taken, and 3696 accepted.
[0 : mcmc] All chains are ready to check convergence and learn a new proposal covmat
[0 : mcmc]  - Acceptance rate: 0.993 = avg([0.9946, 0.9923, 0.9909, 0.9946])
[0 : mcmc]  - Convergence of means: R-1 = 0.057439 after 14662 accepted steps = sum([3697, 3600, 3702, 3663])
[0 : mcmc]  - Updated covariance matrix of proposal pdf.
[1 : mcmc] Progress @ 2026-09-09 06:49:51 : 50805 steps taken, and 3600 accepted.
[2 : mcmc] Progress @ 2026-09-09 06:50:29 : 52332 steps taken, and 3706 accepted.
[3 : mcmc] Progress @ 2026-09-09 06:50:31 : 51742 steps taken, and 3669 accepted.
[0 : mcmc] Progress @ 2026-09-09 06:50:44 : 52273 steps taken, and 3705 accepted.
[1 : mcmc] Progress @ 2026-09-09 06:50:51 : 50904 steps taken, and 3607 accepted.
[2 : mcmc] Progress @ 2026-09-09 06:51:29 : 52430 steps taken, and 3713 accepted.
[3 : mcmc] Progress @ 2026-09-09 06:51:31 : 51841 steps taken, and 3676 accepted.
[1 : mcmc] Progress @ 2026-09-09 06:51:51 : 51001 steps taken, and 3614 accepted.
[0 : mcmc] Progress @ 2026-09-09 06:51:55 : 52368 steps taken, and 3712 accepted.
[2 : mcmc] Progress @ 2026-09-09 06:52:30 : 52555 steps taken, and 3722 accepted.
[3 : mcmc] Progress @ 2026-09-09 06:52:31 : 51914 steps taken, and 3681 accepted.
[1 : mcmc] Progress @ 2026-09-09 06:52:51 : 51126 steps taken, and 3623 accepted.
[0 : mcmc] Progress @ 2026-09-09 06:53:02 : 52480 steps taken, and 3720 accepted.
[2 : mcmc] Progress @ 2026-09-09 06:53:30 : 52654 steps taken, and 3729 accepted.
[3 : mcmc] Progress @ 2026-09-09 06:53:32 : 52013 steps taken, and 3688 accepted.
[1 : mcmc] Progress @ 2026-09-09 06:53:51 : 51223 steps taken, and 3630 accepted.
[0 : mcmc] Progress @ 2026-09-09 06:54:02 : 52578 steps taken, and 3727 accepted.
[2 : mcmc] Progress @ 2026-09-09 06:54:30 : 52726 steps taken, and 3734 accepted.
[3 : mcmc] Progress @ 2026-09-09 06:54:32 : 52137 steps taken, and 3698 accepted.
[1 : mcmc] Progress @ 2026-09-09 06:54:52 : 51295 steps taken, and 3635 accepted.
[0 : mcmc] Progress @ 2026-09-09 06:55:02 : 52652 steps taken, and 3732 accepted.
[2 : mcmc] Progress @ 2026-09-09 06:55:30 : 52824 steps taken, and 3741 accepted.
[3 : mcmc] Progress @ 2026-09-09 06:55:32 : 52263 steps taken, and 3706 accepted.
[1 : mcmc] Progress @ 2026-09-09 06:55:52 : 51367 steps taken, and 3640 accepted.
[0 : mcmc] Progress @ 2026-09-09 06:56:13 : 52773 steps taken, and 3741 accepted.
[3 : mcmc] Progress @ 2026-09-09 06:56:33 : 52362 steps taken, and 3712 accepted.
[2 : mcmc] Progress @ 2026-09-09 06:56:42 : 52919 steps taken, and 3748 accepted.
[1 : mcmc] Progress @ 2026-09-09 06:56:52 : 51491 steps taken, and 3649 accepted.
[0 : mcmc] Progress @ 2026-09-09 06:57:13 : 52898 steps taken, and 3750 accepted.
[3 : mcmc] Progress @ 2026-09-09 06:57:33 : 52434 steps taken, and 3717 accepted.
[2 : mcmc] Progress @ 2026-09-09 06:57:42 : 53018 steps taken, and 3755 accepted.
[1 : mcmc] Progress @ 2026-09-09 06:58:00 : 51578 steps taken, and 3655 accepted.
[0 : mcmc] Progress @ 2026-09-09 06:58:14 : 52971 steps taken, and 3755 accepted.
[3 : mcmc] Progress @ 2026-09-09 06:58:35 : 52536 steps taken, and 3725 accepted.
[2 : mcmc] Progress @ 2026-09-09 06:58:42 : 53145 steps taken, and 3764 accepted.
[1 : mcmc] Progress @ 2026-09-09 06:59:04 : 51683 steps taken, and 3663 accepted.
[0 : mcmc] Progress @ 2026-09-09 06:59:22 : 53087 steps taken, and 3763 accepted.
[3 : mcmc] Progress @ 2026-09-09 06:59:35 : 52635 steps taken, and 3732 accepted.
[2 : mcmc] Progress @ 2026-09-09 06:59:42 : 53243 steps taken, and 3771 accepted.
[1 : mcmc] Progress @ 2026-09-09 07:00:04 : 51807 steps taken, and 3672 accepted.
[0 : mcmc] Progress @ 2026-09-09 07:00:26 : 53193 steps taken, and 3771 accepted.
[3 : mcmc] Progress @ 2026-09-09 07:00:35 : 52760 steps taken, and 3741 accepted.
[2 : mcmc] Progress @ 2026-09-09 07:00:43 : 53370 steps taken, and 3780 accepted.
[1 : mcmc] Progress @ 2026-09-09 07:01:04 : 51880 steps taken, and 3677 accepted.
[0 : mcmc] Progress @ 2026-09-09 07:01:26 : 53292 steps taken, and 3778 accepted.
[3 : mcmc] Progress @ 2026-09-09 07:01:36 : 52832 steps taken, and 3746 accepted.
[2 : mcmc] Progress @ 2026-09-09 07:01:43 : 53442 steps taken, and 3786 accepted.
[1 : mcmc] Progress @ 2026-09-09 07:02:12 : 51994 steps taken, and 3685 accepted.
[0 : mcmc] Progress @ 2026-09-09 07:02:26 : 53419 steps taken, and 3787 accepted.
[3 : mcmc] Progress @ 2026-09-09 07:02:36 : 52955 steps taken, and 3755 accepted.
[2 : mcmc] Progress @ 2026-09-09 07:02:43 : 53567 steps taken, and 3794 accepted.
[1 : mcmc] Progress @ 2026-09-09 07:03:12 : 52091 steps taken, and 3692 accepted.
[0 : mcmc] Progress @ 2026-09-09 07:03:27 : 53517 steps taken, and 3794 accepted.
[3 : mcmc] Progress @ 2026-09-09 07:03:36 : 53053 steps taken, and 3761 accepted.
[2 : mcmc] Progress @ 2026-09-09 07:03:47 : 53674 steps taken, and 3802 accepted.
[1 : mcmc] Progress @ 2026-09-09 07:04:13 : 52188 steps taken, and 3699 accepted.
[0 : mcmc] Progress @ 2026-09-09 07:04:27 : 53616 steps taken, and 3801 accepted.
[3 : mcmc] Progress @ 2026-09-09 07:04:37 : 53150 steps taken, and 3767 accepted.
[2 : mcmc] Progress @ 2026-09-09 07:04:53 : 53784 steps taken, and 3810 accepted.
[1 : mcmc] Progress @ 2026-09-09 07:05:13 : 52286 steps taken, and 3706 accepted.
[0 : mcmc] Progress @ 2026-09-09 07:05:27 : 53740 steps taken, and 3810 accepted.
[3 : mcmc] Progress @ 2026-09-09 07:05:40 : 53253 steps taken, and 3775 accepted.
[2 : mcmc] Progress @ 2026-09-09 07:05:53 : 53908 steps taken, and 3819 accepted.
[1 : mcmc] Progress @ 2026-09-09 07:06:13 : 52409 steps taken, and 3715 accepted.
[0 : mcmc] Progress @ 2026-09-09 07:06:27 : 53837 steps taken, and 3817 accepted.
[3 : mcmc] Progress @ 2026-09-09 07:06:40 : 53351 steps taken, and 3782 accepted.
[2 : mcmc] Progress @ 2026-09-09 07:06:54 : 54006 steps taken, and 3826 accepted.
[1 : mcmc] Progress @ 2026-09-09 07:07:13 : 52508 steps taken, and 3722 accepted.
[0 : mcmc] Progress @ 2026-09-09 07:07:28 : 53937 steps taken, and 3824 accepted.
[3 : mcmc] Progress @ 2026-09-09 07:07:46 : 53460 steps taken, and 3790 accepted.
[2 : mcmc] Progress @ 2026-09-09 07:08:04 : 54097 steps taken, and 3832 accepted.
[1 : mcmc] Progress @ 2026-09-09 07:08:13 : 52632 steps taken, and 3731 accepted.
[0 : mcmc] Progress @ 2026-09-09 07:08:28 : 54061 steps taken, and 3833 accepted.
[3 : mcmc] Progress @ 2026-09-09 07:08:52 : 53545 steps taken, and 3796 accepted.
[2 : mcmc] Progress @ 2026-09-09 07:09:04 : 54222 steps taken, and 3841 accepted.
[1 : mcmc] Progress @ 2026-09-09 07:09:13 : 52730 steps taken, and 3738 accepted.
[0 : mcmc] Progress @ 2026-09-09 07:09:29 : 54161 steps taken, and 3840 accepted.
[3 : mcmc] Progress @ 2026-09-09 07:09:52 : 53669 steps taken, and 3805 accepted.
[2 : mcmc] Progress @ 2026-09-09 07:10:04 : 54321 steps taken, and 3848 accepted.
[1 : mcmc] Progress @ 2026-09-09 07:10:14 : 52856 steps taken, and 3747 accepted.
[0 : mcmc] Progress @ 2026-09-09 07:10:29 : 54260 steps taken, and 3847 accepted.
[3 : mcmc] Progress @ 2026-09-09 07:11:03 : 53764 steps taken, and 3812 accepted.
[2 : mcmc] Progress @ 2026-09-09 07:11:05 : 54420 steps taken, and 3855 accepted.
[1 : mcmc] Progress @ 2026-09-09 07:11:24 : 52973 steps taken, and 3755 accepted.
[0 : mcmc] Progress @ 2026-09-09 07:11:37 : 54348 steps taken, and 3853 accepted.
[3 : mcmc] Progress @ 2026-09-09 07:12:03 : 53888 steps taken, and 3820 accepted.
[2 : mcmc] Progress @ 2026-09-09 07:12:05 : 54519 steps taken, and 3863 accepted.
[1 : mcmc] Progress @ 2026-09-09 07:12:24 : 53099 steps taken, and 3764 accepted.
[0 : mcmc] Progress @ 2026-09-09 07:12:38 : 54447 steps taken, and 3861 accepted.
[3 : mcmc] Progress @ 2026-09-09 07:13:08 : 53995 steps taken, and 3828 accepted.
[2 : mcmc] Progress @ 2026-09-09 07:13:14 : 54636 steps taken, and 3871 accepted.
[1 : mcmc] Progress @ 2026-09-09 07:13:27 : 53203 steps taken, and 3772 accepted.
[0 : mcmc] Progress @ 2026-09-09 07:13:38 : 54571 steps taken, and 3869 accepted.
[3 : mcmc] Progress @ 2026-09-09 07:14:08 : 54093 steps taken, and 3835 accepted.
[2 : mcmc] Progress @ 2026-09-09 07:14:14 : 54735 steps taken, and 3878 accepted.
[1 : mcmc] Progress @ 2026-09-09 07:14:29 : 53277 steps taken, and 3777 accepted.
[0 : mcmc] Progress @ 2026-09-09 07:14:39 : 54670 steps taken, and 3875 accepted.
[3 : mcmc] Progress @ 2026-09-09 07:15:08 : 54191 steps taken, and 3841 accepted.
[2 : mcmc] Progress @ 2026-09-09 07:15:14 : 54859 steps taken, and 3886 accepted.
[1 : mcmc] Progress @ 2026-09-09 07:15:29 : 53374 steps taken, and 3783 accepted.
[0 : mcmc] Progress @ 2026-09-09 07:15:39 : 54769 steps taken, and 3883 accepted.
[3 : mcmc] Progress @ 2026-09-09 07:16:09 : 54263 steps taken, and 3846 accepted.
[2 : mcmc] Progress @ 2026-09-09 07:16:14 : 54931 steps taken, and 3892 accepted.
[1 : mcmc] Progress @ 2026-09-09 07:16:36 : 53485 steps taken, and 3791 accepted.
[0 : mcmc] Progress @ 2026-09-09 07:16:39 : 54867 steps taken, and 3889 accepted.
[3 : mcmc] Progress @ 2026-09-09 07:17:09 : 54360 steps taken, and 3853 accepted.
[2 : mcmc] Progress @ 2026-09-09 07:17:15 : 55030 steps taken, and 3899 accepted.
[1 : mcmc] Progress @ 2026-09-09 07:17:36 : 53611 steps taken, and 3801 accepted.
[0 : mcmc] Progress @ 2026-09-09 07:17:40 : 54966 steps taken, and 3897 accepted.
[2 : mcmc] Progress @ 2026-09-09 07:18:15 : 55128 steps taken, and 3906 accepted.
[3 : mcmc] Progress @ 2026-09-09 07:18:16 : 54445 steps taken, and 3859 accepted.
[1 : mcmc] Progress @ 2026-09-09 07:18:36 : 53709 steps taken, and 3808 accepted.
[0 : mcmc] Progress @ 2026-09-09 07:18:40 : 55064 steps taken, and 3904 accepted.
[2 : mcmc] Progress @ 2026-09-09 07:19:15 : 55228 steps taken, and 3913 accepted.
[3 : mcmc] Progress @ 2026-09-09 07:19:18 : 54549 steps taken, and 3867 accepted.
[1 : mcmc] Progress @ 2026-09-09 07:19:36 : 53809 steps taken, and 3814 accepted.
[0 : mcmc] Progress @ 2026-09-09 07:19:40 : 55161 steps taken, and 3910 accepted.
[3 : mcmc] Progress @ 2026-09-09 07:20:19 : 54673 steps taken, and 3875 accepted.
[2 : mcmc] Progress @ 2026-09-09 07:20:25 : 55320 steps taken, and 3919 accepted.
[0 : mcmc] Progress @ 2026-09-09 07:20:40 : 55259 steps taken, and 3917 accepted.
[1 : mcmc] Progress @ 2026-09-09 07:20:49 : 53906 steps taken, and 3822 accepted.
[3 : mcmc] Progress @ 2026-09-09 07:21:19 : 54772 steps taken, and 3882 accepted.
[2 : mcmc] Progress @ 2026-09-09 07:21:25 : 55444 steps taken, and 3927 accepted.
[0 : mcmc] Progress @ 2026-09-09 07:21:41 : 55358 steps taken, and 3924 accepted.
[1 : mcmc] Progress @ 2026-09-09 07:21:49 : 54030 steps taken, and 3831 accepted.
[3 : mcmc] Progress @ 2026-09-09 07:22:19 : 54870 steps taken, and 3889 accepted.
[2 : mcmc] Progress @ 2026-09-09 07:22:26 : 55543 steps taken, and 3934 accepted.
[0 : mcmc] Progress @ 2026-09-09 07:22:48 : 55445 steps taken, and 3931 accepted.
[1 : mcmc] Progress @ 2026-09-09 07:22:49 : 54127 steps taken, and 3837 accepted.
[3 : mcmc] Progress @ 2026-09-09 07:23:19 : 54968 steps taken, and 3897 accepted.
[2 : mcmc] Progress @ 2026-09-09 07:23:26 : 55641 steps taken, and 3940 accepted.
[0 : mcmc] Progress @ 2026-09-09 07:23:49 : 55541 steps taken, and 3937 accepted.
[1 : mcmc] Progress @ 2026-09-09 07:23:50 : 54226 steps taken, and 3845 accepted.
[3 : mcmc] Progress @ 2026-09-09 07:24:19 : 55093 steps taken, and 3905 accepted.
[2 : mcmc] Progress @ 2026-09-09 07:24:26 : 55766 steps taken, and 3949 accepted.
[0 : mcmc] Progress @ 2026-09-09 07:24:49 : 55637 steps taken, and 3945 accepted.
[1 : mcmc] Progress @ 2026-09-09 07:24:50 : 54295 steps taken, and 3850 accepted.
[3 : mcmc] Progress @ 2026-09-09 07:25:19 : 55140 steps taken, and 3909 accepted.
[2 : mcmc] Progress @ 2026-09-09 07:25:33 : 55850 steps taken, and 3955 accepted.
[0 : mcmc] Progress @ 2026-09-09 07:25:50 : 55734 steps taken, and 3951 accepted.
[1 : mcmc] Progress @ 2026-09-09 07:25:50 : 54419 steps taken, and 3858 accepted.
[2 : mcmc] Learn + convergence test @ 3960 samples accepted.
[2 : mcmc] Ready to check convergence and learn a new proposal covmat (waiting for the rest...)
[3 : mcmc] Progress @ 2026-09-09 07:26:20 : 55213 steps taken, and 3914 accepted.
[2 : mcmc] Progress @ 2026-09-09 07:26:33 : 55947 steps taken, and 3962 accepted.
[0 : mcmc] Progress @ 2026-09-09 07:26:50 : 55804 steps taken, and 3956 accepted.
[1 : mcmc] Progress @ 2026-09-09 07:26:50 : 54543 steps taken, and 3867 accepted.
[0 : mcmc] Learn + convergence test @ 3960 samples accepted.
[0 : mcmc] Ready to check convergence and learn a new proposal covmat (waiting for the rest...)
[3 : mcmc] Progress @ 2026-09-09 07:27:20 : 55265 steps taken, and 3918 accepted.
[2 : mcmc] Progress @ 2026-09-09 07:27:33 : 56073 steps taken, and 3971 accepted.
[0 : mcmc] Progress @ 2026-09-09 07:27:50 : 55902 steps taken, and 3963 accepted.
[1 : mcmc] Progress @ 2026-09-09 07:27:51 : 54614 steps taken, and 3872 accepted.
[3 : mcmc] Progress @ 2026-09-09 07:28:20 : 55363 steps taken, and 3925 accepted.
[2 : mcmc] Progress @ 2026-09-09 07:28:34 : 56144 steps taken, and 3976 accepted.
[1 : mcmc] Progress @ 2026-09-09 07:28:51 : 54691 steps taken, and 3877 accepted.
[0 : mcmc] Progress @ 2026-09-09 07:29:02 : 56023 steps taken, and 3972 accepted.
[3 : mcmc] Progress @ 2026-09-09 07:29:20 : 55461 steps taken, and 3931 accepted.
[2 : mcmc] Progress @ 2026-09-09 07:29:34 : 56269 steps taken, and 3986 accepted.
[1 : mcmc] Progress @ 2026-09-09 07:29:51 : 54763 steps taken, and 3883 accepted.
[0 : mcmc] Progress @ 2026-09-09 07:30:02 : 56121 steps taken, and 3979 accepted.
[3 : mcmc] Progress @ 2026-09-09 07:30:20 : 55586 steps taken, and 3940 accepted.
[2 : mcmc] Progress @ 2026-09-09 07:30:34 : 56366 steps taken, and 3992 accepted.
[1 : mcmc] Progress @ 2026-09-09 07:30:52 : 54811 steps taken, and 3886 accepted.
[0 : mcmc] Progress @ 2026-09-09 07:31:02 : 56244 steps taken, and 3987 accepted.
[3 : mcmc] Progress @ 2026-09-09 07:31:21 : 55685 steps taken, and 3947 accepted.
[2 : mcmc] Progress @ 2026-09-09 07:31:34 : 56465 steps taken, and 3999 accepted.
[1 : mcmc] Progress @ 2026-09-09 07:31:52 : 54884 steps taken, and 3892 accepted.
[0 : mcmc] Progress @ 2026-09-09 07:32:15 : 56329 steps taken, and 3993 accepted.
[3 : mcmc] Progress @ 2026-09-09 07:32:21 : 55783 steps taken, and 3954 accepted.
[2 : mcmc] Progress @ 2026-09-09 07:32:35 : 56562 steps taken, and 4006 accepted.
[1 : mcmc] Progress @ 2026-09-09 07:32:53 : 54931 steps taken, and 3895 accepted.
[0 : mcmc] Progress @ 2026-09-09 07:33:15 : 56401 steps taken, and 3998 accepted.
[3 : mcmc] Progress @ 2026-09-09 07:33:23 : 55858 steps taken, and 3959 accepted.
[3 : mcmc] Learn + convergence test @ 3960 samples accepted.
[3 : mcmc] Ready to check convergence and learn a new proposal covmat (waiting for the rest...)
[2 : mcmc] Progress @ 2026-09-09 07:33:35 : 56659 steps taken, and 4013 accepted.
[1 : mcmc] Progress @ 2026-09-09 07:33:53 : 54979 steps taken, and 3898 accepted.
[0 : mcmc] Progress @ 2026-09-09 07:34:16 : 56474 steps taken, and 4003 accepted.
[3 : mcmc] Progress @ 2026-09-09 07:34:23 : 55955 steps taken, and 3966 accepted.
[2 : mcmc] Progress @ 2026-09-09 07:34:36 : 56732 steps taken, and 4019 accepted.
[1 : mcmc] Progress @ 2026-09-09 07:35:04 : 55040 steps taken, and 3902 accepted.
[0 : mcmc] Progress @ 2026-09-09 07:35:16 : 56523 steps taken, and 4006 accepted.
[3 : mcmc] Progress @ 2026-09-09 07:35:23 : 56079 steps taken, and 3975 accepted.
[2 : mcmc] Progress @ 2026-09-09 07:35:37 : 56829 steps taken, and 4025 accepted.
[1 : mcmc] Progress @ 2026-09-09 07:36:05 : 55113 steps taken, and 3908 accepted.
[0 : mcmc] Progress @ 2026-09-09 07:36:17 : 56596 steps taken, and 4012 accepted.
[3 : mcmc] Progress @ 2026-09-09 07:36:23 : 56178 steps taken, and 3982 accepted.
[2 : mcmc] Progress @ 2026-09-09 07:36:37 : 56927 steps taken, and 4032 accepted.
[1 : mcmc] Progress @ 2026-09-09 07:37:05 : 55162 steps taken, and 3912 accepted.
[0 : mcmc] Progress @ 2026-09-09 07:37:17 : 56670 steps taken, and 4017 accepted.
[3 : mcmc] Progress @ 2026-09-09 07:37:23 : 56275 steps taken, and 3989 accepted.
[2 : mcmc] Progress @ 2026-09-09 07:37:44 : 57039 steps taken, and 4041 accepted.
[1 : mcmc] Progress @ 2026-09-09 07:38:13 : 55220 steps taken, and 3916 accepted.
[0 : mcmc] Progress @ 2026-09-09 07:38:18 : 56719 steps taken, and 4021 accepted.
[3 : mcmc] Progress @ 2026-09-09 07:38:24 : 56373 steps taken, and 3996 accepted.
[2 : mcmc] Progress @ 2026-09-09 07:38:45 : 57138 steps taken, and 4047 accepted.
[1 : mcmc] Progress @ 2026-09-09 07:39:13 : 55295 steps taken, and 3921 accepted.
[0 : mcmc] Progress @ 2026-09-09 07:39:18 : 56812 steps taken, and 4027 accepted.
[3 : mcmc] Progress @ 2026-09-09 07:39:24 : 56448 steps taken, and 4001 accepted.
[2 : mcmc] Progress @ 2026-09-09 07:39:45 : 57236 steps taken, and 4054 accepted.
[1 : mcmc] Progress @ 2026-09-09 07:40:14 : 55370 steps taken, and 3926 accepted.
[0 : mcmc] Progress @ 2026-09-09 07:40:18 : 56909 steps taken, and 4034 accepted.
[3 : mcmc] Progress @ 2026-09-09 07:40:25 : 56497 steps taken, and 4005 accepted.
[2 : mcmc] Progress @ 2026-09-09 07:40:47 : 57338 steps taken, and 4062 accepted.
[1 : mcmc] Progress @ 2026-09-09 07:41:14 : 55419 steps taken, and 3930 accepted.
[0 : mcmc] Progress @ 2026-09-09 07:41:19 : 57008 steps taken, and 4041 accepted.
[3 : mcmc] Progress @ 2026-09-09 07:41:25 : 56571 steps taken, and 4010 accepted.
[2 : mcmc] Progress @ 2026-09-09 07:41:47 : 57437 steps taken, and 4069 accepted.
[1 : mcmc] Progress @ 2026-09-09 07:42:14 : 55492 steps taken, and 3935 accepted.
[0 : mcmc] Progress @ 2026-09-09 07:42:19 : 57105 steps taken, and 4048 accepted.
[3 : mcmc] Progress @ 2026-09-09 07:42:25 : 56619 steps taken, and 4013 accepted.
[2 : mcmc] Progress @ 2026-09-09 07:42:54 : 57548 steps taken, and 4077 accepted.
[1 : mcmc] Progress @ 2026-09-09 07:43:15 : 55566 steps taken, and 3940 accepted.
[0 : mcmc] Progress @ 2026-09-09 07:43:20 : 57231 steps taken, and 4057 accepted.
[3 : mcmc] Progress @ 2026-09-09 07:43:25 : 56667 steps taken, and 4016 accepted.
[2 : mcmc] Progress @ 2026-09-09 07:43:59 : 57629 steps taken, and 4083 accepted.
[1 : mcmc] Progress @ 2026-09-09 07:44:15 : 55614 steps taken, and 3943 accepted.
[0 : mcmc] Progress @ 2026-09-09 07:44:20 : 57301 steps taken, and 4062 accepted.
[3 : mcmc] Progress @ 2026-09-09 07:44:26 : 56741 steps taken, and 4022 accepted.
[2 : mcmc] Progress @ 2026-09-09 07:44:59 : 57726 steps taken, and 4090 accepted.
[1 : mcmc] Progress @ 2026-09-09 07:45:15 : 55689 steps taken, and 3949 accepted.
[0 : mcmc] Progress @ 2026-09-09 07:45:20 : 57425 steps taken, and 4071 accepted.
[3 : mcmc] Progress @ 2026-09-09 07:45:26 : 56790 steps taken, and 4026 accepted.
[2 : mcmc] Progress @ 2026-09-09 07:46:07 : 57839 steps taken, and 4098 accepted.
[0 : mcmc] Progress @ 2026-09-09 07:46:20 : 57522 steps taken, and 4078 accepted.
[3 : mcmc] Progress @ 2026-09-09 07:46:27 : 56839 steps taken, and 4028 accepted.
[1 : mcmc] Progress @ 2026-09-09 07:46:30 : 55756 steps taken, and 3954 accepted.
[2 : mcmc] Progress @ 2026-09-09 07:47:20 : 57965 steps taken, and 4106 accepted.
[3 : mcmc] Progress @ 2026-09-09 07:47:28 : 56888 steps taken, and 4032 accepted.
[0 : mcmc] Progress @ 2026-09-09 07:47:28 : 57611 steps taken, and 4084 accepted.
[1 : mcmc] Progress @ 2026-09-09 07:47:31 : 55831 steps taken, and 3959 accepted.
[1 : mcmc] Learn + convergence test @ 3960 samples accepted.
[1 : mcmc] Ready to check convergence and learn a new proposal covmat (waiting for the rest...)
[0 : mcmc] All chains are ready to check convergence and learn a new proposal covmat
[0 : mcmc]  - Acceptance rate: 0.993 = avg([0.9942, 0.9930, 0.9923, 0.9931])
[0 : mcmc]  - Convergence of means: R-1 = 0.059835 after 16193 accepted steps = sum([4088, 3960, 4110, 4035])
[0 : mcmc]  - Updated covariance matrix of proposal pdf.
[2 : mcmc] Progress @ 2026-09-09 07:48:20 : 58036 steps taken, and 4112 accepted.
[3 : mcmc] Progress @ 2026-09-09 07:48:29 : 56962 steps taken, and 4037 accepted.
[0 : mcmc] Progress @ 2026-09-09 07:48:29 : 57673 steps taken, and 4089 accepted.
[1 : mcmc] Progress @ 2026-09-09 07:48:31 : 55868 steps taken, and 3962 accepted.
[2 : mcmc] Progress @ 2026-09-09 07:49:20 : 58127 steps taken, and 4118 accepted.
[3 : mcmc] Progress @ 2026-09-09 07:49:29 : 57060 steps taken, and 4044 accepted.
[0 : mcmc] Progress @ 2026-09-09 07:49:29 : 57787 steps taken, and 4097 accepted.
[1 : mcmc] Progress @ 2026-09-09 07:49:42 : 55938 steps taken, and 3967 accepted.
[2 : mcmc] Progress @ 2026-09-09 07:50:20 : 58198 steps taken, and 4123 accepted.
[0 : mcmc] Progress @ 2026-09-09 07:50:29 : 57863 steps taken, and 4102 accepted.
[3 : mcmc] Progress @ 2026-09-09 07:50:29 : 57125 steps taken, and 4049 accepted.
[1 : mcmc] Progress @ 2026-09-09 07:50:42 : 56054 steps taken, and 3975 accepted.
[2 : mcmc] Progress @ 2026-09-09 07:51:21 : 58246 steps taken, and 4127 accepted.
[3 : mcmc] Progress @ 2026-09-09 07:51:30 : 57221 steps taken, and 4055 accepted.
[0 : mcmc] Progress @ 2026-09-09 07:51:30 : 57963 steps taken, and 4110 accepted.
[1 : mcmc] Progress @ 2026-09-09 07:51:43 : 56148 steps taken, and 3982 accepted.
[2 : mcmc] Progress @ 2026-09-09 07:52:21 : 58296 steps taken, and 4130 accepted.
[3 : mcmc] Progress @ 2026-09-09 07:52:30 : 57317 steps taken, and 4061 accepted.
[0 : mcmc] Progress @ 2026-09-09 07:52:30 : 58033 steps taken, and 4114 accepted.
[1 : mcmc] Progress @ 2026-09-09 07:52:43 : 56236 steps taken, and 3988 accepted.
[2 : mcmc] Progress @ 2026-09-09 07:53:21 : 58394 steps taken, and 4137 accepted.
[3 : mcmc] Progress @ 2026-09-09 07:53:30 : 57412 steps taken, and 4068 accepted.
[0 : mcmc] Progress @ 2026-09-09 07:53:31 : 58081 steps taken, and 4118 accepted.
[1 : mcmc] Progress @ 2026-09-09 07:53:43 : 56347 steps taken, and 3996 accepted.
[2 : mcmc] Progress @ 2026-09-09 07:54:21 : 58521 steps taken, and 4146 accepted.
[3 : mcmc] Progress @ 2026-09-09 07:54:31 : 57508 steps taken, and 4075 accepted.
[0 : mcmc] Progress @ 2026-09-09 07:54:31 : 58155 steps taken, and 4123 accepted.
[1 : mcmc] Progress @ 2026-09-09 07:54:43 : 56446 steps taken, and 4003 accepted.
[2 : mcmc] Progress @ 2026-09-09 07:55:22 : 58619 steps taken, and 4153 accepted.
[0 : mcmc] Progress @ 2026-09-09 07:55:32 : 58228 steps taken, and 4128 accepted.
[3 : mcmc] Progress @ 2026-09-09 07:55:36 : 57587 steps taken, and 4081 accepted.
[1 : mcmc] Progress @ 2026-09-09 07:55:44 : 56545 steps taken, and 4010 accepted.
[2 : mcmc] Progress @ 2026-09-09 07:56:29 : 58731 steps taken, and 4161 accepted.
[0 : mcmc] Progress @ 2026-09-09 07:56:32 : 58306 steps taken, and 4134 accepted.
[3 : mcmc] Progress @ 2026-09-09 07:56:36 : 57674 steps taken, and 4087 accepted.
[1 : mcmc] Progress @ 2026-09-09 07:56:45 : 56671 steps taken, and 4019 accepted.
[2 : mcmc] Progress @ 2026-09-09 07:57:29 : 58856 steps taken, and 4170 accepted.
[0 : mcmc] Progress @ 2026-09-09 07:57:32 : 58377 steps taken, and 4139 accepted.
[3 : mcmc] Progress @ 2026-09-09 07:57:37 : 57747 steps taken, and 4091 accepted.
[1 : mcmc] Progress @ 2026-09-09 07:57:51 : 56755 steps taken, and 4025 accepted.
[2 : mcmc] Progress @ 2026-09-09 07:58:29 : 58929 steps taken, and 4175 accepted.
[3 : mcmc] Progress @ 2026-09-09 07:58:37 : 57795 steps taken, and 4095 accepted.
[0 : mcmc] Progress @ 2026-09-09 07:58:37 : 58459 steps taken, and 4145 accepted.
[1 : mcmc] Progress @ 2026-09-09 07:58:51 : 56853 steps taken, and 4032 accepted.
[2 : mcmc] Progress @ 2026-09-09 07:59:37 : 59016 steps taken, and 4181 accepted.
[0 : mcmc] Progress @ 2026-09-09 07:59:38 : 58583 steps taken, and 4154 accepted.
[3 : mcmc] Progress @ 2026-09-09 07:59:38 : 57869 steps taken, and 4100 accepted.
[1 : mcmc] Progress @ 2026-09-09 07:59:51 : 56952 steps taken, and 4039 accepted.
[2 : mcmc] Progress @ 2026-09-09 08:00:37 : 59141 steps taken, and 4190 accepted.
[0 : mcmc] Progress @ 2026-09-09 08:00:38 : 58680 steps taken, and 4161 accepted.
[3 : mcmc] Progress @ 2026-09-09 08:00:43 : 57924 steps taken, and 4104 accepted.
[1 : mcmc] Progress @ 2026-09-09 08:00:52 : 57050 steps taken, and 4046 accepted.
[2 : mcmc] Progress @ 2026-09-09 08:01:37 : 59239 steps taken, and 4196 accepted.
[0 : mcmc] Progress @ 2026-09-09 08:01:38 : 58751 steps taken, and 4166 accepted.
[3 : mcmc] Progress @ 2026-09-09 08:01:44 : 57997 steps taken, and 4109 accepted.
[1 : mcmc] Progress @ 2026-09-09 08:01:52 : 57149 steps taken, and 4053 accepted.
[0 : mcmc] Progress @ 2026-09-09 08:02:39 : 58822 steps taken, and 4171 accepted.
[3 : mcmc] Progress @ 2026-09-09 08:02:44 : 58070 steps taken, and 4114 accepted.
[2 : mcmc] Progress @ 2026-09-09 08:02:49 : 59334 steps taken, and 4203 accepted.
[1 : mcmc] Progress @ 2026-09-09 08:02:52 : 57219 steps taken, and 4058 accepted.
[0 : mcmc] Progress @ 2026-09-09 08:03:39 : 58918 steps taken, and 4178 accepted.
[3 : mcmc] Progress @ 2026-09-09 08:03:44 : 58145 steps taken, and 4120 accepted.
[2 : mcmc] Progress @ 2026-09-09 08:03:49 : 59431 steps taken, and 4210 accepted.
[1 : mcmc] Progress @ 2026-09-09 08:03:52 : 57343 steps taken, and 4067 accepted.
[0 : mcmc] Progress @ 2026-09-09 08:04:39 : 59042 steps taken, and 4187 accepted.
[3 : mcmc] Progress @ 2026-09-09 08:04:45 : 58193 steps taken, and 4123 accepted.
[2 : mcmc] Progress @ 2026-09-09 08:04:50 : 59530 steps taken, and 4217 accepted.
[1 : mcmc] Progress @ 2026-09-09 08:04:55 : 57446 steps taken, and 4075 accepted.
[0 : mcmc] Progress @ 2026-09-09 08:05:39 : 59113 steps taken, and 4192 accepted.
[3 : mcmc] Progress @ 2026-09-09 08:05:45 : 58241 steps taken, and 4126 accepted.
[2 : mcmc] Progress @ 2026-09-09 08:05:50 : 59627 steps taken, and 4224 accepted.
[1 : mcmc] Progress @ 2026-09-09 08:05:55 : 57546 steps taken, and 4082 accepted.
[0 : mcmc] Progress @ 2026-09-09 08:06:39 : 59211 steps taken, and 4199 accepted.
[3 : mcmc] Progress @ 2026-09-09 08:06:46 : 58314 steps taken, and 4132 accepted.
[1 : mcmc] Progress @ 2026-09-09 08:06:56 : 57670 steps taken, and 4091 accepted.
[2 : mcmc] Progress @ 2026-09-09 08:06:58 : 59742 steps taken, and 4232 accepted.
[0 : mcmc] Progress @ 2026-09-09 08:07:40 : 59309 steps taken, and 4205 accepted.
[3 : mcmc] Progress @ 2026-09-09 08:07:46 : 58363 steps taken, and 4135 accepted.
[1 : mcmc] Progress @ 2026-09-09 08:07:56 : 57742 steps taken, and 4096 accepted.
[2 : mcmc] Progress @ 2026-09-09 08:07:58 : 59866 steps taken, and 4241 accepted.
[0 : mcmc] Progress @ 2026-09-09 08:08:40 : 59433 steps taken, and 4215 accepted.
[3 : mcmc] Progress @ 2026-09-09 08:08:47 : 58437 steps taken, and 4140 accepted.
[1 : mcmc] Progress @ 2026-09-09 08:08:56 : 57867 steps taken, and 4105 accepted.
[2 : mcmc] Progress @ 2026-09-09 08:08:58 : 59966 steps taken, and 4248 accepted.
[0 : mcmc] Progress @ 2026-09-09 08:09:41 : 59505 steps taken, and 4220 accepted.
[3 : mcmc] Progress @ 2026-09-09 08:09:47 : 58512 steps taken, and 4145 accepted.
[1 : mcmc] Progress @ 2026-09-09 08:09:56 : 57993 steps taken, and 4113 accepted.
[2 : mcmc] Progress @ 2026-09-09 08:09:59 : 60091 steps taken, and 4257 accepted.
[0 : mcmc] Progress @ 2026-09-09 08:10:41 : 59604 steps taken, and 4227 accepted.
[3 : mcmc] Progress @ 2026-09-09 08:10:48 : 58561 steps taken, and 4149 accepted.
[1 : mcmc] Progress @ 2026-09-09 08:10:57 : 58092 steps taken, and 4120 accepted.
[2 : mcmc] Progress @ 2026-09-09 08:10:59 : 60190 steps taken, and 4264 accepted.
[0 : mcmc] Progress @ 2026-09-09 08:11:41 : 59726 steps taken, and 4236 accepted.
[3 : mcmc] Progress @ 2026-09-09 08:11:48 : 58634 steps taken, and 4155 accepted.
[1 : mcmc] Progress @ 2026-09-09 08:11:57 : 58191 steps taken, and 4128 accepted.
[2 : mcmc] Progress @ 2026-09-09 08:11:59 : 60288 steps taken, and 4271 accepted.
[0 : mcmc] Progress @ 2026-09-09 08:12:41 : 59825 steps taken, and 4243 accepted.
[2 : mcmc] Progress @ 2026-09-09 08:12:59 : 60387 steps taken, and 4277 accepted.
[1 : mcmc] Progress @ 2026-09-09 08:13:02 : 58300 steps taken, and 4136 accepted.
[3 : mcmc] Progress @ 2026-09-09 08:13:04 : 58700 steps taken, and 4159 accepted.
[0 : mcmc] Progress @ 2026-09-09 08:13:41 : 59924 steps taken, and 4250 accepted.
[2 : mcmc] Progress @ 2026-09-09 08:13:59 : 60512 steps taken, and 4287 accepted.
[1 : mcmc] Progress @ 2026-09-09 08:14:02 : 58398 steps taken, and 4143 accepted.
[3 : mcmc] Progress @ 2026-09-09 08:14:05 : 58749 steps taken, and 4163 accepted.
[0 : mcmc] Progress @ 2026-09-09 08:14:41 : 60021 steps taken, and 4256 accepted.
[2 : mcmc] Progress @ 2026-09-09 08:15:00 : 60609 steps taken, and 4293 accepted.
[1 : mcmc] Progress @ 2026-09-09 08:15:02 : 58465 steps taken, and 4147 accepted.
[3 : mcmc] Progress @ 2026-09-09 08:15:21 : 58795 steps taken, and 4166 accepted.
[0 : mcmc] Progress @ 2026-09-09 08:15:47 : 60099 steps taken, and 4261 accepted.
[2 : mcmc] Progress @ 2026-09-09 08:16:00 : 60681 steps taken, and 4299 accepted.
[1 : mcmc] Progress @ 2026-09-09 08:16:03 : 58554 steps taken, and 4154 accepted.
[3 : mcmc] Progress @ 2026-09-09 08:16:22 : 58895 steps taken, and 4173 accepted.
[0 : mcmc] Progress @ 2026-09-09 08:16:47 : 60195 steps taken, and 4268 accepted.
[2 : mcmc] Progress @ 2026-09-09 08:17:04 : 60787 steps taken, and 4306 accepted.
[1 : mcmc] Progress @ 2026-09-09 08:17:04 : 58602 steps taken, and 4157 accepted.
[3 : mcmc] Progress @ 2026-09-09 08:17:23 : 58944 steps taken, and 4177 accepted.
[0 : mcmc] Progress @ 2026-09-09 08:17:47 : 60267 steps taken, and 4273 accepted.
[1 : mcmc] Progress @ 2026-09-09 08:18:04 : 58676 steps taken, and 4162 accepted.
[2 : mcmc] Progress @ 2026-09-09 08:18:12 : 60903 steps taken, and 4315 accepted.
[3 : mcmc] Progress @ 2026-09-09 08:18:23 : 59017 steps taken, and 4182 accepted.
[2 : mcmc] Learn + convergence test @ 4320 samples accepted.
[2 : mcmc] Ready to check convergence and learn a new proposal covmat (waiting for the rest...)
[0 : mcmc] Progress @ 2026-09-09 08:18:47 : 60363 steps taken, and 4280 accepted.
[1 : mcmc] Progress @ 2026-09-09 08:19:04 : 58725 steps taken, and 4166 accepted.
[2 : mcmc] Progress @ 2026-09-09 08:19:12 : 61029 steps taken, and 4324 accepted.
[3 : mcmc] Progress @ 2026-09-09 08:19:41 : 59087 steps taken, and 4187 accepted.
[0 : mcmc] Progress @ 2026-09-09 08:19:48 : 60487 steps taken, and 4289 accepted.
[2 : mcmc] Progress @ 2026-09-09 08:20:19 : 61113 steps taken, and 4329 accepted.
[1 : mcmc] Progress @ 2026-09-09 08:20:23 : 58797 steps taken, and 4171 accepted.
[3 : mcmc] Progress @ 2026-09-09 08:20:41 : 59160 steps taken, and 4192 accepted.
[0 : mcmc] Progress @ 2026-09-09 08:20:48 : 60584 steps taken, and 4296 accepted.
[2 : mcmc] Progress @ 2026-09-09 08:21:20 : 61186 steps taken, and 4335 accepted.
[1 : mcmc] Progress @ 2026-09-09 08:21:24 : 58845 steps taken, and 4175 accepted.
[3 : mcmc] Progress @ 2026-09-09 08:21:41 : 59209 steps taken, and 4195 accepted.
[0 : mcmc] Progress @ 2026-09-09 08:21:48 : 60708 steps taken, and 4305 accepted.
[1 : mcmc] Progress @ 2026-09-09 08:22:25 : 58919 steps taken, and 4180 accepted.
[2 : mcmc] Progress @ 2026-09-09 08:22:27 : 61299 steps taken, and 4342 accepted.
[3 : mcmc] Progress @ 2026-09-09 08:22:41 : 59282 steps taken, and 4201 accepted.
[0 : mcmc] Progress @ 2026-09-09 08:22:48 : 60807 steps taken, and 4312 accepted.
[1 : mcmc] Progress @ 2026-09-09 08:23:32 : 58976 steps taken, and 4184 accepted.
[2 : mcmc] Progress @ 2026-09-09 08:23:38 : 61392 steps taken, and 4348 accepted.
[3 : mcmc] Progress @ 2026-09-09 08:23:42 : 59355 steps taken, and 4206 accepted.
[0 : mcmc] Learn + convergence test @ 4320 samples accepted.
[0 : mcmc] Ready to check convergence and learn a new proposal covmat (waiting for the rest...)
[0 : mcmc] Progress @ 2026-09-09 08:23:48 : 60931 steps taken, and 4320 accepted.
[2 : mcmc] Progress @ 2026-09-09 08:24:39 : 61491 steps taken, and 4356 accepted.
[3 : mcmc] Progress @ 2026-09-09 08:24:42 : 59404 steps taken, and 4210 accepted.
[1 : mcmc] Progress @ 2026-09-09 08:24:48 : 59019 steps taken, and 4186 accepted.
[0 : mcmc] Progress @ 2026-09-09 08:24:48 : 61029 steps taken, and 4328 accepted.
[2 : mcmc] Progress @ 2026-09-09 08:25:39 : 61591 steps taken, and 4363 accepted.
[3 : mcmc] Progress @ 2026-09-09 08:25:45 : 59456 steps taken, and 4213 accepted.
[1 : mcmc] Progress @ 2026-09-09 08:25:48 : 59092 steps taken, and 4192 accepted.
[0 : mcmc] Progress @ 2026-09-09 08:25:59 : 61122 steps taken, and 4334 accepted.
[2 : mcmc] Progress @ 2026-09-09 08:26:42 : 61696 steps taken, and 4370 accepted.
[1 : mcmc] Progress @ 2026-09-09 08:26:49 : 59167 steps taken, and 4197 accepted.
[3 : mcmc] Progress @ 2026-09-09 08:26:56 : 59518 steps taken, and 4218 accepted.
[0 : mcmc] Progress @ 2026-09-09 08:27:10 : 61215 steps taken, and 4341 accepted.
[2 : mcmc] Progress @ 2026-09-09 08:27:43 : 61795 steps taken, and 4377 accepted.
[1 : mcmc] Progress @ 2026-09-09 08:27:49 : 59216 steps taken, and 4201 accepted.
[3 : mcmc] Progress @ 2026-09-09 08:27:56 : 59592 steps taken, and 4223 accepted.
[0 : mcmc] Progress @ 2026-09-09 08:28:13 : 61319 steps taken, and 4348 accepted.
[2 : mcmc] Progress @ 2026-09-09 08:28:43 : 61867 steps taken, and 4382 accepted.
[1 : mcmc] Progress @ 2026-09-09 08:28:50 : 59290 steps taken, and 4206 accepted.
[3 : mcmc] Progress @ 2026-09-09 08:28:56 : 59640 steps taken, and 4226 accepted.
[0 : mcmc] Progress @ 2026-09-09 08:29:13 : 61416 steps taken, and 4355 accepted.
[2 : mcmc] Progress @ 2026-09-09 08:29:50 : 61979 steps taken, and 4390 accepted.
[3 : mcmc] Progress @ 2026-09-09 08:29:57 : 59713 steps taken, and 4232 accepted.
[1 : mcmc] Progress @ 2026-09-09 08:30:10 : 59338 steps taken, and 4210 accepted.
[0 : mcmc] Progress @ 2026-09-09 08:30:13 : 61538 steps taken, and 4364 accepted.
[2 : mcmc] Progress @ 2026-09-09 08:30:50 : 62077 steps taken, and 4397 accepted.
[3 : mcmc] Progress @ 2026-09-09 08:31:03 : 59742 steps taken, and 4234 accepted.
[1 : mcmc] Progress @ 2026-09-09 08:31:11 : 59410 steps taken, and 4215 accepted.
[0 : mcmc] Progress @ 2026-09-09 08:31:14 : 61636 steps taken, and 4371 accepted.
[2 : mcmc] Progress @ 2026-09-09 08:31:50 : 62177 steps taken, and 4404 accepted.
[3 : mcmc] Progress @ 2026-09-09 08:32:03 : 59816 steps taken, and 4239 accepted.
[1 : mcmc] Progress @ 2026-09-09 08:32:13 : 59436 steps taken, and 4217 accepted.
[0 : mcmc] Progress @ 2026-09-09 08:32:14 : 61707 steps taken, and 4376 accepted.
[2 : mcmc] Progress @ 2026-09-09 08:32:51 : 62276 steps taken, and 4410 accepted.
[3 : mcmc] Progress @ 2026-09-09 08:33:04 : 59865 steps taken, and 4242 accepted.
[1 : mcmc] Progress @ 2026-09-09 08:33:13 : 59509 steps taken, and 4222 accepted.
[0 : mcmc] Progress @ 2026-09-09 08:33:14 : 61778 steps taken, and 4381 accepted.
[2 : mcmc] Progress @ 2026-09-09 08:33:51 : 62403 steps taken, and 4420 accepted.
[0 : mcmc] Progress @ 2026-09-09 08:34:15 : 61901 steps taken, and 4389 accepted.
[3 : mcmc] Progress @ 2026-09-09 08:34:21 : 59933 steps taken, and 4247 accepted.
[1 : mcmc] Progress @ 2026-09-09 08:34:30 : 59553 steps taken, and 4225 accepted.
[2 : mcmc] Progress @ 2026-09-09 08:34:51 : 62502 steps taken, and 4426 accepted.
[0 : mcmc] Progress @ 2026-09-09 08:35:15 : 61972 steps taken, and 4394 accepted.
[3 : mcmc] Progress @ 2026-09-09 08:35:21 : 59981 steps taken, and 4250 accepted.
[1 : mcmc] Progress @ 2026-09-09 08:35:30 : 59626 steps taken, and 4230 accepted.
[2 : mcmc] Progress @ 2026-09-09 08:35:51 : 62599 steps taken, and 4433 accepted.
[0 : mcmc] Progress @ 2026-09-09 08:36:15 : 62098 steps taken, and 4403 accepted.
[3 : mcmc] Progress @ 2026-09-09 08:36:21 : 60055 steps taken, and 4256 accepted.
[1 : mcmc] Progress @ 2026-09-09 08:36:31 : 59701 steps taken, and 4236 accepted.
[2 : mcmc] Progress @ 2026-09-09 08:36:58 : 62710 steps taken, and 4441 accepted.
[3 : mcmc] Progress @ 2026-09-09 08:37:22 : 60105 steps taken, and 4259 accepted.
[0 : mcmc] Progress @ 2026-09-09 08:37:23 : 62212 steps taken, and 4411 accepted.
[1 : mcmc] Progress @ 2026-09-09 08:37:40 : 59761 steps taken, and 4240 accepted.
[2 : mcmc] Progress @ 2026-09-09 08:37:58 : 62808 steps taken, and 4449 accepted.
[3 : mcmc] Progress @ 2026-09-09 08:38:22 : 60213 steps taken, and 4267 accepted.
[0 : mcmc] Progress @ 2026-09-09 08:38:23 : 62337 steps taken, and 4420 accepted.
[1 : mcmc] Progress @ 2026-09-09 08:38:41 : 59858 steps taken, and 4247 accepted.
[2 : mcmc] Progress @ 2026-09-09 08:38:58 : 62905 steps taken, and 4455 accepted.
[3 : mcmc] Progress @ 2026-09-09 08:39:22 : 60283 steps taken, and 4272 accepted.
[0 : mcmc] Progress @ 2026-09-09 08:39:23 : 62435 steps taken, and 4427 accepted.
[1 : mcmc] Progress @ 2026-09-09 08:39:41 : 59956 steps taken, and 4254 accepted.
[2 : mcmc] Progress @ 2026-09-09 08:39:59 : 63030 steps taken, and 4464 accepted.
[0 : mcmc] Progress @ 2026-09-09 08:40:23 : 62559 steps taken, and 4436 accepted.
[3 : mcmc] Progress @ 2026-09-09 08:40:26 : 60361 steps taken, and 4278 accepted.
[1 : mcmc] Progress @ 2026-09-09 08:40:41 : 60078 steps taken, and 4263 accepted.
[2 : mcmc] Progress @ 2026-09-09 08:41:08 : 63118 steps taken, and 4471 accepted.
[0 : mcmc] Progress @ 2026-09-09 08:41:23 : 62657 steps taken, and 4443 accepted.
[3 : mcmc] Progress @ 2026-09-09 08:41:26 : 60458 steps taken, and 4284 accepted.
[1 : mcmc] Progress @ 2026-09-09 08:41:42 : 60178 steps taken, and 4269 accepted.
[2 : mcmc] Progress @ 2026-09-09 08:42:18 : 63238 steps taken, and 4479 accepted.
[0 : mcmc] Progress @ 2026-09-09 08:42:24 : 62730 steps taken, and 4448 accepted.
[3 : mcmc] Progress @ 2026-09-09 08:42:26 : 60582 steps taken, and 4294 accepted.
[1 : mcmc] Progress @ 2026-09-09 08:42:42 : 60276 steps taken, and 4276 accepted.
[2 : mcmc] Progress @ 2026-09-09 08:43:19 : 63363 steps taken, and 4488 accepted.
[0 : mcmc] Progress @ 2026-09-09 08:43:24 : 62828 steps taken, and 4454 accepted.
[3 : mcmc] Progress @ 2026-09-09 08:43:27 : 60681 steps taken, and 4301 accepted.
[1 : mcmc] Progress @ 2026-09-09 08:43:42 : 60373 steps taken, and 4282 accepted.
[2 : mcmc] Progress @ 2026-09-09 08:44:19 : 63461 steps taken, and 4495 accepted.
[0 : mcmc] Progress @ 2026-09-09 08:44:24 : 62927 steps taken, and 4462 accepted.
[3 : mcmc] Progress @ 2026-09-09 08:44:27 : 60780 steps taken, and 4308 accepted.
[1 : mcmc] Progress @ 2026-09-09 08:44:42 : 60498 steps taken, and 4291 accepted.
[2 : mcmc] Progress @ 2026-09-09 08:45:19 : 63559 steps taken, and 4502 accepted.
[0 : mcmc] Progress @ 2026-09-09 08:45:24 : 62999 steps taken, and 4467 accepted.
[3 : mcmc] Progress @ 2026-09-09 08:45:27 : 60878 steps taken, and 4315 accepted.
[1 : mcmc] Progress @ 2026-09-09 08:45:42 : 60594 steps taken, and 4298 accepted.
[3 : mcmc] Learn + convergence test @ 4320 samples accepted.
[3 : mcmc] Ready to check convergence and learn a new proposal covmat (waiting for the rest...)
[2 : mcmc] Progress @ 2026-09-09 08:46:20 : 63684 steps taken, and 4511 accepted.
[0 : mcmc] Progress @ 2026-09-09 08:46:25 : 63126 steps taken, and 4476 accepted.
[3 : mcmc] Progress @ 2026-09-09 08:46:28 : 61003 steps taken, and 4324 accepted.
[1 : mcmc] Progress @ 2026-09-09 08:46:42 : 60665 steps taken, and 4303 accepted.
[2 : mcmc] Progress @ 2026-09-09 08:47:20 : 63782 steps taken, and 4518 accepted.
[0 : mcmc] Progress @ 2026-09-09 08:47:25 : 63225 steps taken, and 4483 accepted.
[3 : mcmc] Progress @ 2026-09-09 08:47:28 : 61101 steps taken, and 4331 accepted.
[1 : mcmc] Progress @ 2026-09-09 08:47:42 : 60762 steps taken, and 4310 accepted.
[2 : mcmc] Progress @ 2026-09-09 08:48:20 : 63880 steps taken, and 4525 accepted.
[0 : mcmc] Progress @ 2026-09-09 08:48:25 : 63323 steps taken, and 4490 accepted.
[3 : mcmc] Progress @ 2026-09-09 08:48:28 : 61199 steps taken, and 4338 accepted.
[1 : mcmc] Progress @ 2026-09-09 08:48:47 : 60870 steps taken, and 4318 accepted.
[1 : mcmc] Learn + convergence test @ 4320 samples accepted.
[1 : mcmc] Ready to check convergence and learn a new proposal covmat (waiting for the rest...)
[0 : mcmc] All chains are ready to check convergence and learn a new proposal covmat
[0 : mcmc]  - Acceptance rate: 0.993 = avg([0.9943, 0.9940, 0.9930, 0.9927])
[0 : mcmc]  - Convergence of means: R-1 = 0.057482 after 17688 accepted steps = sum([4496, 4320, 4530, 4342])
[0 : mcmc]  - Updated covariance matrix of proposal pdf.
[2 : mcmc] Progress @ 2026-09-09 08:49:23 : 63949 steps taken, and 4530 accepted.
[0 : mcmc] Progress @ 2026-09-09 08:49:26 : 63404 steps taken, and 4496 accepted.
[3 : mcmc] Progress @ 2026-09-09 08:49:29 : 61271 steps taken, and 4343 accepted.
[1 : mcmc] Progress @ 2026-09-09 08:49:47 : 60938 steps taken, and 4323 accepted.
[2 : mcmc] Progress @ 2026-09-09 08:50:24 : 64048 steps taken, and 4537 accepted.
[3 : mcmc] Progress @ 2026-09-09 08:50:32 : 61376 steps taken, and 4350 accepted.
[0 : mcmc] Progress @ 2026-09-09 08:50:39 : 63504 steps taken, and 4503 accepted.
[1 : mcmc] Progress @ 2026-09-09 08:50:47 : 61064 steps taken, and 4332 accepted.
[2 : mcmc] Progress @ 2026-09-09 08:51:24 : 64146 steps taken, and 4544 accepted.
[3 : mcmc] Progress @ 2026-09-09 08:51:33 : 61473 steps taken, and 4357 accepted.
[0 : mcmc] Progress @ 2026-09-09 08:51:39 : 63629 steps taken, and 4512 accepted.
[1 : mcmc] Progress @ 2026-09-09 08:51:57 : 61155 steps taken, and 4338 accepted.
[2 : mcmc] Progress @ 2026-09-09 08:52:24 : 64243 steps taken, and 4551 accepted.
[3 : mcmc] Progress @ 2026-09-09 08:52:35 : 61548 steps taken, and 4362 accepted.
[0 : mcmc] Progress @ 2026-09-09 08:52:40 : 63729 steps taken, and 4519 accepted.
[1 : mcmc] Progress @ 2026-09-09 08:52:57 : 61279 steps taken, and 4347 accepted.
[2 : mcmc] Progress @ 2026-09-09 08:53:24 : 64340 steps taken, and 4557 accepted.
[3 : mcmc] Progress @ 2026-09-09 08:53:35 : 61646 steps taken, and 4370 accepted.
[0 : mcmc] Progress @ 2026-09-09 08:53:40 : 63856 steps taken, and 4528 accepted.
[1 : mcmc] Progress @ 2026-09-09 08:53:58 : 61352 steps taken, and 4353 accepted.
[2 : mcmc] Progress @ 2026-09-09 08:54:24 : 64463 steps taken, and 4567 accepted.
[3 : mcmc] Progress @ 2026-09-09 08:54:35 : 61745 steps taken, and 4377 accepted.
[0 : mcmc] Progress @ 2026-09-09 08:54:40 : 63955 steps taken, and 4535 accepted.
[1 : mcmc] Progress @ 2026-09-09 08:54:58 : 61449 steps taken, and 4359 accepted.
[2 : mcmc] Progress @ 2026-09-09 08:55:24 : 64534 steps taken, and 4572 accepted.
[3 : mcmc] Progress @ 2026-09-09 08:55:35 : 61868 steps taken, and 4385 accepted.
[0 : mcmc] Progress @ 2026-09-09 08:55:40 : 64081 steps taken, and 4545 accepted.
[1 : mcmc] Progress @ 2026-09-09 08:55:58 : 61547 steps taken, and 4366 accepted.
[2 : mcmc] Progress @ 2026-09-09 08:56:25 : 64633 steps taken, and 4579 accepted.
[3 : mcmc] Progress @ 2026-09-09 08:56:36 : 61994 steps taken, and 4394 accepted.
[0 : mcmc] Progress @ 2026-09-09 08:56:41 : 64180 steps taken, and 4552 accepted.
[1 : mcmc] Progress @ 2026-09-09 08:57:08 : 61639 steps taken, and 4373 accepted.
[2 : mcmc] Progress @ 2026-09-09 08:57:25 : 64730 steps taken, and 4586 accepted.
[3 : mcmc] Progress @ 2026-09-09 08:57:36 : 62064 steps taken, and 4399 accepted.
[0 : mcmc] Progress @ 2026-09-09 08:57:41 : 64306 steps taken, and 4561 accepted.
[1 : mcmc] Progress @ 2026-09-09 08:58:09 : 61763 steps taken, and 4381 accepted.
[2 : mcmc] Progress @ 2026-09-09 08:58:25 : 64828 steps taken, and 4593 accepted.
[0 : mcmc] Progress @ 2026-09-09 08:58:41 : 64406 steps taken, and 4568 accepted.
[3 : mcmc] Progress @ 2026-09-09 08:58:44 : 62153 steps taken, and 4405 accepted.
[1 : mcmc] Progress @ 2026-09-09 08:59:17 : 61852 steps taken, and 4386 accepted.
[2 : mcmc] Progress @ 2026-09-09 08:59:25 : 64953 steps taken, and 4602 accepted.
[3 : mcmc] Progress @ 2026-09-09 08:59:45 : 62277 steps taken, and 4414 accepted.
[0 : mcmc] Progress @ 2026-09-09 08:59:51 : 64498 steps taken, and 4574 accepted.
[1 : mcmc] Progress @ 2026-09-09 09:00:17 : 61950 steps taken, and 4393 accepted.
[2 : mcmc] Progress @ 2026-09-09 09:00:26 : 65024 steps taken, and 4607 accepted.
[3 : mcmc] Progress @ 2026-09-09 09:00:45 : 62375 steps taken, and 4421 accepted.
[0 : mcmc] Progress @ 2026-09-09 09:00:51 : 64597 steps taken, and 4581 accepted.
[1 : mcmc] Progress @ 2026-09-09 09:01:18 : 62076 steps taken, and 4402 accepted.
[2 : mcmc] Progress @ 2026-09-09 09:01:26 : 65096 steps taken, and 4612 accepted.
[3 : mcmc] Progress @ 2026-09-09 09:01:45 : 62501 steps taken, and 4429 accepted.
[0 : mcmc] Progress @ 2026-09-09 09:01:52 : 64696 steps taken, and 4589 accepted.
[1 : mcmc] Progress @ 2026-09-09 09:02:18 : 62202 steps taken, and 4411 accepted.
[2 : mcmc] Progress @ 2026-09-09 09:02:26 : 65194 steps taken, and 4619 accepted.
[3 : mcmc] Progress @ 2026-09-09 09:02:51 : 62612 steps taken, and 4437 accepted.
[0 : mcmc] Progress @ 2026-09-09 09:02:52 : 64795 steps taken, and 4595 accepted.
[1 : mcmc] Progress @ 2026-09-09 09:03:19 : 62299 steps taken, and 4418 accepted.
[2 : mcmc] Progress @ 2026-09-09 09:03:26 : 65318 steps taken, and 4628 accepted.
[3 : mcmc] Progress @ 2026-09-09 09:03:52 : 62737 steps taken, and 4446 accepted.
[0 : mcmc] Progress @ 2026-09-09 09:03:53 : 64894 steps taken, and 4603 accepted.
[1 : mcmc] Progress @ 2026-09-09 09:04:19 : 62400 steps taken, and 4425 accepted.
[2 : mcmc] Progress @ 2026-09-09 09:04:34 : 65405 steps taken, and 4634 accepted.
[3 : mcmc] Progress @ 2026-09-09 09:04:52 : 62809 steps taken, and 4452 accepted.
[0 : mcmc] Progress @ 2026-09-09 09:04:53 : 64993 steps taken, and 4610 accepted.
[1 : mcmc] Progress @ 2026-09-09 09:05:19 : 62498 steps taken, and 4432 accepted.
[2 : mcmc] Progress @ 2026-09-09 09:05:34 : 65503 steps taken, and 4641 accepted.
[0 : mcmc] Progress @ 2026-09-09 09:05:54 : 65093 steps taken, and 4617 accepted.
[3 : mcmc] Progress @ 2026-09-09 09:05:58 : 62893 steps taken, and 4458 accepted.
[1 : mcmc] Progress @ 2026-09-09 09:06:20 : 62624 steps taken, and 4441 accepted.
[2 : mcmc] Progress @ 2026-09-09 09:06:35 : 65628 steps taken, and 4650 accepted.
[0 : mcmc] Progress @ 2026-09-09 09:06:54 : 65220 steps taken, and 4626 accepted.
[3 : mcmc] Progress @ 2026-09-09 09:06:59 : 63017 steps taken, and 4467 accepted.
[1 : mcmc] Progress @ 2026-09-09 09:07:20 : 62721 steps taken, and 4447 accepted.
[2 : mcmc] Progress @ 2026-09-09 09:07:35 : 65753 steps taken, and 4658 accepted.
[0 : mcmc] Progress @ 2026-09-09 09:07:54 : 65320 steps taken, and 4633 accepted.
[3 : mcmc] Progress @ 2026-09-09 09:07:59 : 63116 steps taken, and 4474 accepted.
[1 : mcmc] Progress @ 2026-09-09 09:08:20 : 62820 steps taken, and 4455 accepted.
[2 : mcmc] Progress @ 2026-09-09 09:08:39 : 65833 steps taken, and 4664 accepted.
[0 : mcmc] Progress @ 2026-09-09 09:08:54 : 65419 steps taken, and 4640 accepted.
[3 : mcmc] Progress @ 2026-09-09 09:08:59 : 63213 steps taken, and 4481 accepted.
[1 : mcmc] Progress @ 2026-09-09 09:09:20 : 62918 steps taken, and 4462 accepted.
[2 : mcmc] Progress @ 2026-09-09 09:09:40 : 65956 steps taken, and 4673 accepted.
[0 : mcmc] Progress @ 2026-09-09 09:09:54 : 65491 steps taken, and 4645 accepted.
[3 : mcmc] Progress @ 2026-09-09 09:09:59 : 63310 steps taken, and 4487 accepted.
[1 : mcmc] Progress @ 2026-09-09 09:10:21 : 63043 steps taken, and 4469 accepted.
[2 : mcmc] Progress @ 2026-09-09 09:10:40 : 66054 steps taken, and 4679 accepted.
[2 : mcmc] Learn + convergence test @ 4680 samples accepted.
[2 : mcmc] Ready to check convergence and learn a new proposal covmat (waiting for the rest...)
[0 : mcmc] Progress @ 2026-09-09 09:10:55 : 65616 steps taken, and 4654 accepted.
[3 : mcmc] Progress @ 2026-09-09 09:11:08 : 63400 steps taken, and 4494 accepted.
[1 : mcmc] Progress @ 2026-09-09 09:11:21 : 63167 steps taken, and 4478 accepted.
[2 : mcmc] Progress @ 2026-09-09 09:11:45 : 66164 steps taken, and 4687 accepted.
[0 : mcmc] Progress @ 2026-09-09 09:11:55 : 65691 steps taken, and 4659 accepted.
[3 : mcmc] Progress @ 2026-09-09 09:12:13 : 63507 steps taken, and 4502 accepted.
[1 : mcmc] Progress @ 2026-09-09 09:12:21 : 63237 steps taken, and 4483 accepted.
[2 : mcmc] Progress @ 2026-09-09 09:12:45 : 66262 steps taken, and 4694 accepted.
[0 : mcmc] Progress @ 2026-09-09 09:12:56 : 65817 steps taken, and 4668 accepted.
[3 : mcmc] Progress @ 2026-09-09 09:13:14 : 63605 steps taken, and 4509 accepted.
[1 : mcmc] Progress @ 2026-09-09 09:13:21 : 63308 steps taken, and 4488 accepted.
[2 : mcmc] Progress @ 2026-09-09 09:13:46 : 66360 steps taken, and 4701 accepted.
[0 : mcmc] Progress @ 2026-09-09 09:13:56 : 65917 steps taken, and 4676 accepted.
[3 : mcmc] Progress @ 2026-09-09 09:14:20 : 63717 steps taken, and 4517 accepted.
[1 : mcmc] Progress @ 2026-09-09 09:14:21 : 63405 steps taken, and 4495 accepted.
[0 : mcmc] Learn + convergence test @ 4680 samples accepted.
[0 : mcmc] Ready to check convergence and learn a new proposal covmat (waiting for the rest...)
[2 : mcmc] Progress @ 2026-09-09 09:14:46 : 66456 steps taken, and 4707 accepted.
[0 : mcmc] Progress @ 2026-09-09 09:14:56 : 66015 steps taken, and 4683 accepted.
[3 : mcmc] Progress @ 2026-09-09 09:15:21 : 63840 steps taken, and 4525 accepted.
[1 : mcmc] Progress @ 2026-09-09 09:15:25 : 63509 steps taken, and 4503 accepted.
[0 : mcmc] Progress @ 2026-09-09 09:15:56 : 66111 steps taken, and 4690 accepted.
[2 : mcmc] Progress @ 2026-09-09 09:15:57 : 66548 steps taken, and 4714 accepted.
[3 : mcmc] Progress @ 2026-09-09 09:16:21 : 63938 steps taken, and 4532 accepted.
[1 : mcmc] Progress @ 2026-09-09 09:16:25 : 63632 steps taken, and 4512 accepted.
[2 : mcmc] Progress @ 2026-09-09 09:16:58 : 66645 steps taken, and 4721 accepted.
[0 : mcmc] Progress @ 2026-09-09 09:17:01 : 66220 steps taken, and 4697 accepted.
[1 : mcmc] Progress @ 2026-09-09 09:17:25 : 63730 steps taken, and 4519 accepted.
[3 : mcmc] Progress @ 2026-09-09 09:17:26 : 64045 steps taken, and 4540 accepted.
[2 : mcmc] Progress @ 2026-09-09 09:17:58 : 66742 steps taken, and 4727 accepted.
[0 : mcmc] Progress @ 2026-09-09 09:18:14 : 66343 steps taken, and 4706 accepted.
[1 : mcmc] Progress @ 2026-09-09 09:18:25 : 63854 steps taken, and 4527 accepted.
[3 : mcmc] Progress @ 2026-09-09 09:18:27 : 64142 steps taken, and 4547 accepted.
[2 : mcmc] Progress @ 2026-09-09 09:18:58 : 66841 steps taken, and 4734 accepted.
[0 : mcmc] Progress @ 2026-09-09 09:19:14 : 66441 steps taken, and 4712 accepted.
[1 : mcmc] Progress @ 2026-09-09 09:19:26 : 63953 steps taken, and 4534 accepted.
[3 : mcmc] Progress @ 2026-09-09 09:19:35 : 64229 steps taken, and 4553 accepted.
[2 : mcmc] Progress @ 2026-09-09 09:20:10 : 66936 steps taken, and 4741 accepted.
[0 : mcmc] Progress @ 2026-09-09 09:20:14 : 66540 steps taken, and 4719 accepted.
[1 : mcmc] Progress @ 2026-09-09 09:20:26 : 64080 steps taken, and 4542 accepted.
[3 : mcmc] Progress @ 2026-09-09 09:20:38 : 64336 steps taken, and 4561 accepted.
[0 : mcmc] Progress @ 2026-09-09 09:21:15 : 66638 steps taken, and 4726 accepted.
[2 : mcmc] Progress @ 2026-09-09 09:21:19 : 67025 steps taken, and 4748 accepted.
[1 : mcmc] Progress @ 2026-09-09 09:21:26 : 64178 steps taken, and 4549 accepted.
[3 : mcmc] Progress @ 2026-09-09 09:21:41 : 64439 steps taken, and 4568 accepted.
[0 : mcmc] Progress @ 2026-09-09 09:22:15 : 66763 steps taken, and 4734 accepted.
[2 : mcmc] Progress @ 2026-09-09 09:22:19 : 67123 steps taken, and 4755 accepted.
[1 : mcmc] Progress @ 2026-09-09 09:22:28 : 64281 steps taken, and 4556 accepted.
[3 : mcmc] Progress @ 2026-09-09 09:22:41 : 64564 steps taken, and 4577 accepted.
[0 : mcmc] Progress @ 2026-09-09 09:23:17 : 66839 steps taken, and 4740 accepted.
[2 : mcmc] Progress @ 2026-09-09 09:23:20 : 67247 steps taken, and 4763 accepted.
[1 : mcmc] Progress @ 2026-09-09 09:23:28 : 64406 steps taken, and 4564 accepted.
[3 : mcmc] Progress @ 2026-09-09 09:23:41 : 64663 steps taken, and 4584 accepted.
[0 : mcmc] Progress @ 2026-09-09 09:24:17 : 66936 steps taken, and 4747 accepted.
[2 : mcmc] Progress @ 2026-09-09 09:24:20 : 67346 steps taken, and 4771 accepted.
[1 : mcmc] Progress @ 2026-09-09 09:24:29 : 64478 steps taken, and 4570 accepted.
[3 : mcmc] Progress @ 2026-09-09 09:24:42 : 64762 steps taken, and 4591 accepted.
[0 : mcmc] Progress @ 2026-09-09 09:25:18 : 67008 steps taken, and 4752 accepted.
[2 : mcmc] Progress @ 2026-09-09 09:25:20 : 67418 steps taken, and 4776 accepted.
[1 : mcmc] Progress @ 2026-09-09 09:25:29 : 64604 steps taken, and 4579 accepted.
[3 : mcmc] Progress @ 2026-09-09 09:25:42 : 64861 steps taken, and 4598 accepted.
[0 : mcmc] Progress @ 2026-09-09 09:26:18 : 67132 steps taken, and 4761 accepted.
[2 : mcmc] Progress @ 2026-09-09 09:26:21 : 67543 steps taken, and 4785 accepted.
[1 : mcmc] Progress @ 2026-09-09 09:26:29 : 64702 steps taken, and 4586 accepted.
[3 : mcmc] Progress @ 2026-09-09 09:26:50 : 64975 steps taken, and 4607 accepted.
[2 : mcmc] Progress @ 2026-09-09 09:27:22 : 67643 steps taken, and 4792 accepted.
[0 : mcmc] Progress @ 2026-09-09 09:27:27 : 67250 steps taken, and 4769 accepted.
[1 : mcmc] Progress @ 2026-09-09 09:27:29 : 64801 steps taken, and 4593 accepted.
[3 : mcmc] Progress @ 2026-09-09 09:27:55 : 65054 steps taken, and 4612 accepted.
[2 : mcmc] Progress @ 2026-09-09 09:28:22 : 67742 steps taken, and 4799 accepted.
[0 : mcmc] Progress @ 2026-09-09 09:28:27 : 67375 steps taken, and 4778 accepted.
[1 : mcmc] Progress @ 2026-09-09 09:28:30 : 64926 steps taken, and 4602 accepted.
[3 : mcmc] Progress @ 2026-09-09 09:28:55 : 65153 steps taken, and 4619 accepted.
[2 : mcmc] Progress @ 2026-09-09 09:29:23 : 67867 steps taken, and 4808 accepted.
[0 : mcmc] Progress @ 2026-09-09 09:29:27 : 67447 steps taken, and 4783 accepted.
[1 : mcmc] Progress @ 2026-09-09 09:29:30 : 65052 steps taken, and 4610 accepted.
[3 : mcmc] Progress @ 2026-09-09 09:29:56 : 65251 steps taken, and 4626 accepted.
[2 : mcmc] Progress @ 2026-09-09 09:30:23 : 67966 steps taken, and 4814 accepted.
[0 : mcmc] Progress @ 2026-09-09 09:30:27 : 67571 steps taken, and 4792 accepted.
[1 : mcmc] Progress @ 2026-09-09 09:30:30 : 65177 steps taken, and 4620 accepted.
[3 : mcmc] Progress @ 2026-09-09 09:31:08 : 65348 steps taken, and 4633 accepted.
[0 : mcmc] Progress @ 2026-09-09 09:31:28 : 67644 steps taken, and 4797 accepted.
[1 : mcmc] Progress @ 2026-09-09 09:31:30 : 65303 steps taken, and 4629 accepted.
[2 : mcmc] Progress @ 2026-09-09 09:31:35 : 68088 steps taken, and 4823 accepted.
[3 : mcmc] Progress @ 2026-09-09 09:32:09 : 65447 steps taken, and 4640 accepted.
[0 : mcmc] Progress @ 2026-09-09 09:32:28 : 67743 steps taken, and 4804 accepted.
[1 : mcmc] Progress @ 2026-09-09 09:32:30 : 65402 steps taken, and 4636 accepted.
[2 : mcmc] Progress @ 2026-09-09 09:32:35 : 68214 steps taken, and 4832 accepted.
[3 : mcmc] Progress @ 2026-09-09 09:33:09 : 65519 steps taken, and 4645 accepted.
[0 : mcmc] Progress @ 2026-09-09 09:33:28 : 67840 steps taken, and 4811 accepted.
[2 : mcmc] Progress @ 2026-09-09 09:33:35 : 68311 steps taken, and 4838 accepted.
[1 : mcmc] Progress @ 2026-09-09 09:33:38 : 65516 steps taken, and 4644 accepted.
[3 : mcmc] Progress @ 2026-09-09 09:34:09 : 65645 steps taken, and 4654 accepted.
[0 : mcmc] Progress @ 2026-09-09 09:34:29 : 67965 steps taken, and 4820 accepted.
[2 : mcmc] Progress @ 2026-09-09 09:34:35 : 68382 steps taken, and 4844 accepted.
[1 : mcmc] Progress @ 2026-09-09 09:34:38 : 65642 steps taken, and 4653 accepted.
[3 : mcmc] Progress @ 2026-09-09 09:35:10 : 65743 steps taken, and 4661 accepted.
[0 : mcmc] Progress @ 2026-09-09 09:35:29 : 68092 steps taken, and 4829 accepted.
[1 : mcmc] Progress @ 2026-09-09 09:35:38 : 65740 steps taken, and 4660 accepted.
[2 : mcmc] Progress @ 2026-09-09 09:35:38 : 68486 steps taken, and 4850 accepted.
[3 : mcmc] Progress @ 2026-09-09 09:36:10 : 65815 steps taken, and 4666 accepted.
[0 : mcmc] Progress @ 2026-09-09 09:36:29 : 68164 steps taken, and 4834 accepted.
[1 : mcmc] Progress @ 2026-09-09 09:36:38 : 65840 steps taken, and 4667 accepted.
[2 : mcmc] Progress @ 2026-09-09 09:36:39 : 68611 steps taken, and 4859 accepted.
[3 : mcmc] Progress @ 2026-09-09 09:37:11 : 65913 steps taken, and 4673 accepted.
[0 : mcmc] Progress @ 2026-09-09 09:37:36 : 68276 steps taken, and 4842 accepted.
[1 : mcmc] Progress @ 2026-09-09 09:37:39 : 65938 steps taken, and 4674 accepted.
[2 : mcmc] Progress @ 2026-09-09 09:37:39 : 68709 steps taken, and 4866 accepted.
[1 : mcmc] Learn + convergence test @ 4680 samples accepted.
[1 : mcmc] Ready to check convergence and learn a new proposal covmat (waiting for the rest...)
[3 : mcmc] Progress @ 2026-09-09 09:38:22 : 66009 steps taken, and 4679 accepted.
[3 : mcmc] Learn + convergence test @ 4680 samples accepted.
[3 : mcmc] Ready to check convergence and learn a new proposal covmat (waiting for the rest...)
[0 : mcmc] All chains are ready to check convergence and learn a new proposal covmat
[2 : mcmc] Progress @ 2026-09-09 09:38:39 : 68807 steps taken, and 4873 accepted.
[0 : mcmc]  - Acceptance rate: 0.993 = avg([0.9939, 0.9928, 0.9927, 0.9924])
[0 : mcmc]  - Convergence of means: R-1 = 0.055646 after 19085 accepted steps = sum([4849, 4682, 4874, 4680])
[0 : mcmc]  - Updated covariance matrix of proposal pdf.
[1 : mcmc] Progress @ 2026-09-09 09:38:43 : 66052 steps taken, and 4682 accepted.
[0 : mcmc] Progress @ 2026-09-09 09:38:43 : 68365 steps taken, and 4849 accepted.
[3 : mcmc] Progress @ 2026-09-09 09:39:23 : 66093 steps taken, and 4685 accepted.
[2 : mcmc] Progress @ 2026-09-09 09:39:40 : 68904 steps taken, and 4880 accepted.
[1 : mcmc] Progress @ 2026-09-09 09:39:43 : 66150 steps taken, and 4689 accepted.
[0 : mcmc] Progress @ 2026-09-09 09:39:44 : 68464 steps taken, and 4855 accepted.
[3 : mcmc] Progress @ 2026-09-09 09:40:23 : 66193 steps taken, and 4692 accepted.
[2 : mcmc] Progress @ 2026-09-09 09:40:40 : 68975 steps taken, and 4885 accepted.
[0 : mcmc] Progress @ 2026-09-09 09:40:44 : 68562 steps taken, and 4863 accepted.
[1 : mcmc] Progress @ 2026-09-09 09:40:55 : 66273 steps taken, and 4698 accepted.
[3 : mcmc] Progress @ 2026-09-09 09:41:34 : 66315 steps taken, and 4701 accepted.
[0 : mcmc] Progress @ 2026-09-09 09:41:44 : 68661 steps taken, and 4870 accepted.
[2 : mcmc] Progress @ 2026-09-09 09:41:46 : 69086 steps taken, and 4893 accepted.
[1 : mcmc] Progress @ 2026-09-09 09:41:55 : 66372 steps taken, and 4705 accepted.
[3 : mcmc] Progress @ 2026-09-09 09:42:34 : 66412 steps taken, and 4708 accepted.
[0 : mcmc] Progress @ 2026-09-09 09:42:44 : 68760 steps taken, and 4877 accepted.
[2 : mcmc] Progress @ 2026-09-09 09:42:53 : 69198 steps taken, and 4901 accepted.
[1 : mcmc] Progress @ 2026-09-09 09:42:56 : 66471 steps taken, and 4712 accepted.
[3 : mcmc] Progress @ 2026-09-09 09:43:34 : 66510 steps taken, and 4715 accepted.
[0 : mcmc] Progress @ 2026-09-09 09:43:44 : 68858 steps taken, and 4884 accepted.
[2 : mcmc] Progress @ 2026-09-09 09:43:54 : 69295 steps taken, and 4908 accepted.
[1 : mcmc] Progress @ 2026-09-09 09:44:02 : 66582 steps taken, and 4720 accepted.
[3 : mcmc] Progress @ 2026-09-09 09:44:35 : 66635 steps taken, and 4723 accepted.
[0 : mcmc] Progress @ 2026-09-09 09:44:45 : 68957 steps taken, and 4891 accepted.
[2 : mcmc] Progress @ 2026-09-09 09:44:54 : 69394 steps taken, and 4915 accepted.
[1 : mcmc] Progress @ 2026-09-09 09:45:02 : 66680 steps taken, and 4727 accepted.
[3 : mcmc] Progress @ 2026-09-09 09:45:42 : 66722 steps taken, and 4729 accepted.
[0 : mcmc] Progress @ 2026-09-09 09:45:50 : 69066 steps taken, and 4899 accepted.
[2 : mcmc] Progress @ 2026-09-09 09:46:01 : 69478 steps taken, and 4921 accepted.
[1 : mcmc] Progress @ 2026-09-09 09:46:02 : 66777 steps taken, and 4734 accepted.
[3 : mcmc] Progress @ 2026-09-09 09:46:43 : 66820 steps taken, and 4736 accepted.
[0 : mcmc] Progress @ 2026-09-09 09:46:50 : 69165 steps taken, and 4906 accepted.
[2 : mcmc] Progress @ 2026-09-09 09:47:01 : 69575 steps taken, and 4928 accepted.
[1 : mcmc] Progress @ 2026-09-09 09:47:14 : 66874 steps taken, and 4741 accepted.
[3 : mcmc] Progress @ 2026-09-09 09:47:43 : 66918 steps taken, and 4743 accepted.
[0 : mcmc] Progress @ 2026-09-09 09:47:51 : 69290 steps taken, and 4914 accepted.
[2 : mcmc] Progress @ 2026-09-09 09:48:01 : 69700 steps taken, and 4937 accepted.
[1 : mcmc] Progress @ 2026-09-09 09:48:14 : 66998 steps taken, and 4750 accepted.
[3 : mcmc] Progress @ 2026-09-09 09:48:43 : 67016 steps taken, and 4750 accepted.
[0 : mcmc] Progress @ 2026-09-09 09:48:51 : 69386 steps taken, and 4922 accepted.
[2 : mcmc] Progress @ 2026-09-09 09:49:01 : 69769 steps taken, and 4941 accepted.
[1 : mcmc] Progress @ 2026-09-09 09:49:14 : 67113 steps taken, and 4758 accepted.
[0 : mcmc] Progress @ 2026-09-09 09:49:51 : 69481 steps taken, and 4928 accepted.
[3 : mcmc] Progress @ 2026-09-09 09:49:54 : 67108 steps taken, and 4757 accepted.
[2 : mcmc] Progress @ 2026-09-09 09:50:02 : 69890 steps taken, and 4950 accepted.
[1 : mcmc] Progress @ 2026-09-09 09:50:15 : 67209 steps taken, and 4765 accepted.
[2 : mcmc] Progress @ 2026-09-09 09:51:02 : 70016 steps taken, and 4959 accepted.
[3 : mcmc] Progress @ 2026-09-09 09:51:02 : 67220 steps taken, and 4765 accepted.
[0 : mcmc] Progress @ 2026-09-09 09:51:02 : 69603 steps taken, and 4937 accepted.
[1 : mcmc] Progress @ 2026-09-09 09:51:15 : 67308 steps taken, and 4772 accepted.
[2 : mcmc] Progress @ 2026-09-09 09:52:02 : 70089 steps taken, and 4965 accepted.
[0 : mcmc] Progress @ 2026-09-09 09:52:03 : 69675 steps taken, and 4942 accepted.
[3 : mcmc] Progress @ 2026-09-09 09:52:09 : 67332 steps taken, and 4772 accepted.
[1 : mcmc] Progress @ 2026-09-09 09:52:15 : 67432 steps taken, and 4781 accepted.
[0 : mcmc] Progress @ 2026-09-09 09:53:03 : 69774 steps taken, and 4949 accepted.
[2 : mcmc] Progress @ 2026-09-09 09:53:05 : 70194 steps taken, and 4972 accepted.
[3 : mcmc] Progress @ 2026-09-09 09:53:10 : 67457 steps taken, and 4781 accepted.
[1 : mcmc] Progress @ 2026-09-09 09:53:16 : 67532 steps taken, and 4787 accepted.
[0 : mcmc] Progress @ 2026-09-09 09:54:04 : 69873 steps taken, and 4956 accepted.
[2 : mcmc] Progress @ 2026-09-09 09:54:05 : 70291 steps taken, and 4979 accepted.
[1 : mcmc] Progress @ 2026-09-09 09:54:16 : 67629 steps taken, and 4794 accepted.
[3 : mcmc] Progress @ 2026-09-09 09:54:18 : 67518 steps taken, and 4785 accepted.
[0 : mcmc] Progress @ 2026-09-09 09:55:04 : 69970 steps taken, and 4963 accepted.
[2 : mcmc] Progress @ 2026-09-09 09:55:05 : 70387 steps taken, and 4985 accepted.
[1 : mcmc] Progress @ 2026-09-09 09:55:16 : 67724 steps taken, and 4800 accepted.
[3 : mcmc] Progress @ 2026-09-09 09:55:19 : 67641 steps taken, and 4794 accepted.
[0 : mcmc] Progress @ 2026-09-09 09:56:04 : 70066 steps taken, and 4970 accepted.
[2 : mcmc] Progress @ 2026-09-09 09:56:06 : 70484 steps taken, and 4992 accepted.
[1 : mcmc] Progress @ 2026-09-09 09:56:17 : 67823 steps taken, and 4807 accepted.
[3 : mcmc] Progress @ 2026-09-09 09:56:19 : 67765 steps taken, and 4803 accepted.
[0 : mcmc] Progress @ 2026-09-09 09:57:05 : 70164 steps taken, and 4977 accepted.
[2 : mcmc] Progress @ 2026-09-09 09:57:06 : 70581 steps taken, and 4999 accepted.
[1 : mcmc] Progress @ 2026-09-09 09:57:20 : 67928 steps taken, and 4815 accepted.
[3 : mcmc] Progress @ 2026-09-09 09:57:30 : 67823 steps taken, and 4807 accepted.
[0 : mcmc] Progress @ 2026-09-09 09:58:05 : 70261 steps taken, and 4984 accepted.
[2 : mcmc] Progress @ 2026-09-09 09:58:06 : 70678 steps taken, and 5006 accepted.
[1 : mcmc] Progress @ 2026-09-09 09:58:25 : 68035 steps taken, and 4823 accepted.
[3 : mcmc] Progress @ 2026-09-09 09:58:30 : 67870 steps taken, and 4810 accepted.
[0 : mcmc] Progress @ 2026-09-09 09:59:05 : 70332 steps taken, and 4989 accepted.
[2 : mcmc] Progress @ 2026-09-09 09:59:07 : 70749 steps taken, and 5010 accepted.
[1 : mcmc] Progress @ 2026-09-09 09:59:25 : 68159 steps taken, and 4832 accepted.
[3 : mcmc] Progress @ 2026-09-09 09:59:30 : 67938 steps taken, and 4815 accepted.
[0 : mcmc] Progress @ 2026-09-09 10:00:05 : 70421 steps taken, and 4995 accepted.
[2 : mcmc] Progress @ 2026-09-09 10:00:07 : 70846 steps taken, and 5018 accepted.
[1 : mcmc] Progress @ 2026-09-09 10:00:25 : 68230 steps taken, and 4837 accepted.
[3 : mcmc] Progress @ 2026-09-09 10:00:31 : 68063 steps taken, and 4824 accepted.
[0 : mcmc] Progress @ 2026-09-09 10:01:05 : 70546 steps taken, and 5004 accepted.
[2 : mcmc] Progress @ 2026-09-09 10:01:07 : 70942 steps taken, and 5024 accepted.
[1 : mcmc] Progress @ 2026-09-09 10:01:26 : 68303 steps taken, and 4842 accepted.
[3 : mcmc] Progress @ 2026-09-09 10:01:32 : 68161 steps taken, and 4831 accepted.
[0 : mcmc] Progress @ 2026-09-09 10:02:16 : 70638 steps taken, and 5011 accepted.
[2 : mcmc] Progress @ 2026-09-09 10:02:19 : 71035 steps taken, and 5030 accepted.
[1 : mcmc] Progress @ 2026-09-09 10:02:27 : 68400 steps taken, and 4849 accepted.
[3 : mcmc] Progress @ 2026-09-09 10:02:43 : 68256 steps taken, and 4838 accepted.
[0 : mcmc] Progress @ 2026-09-09 10:03:16 : 70764 steps taken, and 5020 accepted.
[2 : mcmc] Progress @ 2026-09-09 10:03:19 : 71160 steps taken, and 5039 accepted.
[2 : mcmc] Learn + convergence test @ 5040 samples accepted.
[2 : mcmc] Ready to check convergence and learn a new proposal covmat (waiting for the rest...)
[1 : mcmc] Progress @ 2026-09-09 10:03:27 : 68525 steps taken, and 4858 accepted.
[3 : mcmc] Progress @ 2026-09-09 10:03:43 : 68380 steps taken, and 4847 accepted.
[2 : mcmc] Progress @ 2026-09-09 10:04:19 : 71287 steps taken, and 5048 accepted.
[0 : mcmc] Progress @ 2026-09-09 10:04:20 : 70843 steps taken, and 5026 accepted.
[1 : mcmc] Progress @ 2026-09-09 10:04:27 : 68652 steps taken, and 4867 accepted.
[3 : mcmc] Progress @ 2026-09-09 10:04:44 : 68505 steps taken, and 4856 accepted.
[2 : mcmc] Progress @ 2026-09-09 10:05:19 : 71386 steps taken, and 5055 accepted.
[0 : mcmc] Progress @ 2026-09-09 10:05:21 : 70967 steps taken, and 5035 accepted.
[1 : mcmc] Progress @ 2026-09-09 10:05:27 : 68779 steps taken, and 4876 accepted.
[3 : mcmc] Progress @ 2026-09-09 10:05:44 : 68604 steps taken, and 4863 accepted.
[0 : mcmc] Learn + convergence test @ 5040 samples accepted.
[0 : mcmc] Ready to check convergence and learn a new proposal covmat (waiting for the rest...)
[2 : mcmc] Progress @ 2026-09-09 10:06:19 : 71512 steps taken, and 5064 accepted.
[0 : mcmc] Progress @ 2026-09-09 10:06:21 : 71094 steps taken, and 5044 accepted.
[1 : mcmc] Progress @ 2026-09-09 10:06:27 : 68904 steps taken, and 4885 accepted.
[3 : mcmc] Progress @ 2026-09-09 10:06:44 : 68700 steps taken, and 4870 accepted.
[2 : mcmc] Progress @ 2026-09-09 10:07:19 : 71608 steps taken, and 5071 accepted.
[1 : mcmc] Progress @ 2026-09-09 10:07:28 : 69000 steps taken, and 4891 accepted.
[0 : mcmc] Progress @ 2026-09-09 10:07:31 : 71186 steps taken, and 5050 accepted.
[3 : mcmc] Progress @ 2026-09-09 10:07:44 : 68826 steps taken, and 4877 accepted.
[2 : mcmc] Progress @ 2026-09-09 10:08:20 : 71706 steps taken, and 5078 accepted.
[0 : mcmc] Progress @ 2026-09-09 10:08:31 : 71284 steps taken, and 5057 accepted.
[1 : mcmc] Progress @ 2026-09-09 10:08:38 : 69093 steps taken, and 4898 accepted.
[3 : mcmc] Progress @ 2026-09-09 10:08:45 : 68925 steps taken, and 4884 accepted.
[2 : mcmc] Progress @ 2026-09-09 10:09:20 : 71804 steps taken, and 5085 accepted.
[0 : mcmc] Progress @ 2026-09-09 10:09:31 : 71410 steps taken, and 5066 accepted.
[1 : mcmc] Progress @ 2026-09-09 10:09:39 : 69218 steps taken, and 4906 accepted.
[3 : mcmc] Progress @ 2026-09-09 10:09:45 : 69051 steps taken, and 4893 accepted.
[2 : mcmc] Progress @ 2026-09-09 10:10:20 : 71876 steps taken, and 5090 accepted.
[0 : mcmc] Progress @ 2026-09-09 10:10:31 : 71509 steps taken, and 5073 accepted.
[3 : mcmc] Progress @ 2026-09-09 10:10:45 : 69149 steps taken, and 4901 accepted.
[1 : mcmc] Progress @ 2026-09-09 10:10:51 : 69344 steps taken, and 4915 accepted.
[2 : mcmc] Progress @ 2026-09-09 10:11:21 : 72001 steps taken, and 5099 accepted.
[0 : mcmc] Progress @ 2026-09-09 10:11:38 : 71620 steps taken, and 5081 accepted.
[3 : mcmc] Progress @ 2026-09-09 10:11:47 : 69224 steps taken, and 4906 accepted.
[1 : mcmc] Progress @ 2026-09-09 10:11:51 : 69442 steps taken, and 4923 accepted.
[2 : mcmc] Progress @ 2026-09-09 10:12:21 : 72128 steps taken, and 5108 accepted.
[0 : mcmc] Progress @ 2026-09-09 10:12:38 : 71718 steps taken, and 5088 accepted.
[3 : mcmc] Progress @ 2026-09-09 10:12:47 : 69348 steps taken, and 4914 accepted.
[1 : mcmc] Progress @ 2026-09-09 10:12:52 : 69566 steps taken, and 4931 accepted.
[2 : mcmc] Progress @ 2026-09-09 10:13:21 : 72225 steps taken, and 5115 accepted.
[0 : mcmc] Progress @ 2026-09-09 10:13:38 : 71817 steps taken, and 5095 accepted.
[3 : mcmc] Progress @ 2026-09-09 10:13:47 : 69447 steps taken, and 4921 accepted.
[1 : mcmc] Progress @ 2026-09-09 10:13:52 : 69638 steps taken, and 4936 accepted.
[2 : mcmc] Progress @ 2026-09-09 10:14:21 : 72324 steps taken, and 5121 accepted.
[0 : mcmc] Progress @ 2026-09-09 10:14:38 : 71915 steps taken, and 5102 accepted.
[3 : mcmc] Progress @ 2026-09-09 10:14:48 : 69546 steps taken, and 4929 accepted.
[1 : mcmc] Progress @ 2026-09-09 10:14:52 : 69736 steps taken, and 4943 accepted.
[2 : mcmc] Progress @ 2026-09-09 10:15:22 : 72422 steps taken, and 5128 accepted.
[0 : mcmc] Progress @ 2026-09-09 10:15:39 : 72042 steps taken, and 5111 accepted.
[1 : mcmc] Progress @ 2026-09-09 10:15:52 : 69836 steps taken, and 4950 accepted.
[3 : mcmc] Progress @ 2026-09-09 10:15:56 : 69662 steps taken, and 4937 accepted.
[2 : mcmc] Progress @ 2026-09-09 10:16:22 : 72494 steps taken, and 5133 accepted.
[0 : mcmc] Progress @ 2026-09-09 10:16:39 : 72140 steps taken, and 5118 accepted.
[1 : mcmc] Progress @ 2026-09-09 10:16:52 : 69961 steps taken, and 4959 accepted.
[3 : mcmc] Progress @ 2026-09-09 10:16:57 : 69760 steps taken, and 4944 accepted.
[2 : mcmc] Progress @ 2026-09-09 10:17:22 : 72592 steps taken, and 5140 accepted.
[0 : mcmc] Progress @ 2026-09-09 10:17:39 : 72238 steps taken, and 5125 accepted.
[1 : mcmc] Progress @ 2026-09-09 10:17:52 : 70086 steps taken, and 4968 accepted.
[3 : mcmc] Progress @ 2026-09-09 10:18:04 : 69873 steps taken, and 4952 accepted.
[2 : mcmc] Progress @ 2026-09-09 10:18:23 : 72692 steps taken, and 5147 accepted.
[0 : mcmc] Progress @ 2026-09-09 10:18:40 : 72337 steps taken, and 5132 accepted.
[1 : mcmc] Progress @ 2026-09-09 10:18:53 : 70185 steps taken, and 4976 accepted.
[3 : mcmc] Progress @ 2026-09-09 10:19:04 : 69972 steps taken, and 4959 accepted.
[2 : mcmc] Progress @ 2026-09-09 10:19:23 : 72790 steps taken, and 5155 accepted.
[0 : mcmc] Progress @ 2026-09-09 10:19:41 : 72410 steps taken, and 5138 accepted.
[1 : mcmc] Progress @ 2026-09-09 10:19:56 : 70263 steps taken, and 4981 accepted.
[3 : mcmc] Progress @ 2026-09-09 10:20:12 : 70086 steps taken, and 4968 accepted.
[2 : mcmc] Progress @ 2026-09-09 10:20:23 : 72889 steps taken, and 5161 accepted.
[0 : mcmc] Progress @ 2026-09-09 10:20:45 : 72517 steps taken, and 5145 accepted.
[1 : mcmc] Progress @ 2026-09-09 10:20:56 : 70362 steps taken, and 4986 accepted.
[3 : mcmc] Progress @ 2026-09-09 10:21:12 : 70210 steps taken, and 4976 accepted.
[2 : mcmc] Progress @ 2026-09-09 10:21:31 : 72975 steps taken, and 5167 accepted.
[0 : mcmc] Progress @ 2026-09-09 10:21:45 : 72644 steps taken, and 5154 accepted.
[1 : mcmc] Progress @ 2026-09-09 10:22:08 : 70460 steps taken, and 4993 accepted.
[3 : mcmc] Progress @ 2026-09-09 10:22:13 : 70337 steps taken, and 4986 accepted.
[2 : mcmc] Progress @ 2026-09-09 10:22:31 : 73099 steps taken, and 5176 accepted.
[0 : mcmc] Progress @ 2026-09-09 10:22:49 : 72749 steps taken, and 5162 accepted.
[1 : mcmc] Progress @ 2026-09-09 10:23:08 : 70584 steps taken, and 5002 accepted.
[3 : mcmc] Progress @ 2026-09-09 10:23:13 : 70436 steps taken, and 4993 accepted.
[2 : mcmc] Progress @ 2026-09-09 10:23:31 : 73197 steps taken, and 5183 accepted.
[0 : mcmc] Progress @ 2026-09-09 10:23:49 : 72847 steps taken, and 5169 accepted.
[1 : mcmc] Progress @ 2026-09-09 10:24:09 : 70684 steps taken, and 5008 accepted.
[3 : mcmc] Progress @ 2026-09-09 10:24:13 : 70534 steps taken, and 4999 accepted.
[2 : mcmc] Progress @ 2026-09-09 10:24:32 : 73296 steps taken, and 5189 accepted.
[0 : mcmc] Progress @ 2026-09-09 10:24:49 : 72973 steps taken, and 5178 accepted.
[1 : mcmc] Progress @ 2026-09-09 10:25:09 : 70809 steps taken, and 5017 accepted.
[3 : mcmc] Progress @ 2026-09-09 10:25:14 : 70633 steps taken, and 5007 accepted.
[2 : mcmc] Progress @ 2026-09-09 10:25:32 : 73420 steps taken, and 5197 accepted.
[0 : mcmc] Progress @ 2026-09-09 10:25:49 : 73071 steps taken, and 5185 accepted.
[1 : mcmc] Progress @ 2026-09-09 10:26:09 : 70934 steps taken, and 5026 accepted.
[3 : mcmc] Progress @ 2026-09-09 10:26:14 : 70705 steps taken, and 5012 accepted.
[2 : mcmc] Progress @ 2026-09-09 10:26:32 : 73519 steps taken, and 5205 accepted.
[0 : mcmc] Progress @ 2026-09-09 10:26:49 : 73197 steps taken, and 5194 accepted.
[1 : mcmc] Progress @ 2026-09-09 10:27:09 : 71060 steps taken, and 5035 accepted.
[3 : mcmc] Progress @ 2026-09-09 10:27:14 : 70803 steps taken, and 5019 accepted.
[2 : mcmc] Progress @ 2026-09-09 10:27:32 : 73591 steps taken, and 5210 accepted.
[1 : mcmc] Learn + convergence test @ 5040 samples accepted.
[1 : mcmc] Ready to check convergence and learn a new proposal covmat (waiting for the rest...)
[0 : mcmc] Progress @ 2026-09-09 10:27:49 : 73321 steps taken, and 5203 accepted.
[1 : mcmc] Progress @ 2026-09-09 10:28:09 : 71159 steps taken, and 5042 accepted.
[3 : mcmc] Progress @ 2026-09-09 10:28:15 : 70901 steps taken, and 5026 accepted.
[2 : mcmc] Progress @ 2026-09-09 10:28:33 : 73717 steps taken, and 5219 accepted.
[0 : mcmc] Progress @ 2026-09-09 10:28:50 : 73392 steps taken, and 5208 accepted.
[1 : mcmc] Progress @ 2026-09-09 10:29:09 : 71257 steps taken, and 5049 accepted.
[3 : mcmc] Progress @ 2026-09-09 10:29:15 : 71000 steps taken, and 5032 accepted.
[2 : mcmc] Progress @ 2026-09-09 10:29:37 : 73825 steps taken, and 5227 accepted.
[0 : mcmc] Progress @ 2026-09-09 10:29:50 : 73490 steps taken, and 5215 accepted.
[1 : mcmc] Progress @ 2026-09-09 10:30:09 : 71384 steps taken, and 5058 accepted.
[3 : mcmc] Progress @ 2026-09-09 10:30:24 : 71090 steps taken, and 5038 accepted.
[3 : mcmc] Learn + convergence test @ 5040 samples accepted.
[3 : mcmc] Ready to check convergence and learn a new proposal covmat (waiting for the rest...)
[2 : mcmc] Progress @ 2026-09-09 10:30:38 : 73923 steps taken, and 5233 accepted.
[0 : mcmc] All chains are ready to check convergence and learn a new proposal covmat
[0 : mcmc]  - Acceptance rate: 0.992 = avg([0.9947, 0.9922, 0.9913, 0.9917])
[0 : mcmc]  - Convergence of means: R-1 = 0.058833 after 20558 accepted steps = sum([5222, 5063, 5233, 5040])
[0 : mcmc]  - Updated covariance matrix of proposal pdf.
[0 : mcmc] Progress @ 2026-09-09 10:30:56 : 73586 steps taken, and 5222 accepted.
[1 : mcmc] Progress @ 2026-09-09 10:31:09 : 71482 steps taken, and 5065 accepted.
[3 : mcmc] Progress @ 2026-09-09 10:31:24 : 71171 steps taken, and 5044 accepted.
[2 : mcmc] Progress @ 2026-09-09 10:31:38 : 73986 steps taken, and 5237 accepted.
[0 : mcmc] Progress @ 2026-09-09 10:31:56 : 73713 steps taken, and 5231 accepted.
[1 : mcmc] Progress @ 2026-09-09 10:32:10 : 71582 steps taken, and 5072 accepted.
[3 : mcmc] Progress @ 2026-09-09 10:32:25 : 71269 steps taken, and 5051 accepted.
[2 : mcmc] Progress @ 2026-09-09 10:32:51 : 74113 steps taken, and 5246 accepted.
[0 : mcmc] Progress @ 2026-09-09 10:33:03 : 73772 steps taken, and 5235 accepted.
[1 : mcmc] Progress @ 2026-09-09 10:33:10 : 71708 steps taken, and 5081 accepted.
[3 : mcmc] Progress @ 2026-09-09 10:33:25 : 71341 steps taken, and 5056 accepted.
[2 : mcmc] Progress @ 2026-09-09 10:33:51 : 74210 steps taken, and 5253 accepted.
[0 : mcmc] Progress @ 2026-09-09 10:34:03 : 73896 steps taken, and 5243 accepted.
[1 : mcmc] Progress @ 2026-09-09 10:34:10 : 71806 steps taken, and 5088 accepted.
[3 : mcmc] Progress @ 2026-09-09 10:34:25 : 71439 steps taken, and 5063 accepted.
[2 : mcmc] Progress @ 2026-09-09 10:34:52 : 74308 steps taken, and 5260 accepted.
[0 : mcmc] Progress @ 2026-09-09 10:35:03 : 73995 steps taken, and 5251 accepted.
[1 : mcmc] Progress @ 2026-09-09 10:35:10 : 71904 steps taken, and 5095 accepted.
[3 : mcmc] Progress @ 2026-09-09 10:35:26 : 71537 steps taken, and 5070 accepted.
[2 : mcmc] Progress @ 2026-09-09 10:35:54 : 74412 steps taken, and 5267 accepted.
[0 : mcmc] Progress @ 2026-09-09 10:36:03 : 74069 steps taken, and 5255 accepted.
[1 : mcmc] Progress @ 2026-09-09 10:36:22 : 72001 steps taken, and 5102 accepted.
[3 : mcmc] Progress @ 2026-09-09 10:36:26 : 71636 steps taken, and 5077 accepted.
[2 : mcmc] Progress @ 2026-09-09 10:36:54 : 74537 steps taken, and 5276 accepted.
[0 : mcmc] Progress @ 2026-09-09 10:37:13 : 74187 steps taken, and 5264 accepted.
[1 : mcmc] Progress @ 2026-09-09 10:37:23 : 72125 steps taken, and 5110 accepted.
[3 : mcmc] Progress @ 2026-09-09 10:37:27 : 71734 steps taken, and 5084 accepted.
[2 : mcmc] Progress @ 2026-09-09 10:37:55 : 74662 steps taken, and 5285 accepted.
[0 : mcmc] Progress @ 2026-09-09 10:38:13 : 74286 steps taken, and 5270 accepted.
[1 : mcmc] Progress @ 2026-09-09 10:38:23 : 72197 steps taken, and 5115 accepted.
[3 : mcmc] Progress @ 2026-09-09 10:38:27 : 71859 steps taken, and 5093 accepted.
[2 : mcmc] Progress @ 2026-09-09 10:38:55 : 74789 steps taken, and 5294 accepted.
[0 : mcmc] Progress @ 2026-09-09 10:39:13 : 74411 steps taken, and 5280 accepted.
[1 : mcmc] Progress @ 2026-09-09 10:39:23 : 72269 steps taken, and 5120 accepted.
[3 : mcmc] Progress @ 2026-09-09 10:39:28 : 71960 steps taken, and 5100 accepted.
[2 : mcmc] Progress @ 2026-09-09 10:39:55 : 74861 steps taken, and 5299 accepted.
[0 : mcmc] Progress @ 2026-09-09 10:40:14 : 74508 steps taken, and 5286 accepted.
[1 : mcmc] Progress @ 2026-09-09 10:40:23 : 72366 steps taken, and 5127 accepted.
[3 : mcmc] Progress @ 2026-09-09 10:40:28 : 72085 steps taken, and 5109 accepted.
[2 : mcmc] Progress @ 2026-09-09 10:41:04 : 74977 steps taken, and 5308 accepted.
[0 : mcmc] Progress @ 2026-09-09 10:41:17 : 74587 steps taken, and 5291 accepted.
[1 : mcmc] Progress @ 2026-09-09 10:41:24 : 72465 steps taken, and 5134 accepted.
[3 : mcmc] Progress @ 2026-09-09 10:41:28 : 72184 steps taken, and 5115 accepted.
[2 : mcmc] Progress @ 2026-09-09 10:42:04 : 75076 steps taken, and 5314 accepted.
[0 : mcmc] Progress @ 2026-09-09 10:42:17 : 74685 steps taken, and 5299 accepted.
[1 : mcmc] Progress @ 2026-09-09 10:42:24 : 72565 steps taken, and 5142 accepted.
[3 : mcmc] Progress @ 2026-09-09 10:42:29 : 72283 steps taken, and 5122 accepted.
[2 : mcmc] Progress @ 2026-09-09 10:43:05 : 75174 steps taken, and 5322 accepted.
[0 : mcmc] Progress @ 2026-09-09 10:43:18 : 74784 steps taken, and 5306 accepted.
[1 : mcmc] Progress @ 2026-09-09 10:43:24 : 72690 steps taken, and 5150 accepted.
[3 : mcmc] Progress @ 2026-09-09 10:43:29 : 72408 steps taken, and 5131 accepted.
[2 : mcmc] Progress @ 2026-09-09 10:44:05 : 75273 steps taken, and 5329 accepted.
[0 : mcmc] Progress @ 2026-09-09 10:44:18 : 74882 steps taken, and 5313 accepted.
[1 : mcmc] Progress @ 2026-09-09 10:44:25 : 72816 steps taken, and 5160 accepted.
[3 : mcmc] Progress @ 2026-09-09 10:44:29 : 72506 steps taken, and 5138 accepted.
[2 : mcmc] Progress @ 2026-09-09 10:45:05 : 75371 steps taken, and 5336 accepted.
[0 : mcmc] Progress @ 2026-09-09 10:45:18 : 75008 steps taken, and 5322 accepted.
[1 : mcmc] Progress @ 2026-09-09 10:45:25 : 72915 steps taken, and 5166 accepted.
[3 : mcmc] Progress @ 2026-09-09 10:45:30 : 72605 steps taken, and 5146 accepted.
[2 : mcmc] Progress @ 2026-09-09 10:46:06 : 75442 steps taken, and 5341 accepted.
[0 : mcmc] Progress @ 2026-09-09 10:46:20 : 75082 steps taken, and 5327 accepted.
[1 : mcmc] Progress @ 2026-09-09 10:46:25 : 73013 steps taken, and 5174 accepted.
[3 : mcmc] Progress @ 2026-09-09 10:46:30 : 72732 steps taken, and 5154 accepted.
[2 : mcmc] Progress @ 2026-09-09 10:47:15 : 75534 steps taken, and 5347 accepted.
[0 : mcmc] Progress @ 2026-09-09 10:47:20 : 75180 steps taken, and 5334 accepted.
[1 : mcmc] Progress @ 2026-09-09 10:47:25 : 73139 steps taken, and 5182 accepted.
[3 : mcmc] Progress @ 2026-09-09 10:47:30 : 72830 steps taken, and 5162 accepted.
[2 : mcmc] Progress @ 2026-09-09 10:48:16 : 75658 steps taken, and 5356 accepted.
[0 : mcmc] Progress @ 2026-09-09 10:48:21 : 75305 steps taken, and 5343 accepted.
[1 : mcmc] Progress @ 2026-09-09 10:48:25 : 73266 steps taken, and 5192 accepted.
[3 : mcmc] Progress @ 2026-09-09 10:48:31 : 72956 steps taken, and 5171 accepted.
[2 : mcmc] Progress @ 2026-09-09 10:49:16 : 75755 steps taken, and 5363 accepted.
[0 : mcmc] Progress @ 2026-09-09 10:49:21 : 75404 steps taken, and 5350 accepted.
[3 : mcmc] Progress @ 2026-09-09 10:49:31 : 73055 steps taken, and 5178 accepted.
[1 : mcmc] Progress @ 2026-09-09 10:49:31 : 73350 steps taken, and 5197 accepted.
[2 : mcmc] Progress @ 2026-09-09 10:50:16 : 75855 steps taken, and 5370 accepted.
[0 : mcmc] Progress @ 2026-09-09 10:50:21 : 75502 steps taken, and 5356 accepted.
[3 : mcmc] Progress @ 2026-09-09 10:50:31 : 73179 steps taken, and 5186 accepted.
[1 : mcmc] Progress @ 2026-09-09 10:50:32 : 73476 steps taken, and 5206 accepted.
[0 : mcmc] Progress @ 2026-09-09 10:51:21 : 75602 steps taken, and 5363 accepted.
[2 : mcmc] Progress @ 2026-09-09 10:51:29 : 75953 steps taken, and 5377 accepted.
[3 : mcmc] Progress @ 2026-09-09 10:51:32 : 73277 steps taken, and 5194 accepted.
[1 : mcmc] Progress @ 2026-09-09 10:51:32 : 73576 steps taken, and 5213 accepted.
[0 : mcmc] Progress @ 2026-09-09 10:52:22 : 75728 steps taken, and 5373 accepted.
[2 : mcmc] Progress @ 2026-09-09 10:52:29 : 76077 steps taken, and 5386 accepted.
[3 : mcmc] Progress @ 2026-09-09 10:52:32 : 73403 steps taken, and 5203 accepted.
[1 : mcmc] Progress @ 2026-09-09 10:52:32 : 73675 steps taken, and 5219 accepted.
[0 : mcmc] Progress @ 2026-09-09 10:53:22 : 75827 steps taken, and 5379 accepted.
[2 : mcmc] Progress @ 2026-09-09 10:53:30 : 76149 steps taken, and 5390 accepted.
[3 : mcmc] Progress @ 2026-09-09 10:53:32 : 73501 steps taken, and 5209 accepted.
[1 : mcmc] Progress @ 2026-09-09 10:53:35 : 73778 steps taken, and 5227 accepted.
[0 : mcmc] Progress @ 2026-09-09 10:54:22 : 75925 steps taken, and 5386 accepted.
[2 : mcmc] Progress @ 2026-09-09 10:54:30 : 76275 steps taken, and 5399 accepted.
[3 : mcmc] Progress @ 2026-09-09 10:54:33 : 73573 steps taken, and 5214 accepted.
[2 : mcmc] Learn + convergence test @ 5400 samples accepted.
[2 : mcmc] Ready to check convergence and learn a new proposal covmat (waiting for the rest...)
[1 : mcmc] Progress @ 2026-09-09 10:54:35 : 73876 steps taken, and 5234 accepted.
[0 : mcmc] Progress @ 2026-09-09 10:55:22 : 76024 steps taken, and 5393 accepted.
[2 : mcmc] Progress @ 2026-09-09 10:55:30 : 76401 steps taken, and 5409 accepted.
[3 : mcmc] Progress @ 2026-09-09 10:55:33 : 73671 steps taken, and 5222 accepted.
[1 : mcmc] Progress @ 2026-09-09 10:55:35 : 73974 steps taken, and 5241 accepted.
[0 : mcmc] Learn + convergence test @ 5400 samples accepted.
[0 : mcmc] Ready to check convergence and learn a new proposal covmat (waiting for the rest...)
[0 : mcmc] Progress @ 2026-09-09 10:56:23 : 76123 steps taken, and 5401 accepted.
[2 : mcmc] Progress @ 2026-09-09 10:56:31 : 76500 steps taken, and 5415 accepted.
[3 : mcmc] Progress @ 2026-09-09 10:56:34 : 73770 steps taken, and 5228 accepted.
[1 : mcmc] Progress @ 2026-09-09 10:56:35 : 74046 steps taken, and 5246 accepted.
[0 : mcmc] Progress @ 2026-09-09 10:57:23 : 76249 steps taken, and 5410 accepted.
[2 : mcmc] Progress @ 2026-09-09 10:57:31 : 76600 steps taken, and 5423 accepted.
[3 : mcmc] Progress @ 2026-09-09 10:57:34 : 73869 steps taken, and 5236 accepted.
[1 : mcmc] Progress @ 2026-09-09 10:57:36 : 74120 steps taken, and 5252 accepted.
[0 : mcmc] Progress @ 2026-09-09 10:58:23 : 76376 steps taken, and 5419 accepted.
[2 : mcmc] Progress @ 2026-09-09 10:58:31 : 76723 steps taken, and 5431 accepted.
[3 : mcmc] Progress @ 2026-09-09 10:58:34 : 73967 steps taken, and 5243 accepted.
[1 : mcmc] Progress @ 2026-09-09 10:58:37 : 74245 steps taken, and 5261 accepted.
[0 : mcmc] Progress @ 2026-09-09 10:59:33 : 76494 steps taken, and 5427 accepted.
[2 : mcmc] Progress @ 2026-09-09 10:59:34 : 76801 steps taken, and 5437 accepted.
[3 : mcmc] Progress @ 2026-09-09 10:59:35 : 74093 steps taken, and 5251 accepted.
[1 : mcmc] Progress @ 2026-09-09 10:59:37 : 74343 steps taken, and 5268 accepted.
[0 : mcmc] Progress @ 2026-09-09 11:00:33 : 76592 steps taken, and 5434 accepted.
[2 : mcmc] Progress @ 2026-09-09 11:00:34 : 76899 steps taken, and 5444 accepted.
[3 : mcmc] Progress @ 2026-09-09 11:00:35 : 74191 steps taken, and 5258 accepted.
[1 : mcmc] Progress @ 2026-09-09 11:00:37 : 74415 steps taken, and 5273 accepted.
[0 : mcmc] Progress @ 2026-09-09 11:01:34 : 76664 steps taken, and 5439 accepted.
[3 : mcmc] Progress @ 2026-09-09 11:01:35 : 74315 steps taken, and 5268 accepted.
[2 : mcmc] Progress @ 2026-09-09 11:01:36 : 77000 steps taken, and 5451 accepted.
[1 : mcmc] Progress @ 2026-09-09 11:01:37 : 74540 steps taken, and 5281 accepted.
[0 : mcmc] Progress @ 2026-09-09 11:02:34 : 76763 steps taken, and 5446 accepted.
[3 : mcmc] Progress @ 2026-09-09 11:02:35 : 74413 steps taken, and 5274 accepted.
[2 : mcmc] Progress @ 2026-09-09 11:02:44 : 77088 steps taken, and 5458 accepted.
[1 : mcmc] Progress @ 2026-09-09 11:02:49 : 74636 steps taken, and 5288 accepted.
[0 : mcmc] Progress @ 2026-09-09 11:03:34 : 76861 steps taken, and 5453 accepted.
[3 : mcmc] Progress @ 2026-09-09 11:03:35 : 74539 steps taken, and 5282 accepted.
[2 : mcmc] Progress @ 2026-09-09 11:03:44 : 77212 steps taken, and 5466 accepted.
[1 : mcmc] Progress @ 2026-09-09 11:03:49 : 74761 steps taken, and 5297 accepted.
[0 : mcmc] Progress @ 2026-09-09 11:04:34 : 76987 steps taken, and 5463 accepted.
[3 : mcmc] Progress @ 2026-09-09 11:04:36 : 74636 steps taken, and 5289 accepted.
[2 : mcmc] Progress @ 2026-09-09 11:04:45 : 77311 steps taken, and 5474 accepted.
[1 : mcmc] Progress @ 2026-09-09 11:04:49 : 74860 steps taken, and 5304 accepted.
[0 : mcmc] Progress @ 2026-09-09 11:05:34 : 77059 steps taken, and 5468 accepted.
[3 : mcmc] Progress @ 2026-09-09 11:05:36 : 74762 steps taken, and 5299 accepted.
[2 : mcmc] Progress @ 2026-09-09 11:05:45 : 77410 steps taken, and 5481 accepted.
[1 : mcmc] Progress @ 2026-09-09 11:05:49 : 74958 steps taken, and 5312 accepted.
[0 : mcmc] Progress @ 2026-09-09 11:06:35 : 77185 steps taken, and 5476 accepted.
[3 : mcmc] Progress @ 2026-09-09 11:06:36 : 74861 steps taken, and 5306 accepted.
[2 : mcmc] Progress @ 2026-09-09 11:06:48 : 77487 steps taken, and 5485 accepted.
[1 : mcmc] Progress @ 2026-09-09 11:06:50 : 75084 steps taken, and 5320 accepted.
[0 : mcmc] Progress @ 2026-09-09 11:07:35 : 77283 steps taken, and 5483 accepted.
[3 : mcmc] Progress @ 2026-09-09 11:07:36 : 74986 steps taken, and 5314 accepted.
[2 : mcmc] Progress @ 2026-09-09 11:07:48 : 77611 steps taken, and 5494 accepted.
[1 : mcmc] Progress @ 2026-09-09 11:07:50 : 75183 steps taken, and 5327 accepted.
[0 : mcmc] Progress @ 2026-09-09 11:08:35 : 77381 steps taken, and 5491 accepted.
[3 : mcmc] Progress @ 2026-09-09 11:08:37 : 75111 steps taken, and 5324 accepted.
[2 : mcmc] Progress @ 2026-09-09 11:08:48 : 77710 steps taken, and 5501 accepted.
[1 : mcmc] Progress @ 2026-09-09 11:08:50 : 75281 steps taken, and 5335 accepted.
[3 : mcmc] Progress @ 2026-09-09 11:09:37 : 75183 steps taken, and 5329 accepted.
[0 : mcmc] Progress @ 2026-09-09 11:09:43 : 77469 steps taken, and 5497 accepted.
[2 : mcmc] Progress @ 2026-09-09 11:09:49 : 77808 steps taken, and 5508 accepted.
[1 : mcmc] Progress @ 2026-09-09 11:09:50 : 75407 steps taken, and 5343 accepted.
[3 : mcmc] Progress @ 2026-09-09 11:10:38 : 75280 steps taken, and 5335 accepted.
[0 : mcmc] Progress @ 2026-09-09 11:10:44 : 77567 steps taken, and 5503 accepted.
[2 : mcmc] Progress @ 2026-09-09 11:10:49 : 77907 steps taken, and 5514 accepted.
[1 : mcmc] Progress @ 2026-09-09 11:10:50 : 75479 steps taken, and 5349 accepted.
[3 : mcmc] Progress @ 2026-09-09 11:11:38 : 75379 steps taken, and 5343 accepted.
[0 : mcmc] Progress @ 2026-09-09 11:11:44 : 77693 steps taken, and 5513 accepted.
[2 : mcmc] Progress @ 2026-09-09 11:11:49 : 77980 steps taken, and 5519 accepted.
[1 : mcmc] Progress @ 2026-09-09 11:11:50 : 75577 steps taken, and 5356 accepted.
[3 : mcmc] Progress @ 2026-09-09 11:12:38 : 75451 steps taken, and 5348 accepted.
[0 : mcmc] Progress @ 2026-09-09 11:12:45 : 77794 steps taken, and 5520 accepted.
[2 : mcmc] Progress @ 2026-09-09 11:12:49 : 78078 steps taken, and 5526 accepted.
[1 : mcmc] Progress @ 2026-09-09 11:12:51 : 75702 steps taken, and 5365 accepted.
[3 : mcmc] Progress @ 2026-09-09 11:13:38 : 75574 steps taken, and 5355 accepted.
[0 : mcmc] Progress @ 2026-09-09 11:13:45 : 77920 steps taken, and 5528 accepted.
[2 : mcmc] Progress @ 2026-09-09 11:13:50 : 78148 steps taken, and 5531 accepted.
[1 : mcmc] Progress @ 2026-09-09 11:13:51 : 75774 steps taken, and 5369 accepted.
[0 : mcmc] Progress @ 2026-09-09 11:14:45 : 78047 steps taken, and 5538 accepted.
[3 : mcmc] Progress @ 2026-09-09 11:14:47 : 75665 steps taken, and 5362 accepted.
[2 : mcmc] Progress @ 2026-09-09 11:14:50 : 78246 steps taken, and 5538 accepted.
[1 : mcmc] Progress @ 2026-09-09 11:14:51 : 75873 steps taken, and 5376 accepted.
[3 : mcmc] Progress @ 2026-09-09 11:15:48 : 75763 steps taken, and 5369 accepted.
[1 : mcmc] Progress @ 2026-09-09 11:15:51 : 75999 steps taken, and 5386 accepted.
[0 : mcmc] Progress @ 2026-09-09 11:15:55 : 78165 steps taken, and 5546 accepted.
[2 : mcmc] Progress @ 2026-09-09 11:16:02 : 78342 steps taken, and 5545 accepted.
[3 : mcmc] Progress @ 2026-09-09 11:16:48 : 75861 steps taken, and 5376 accepted.
[1 : mcmc] Progress @ 2026-09-09 11:16:51 : 76122 steps taken, and 5394 accepted.
[0 : mcmc] Progress @ 2026-09-09 11:16:55 : 78290 steps taken, and 5555 accepted.
[2 : mcmc] Progress @ 2026-09-09 11:17:02 : 78467 steps taken, and 5554 accepted.
[3 : mcmc] Progress @ 2026-09-09 11:17:48 : 75959 steps taken, and 5383 accepted.
[1 : mcmc] Progress @ 2026-09-09 11:17:55 : 76176 steps taken, and 5399 accepted.
[0 : mcmc] Progress @ 2026-09-09 11:17:56 : 78362 steps taken, and 5560 accepted.
[1 : mcmc] Learn + convergence test @ 5400 samples accepted.
[1 : mcmc] Ready to check convergence and learn a new proposal covmat (waiting for the rest...)
[2 : mcmc] Progress @ 2026-09-09 11:18:03 : 78566 steps taken, and 5560 accepted.
[1 : mcmc] Progress @ 2026-09-09 11:18:55 : 76274 steps taken, and 5405 accepted.
[0 : mcmc] Progress @ 2026-09-09 11:18:56 : 78488 steps taken, and 5569 accepted.
[3 : mcmc] Progress @ 2026-09-09 11:18:56 : 76047 steps taken, and 5389 accepted.
[2 : mcmc] Progress @ 2026-09-09 11:19:14 : 78660 steps taken, and 5567 accepted.
[0 : mcmc] Progress @ 2026-09-09 11:19:56 : 78560 steps taken, and 5574 accepted.
[3 : mcmc] Progress @ 2026-09-09 11:19:57 : 76171 steps taken, and 5398 accepted.
[3 : mcmc] Learn + convergence test @ 5400 samples accepted.
[3 : mcmc] Ready to check convergence and learn a new proposal covmat (waiting for the rest...)
[1 : mcmc] Progress @ 2026-09-09 11:20:08 : 76370 steps taken, and 5412 accepted.
[0 : mcmc] All chains are ready to check convergence and learn a new proposal covmat
[0 : mcmc]  - Acceptance rate: 0.992 = avg([0.9950, 0.9927, 0.9908, 0.9912])
[0 : mcmc]  - Convergence of means: R-1 = 0.043747 after 21966 accepted steps = sum([5577, 5413, 5576, 5400])
[0 : mcmc]  - Updated covariance matrix of proposal pdf.
[2 : mcmc] Progress @ 2026-09-09 11:20:14 : 78783 steps taken, and 5576 accepted.
[3 : mcmc] Progress @ 2026-09-09 11:20:57 : 76252 steps taken, and 5404 accepted.
[0 : mcmc] Progress @ 2026-09-09 11:21:02 : 78644 steps taken, and 5580 accepted.
[1 : mcmc] Progress @ 2026-09-09 11:21:10 : 76437 steps taken, and 5417 accepted.
[2 : mcmc] Progress @ 2026-09-09 11:21:15 : 78908 steps taken, and 5584 accepted.
[3 : mcmc] Progress @ 2026-09-09 11:21:57 : 76350 steps taken, and 5411 accepted.
[0 : mcmc] Progress @ 2026-09-09 11:22:03 : 78768 steps taken, and 5588 accepted.
[1 : mcmc] Progress @ 2026-09-09 11:22:10 : 76561 steps taken, and 5426 accepted.
[2 : mcmc] Progress @ 2026-09-09 11:22:27 : 79006 steps taken, and 5592 accepted.
[3 : mcmc] Progress @ 2026-09-09 11:22:58 : 76448 steps taken, and 5418 accepted.
[0 : mcmc] Progress @ 2026-09-09 11:23:08 : 78851 steps taken, and 5594 accepted.
[1 : mcmc] Progress @ 2026-09-09 11:23:10 : 76660 steps taken, and 5432 accepted.
[2 : mcmc] Progress @ 2026-09-09 11:23:27 : 79105 steps taken, and 5599 accepted.
[3 : mcmc] Progress @ 2026-09-09 11:23:58 : 76546 steps taken, and 5425 accepted.
[0 : mcmc] Progress @ 2026-09-09 11:24:08 : 78976 steps taken, and 5604 accepted.
[1 : mcmc] Progress @ 2026-09-09 11:24:16 : 76744 steps taken, and 5438 accepted.
[2 : mcmc] Progress @ 2026-09-09 11:24:28 : 79203 steps taken, and 5605 accepted.
[3 : mcmc] Progress @ 2026-09-09 11:24:58 : 76672 steps taken, and 5434 accepted.
[0 : mcmc] Progress @ 2026-09-09 11:25:09 : 79075 steps taken, and 5610 accepted.
[1 : mcmc] Progress @ 2026-09-09 11:25:16 : 76842 steps taken, and 5444 accepted.
[2 : mcmc] Progress @ 2026-09-09 11:25:28 : 79327 steps taken, and 5615 accepted.
[3 : mcmc] Progress @ 2026-09-09 11:25:59 : 76771 steps taken, and 5441 accepted.
[0 : mcmc] Progress @ 2026-09-09 11:26:09 : 79146 steps taken, and 5616 accepted.
[1 : mcmc] Progress @ 2026-09-09 11:26:17 : 76940 steps taken, and 5452 accepted.
[2 : mcmc] Progress @ 2026-09-09 11:26:28 : 79425 steps taken, and 5621 accepted.
[3 : mcmc] Progress @ 2026-09-09 11:26:59 : 76895 steps taken, and 5450 accepted.
[0 : mcmc] Progress @ 2026-09-09 11:27:09 : 79270 steps taken, and 5625 accepted.
[1 : mcmc] Progress @ 2026-09-09 11:27:18 : 77041 steps taken, and 5459 accepted.
[2 : mcmc] Progress @ 2026-09-09 11:27:29 : 79497 steps taken, and 5627 accepted.
[3 : mcmc] Progress @ 2026-09-09 11:28:00 : 77022 steps taken, and 5459 accepted.
[0 : mcmc] Progress @ 2026-09-09 11:28:09 : 79369 steps taken, and 5632 accepted.
[1 : mcmc] Progress @ 2026-09-09 11:28:18 : 77138 steps taken, and 5466 accepted.
[2 : mcmc] Progress @ 2026-09-09 11:28:29 : 79596 steps taken, and 5634 accepted.
[3 : mcmc] Progress @ 2026-09-09 11:29:00 : 77122 steps taken, and 5465 accepted.
[0 : mcmc] Progress @ 2026-09-09 11:29:09 : 79468 steps taken, and 5638 accepted.
[1 : mcmc] Progress @ 2026-09-09 11:29:18 : 77236 steps taken, and 5473 accepted.
[2 : mcmc] Progress @ 2026-09-09 11:29:29 : 79694 steps taken, and 5641 accepted.
[3 : mcmc] Progress @ 2026-09-09 11:30:05 : 77230 steps taken, and 5473 accepted.
[0 : mcmc] Progress @ 2026-09-09 11:30:10 : 79566 steps taken, and 5646 accepted.
[1 : mcmc] Progress @ 2026-09-09 11:30:19 : 77363 steps taken, and 5482 accepted.
[2 : mcmc] Progress @ 2026-09-09 11:30:33 : 79799 steps taken, and 5648 accepted.
[3 : mcmc] Progress @ 2026-09-09 11:31:05 : 77353 steps taken, and 5481 accepted.
[0 : mcmc] Progress @ 2026-09-09 11:31:10 : 79665 steps taken, and 5653 accepted.
[1 : mcmc] Progress @ 2026-09-09 11:31:19 : 77460 steps taken, and 5489 accepted.
[2 : mcmc] Progress @ 2026-09-09 11:31:33 : 79925 steps taken, and 5657 accepted.
[3 : mcmc] Progress @ 2026-09-09 11:32:06 : 77452 steps taken, and 5488 accepted.
[0 : mcmc] Progress @ 2026-09-09 11:32:10 : 79764 steps taken, and 5660 accepted.
[1 : mcmc] Progress @ 2026-09-09 11:32:29 : 77553 steps taken, and 5494 accepted.
[2 : mcmc] Progress @ 2026-09-09 11:32:35 : 80028 steps taken, and 5664 accepted.
[0 : mcmc] Progress @ 2026-09-09 11:33:10 : 79863 steps taken, and 5667 accepted.
[3 : mcmc] Progress @ 2026-09-09 11:33:13 : 77564 steps taken, and 5496 accepted.
[1 : mcmc] Progress @ 2026-09-09 11:33:30 : 77651 steps taken, and 5502 accepted.
[2 : mcmc] Progress @ 2026-09-09 11:33:35 : 80127 steps taken, and 5671 accepted.
[0 : mcmc] Progress @ 2026-09-09 11:34:10 : 79962 steps taken, and 5674 accepted.
[3 : mcmc] Progress @ 2026-09-09 11:34:13 : 77663 steps taken, and 5503 accepted.
[1 : mcmc] Progress @ 2026-09-09 11:34:30 : 77750 steps taken, and 5509 accepted.
[2 : mcmc] Progress @ 2026-09-09 11:34:35 : 80225 steps taken, and 5678 accepted.
[0 : mcmc] Progress @ 2026-09-09 11:35:10 : 80086 steps taken, and 5683 accepted.
[3 : mcmc] Progress @ 2026-09-09 11:35:13 : 77789 steps taken, and 5511 accepted.
[1 : mcmc] Progress @ 2026-09-09 11:35:30 : 77850 steps taken, and 5516 accepted.
[2 : mcmc] Progress @ 2026-09-09 11:35:36 : 80297 steps taken, and 5684 accepted.
[0 : mcmc] Progress @ 2026-09-09 11:36:11 : 80187 steps taken, and 5690 accepted.
[3 : mcmc] Progress @ 2026-09-09 11:36:13 : 77887 steps taken, and 5519 accepted.
[1 : mcmc] Progress @ 2026-09-09 11:36:31 : 77974 steps taken, and 5525 accepted.
[2 : mcmc] Progress @ 2026-09-09 11:36:36 : 80422 steps taken, and 5693 accepted.
[0 : mcmc] Progress @ 2026-09-09 11:37:11 : 80311 steps taken, and 5699 accepted.
[3 : mcmc] Progress @ 2026-09-09 11:37:13 : 78012 steps taken, and 5528 accepted.
[1 : mcmc] Progress @ 2026-09-09 11:37:32 : 78049 steps taken, and 5530 accepted.
[2 : mcmc] Progress @ 2026-09-09 11:37:36 : 80521 steps taken, and 5700 accepted.
[0 : mcmc] Progress @ 2026-09-09 11:38:12 : 80386 steps taken, and 5704 accepted.
[3 : mcmc] Progress @ 2026-09-09 11:38:14 : 78112 steps taken, and 5535 accepted.
[1 : mcmc] Progress @ 2026-09-09 11:38:33 : 78147 steps taken, and 5537 accepted.
[2 : mcmc] Progress @ 2026-09-09 11:38:36 : 80619 steps taken, and 5706 accepted.
[0 : mcmc] Progress @ 2026-09-09 11:39:12 : 80512 steps taken, and 5713 accepted.
[3 : mcmc] Progress @ 2026-09-09 11:39:14 : 78210 steps taken, and 5541 accepted.
[1 : mcmc] Progress @ 2026-09-09 11:39:33 : 78219 steps taken, and 5542 accepted.
[2 : mcmc] Progress @ 2026-09-09 11:39:41 : 80700 steps taken, and 5711 accepted.
[0 : mcmc] Progress @ 2026-09-09 11:40:12 : 80611 steps taken, and 5720 accepted.
[3 : mcmc] Progress @ 2026-09-09 11:40:14 : 78309 steps taken, and 5548 accepted.
[1 : mcmc] Progress @ 2026-09-09 11:40:38 : 78328 steps taken, and 5550 accepted.
[2 : mcmc] Progress @ 2026-09-09 11:40:41 : 80799 steps taken, and 5719 accepted.
[0 : mcmc] Progress @ 2026-09-09 11:41:13 : 80713 steps taken, and 5727 accepted.
[3 : mcmc] Progress @ 2026-09-09 11:41:15 : 78434 steps taken, and 5558 accepted.
[1 : mcmc] Progress @ 2026-09-09 11:41:38 : 78427 steps taken, and 5557 accepted.
[2 : mcmc] Progress @ 2026-09-09 11:41:41 : 80897 steps taken, and 5725 accepted.
[0 : mcmc] Progress @ 2026-09-09 11:42:13 : 80839 steps taken, and 5737 accepted.
[3 : mcmc] Progress @ 2026-09-09 11:42:25 : 78500 steps taken, and 5562 accepted.
[1 : mcmc] Progress @ 2026-09-09 11:42:38 : 78552 steps taken, and 5566 accepted.
[2 : mcmc] Progress @ 2026-09-09 11:42:42 : 80996 steps taken, and 5732 accepted.
[0 : mcmc] Progress @ 2026-09-09 11:43:13 : 80911 steps taken, and 5742 accepted.
[3 : mcmc] Progress @ 2026-09-09 11:43:37 : 78624 steps taken, and 5571 accepted.
[1 : mcmc] Progress @ 2026-09-09 11:43:38 : 78651 steps taken, and 5573 accepted.
[2 : mcmc] Progress @ 2026-09-09 11:43:42 : 81121 steps taken, and 5741 accepted.
[0 : mcmc] Progress @ 2026-09-09 11:44:13 : 81010 steps taken, and 5749 accepted.
[3 : mcmc] Progress @ 2026-09-09 11:44:38 : 78722 steps taken, and 5578 accepted.
[1 : mcmc] Progress @ 2026-09-09 11:44:39 : 78777 steps taken, and 5582 accepted.
[2 : mcmc] Progress @ 2026-09-09 11:44:42 : 81219 steps taken, and 5748 accepted.
[0 : mcmc] Progress @ 2026-09-09 11:45:18 : 81117 steps taken, and 5756 accepted.
[3 : mcmc] Progress @ 2026-09-09 11:45:38 : 78822 steps taken, and 5585 accepted.
[1 : mcmc] Progress @ 2026-09-09 11:45:39 : 78849 steps taken, and 5587 accepted.
[2 : mcmc] Progress @ 2026-09-09 11:45:53 : 81314 steps taken, and 5754 accepted.
[0 : mcmc] Learn + convergence test @ 5760 samples accepted.
[0 : mcmc] Ready to check convergence and learn a new proposal covmat (waiting for the rest...)
[0 : mcmc] Progress @ 2026-09-09 11:46:21 : 81195 steps taken, and 5761 accepted.
[2 : mcmc] Learn + convergence test @ 5760 samples accepted.
[2 : mcmc] Ready to check convergence and learn a new proposal covmat (waiting for the rest...)
[3 : mcmc] Progress @ 2026-09-09 11:46:38 : 78947 steps taken, and 5594 accepted.
[1 : mcmc] Progress @ 2026-09-09 11:46:45 : 78961 steps taken, and 5595 accepted.
[2 : mcmc] Progress @ 2026-09-09 11:46:53 : 81439 steps taken, and 5763 accepted.
[0 : mcmc] Progress @ 2026-09-09 11:47:21 : 81293 steps taken, and 5768 accepted.
[3 : mcmc] Progress @ 2026-09-09 11:47:39 : 79019 steps taken, and 5599 accepted.
[1 : mcmc] Progress @ 2026-09-09 11:47:53 : 79049 steps taken, and 5602 accepted.
[2 : mcmc] Progress @ 2026-09-09 11:47:53 : 81538 steps taken, and 5770 accepted.
[0 : mcmc] Progress @ 2026-09-09 11:48:23 : 81396 steps taken, and 5775 accepted.
[3 : mcmc] Progress @ 2026-09-09 11:48:39 : 79117 steps taken, and 5607 accepted.
[2 : mcmc] Progress @ 2026-09-09 11:48:59 : 81649 steps taken, and 5778 accepted.
[1 : mcmc] Progress @ 2026-09-09 11:49:02 : 79165 steps taken, and 5610 accepted.
[0 : mcmc] Progress @ 2026-09-09 11:49:23 : 81521 steps taken, and 5784 accepted.
[3 : mcmc] Progress @ 2026-09-09 11:49:39 : 79214 steps taken, and 5614 accepted.
[2 : mcmc] Progress @ 2026-09-09 11:50:00 : 81745 steps taken, and 5785 accepted.
[1 : mcmc] Progress @ 2026-09-09 11:50:03 : 79264 steps taken, and 5616 accepted.
[0 : mcmc] Progress @ 2026-09-09 11:50:33 : 81637 steps taken, and 5792 accepted.
[3 : mcmc] Progress @ 2026-09-09 11:50:44 : 79322 steps taken, and 5621 accepted.
[1 : mcmc] Progress @ 2026-09-09 11:51:03 : 79390 steps taken, and 5625 accepted.
[2 : mcmc] Progress @ 2026-09-09 11:51:05 : 81856 steps taken, and 5793 accepted.
[0 : mcmc] Progress @ 2026-09-09 11:51:33 : 81762 steps taken, and 5801 accepted.
[3 : mcmc] Progress @ 2026-09-09 11:51:44 : 79446 steps taken, and 5630 accepted.
[1 : mcmc] Progress @ 2026-09-09 11:52:04 : 79516 steps taken, and 5634 accepted.
[2 : mcmc] Progress @ 2026-09-09 11:52:05 : 81955 steps taken, and 5800 accepted.
[0 : mcmc] Progress @ 2026-09-09 11:52:42 : 81853 steps taken, and 5807 accepted.
[3 : mcmc] Progress @ 2026-09-09 11:52:44 : 79518 steps taken, and 5635 accepted.
[2 : mcmc] Progress @ 2026-09-09 11:53:06 : 82054 steps taken, and 5807 accepted.
[1 : mcmc] Progress @ 2026-09-09 11:53:08 : 79625 steps taken, and 5642 accepted.
[0 : mcmc] Progress @ 2026-09-09 11:53:43 : 81951 steps taken, and 5814 accepted.
[3 : mcmc] Progress @ 2026-09-09 11:53:45 : 79643 steps taken, and 5644 accepted.
[1 : mcmc] Progress @ 2026-09-09 11:54:08 : 79723 steps taken, and 5649 accepted.
[2 : mcmc] Progress @ 2026-09-09 11:54:16 : 82146 steps taken, and 5814 accepted.
[0 : mcmc] Progress @ 2026-09-09 11:54:43 : 82077 steps taken, and 5823 accepted.
[3 : mcmc] Progress @ 2026-09-09 11:54:45 : 79742 steps taken, and 5651 accepted.
[1 : mcmc] Progress @ 2026-09-09 11:55:09 : 79822 steps taken, and 5656 accepted.
[2 : mcmc] Progress @ 2026-09-09 11:55:16 : 82272 steps taken, and 5823 accepted.
[0 : mcmc] Progress @ 2026-09-09 11:55:43 : 82175 steps taken, and 5828 accepted.
[3 : mcmc] Progress @ 2026-09-09 11:55:51 : 79824 steps taken, and 5657 accepted.
[1 : mcmc] Progress @ 2026-09-09 11:56:16 : 79937 steps taken, and 5664 accepted.
[2 : mcmc] Progress @ 2026-09-09 11:56:16 : 82371 steps taken, and 5830 accepted.
[0 : mcmc] Progress @ 2026-09-09 11:56:43 : 82246 steps taken, and 5834 accepted.
[3 : mcmc] Progress @ 2026-09-09 11:56:51 : 79921 steps taken, and 5664 accepted.
[2 : mcmc] Progress @ 2026-09-09 11:57:16 : 82443 steps taken, and 5835 accepted.
[1 : mcmc] Progress @ 2026-09-09 11:57:16 : 80035 steps taken, and 5671 accepted.
[0 : mcmc] Progress @ 2026-09-09 11:57:44 : 82344 steps taken, and 5841 accepted.
[3 : mcmc] Progress @ 2026-09-09 11:57:51 : 80018 steps taken, and 5671 accepted.
[2 : mcmc] Progress @ 2026-09-09 11:58:24 : 82530 steps taken, and 5841 accepted.
[1 : mcmc] Progress @ 2026-09-09 11:58:28 : 80130 steps taken, and 5676 accepted.
[0 : mcmc] Progress @ 2026-09-09 11:58:44 : 82442 steps taken, and 5848 accepted.
[3 : mcmc] Progress @ 2026-09-09 11:58:51 : 80116 steps taken, and 5678 accepted.
[2 : mcmc] Progress @ 2026-09-09 11:59:24 : 82655 steps taken, and 5850 accepted.
[1 : mcmc] Progress @ 2026-09-09 11:59:28 : 80255 steps taken, and 5685 accepted.
[0 : mcmc] Progress @ 2026-09-09 11:59:44 : 82513 steps taken, and 5853 accepted.
[3 : mcmc] Progress @ 2026-09-09 11:59:51 : 80215 steps taken, and 5685 accepted.
[2 : mcmc] Progress @ 2026-09-09 12:00:24 : 82753 steps taken, and 5857 accepted.
[1 : mcmc] Progress @ 2026-09-09 12:00:28 : 80380 steps taken, and 5694 accepted.
[0 : mcmc] Progress @ 2026-09-09 12:00:49 : 82617 steps taken, and 5860 accepted.
[3 : mcmc] Progress @ 2026-09-09 12:00:51 : 80311 steps taken, and 5692 accepted.
[2 : mcmc] Progress @ 2026-09-09 12:01:24 : 82875 steps taken, and 5865 accepted.
[1 : mcmc] Progress @ 2026-09-09 12:01:35 : 80490 steps taken, and 5702 accepted.
[0 : mcmc] Progress @ 2026-09-09 12:01:49 : 82711 steps taken, and 5867 accepted.
[3 : mcmc] Progress @ 2026-09-09 12:01:52 : 80433 steps taken, and 5700 accepted.
[1 : mcmc] Progress @ 2026-09-09 12:02:36 : 80585 steps taken, and 5708 accepted.
[2 : mcmc] Progress @ 2026-09-09 12:02:36 : 82993 steps taken, and 5874 accepted.
[0 : mcmc] Progress @ 2026-09-09 12:02:49 : 82835 steps taken, and 5876 accepted.
[3 : mcmc] Progress @ 2026-09-09 12:02:52 : 80529 steps taken, and 5707 accepted.
[2 : mcmc] Progress @ 2026-09-09 12:03:36 : 83089 steps taken, and 5881 accepted.
[1 : mcmc] Progress @ 2026-09-09 12:03:36 : 80710 steps taken, and 5717 accepted.
[0 : mcmc] Progress @ 2026-09-09 12:03:50 : 82935 steps taken, and 5883 accepted.
[3 : mcmc] Progress @ 2026-09-09 12:03:52 : 80653 steps taken, and 5716 accepted.
[2 : mcmc] Progress @ 2026-09-09 12:04:37 : 83161 steps taken, and 5886 accepted.
[1 : mcmc] Progress @ 2026-09-09 12:04:37 : 80808 steps taken, and 5724 accepted.
[0 : mcmc] Progress @ 2026-09-09 12:04:50 : 83033 steps taken, and 5890 accepted.
[3 : mcmc] Progress @ 2026-09-09 12:04:53 : 80749 steps taken, and 5723 accepted.
[2 : mcmc] Progress @ 2026-09-09 12:05:37 : 83260 steps taken, and 5893 accepted.
[1 : mcmc] Progress @ 2026-09-09 12:05:37 : 80906 steps taken, and 5731 accepted.
[0 : mcmc] Progress @ 2026-09-09 12:05:50 : 83131 steps taken, and 5897 accepted.
[3 : mcmc] Progress @ 2026-09-09 12:05:53 : 80846 steps taken, and 5730 accepted.
[1 : mcmc] Progress @ 2026-09-09 12:06:37 : 81005 steps taken, and 5738 accepted.
[2 : mcmc] Progress @ 2026-09-09 12:06:37 : 83332 steps taken, and 5898 accepted.
[0 : mcmc] Progress @ 2026-09-09 12:06:50 : 83257 steps taken, and 5906 accepted.
[3 : mcmc] Progress @ 2026-09-09 12:06:53 : 80918 steps taken, and 5735 accepted.
[2 : mcmc] Progress @ 2026-09-09 12:07:37 : 83457 steps taken, and 5908 accepted.
[1 : mcmc] Progress @ 2026-09-09 12:07:43 : 81090 steps taken, and 5744 accepted.
[0 : mcmc] Progress @ 2026-09-09 12:07:50 : 83356 steps taken, and 5913 accepted.
[3 : mcmc] Progress @ 2026-09-09 12:07:59 : 81000 steps taken, and 5741 accepted.
[2 : mcmc] Progress @ 2026-09-09 12:08:46 : 83575 steps taken, and 5915 accepted.
[0 : mcmc] Progress @ 2026-09-09 12:08:50 : 83482 steps taken, and 5922 accepted.
[1 : mcmc] Progress @ 2026-09-09 12:08:52 : 81206 steps taken, and 5753 accepted.
[3 : mcmc] Progress @ 2026-09-09 12:09:05 : 81108 steps taken, and 5749 accepted.
[2 : mcmc] Progress @ 2026-09-09 12:09:46 : 83647 steps taken, and 5921 accepted.
[1 : mcmc] Learn + convergence test @ 5760 samples accepted.
[1 : mcmc] Ready to check convergence and learn a new proposal covmat (waiting for the rest...)
[0 : mcmc] Progress @ 2026-09-09 12:09:50 : 83581 steps taken, and 5929 accepted.
[1 : mcmc] Progress @ 2026-09-09 12:09:52 : 81332 steps taken, and 5761 accepted.
[3 : mcmc] Progress @ 2026-09-09 12:10:16 : 81202 steps taken, and 5755 accepted.
[2 : mcmc] Progress @ 2026-09-09 12:10:47 : 83772 steps taken, and 5930 accepted.
[3 : mcmc] Learn + convergence test @ 5760 samples accepted.
[3 : mcmc] Ready to check convergence and learn a new proposal covmat (waiting for the rest...)
[0 : mcmc] Progress @ 2026-09-09 12:10:50 : 83707 steps taken, and 5938 accepted.
[0 : mcmc] All chains are ready to check convergence and learn a new proposal covmat
[1 : mcmc] Progress @ 2026-09-09 12:10:52 : 81404 steps taken, and 5766 accepted.
[0 : mcmc]  - Acceptance rate: 0.992 = avg([0.9943, 0.9914, 0.9913, 0.9911])
[0 : mcmc]  - Convergence of means: R-1 = 0.029934 after 23398 accepted steps = sum([5939, 5767, 5932, 5760])
[0 : mcmc]  - Updated covariance matrix of proposal pdf.
[3 : mcmc] Progress @ 2026-09-09 12:11:17 : 81306 steps taken, and 5762 accepted.
[2 : mcmc] Progress @ 2026-09-09 12:11:47 : 83839 steps taken, and 5934 accepted.
[0 : mcmc] Progress @ 2026-09-09 12:11:50 : 83816 steps taken, and 5946 accepted.
[1 : mcmc] Progress @ 2026-09-09 12:12:00 : 81492 steps taken, and 5772 accepted.
[3 : mcmc] Progress @ 2026-09-09 12:12:17 : 81404 steps taken, and 5768 accepted.
[2 : mcmc] Progress @ 2026-09-09 12:12:47 : 83965 steps taken, and 5944 accepted.
[0 : mcmc] Progress @ 2026-09-09 12:12:50 : 83914 steps taken, and 5953 accepted.
[1 : mcmc] Progress @ 2026-09-09 12:13:00 : 81617 steps taken, and 5781 accepted.
[3 : mcmc] Progress @ 2026-09-09 12:13:17 : 81502 steps taken, and 5775 accepted.
[2 : mcmc] Progress @ 2026-09-09 12:13:47 : 84064 steps taken, and 5950 accepted.
[0 : mcmc] Progress @ 2026-09-09 12:13:50 : 84039 steps taken, and 5962 accepted.
[1 : mcmc] Progress @ 2026-09-09 12:14:00 : 81689 steps taken, and 5786 accepted.
[3 : mcmc] Progress @ 2026-09-09 12:14:17 : 81626 steps taken, and 5784 accepted.
[2 : mcmc] Progress @ 2026-09-09 12:14:47 : 84136 steps taken, and 5956 accepted.
[0 : mcmc] Progress @ 2026-09-09 12:14:50 : 84111 steps taken, and 5967 accepted.
[1 : mcmc] Progress @ 2026-09-09 12:15:03 : 81792 steps taken, and 5794 accepted.
[3 : mcmc] Progress @ 2026-09-09 12:15:17 : 81724 steps taken, and 5790 accepted.
[2 : mcmc] Progress @ 2026-09-09 12:15:47 : 84234 steps taken, and 5962 accepted.
[0 : mcmc] Progress @ 2026-09-09 12:15:51 : 84237 steps taken, and 5976 accepted.
[1 : mcmc] Progress @ 2026-09-09 12:16:03 : 81890 steps taken, and 5800 accepted.
[3 : mcmc] Progress @ 2026-09-09 12:16:30 : 81847 steps taken, and 5800 accepted.
[2 : mcmc] Progress @ 2026-09-09 12:16:48 : 84333 steps taken, and 5969 accepted.
[0 : mcmc] Progress @ 2026-09-09 12:16:51 : 84336 steps taken, and 5983 accepted.
[1 : mcmc] Progress @ 2026-09-09 12:17:03 : 81962 steps taken, and 5806 accepted.
[3 : mcmc] Progress @ 2026-09-09 12:17:30 : 81969 steps taken, and 5808 accepted.
[2 : mcmc] Progress @ 2026-09-09 12:17:48 : 84431 steps taken, and 5976 accepted.
[0 : mcmc] Progress @ 2026-09-09 12:17:51 : 84462 steps taken, and 5992 accepted.
[1 : mcmc] Progress @ 2026-09-09 12:18:03 : 82088 steps taken, and 5814 accepted.
[3 : mcmc] Progress @ 2026-09-09 12:18:31 : 82043 steps taken, and 5814 accepted.
[2 : mcmc] Progress @ 2026-09-09 12:18:48 : 84557 steps taken, and 5985 accepted.
[0 : mcmc] Progress @ 2026-09-09 12:18:51 : 84560 steps taken, and 5999 accepted.
[1 : mcmc] Progress @ 2026-09-09 12:19:06 : 82191 steps taken, and 5822 accepted.
[3 : mcmc] Progress @ 2026-09-09 12:19:32 : 82141 steps taken, and 5820 accepted.
[0 : mcmc] Progress @ 2026-09-09 12:19:51 : 84660 steps taken, and 6007 accepted.
[2 : mcmc] Progress @ 2026-09-09 12:20:00 : 84626 steps taken, and 5990 accepted.
[1 : mcmc] Progress @ 2026-09-09 12:20:06 : 82317 steps taken, and 5831 accepted.
[3 : mcmc] Progress @ 2026-09-09 12:20:32 : 82264 steps taken, and 5829 accepted.
[0 : mcmc] Progress @ 2026-09-09 12:20:52 : 84787 steps taken, and 6015 accepted.
[2 : mcmc] Progress @ 2026-09-09 12:21:00 : 84725 steps taken, and 5997 accepted.
[1 : mcmc] Progress @ 2026-09-09 12:21:14 : 82404 steps taken, and 5837 accepted.
[3 : mcmc] Progress @ 2026-09-09 12:21:34 : 82339 steps taken, and 5835 accepted.
[0 : mcmc] Progress @ 2026-09-09 12:21:52 : 84859 steps taken, and 6020 accepted.
[2 : mcmc] Progress @ 2026-09-09 12:22:00 : 84797 steps taken, and 6002 accepted.
[1 : mcmc] Progress @ 2026-09-09 12:22:14 : 82503 steps taken, and 5844 accepted.
[3 : mcmc] Progress @ 2026-09-09 12:22:35 : 82463 steps taken, and 5844 accepted.
[0 : mcmc] Progress @ 2026-09-09 12:22:52 : 84958 steps taken, and 6028 accepted.
[2 : mcmc] Progress @ 2026-09-09 12:23:00 : 84896 steps taken, and 6008 accepted.
[1 : mcmc] Progress @ 2026-09-09 12:23:15 : 82601 steps taken, and 5851 accepted.
[3 : mcmc] Progress @ 2026-09-09 12:23:35 : 82561 steps taken, and 5850 accepted.
[0 : mcmc] Progress @ 2026-09-09 12:23:53 : 85083 steps taken, and 6037 accepted.
[2 : mcmc] Progress @ 2026-09-09 12:24:00 : 85023 steps taken, and 6017 accepted.
[1 : mcmc] Progress @ 2026-09-09 12:24:15 : 82698 steps taken, and 5858 accepted.
[3 : mcmc] Progress @ 2026-09-09 12:24:35 : 82659 steps taken, and 5858 accepted.
[0 : mcmc] Progress @ 2026-09-09 12:24:53 : 85155 steps taken, and 6042 accepted.
[2 : mcmc] Progress @ 2026-09-09 12:25:01 : 85122 steps taken, and 6024 accepted.
[1 : mcmc] Progress @ 2026-09-09 12:25:15 : 82797 steps taken, and 5865 accepted.
[3 : mcmc] Progress @ 2026-09-09 12:25:35 : 82783 steps taken, and 5866 accepted.
[0 : mcmc] Progress @ 2026-09-09 12:25:55 : 85258 steps taken, and 6049 accepted.
[2 : mcmc] Progress @ 2026-09-09 12:26:01 : 85221 steps taken, and 6032 accepted.
[1 : mcmc] Progress @ 2026-09-09 12:26:15 : 82895 steps taken, and 5872 accepted.
[3 : mcmc] Progress @ 2026-09-09 12:26:36 : 82880 steps taken, and 5872 accepted.
[0 : mcmc] Progress @ 2026-09-09 12:26:55 : 85383 steps taken, and 6058 accepted.
[2 : mcmc] Progress @ 2026-09-09 12:27:01 : 85321 steps taken, and 6039 accepted.
[1 : mcmc] Progress @ 2026-09-09 12:27:22 : 83006 steps taken, and 5880 accepted.
[3 : mcmc] Progress @ 2026-09-09 12:27:36 : 83004 steps taken, and 5881 accepted.
[0 : mcmc] Progress @ 2026-09-09 12:27:56 : 85484 steps taken, and 6065 accepted.
[2 : mcmc] Progress @ 2026-09-09 12:28:01 : 85418 steps taken, and 6046 accepted.
[1 : mcmc] Progress @ 2026-09-09 12:28:23 : 83104 steps taken, and 5887 accepted.
[3 : mcmc] Progress @ 2026-09-09 12:28:37 : 83101 steps taken, and 5888 accepted.
[2 : mcmc] Progress @ 2026-09-09 12:29:02 : 85516 steps taken, and 6052 accepted.
[0 : mcmc] Progress @ 2026-09-09 12:29:03 : 85545 steps taken, and 6070 accepted.
[1 : mcmc] Progress @ 2026-09-09 12:29:23 : 83176 steps taken, and 5891 accepted.
[3 : mcmc] Progress @ 2026-09-09 12:29:37 : 83227 steps taken, and 5897 accepted.
[2 : mcmc] Progress @ 2026-09-09 12:30:02 : 85587 steps taken, and 6058 accepted.
[0 : mcmc] Progress @ 2026-09-09 12:30:04 : 85644 steps taken, and 6077 accepted.
[1 : mcmc] Progress @ 2026-09-09 12:30:23 : 83248 steps taken, and 5897 accepted.
[3 : mcmc] Progress @ 2026-09-09 12:30:37 : 83324 steps taken, and 5904 accepted.
[2 : mcmc] Progress @ 2026-09-09 12:31:02 : 85711 steps taken, and 6066 accepted.
[0 : mcmc] Progress @ 2026-09-09 12:31:04 : 85742 steps taken, and 6084 accepted.
[1 : mcmc] Progress @ 2026-09-09 12:31:24 : 83346 steps taken, and 5904 accepted.
[3 : mcmc] Progress @ 2026-09-09 12:31:38 : 83421 steps taken, and 5911 accepted.
[2 : mcmc] Progress @ 2026-09-09 12:32:02 : 85784 steps taken, and 6071 accepted.
[0 : mcmc] Progress @ 2026-09-09 12:32:08 : 85821 steps taken, and 6090 accepted.
[1 : mcmc] Progress @ 2026-09-09 12:32:26 : 83448 steps taken, and 5911 accepted.
[3 : mcmc] Progress @ 2026-09-09 12:32:38 : 83546 steps taken, and 5920 accepted.
[2 : mcmc] Progress @ 2026-09-09 12:33:02 : 85882 steps taken, and 6079 accepted.
[0 : mcmc] Progress @ 2026-09-09 12:33:08 : 85919 steps taken, and 6095 accepted.
[1 : mcmc] Progress @ 2026-09-09 12:33:26 : 83546 steps taken, and 5917 accepted.
[3 : mcmc] Progress @ 2026-09-09 12:33:38 : 83669 steps taken, and 5928 accepted.
[0 : mcmc] Progress @ 2026-09-09 12:34:08 : 86017 steps taken, and 6102 accepted.
[2 : mcmc] Progress @ 2026-09-09 12:34:10 : 85968 steps taken, and 6085 accepted.
[1 : mcmc] Progress @ 2026-09-09 12:34:26 : 83647 steps taken, and 5925 accepted.
[3 : mcmc] Progress @ 2026-09-09 12:34:38 : 83741 steps taken, and 5934 accepted.
[0 : mcmc] Progress @ 2026-09-09 12:35:08 : 86116 steps taken, and 6109 accepted.
[2 : mcmc] Progress @ 2026-09-09 12:35:22 : 86065 steps taken, and 6092 accepted.
[1 : mcmc] Progress @ 2026-09-09 12:35:26 : 83773 steps taken, and 5934 accepted.
[3 : mcmc] Progress @ 2026-09-09 12:35:38 : 83838 steps taken, and 5940 accepted.
[0 : mcmc] Progress @ 2026-09-09 12:36:09 : 86242 steps taken, and 6119 accepted.
[0 : mcmc] Learn + convergence test @ 6120 samples accepted.
[0 : mcmc] Ready to check convergence and learn a new proposal covmat (waiting for the rest...)
[2 : mcmc] Progress @ 2026-09-09 12:36:30 : 86178 steps taken, and 6099 accepted.
[1 : mcmc] Progress @ 2026-09-09 12:36:33 : 83887 steps taken, and 5942 accepted.
[3 : mcmc] Progress @ 2026-09-09 12:36:39 : 83935 steps taken, and 5947 accepted.
[0 : mcmc] Progress @ 2026-09-09 12:37:09 : 86314 steps taken, and 6123 accepted.
[2 : mcmc] Progress @ 2026-09-09 12:37:30 : 86276 steps taken, and 6106 accepted.
[1 : mcmc] Progress @ 2026-09-09 12:37:33 : 83985 steps taken, and 5948 accepted.
[3 : mcmc] Progress @ 2026-09-09 12:37:39 : 84058 steps taken, and 5956 accepted.
[0 : mcmc] Progress @ 2026-09-09 12:38:09 : 86440 steps taken, and 6133 accepted.
[2 : mcmc] Progress @ 2026-09-09 12:38:31 : 86402 steps taken, and 6115 accepted.
[1 : mcmc] Progress @ 2026-09-09 12:38:33 : 84111 steps taken, and 5957 accepted.
[3 : mcmc] Progress @ 2026-09-09 12:38:39 : 84130 steps taken, and 5962 accepted.
[2 : mcmc] Learn + convergence test @ 6120 samples accepted.
[2 : mcmc] Ready to check convergence and learn a new proposal covmat (waiting for the rest...)
[0 : mcmc] Progress @ 2026-09-09 12:39:09 : 86566 steps taken, and 6141 accepted.
[2 : mcmc] Progress @ 2026-09-09 12:39:31 : 86500 steps taken, and 6122 accepted.
[1 : mcmc] Progress @ 2026-09-09 12:39:33 : 84209 steps taken, and 5964 accepted.
[3 : mcmc] Progress @ 2026-09-09 12:39:40 : 84227 steps taken, and 5968 accepted.
[0 : mcmc] Progress @ 2026-09-09 12:40:10 : 86665 steps taken, and 6149 accepted.
[2 : mcmc] Progress @ 2026-09-09 12:40:31 : 86599 steps taken, and 6129 accepted.
[1 : mcmc] Progress @ 2026-09-09 12:40:34 : 84307 steps taken, and 5971 accepted.
[3 : mcmc] Progress @ 2026-09-09 12:40:40 : 84323 steps taken, and 5976 accepted.
[0 : mcmc] Progress @ 2026-09-09 12:41:10 : 86764 steps taken, and 6156 accepted.
[2 : mcmc] Progress @ 2026-09-09 12:41:31 : 86699 steps taken, and 6136 accepted.
[1 : mcmc] Progress @ 2026-09-09 12:41:34 : 84409 steps taken, and 5979 accepted.
[3 : mcmc] Progress @ 2026-09-09 12:41:40 : 84421 steps taken, and 5982 accepted.
[0 : mcmc] Progress @ 2026-09-09 12:42:10 : 86889 steps taken, and 6165 accepted.
[1 : mcmc] Progress @ 2026-09-09 12:42:34 : 84507 steps taken, and 5984 accepted.
[2 : mcmc] Progress @ 2026-09-09 12:42:39 : 86787 steps taken, and 6142 accepted.
[3 : mcmc] Progress @ 2026-09-09 12:42:42 : 84523 steps taken, and 5989 accepted.
[0 : mcmc] Progress @ 2026-09-09 12:43:10 : 86987 steps taken, and 6172 accepted.
[1 : mcmc] Progress @ 2026-09-09 12:43:34 : 84606 steps taken, and 5992 accepted.
[3 : mcmc] Progress @ 2026-09-09 12:43:42 : 84646 steps taken, and 5998 accepted.
[2 : mcmc] Progress @ 2026-09-09 12:43:47 : 86901 steps taken, and 6151 accepted.
[0 : mcmc] Progress @ 2026-09-09 12:44:10 : 87086 steps taken, and 6179 accepted.
[1 : mcmc] Progress @ 2026-09-09 12:44:34 : 84732 steps taken, and 6000 accepted.
[3 : mcmc] Progress @ 2026-09-09 12:44:42 : 84742 steps taken, and 6005 accepted.
[2 : mcmc] Progress @ 2026-09-09 12:44:47 : 87000 steps taken, and 6156 accepted.
[0 : mcmc] Progress @ 2026-09-09 12:45:10 : 87214 steps taken, and 6188 accepted.
[1 : mcmc] Progress @ 2026-09-09 12:45:42 : 84819 steps taken, and 6007 accepted.
[3 : mcmc] Progress @ 2026-09-09 12:45:42 : 84840 steps taken, and 6012 accepted.
[2 : mcmc] Progress @ 2026-09-09 12:45:48 : 87098 steps taken, and 6163 accepted.
[0 : mcmc] Progress @ 2026-09-09 12:46:10 : 87312 steps taken, and 6193 accepted.
[3 : mcmc] Progress @ 2026-09-09 12:46:44 : 84940 steps taken, and 6020 accepted.
[2 : mcmc] Progress @ 2026-09-09 12:46:48 : 87197 steps taken, and 6171 accepted.
[1 : mcmc] Progress @ 2026-09-09 12:46:54 : 84944 steps taken, and 6016 accepted.
[0 : mcmc] Progress @ 2026-09-09 12:47:10 : 87411 steps taken, and 6200 accepted.
[3 : mcmc] Progress @ 2026-09-09 12:47:44 : 85037 steps taken, and 6026 accepted.
[2 : mcmc] Progress @ 2026-09-09 12:47:48 : 87295 steps taken, and 6178 accepted.
[1 : mcmc] Progress @ 2026-09-09 12:47:55 : 85017 steps taken, and 6021 accepted.
[0 : mcmc] Progress @ 2026-09-09 12:48:10 : 87510 steps taken, and 6207 accepted.
[3 : mcmc] Progress @ 2026-09-09 12:48:45 : 85135 steps taken, and 6034 accepted.
[2 : mcmc] Progress @ 2026-09-09 12:48:49 : 87394 steps taken, and 6185 accepted.
[1 : mcmc] Progress @ 2026-09-09 12:48:55 : 85144 steps taken, and 6030 accepted.
[0 : mcmc] Progress @ 2026-09-09 12:49:20 : 87627 steps taken, and 6215 accepted.
[3 : mcmc] Progress @ 2026-09-09 12:49:45 : 85232 steps taken, and 6040 accepted.
[2 : mcmc] Progress @ 2026-09-09 12:49:49 : 87492 steps taken, and 6192 accepted.
[1 : mcmc] Progress @ 2026-09-09 12:49:55 : 85270 steps taken, and 6039 accepted.
[0 : mcmc] Progress @ 2026-09-09 12:50:21 : 87702 steps taken, and 6220 accepted.
[3 : mcmc] Progress @ 2026-09-09 12:50:46 : 85331 steps taken, and 6047 accepted.
[2 : mcmc] Progress @ 2026-09-09 12:50:49 : 87590 steps taken, and 6197 accepted.
[1 : mcmc] Progress @ 2026-09-09 12:50:57 : 85372 steps taken, and 6046 accepted.
[0 : mcmc] Progress @ 2026-09-09 12:51:22 : 87800 steps taken, and 6227 accepted.
[3 : mcmc] Progress @ 2026-09-09 12:51:46 : 85428 steps taken, and 6053 accepted.
[2 : mcmc] Progress @ 2026-09-09 12:51:50 : 87662 steps taken, and 6203 accepted.
[1 : mcmc] Progress @ 2026-09-09 12:51:57 : 85497 steps taken, and 6055 accepted.
[0 : mcmc] Progress @ 2026-09-09 12:52:22 : 87898 steps taken, and 6234 accepted.
[3 : mcmc] Progress @ 2026-09-09 12:52:46 : 85551 steps taken, and 6062 accepted.
[2 : mcmc] Progress @ 2026-09-09 12:52:56 : 87774 steps taken, and 6211 accepted.
[1 : mcmc] Progress @ 2026-09-09 12:52:57 : 85595 steps taken, and 6062 accepted.
[0 : mcmc] Progress @ 2026-09-09 12:53:22 : 87997 steps taken, and 6241 accepted.
[3 : mcmc] Progress @ 2026-09-09 12:53:47 : 85649 steps taken, and 6069 accepted.
[1 : mcmc] Progress @ 2026-09-09 12:53:57 : 85668 steps taken, and 6067 accepted.
[2 : mcmc] Progress @ 2026-09-09 12:54:01 : 87880 steps taken, and 6218 accepted.
[0 : mcmc] Progress @ 2026-09-09 12:54:22 : 88096 steps taken, and 6248 accepted.
[3 : mcmc] Progress @ 2026-09-09 12:54:47 : 85745 steps taken, and 6076 accepted.
[1 : mcmc] Progress @ 2026-09-09 12:54:57 : 85766 steps taken, and 6074 accepted.
[2 : mcmc] Progress @ 2026-09-09 12:55:01 : 87978 steps taken, and 6225 accepted.
[0 : mcmc] Progress @ 2026-09-09 12:55:23 : 88195 steps taken, and 6255 accepted.
[3 : mcmc] Progress @ 2026-09-09 12:55:47 : 85842 steps taken, and 6083 accepted.
[1 : mcmc] Progress @ 2026-09-09 12:55:57 : 85865 steps taken, and 6081 accepted.
[2 : mcmc] Progress @ 2026-09-09 12:56:01 : 88077 steps taken, and 6233 accepted.
[0 : mcmc] Progress @ 2026-09-09 12:56:35 : 88292 steps taken, and 6262 accepted.
[3 : mcmc] Progress @ 2026-09-09 12:56:47 : 85959 steps taken, and 6091 accepted.
[1 : mcmc] Progress @ 2026-09-09 12:56:58 : 85976 steps taken, and 6089 accepted.
[2 : mcmc] Progress @ 2026-09-09 12:57:05 : 88156 steps taken, and 6237 accepted.
[0 : mcmc] Progress @ 2026-09-09 12:57:51 : 88344 steps taken, and 6265 accepted.
[3 : mcmc] Progress @ 2026-09-09 12:57:51 : 85993 steps taken, and 6093 accepted.
[2 : mcmc] Progress @ 2026-09-09 12:58:14 : 88179 steps taken, and 6238 accepted.
[1 : mcmc] Progress @ 2026-09-09 12:58:14 : 86003 steps taken, and 6091 accepted.
[3 : mcmc] Progress @ 2026-09-09 13:01:02 : 86001 steps taken, and 6093 accepted.
[1 : mcmc] Progress @ 2026-09-09 13:01:02 : 86006 steps taken, and 6091 accepted.
[0 : mcmc] Progress @ 2026-09-09 13:01:02 : 88354 steps taken, and 6266 accepted.
[2 : mcmc] Progress @ 2026-09-09 13:01:07 : 88182 steps taken, and 6238 accepted.
[3 : mcmc] Progress @ 2026-09-09 13:02:02 : 86083 steps taken, and 6099 accepted.
[0 : mcmc] Progress @ 2026-09-09 13:02:03 : 88437 steps taken, and 6272 accepted.
[1 : mcmc] Progress @ 2026-09-09 13:02:03 : 86113 steps taken, and 6099 accepted.
[2 : mcmc] Progress @ 2026-09-09 13:02:08 : 88267 steps taken, and 6245 accepted.
[0 : mcmc] Progress @ 2026-09-09 13:03:03 : 88534 steps taken, and 6279 accepted.
[1 : mcmc] Progress @ 2026-09-09 13:03:03 : 86185 steps taken, and 6104 accepted.
[2 : mcmc] Progress @ 2026-09-09 13:03:08 : 88392 steps taken, and 6254 accepted.
[3 : mcmc] Progress @ 2026-09-09 13:03:13 : 86149 steps taken, and 6104 accepted.
[0 : mcmc] Progress @ 2026-09-09 13:04:03 : 88632 steps taken, and 6286 accepted.
[1 : mcmc] Progress @ 2026-09-09 13:04:03 : 86282 steps taken, and 6111 accepted.
[2 : mcmc] Progress @ 2026-09-09 13:04:08 : 88492 steps taken, and 6261 accepted.
[3 : mcmc] Progress @ 2026-09-09 13:04:13 : 86272 steps taken, and 6113 accepted.
[1 : mcmc] Learn + convergence test @ 6120 samples accepted.
[1 : mcmc] Ready to check convergence and learn a new proposal covmat (waiting for the rest...)
[3 : mcmc] Learn + convergence test @ 6120 samples accepted.
[3 : mcmc] Ready to check convergence and learn a new proposal covmat (waiting for the rest...)
[0 : mcmc] Progress @ 2026-09-09 13:05:03 : 88728 steps taken, and 6293 accepted.
[1 : mcmc] Progress @ 2026-09-09 13:05:04 : 86404 steps taken, and 6120 accepted.
[0 : mcmc] All chains are ready to check convergence and learn a new proposal covmat
[2 : mcmc] Progress @ 2026-09-09 13:05:08 : 88586 steps taken, and 6268 accepted.
[0 : mcmc]  - Acceptance rate: 0.991 = avg([0.9940, 0.9909, 0.9899, 0.9909])
[0 : mcmc]  - Convergence of means: R-1 = 0.025014 after 24805 accepted steps = sum([6294, 6121, 6269, 6121])
[0 : mcmc]  - Convergence of bounds: R-1 = 0.117605 after 24805 accepted steps = sum([6294, 6121, 6269, 6121])
[0 : mcmc] The run has converged!
[0 : mcmc] Sampling complete after 24805 accepted steps.

TERMINADO en 14.91 h

TERMINADO en 14.91 h

TERMINADO en 14.91 h

TERMINADO en 14.91 h
