preflight  [1/3] __pycache__ borrados: 227
preflight  [2/3] núcleo(fuente) == CANONICAL_VALUES en 6 constantes
preflight  [3/3] ingredientes de esta corrida:
             SUM_MNU_EV       = 0.068490000
             OMEGA_B_H2       = 0.022417757
             OMEGA_C_H2       = 0.119514408
             OMEGA_NU_H2      = 0.000735345
             OMEGA_M_H2       = 0.142667510
             OMEGA_M_TOTAL    = 0.308880879
             W0               = -0.839949771
             WA               = -0.669974886
             H0_ALG           = 67.962137323
preflight  OK — luz verde para el cómputo
2026-09-19 09:35:10  lanzando kids_legacy/ssee  (4 cadenas MPI, reanudar=1)
[0 : output] Output to be read-from/written-into folder '/mnt/datos/SSEE_data/chains_p6/kids_legacy', with prefix 'ssee'
[0 : output] Found existing info files with the requested output prefix: '/mnt/datos/SSEE_data/chains_p6/kids_legacy/ssee'
[0 : output] Let's try to resume/load.
[0 : output] Found an old sample. Resuming.
[3 : p06_growth.cobaya_kids_legacy.loglike_ssee] Initialized external likelihood.
[0 : p06_growth.cobaya_kids_legacy.loglike_ssee] Initialized external likelihood.
[1 : p06_growth.cobaya_kids_legacy.loglike_ssee] Initialized external likelihood.
[0 : mcmc] Resuming from previous sample!
[2 : p06_growth.cobaya_kids_legacy.loglike_ssee] Initialized external likelihood.
[0 : samplecollection] Loaded 652 sample points from '/mnt/datos/SSEE_data/chains_p6/kids_legacy/ssee.1.txt'
[3 : samplecollection] Loaded 684 sample points from '/mnt/datos/SSEE_data/chains_p6/kids_legacy/ssee.4.txt'
[2 : samplecollection] Loaded 666 sample points from '/mnt/datos/SSEE_data/chains_p6/kids_legacy/ssee.3.txt'
[1 : samplecollection] Loaded 722 sample points from '/mnt/datos/SSEE_data/chains_p6/kids_legacy/ssee.2.txt'
[2 : mcmc] Initial point: logA:2.96696, logT_AGN:7.739961, A_scale:1.038382, dz1:0.02016439, dz2:-0.008095087, dz3:-0.009315702, dz4:-0.0009820391, dz5:0.009126509, dz6:0.06176119
[3 : mcmc] Initial point: logA:3.010512, logT_AGN:7.715829, A_scale:1.704952, dz1:0.02530295, dz2:-0.0006184798, dz3:-0.0007584789, dz4:0.001724377, dz5:0.01533327, dz6:0.06529253
[0 : mcmc] Initial point: logA:3.048195, logT_AGN:7.690396, A_scale:2.507036, dz1:0.0222653, dz2:0.005891033, dz3:-0.009913472, dz4:-0.02033874, dz5:0.01335189, dz6:0.06236716
[1 : mcmc] Initial point: logA:3.072354, logT_AGN:8.203909, A_scale:1.24901, dz1:0.01660207, dz2:0.01097972, dz3:-0.007637779, dz4:-0.01742025, dz5:0.009772401, dz6:0.0658258
[0 : mcmc] Oversampling with factors:
[0 : mcmc] * 1 : ['logA', 'logT_AGN']
[0 : mcmc] * 5 : ['A_scale', 'dz1', 'dz2', 'dz3', 'dz4', 'dz5', 'dz6']
[0 : mcmc] Covariance matrix from previous sample.
[0 : mcmc] Sampling!
[0 : mcmc] Progress @ 2026-09-19 09:35:14 : 1 steps taken, and 652 accepted.
[2 : mcmc] Progress @ 2026-09-19 09:35:32 : 1 steps taken, and 666 accepted.
[1 : mcmc] Progress @ 2026-09-19 09:35:42 : 1 steps taken, and 722 accepted.
[3 : mcmc] Progress @ 2026-09-19 09:35:42 : 1 steps taken, and 684 accepted.
[0 : mcmc] Progress @ 2026-09-19 09:36:30 : 37 steps taken, and 659 accepted.
[2 : mcmc] Progress @ 2026-09-19 09:36:34 : 43 steps taken, and 674 accepted.
[1 : mcmc] Progress @ 2026-09-19 09:36:42 : 30 steps taken, and 726 accepted.
[3 : mcmc] Progress @ 2026-09-19 09:36:42 : 30 steps taken, and 689 accepted.
[0 : mcmc] Progress @ 2026-09-19 09:37:30 : 74 steps taken, and 666 accepted.
[2 : mcmc] Progress @ 2026-09-19 09:37:34 : 80 steps taken, and 680 accepted.
[1 : mcmc] Progress @ 2026-09-19 09:37:42 : 60 steps taken, and 731 accepted.
[3 : mcmc] Progress @ 2026-09-19 09:38:08 : 59 steps taken, and 697 accepted.
[0 : mcmc] Progress @ 2026-09-19 09:38:30 : 113 steps taken, and 674 accepted.
[2 : mcmc] Progress @ 2026-09-19 09:38:35 : 148 steps taken, and 692 accepted.
[1 : mcmc] Progress @ 2026-09-19 09:38:56 : 79 steps taken, and 734 accepted.
[3 : mcmc] Progress @ 2026-09-19 09:39:09 : 89 steps taken, and 703 accepted.
[0 : mcmc] Progress @ 2026-09-19 09:39:31 : 152 steps taken, and 678 accepted.
[2 : mcmc] Progress @ 2026-09-19 09:39:40 : 195 steps taken, and 700 accepted.
[1 : mcmc] Progress @ 2026-09-19 09:39:57 : 109 steps taken, and 740 accepted.
[3 : mcmc] Progress @ 2026-09-19 09:40:27 : 112 steps taken, and 706 accepted.
[0 : mcmc] Progress @ 2026-09-19 09:40:31 : 191 steps taken, and 687 accepted.
[2 : mcmc] Progress @ 2026-09-19 09:40:48 : 246 steps taken, and 709 accepted.
[1 : mcmc] Progress @ 2026-09-19 09:40:58 : 139 steps taken, and 746 accepted.
[3 : mcmc] Progress @ 2026-09-19 09:41:28 : 119 steps taken, and 709 accepted.
[0 : mcmc] Progress @ 2026-09-19 09:41:47 : 254 steps taken, and 699 accepted.
[2 : mcmc] Progress @ 2026-09-19 09:41:48 : 286 steps taken, and 718 accepted.
[2 : mcmc] Learn + convergence test @ 720 samples accepted.
[2 : mcmc] Ready to check convergence and learn a new proposal covmat (waiting for the rest...)
[1 : mcmc] Progress @ 2026-09-19 09:41:59 : 170 steps taken, and 751 accepted.
[3 : mcmc] Progress @ 2026-09-19 09:42:28 : 171 steps taken, and 719 accepted.
[0 : mcmc] Progress @ 2026-09-19 09:42:48 : 317 steps taken, and 713 accepted.
[2 : mcmc] Progress @ 2026-09-19 09:42:49 : 339 steps taken, and 727 accepted.
[3 : mcmc] Learn + convergence test @ 720 samples accepted.
[3 : mcmc] Ready to check convergence and learn a new proposal covmat (waiting for the rest...)
[1 : mcmc] Progress @ 2026-09-19 09:43:16 : 192 steps taken, and 754 accepted.
[3 : mcmc] Progress @ 2026-09-19 09:43:48 : 196 steps taken, and 721 accepted.
[0 : mcmc] Progress @ 2026-09-19 09:43:49 : 359 steps taken, and 720 accepted.
[0 : mcmc] Learn + convergence test @ 720 samples accepted.
[0 : mcmc] Ready to check convergence and learn a new proposal covmat (waiting for the rest...)
[2 : mcmc] Progress @ 2026-09-19 09:44:02 : 357 steps taken, and 730 accepted.
[1 : mcmc] Progress @ 2026-09-19 09:44:27 : 231 steps taken, and 761 accepted.
[0 : mcmc] Progress @ 2026-09-19 09:44:50 : 399 steps taken, and 725 accepted.
[3 : mcmc] Progress @ 2026-09-19 09:44:50 : 227 steps taken, and 730 accepted.
[2 : mcmc] Progress @ 2026-09-19 09:45:20 : 403 steps taken, and 740 accepted.
[1 : mcmc] Progress @ 2026-09-19 09:45:32 : 267 steps taken, and 769 accepted.
[3 : mcmc] Progress @ 2026-09-19 09:45:51 : 256 steps taken, and 736 accepted.
[0 : mcmc] Progress @ 2026-09-19 09:46:03 : 457 steps taken, and 737 accepted.
[2 : mcmc] Progress @ 2026-09-19 09:46:20 : 432 steps taken, and 744 accepted.
[1 : mcmc] Progress @ 2026-09-19 09:46:33 : 297 steps taken, and 774 accepted.
[3 : mcmc] Progress @ 2026-09-19 09:46:51 : 286 steps taken, and 742 accepted.
[0 : mcmc] Progress @ 2026-09-19 09:47:03 : 497 steps taken, and 746 accepted.
[2 : mcmc] Progress @ 2026-09-19 09:47:20 : 461 steps taken, and 752 accepted.
[1 : mcmc] Progress @ 2026-09-19 09:47:33 : 327 steps taken, and 779 accepted.
[3 : mcmc] Progress @ 2026-09-19 09:48:01 : 322 steps taken, and 750 accepted.
[0 : mcmc] Progress @ 2026-09-19 09:48:03 : 559 steps taken, and 754 accepted.
[2 : mcmc] Progress @ 2026-09-19 09:48:32 : 479 steps taken, and 755 accepted.
[1 : mcmc] Progress @ 2026-09-19 09:48:46 : 351 steps taken, and 785 accepted.
[3 : mcmc] Progress @ 2026-09-19 09:49:01 : 352 steps taken, and 754 accepted.
[0 : mcmc] Progress @ 2026-09-19 09:49:04 : 596 steps taken, and 761 accepted.
[2 : mcmc] Progress @ 2026-09-19 09:49:33 : 508 steps taken, and 762 accepted.
[1 : mcmc] Progress @ 2026-09-19 09:49:46 : 412 steps taken, and 798 accepted.
[3 : mcmc] Progress @ 2026-09-19 09:50:02 : 384 steps taken, and 759 accepted.
[0 : mcmc] Progress @ 2026-09-19 09:50:04 : 633 steps taken, and 767 accepted.
[2 : mcmc] Progress @ 2026-09-19 09:50:43 : 548 steps taken, and 770 accepted.
[1 : mcmc] Progress @ 2026-09-19 09:50:47 : 450 steps taken, and 808 accepted.
[3 : mcmc] Progress @ 2026-09-19 09:51:02 : 413 steps taken, and 767 accepted.
[0 : mcmc] Progress @ 2026-09-19 09:51:04 : 670 steps taken, and 774 accepted.
[2 : mcmc] Progress @ 2026-09-19 09:51:44 : 577 steps taken, and 775 accepted.
[1 : mcmc] Progress @ 2026-09-19 09:51:52 : 494 steps taken, and 815 accepted.
[3 : mcmc] Progress @ 2026-09-19 09:52:04 : 421 steps taken, and 768 accepted.
[0 : mcmc] Progress @ 2026-09-19 09:52:13 : 695 steps taken, and 778 accepted.
[2 : mcmc] Progress @ 2026-09-19 09:52:44 : 606 steps taken, and 782 accepted.
[3 : mcmc] Progress @ 2026-09-19 09:53:04 : 451 steps taken, and 773 accepted.
[1 : mcmc] Progress @ 2026-09-19 09:53:11 : 543 steps taken, and 825 accepted.
[0 : mcmc] Progress @ 2026-09-19 09:53:20 : 720 steps taken, and 781 accepted.
[2 : mcmc] Progress @ 2026-09-19 09:53:45 : 636 steps taken, and 790 accepted.
[3 : mcmc] Progress @ 2026-09-19 09:54:05 : 482 steps taken, and 780 accepted.
[1 : mcmc] Progress @ 2026-09-19 09:54:13 : 573 steps taken, and 830 accepted.
[0 : mcmc] Progress @ 2026-09-19 09:54:33 : 754 steps taken, and 789 accepted.
[2 : mcmc] Progress @ 2026-09-19 09:55:10 : 665 steps taken, and 797 accepted.
[3 : mcmc] Progress @ 2026-09-19 09:55:12 : 517 steps taken, and 787 accepted.
[1 : mcmc] Progress @ 2026-09-19 09:55:35 : 599 steps taken, and 834 accepted.
[0 : mcmc] Progress @ 2026-09-19 09:55:47 : 812 steps taken, and 799 accepted.
[2 : mcmc] Progress @ 2026-09-19 09:56:11 : 695 steps taken, and 803 accepted.
[3 : mcmc] Progress @ 2026-09-19 09:56:31 : 541 steps taken, and 793 accepted.
[0 : mcmc] Progress @ 2026-09-19 09:56:48 : 846 steps taken, and 807 accepted.
[1 : mcmc] Progress @ 2026-09-19 09:56:50 : 631 steps taken, and 841 accepted.
[2 : mcmc] Progress @ 2026-09-19 09:57:15 : 705 steps taken, and 806 accepted.
[3 : mcmc] Progress @ 2026-09-19 09:57:32 : 575 steps taken, and 799 accepted.
[0 : mcmc] Progress @ 2026-09-19 09:57:48 : 907 steps taken, and 817 accepted.
[1 : mcmc] Progress @ 2026-09-19 09:57:51 : 686 steps taken, and 849 accepted.
[2 : mcmc] Progress @ 2026-09-19 09:58:29 : 762 steps taken, and 818 accepted.
[3 : mcmc] Progress @ 2026-09-19 09:58:33 : 608 steps taken, and 807 accepted.
[0 : mcmc] Progress @ 2026-09-19 09:58:55 : 930 steps taken, and 821 accepted.
[1 : mcmc] Progress @ 2026-09-19 09:59:12 : 717 steps taken, and 856 accepted.
[3 : mcmc] Progress @ 2026-09-19 09:59:43 : 639 steps taken, and 812 accepted.
[2 : mcmc] Progress @ 2026-09-19 09:59:45 : 784 steps taken, and 822 accepted.
[0 : mcmc] Progress @ 2026-09-19 09:59:56 : 994 steps taken, and 834 accepted.
[1 : mcmc] Progress @ 2026-09-19 10:00:12 : 746 steps taken, and 862 accepted.
[3 : mcmc] Progress @ 2026-09-19 10:00:44 : 727 steps taken, and 823 accepted.
[2 : mcmc] Progress @ 2026-09-19 10:00:47 : 815 steps taken, and 828 accepted.
[0 : mcmc] Progress @ 2026-09-19 10:00:59 : 1040 steps taken, and 843 accepted.
[1 : mcmc] Progress @ 2026-09-19 10:01:38 : 774 steps taken, and 867 accepted.
[3 : mcmc] Progress @ 2026-09-19 10:01:45 : 746 steps taken, and 826 accepted.
[2 : mcmc] Progress @ 2026-09-19 10:01:48 : 844 steps taken, and 832 accepted.
[0 : mcmc] Progress @ 2026-09-19 10:02:00 : 1104 steps taken, and 855 accepted.
[1 : mcmc] Progress @ 2026-09-19 10:02:39 : 803 steps taken, and 872 accepted.
[3 : mcmc] Progress @ 2026-09-19 10:02:45 : 810 steps taken, and 838 accepted.
[2 : mcmc] Progress @ 2026-09-19 10:02:49 : 877 steps taken, and 837 accepted.
[0 : mcmc] Progress @ 2026-09-19 10:03:00 : 1143 steps taken, and 863 accepted.
[1 : mcmc] Progress @ 2026-09-19 10:03:40 : 834 steps taken, and 878 accepted.
[2 : mcmc] Progress @ 2026-09-19 10:03:49 : 907 steps taken, and 844 accepted.
[3 : mcmc] Progress @ 2026-09-19 10:03:52 : 884 steps taken, and 853 accepted.
[0 : mcmc] Progress @ 2026-09-19 10:04:00 : 1181 steps taken, and 868 accepted.
[1 : mcmc] Progress @ 2026-09-19 10:04:42 : 866 steps taken, and 886 accepted.
[2 : mcmc] Progress @ 2026-09-19 10:04:50 : 936 steps taken, and 850 accepted.
[0 : mcmc] Progress @ 2026-09-19 10:05:02 : 1249 steps taken, and 881 accepted.
[3 : mcmc] Progress @ 2026-09-19 10:05:04 : 941 steps taken, and 864 accepted.
[1 : mcmc] Progress @ 2026-09-19 10:05:43 : 887 steps taken, and 891 accepted.
[2 : mcmc] Progress @ 2026-09-19 10:05:50 : 957 steps taken, and 853 accepted.
[0 : mcmc] Progress @ 2026-09-19 10:06:03 : 1312 steps taken, and 893 accepted.
[3 : mcmc] Progress @ 2026-09-19 10:06:04 : 978 steps taken, and 871 accepted.
[1 : mcmc] Progress @ 2026-09-19 10:06:43 : 928 steps taken, and 900 accepted.
[2 : mcmc] Progress @ 2026-09-19 10:06:51 : 996 steps taken, and 860 accepted.
[0 : mcmc] Progress @ 2026-09-19 10:07:03 : 1352 steps taken, and 903 accepted.
[3 : mcmc] Progress @ 2026-09-19 10:07:05 : 1031 steps taken, and 882 accepted.
[1 : mcmc] Progress @ 2026-09-19 10:07:44 : 968 steps taken, and 908 accepted.
[2 : mcmc] Progress @ 2026-09-19 10:08:00 : 1049 steps taken, and 870 accepted.
[0 : mcmc] Progress @ 2026-09-19 10:08:04 : 1391 steps taken, and 911 accepted.
[3 : mcmc] Progress @ 2026-09-19 10:08:06 : 1061 steps taken, and 888 accepted.
[1 : mcmc] Progress @ 2026-09-19 10:08:58 : 1003 steps taken, and 914 accepted.
[2 : mcmc] Progress @ 2026-09-19 10:09:00 : 1140 steps taken, and 889 accepted.
[3 : mcmc] Progress @ 2026-09-19 10:09:06 : 1092 steps taken, and 893 accepted.
[0 : mcmc] Progress @ 2026-09-19 10:09:07 : 1434 steps taken, and 920 accepted.
[1 : mcmc] Progress @ 2026-09-19 10:09:58 : 1067 steps taken, and 924 accepted.
[0 : mcmc] Progress @ 2026-09-19 10:10:07 : 1474 steps taken, and 927 accepted.
[3 : mcmc] Progress @ 2026-09-19 10:10:07 : 1124 steps taken, and 900 accepted.
[2 : mcmc] Progress @ 2026-09-19 10:10:15 : 1175 steps taken, and 897 accepted.
[1 : mcmc] Progress @ 2026-09-19 10:10:59 : 1107 steps taken, and 931 accepted.
[0 : mcmc] Progress @ 2026-09-19 10:11:08 : 1515 steps taken, and 934 accepted.
[3 : mcmc] Progress @ 2026-09-19 10:11:09 : 1156 steps taken, and 907 accepted.
[2 : mcmc] Progress @ 2026-09-19 10:11:15 : 1216 steps taken, and 904 accepted.
[1 : mcmc] Progress @ 2026-09-19 10:12:00 : 1147 steps taken, and 938 accepted.
[0 : mcmc] Progress @ 2026-09-19 10:12:24 : 1554 steps taken, and 943 accepted.
[3 : mcmc] Progress @ 2026-09-19 10:12:31 : 1204 steps taken, and 917 accepted.
[2 : mcmc] Progress @ 2026-09-19 10:12:32 : 1279 steps taken, and 917 accepted.
[1 : mcmc] Progress @ 2026-09-19 10:13:05 : 1194 steps taken, and 945 accepted.
[3 : mcmc] Progress @ 2026-09-19 10:13:32 : 1236 steps taken, and 923 accepted.
[0 : mcmc] Progress @ 2026-09-19 10:13:36 : 1586 steps taken, and 949 accepted.
[2 : mcmc] Progress @ 2026-09-19 10:13:46 : 1316 steps taken, and 925 accepted.
[1 : mcmc] Progress @ 2026-09-19 10:14:05 : 1259 steps taken, and 956 accepted.
[0 : mcmc] Progress @ 2026-09-19 10:14:36 : 1625 steps taken, and 959 accepted.
[2 : mcmc] Progress @ 2026-09-19 10:14:46 : 1356 steps taken, and 933 accepted.
[3 : mcmc] Progress @ 2026-09-19 10:14:51 : 1259 steps taken, and 928 accepted.
[1 : mcmc] Progress @ 2026-09-19 10:15:12 : 1281 steps taken, and 960 accepted.
[0 : mcmc] Progress @ 2026-09-19 10:15:36 : 1663 steps taken, and 967 accepted.
[3 : mcmc] Progress @ 2026-09-19 10:15:58 : 1294 steps taken, and 935 accepted.
[2 : mcmc] Progress @ 2026-09-19 10:16:03 : 1419 steps taken, and 944 accepted.
[1 : mcmc] Progress @ 2026-09-19 10:16:12 : 1311 steps taken, and 966 accepted.
[0 : mcmc] Progress @ 2026-09-19 10:16:42 : 1711 steps taken, and 978 accepted.
[3 : mcmc] Progress @ 2026-09-19 10:16:59 : 1323 steps taken, and 939 accepted.
[2 : mcmc] Progress @ 2026-09-19 10:17:10 : 1497 steps taken, and 955 accepted.
[1 : mcmc] Progress @ 2026-09-19 10:17:13 : 1364 steps taken, and 976 accepted.
[0 : mcmc] Progress @ 2026-09-19 10:17:42 : 1751 steps taken, and 985 accepted.
[3 : mcmc] Progress @ 2026-09-19 10:18:01 : 1332 steps taken, and 940 accepted.
[2 : mcmc] Progress @ 2026-09-19 10:18:11 : 1538 steps taken, and 964 accepted.
[1 : mcmc] Progress @ 2026-09-19 10:18:13 : 1393 steps taken, and 978 accepted.
[0 : mcmc] Progress @ 2026-09-19 10:18:46 : 1796 steps taken, and 995 accepted.
[3 : mcmc] Progress @ 2026-09-19 10:19:02 : 1362 steps taken, and 947 accepted.
[2 : mcmc] Progress @ 2026-09-19 10:19:11 : 1577 steps taken, and 971 accepted.
[1 : mcmc] Progress @ 2026-09-19 10:19:39 : 1422 steps taken, and 984 accepted.
[0 : mcmc] Progress @ 2026-09-19 10:20:00 : 1856 steps taken, and 1006 accepted.
[2 : mcmc] Progress @ 2026-09-19 10:20:12 : 1594 steps taken, and 976 accepted.
[3 : mcmc] Progress @ 2026-09-19 10:20:25 : 1388 steps taken, and 953 accepted.
[1 : mcmc] Progress @ 2026-09-19 10:20:42 : 1454 steps taken, and 990 accepted.
[0 : mcmc] Progress @ 2026-09-19 10:21:01 : 1895 steps taken, and 1013 accepted.
[2 : mcmc] Progress @ 2026-09-19 10:21:17 : 1641 steps taken, and 980 accepted.
[1 : mcmc] Progress @ 2026-09-19 10:21:43 : 1483 steps taken, and 996 accepted.
[3 : mcmc] Progress @ 2026-09-19 10:21:44 : 1411 steps taken, and 960 accepted.
[0 : mcmc] Progress @ 2026-09-19 10:22:01 : 1935 steps taken, and 1018 accepted.
[2 : mcmc] Progress @ 2026-09-19 10:22:17 : 1680 steps taken, and 987 accepted.
[1 : mcmc] Progress @ 2026-09-19 10:22:44 : 1513 steps taken, and 1000 accepted.
[3 : mcmc] Progress @ 2026-09-19 10:22:45 : 1440 steps taken, and 965 accepted.
[0 : mcmc] Progress @ 2026-09-19 10:23:13 : 1991 steps taken, and 1032 accepted.
[2 : mcmc] Progress @ 2026-09-19 10:23:17 : 1720 steps taken, and 997 accepted.
[1 : mcmc] Progress @ 2026-09-19 10:23:54 : 1528 steps taken, and 1003 accepted.
[3 : mcmc] Progress @ 2026-09-19 10:23:57 : 1481 steps taken, and 974 accepted.
[0 : mcmc] Progress @ 2026-09-19 10:24:13 : 2031 steps taken, and 1038 accepted.
[2 : mcmc] Progress @ 2026-09-19 10:24:17 : 1785 steps taken, and 1011 accepted.
[3 : mcmc] Progress @ 2026-09-19 10:24:58 : 1551 steps taken, and 989 accepted.
[1 : mcmc] Progress @ 2026-09-19 10:25:02 : 1565 steps taken, and 1011 accepted.
[0 : mcmc] Progress @ 2026-09-19 10:25:13 : 2094 steps taken, and 1048 accepted.
[2 : mcmc] Progress @ 2026-09-19 10:25:34 : 1825 steps taken, and 1018 accepted.
[3 : mcmc] Progress @ 2026-09-19 10:25:58 : 1615 steps taken, and 1001 accepted.
[1 : mcmc] Progress @ 2026-09-19 10:26:03 : 1573 steps taken, and 1013 accepted.
[0 : mcmc] Progress @ 2026-09-19 10:26:14 : 2135 steps taken, and 1058 accepted.
[2 : mcmc] Progress @ 2026-09-19 10:26:47 : 1882 steps taken, and 1028 accepted.
[3 : mcmc] Progress @ 2026-09-19 10:27:03 : 1662 steps taken, and 1009 accepted.
[1 : mcmc] Progress @ 2026-09-19 10:27:03 : 1603 steps taken, and 1020 accepted.
[0 : mcmc] Progress @ 2026-09-19 10:27:14 : 2176 steps taken, and 1065 accepted.
[2 : mcmc] Progress @ 2026-09-19 10:27:55 : 1933 steps taken, and 1035 accepted.
[3 : mcmc] Progress @ 2026-09-19 10:28:03 : 1702 steps taken, and 1016 accepted.
[1 : mcmc] Progress @ 2026-09-19 10:28:04 : 1658 steps taken, and 1031 accepted.
[0 : mcmc] Progress @ 2026-09-19 10:28:22 : 2226 steps taken, and 1074 accepted.
[0 : mcmc] Learn + convergence test @ 1080 samples accepted.
[2 : mcmc] Progress @ 2026-09-19 10:29:06 : 1963 steps taken, and 1040 accepted.
[3 : mcmc] Progress @ 2026-09-19 10:29:08 : 1725 steps taken, and 1020 accepted.
[0 : mcmc] Progress @ 2026-09-19 10:29:23 : 2268 steps taken, and 1083 accepted.
[1 : mcmc] Progress @ 2026-09-19 10:29:25 : 1683 steps taken, and 1036 accepted.
[2 : mcmc] Progress @ 2026-09-19 10:30:06 : 2002 steps taken, and 1048 accepted.
[3 : mcmc] Progress @ 2026-09-19 10:30:09 : 1788 steps taken, and 1033 accepted.
[0 : mcmc] Progress @ 2026-09-19 10:30:39 : 2325 steps taken, and 1095 accepted.
[1 : mcmc] Progress @ 2026-09-19 10:30:50 : 1712 steps taken, and 1043 accepted.
[3 : mcmc] Progress @ 2026-09-19 10:31:09 : 1827 steps taken, and 1040 accepted.
[2 : mcmc] Progress @ 2026-09-19 10:31:16 : 2054 steps taken, and 1060 accepted.
[0 : mcmc] Progress @ 2026-09-19 10:31:40 : 2364 steps taken, and 1105 accepted.
[1 : mcmc] Progress @ 2026-09-19 10:31:55 : 1745 steps taken, and 1048 accepted.
[3 : mcmc] Progress @ 2026-09-19 10:32:10 : 1866 steps taken, and 1047 accepted.
[2 : mcmc] Progress @ 2026-09-19 10:32:17 : 2093 steps taken, and 1069 accepted.
[0 : mcmc] Progress @ 2026-09-19 10:32:49 : 2416 steps taken, and 1114 accepted.
[1 : mcmc] Progress @ 2026-09-19 10:32:56 : 1774 steps taken, and 1053 accepted.
[3 : mcmc] Progress @ 2026-09-19 10:33:10 : 1930 steps taken, and 1057 accepted.
[2 : mcmc] Progress @ 2026-09-19 10:33:17 : 2135 steps taken, and 1078 accepted.
[2 : mcmc] Learn + convergence test @ 1080 samples accepted.
[1 : mcmc] Progress @ 2026-09-19 10:33:57 : 1827 steps taken, and 1064 accepted.
[0 : mcmc] Progress @ 2026-09-19 10:34:00 : 2446 steps taken, and 1120 accepted.
[3 : mcmc] Progress @ 2026-09-19 10:34:10 : 1969 steps taken, and 1065 accepted.
[2 : mcmc] Progress @ 2026-09-19 10:34:17 : 2174 steps taken, and 1085 accepted.
[1 : mcmc] Progress @ 2026-09-19 10:34:57 : 1857 steps taken, and 1071 accepted.
[3 : mcmc] Progress @ 2026-09-19 10:35:11 : 1986 steps taken, and 1068 accepted.
[0 : mcmc] Progress @ 2026-09-19 10:35:12 : 2504 steps taken, and 1131 accepted.
[2 : mcmc] Progress @ 2026-09-19 10:35:18 : 2238 steps taken, and 1097 accepted.
[1 : mcmc] Progress @ 2026-09-19 10:35:57 : 1866 steps taken, and 1073 accepted.
[0 : mcmc] Progress @ 2026-09-19 10:36:12 : 2567 steps taken, and 1142 accepted.
[3 : mcmc] Progress @ 2026-09-19 10:36:12 : 2028 steps taken, and 1077 accepted.
[2 : mcmc] Progress @ 2026-09-19 10:36:18 : 2279 steps taken, and 1105 accepted.
[3 : mcmc] Learn + convergence test @ 1080 samples accepted.
[1 : mcmc] Learn + convergence test @ 1080 samples accepted.
[1 : mcmc] Ready to check convergence and learn a new proposal covmat (waiting for the rest...)
[0 : mcmc] All chains are ready to check convergence and learn a new proposal covmat
[0 : mcmc]  - Acceptance rate: 0.766 = avg([0.7664, 0.7595, 0.7628, 0.7751])
[0 : mcmc]  - Convergence of means: R-1 = 0.236450 after 4415 accepted steps = sum([1147, 1080, 1106, 1082])
[0 : mcmc]  - Updated covariance matrix of proposal pdf.
[1 : mcmc] Progress @ 2026-09-19 10:36:58 : 1907 steps taken, and 1083 accepted.
[3 : mcmc] Progress @ 2026-09-19 10:37:13 : 2063 steps taken, and 1086 accepted.
[0 : mcmc] Progress @ 2026-09-19 10:37:14 : 2609 steps taken, and 1152 accepted.
[2 : mcmc] Progress @ 2026-09-19 10:37:26 : 2330 steps taken, and 1113 accepted.
[1 : mcmc] Progress @ 2026-09-19 10:38:07 : 1921 steps taken, and 1085 accepted.
[0 : mcmc] Progress @ 2026-09-19 10:38:15 : 2650 steps taken, and 1160 accepted.
[3 : mcmc] Progress @ 2026-09-19 10:38:17 : 2107 steps taken, and 1097 accepted.
[2 : mcmc] Progress @ 2026-09-19 10:38:39 : 2365 steps taken, and 1121 accepted.
[1 : mcmc] Progress @ 2026-09-19 10:39:12 : 1956 steps taken, and 1090 accepted.
[0 : mcmc] Progress @ 2026-09-19 10:39:29 : 2709 steps taken, and 1169 accepted.
[3 : mcmc] Progress @ 2026-09-19 10:39:30 : 2166 steps taken, and 1108 accepted.
[2 : mcmc] Progress @ 2026-09-19 10:39:41 : 2405 steps taken, and 1128 accepted.
[1 : mcmc] Progress @ 2026-09-19 10:40:14 : 1964 steps taken, and 1092 accepted.
[0 : mcmc] Progress @ 2026-09-19 10:40:30 : 2748 steps taken, and 1176 accepted.
[3 : mcmc] Progress @ 2026-09-19 10:40:31 : 2205 steps taken, and 1115 accepted.
[2 : mcmc] Progress @ 2026-09-19 10:40:41 : 2469 steps taken, and 1141 accepted.
[1 : mcmc] Progress @ 2026-09-19 10:41:15 : 2018 steps taken, and 1104 accepted.
[0 : mcmc] Progress @ 2026-09-19 10:41:30 : 2788 steps taken, and 1185 accepted.
[3 : mcmc] Progress @ 2026-09-19 10:41:37 : 2253 steps taken, and 1120 accepted.
[2 : mcmc] Progress @ 2026-09-19 10:41:41 : 2509 steps taken, and 1148 accepted.
[1 : mcmc] Progress @ 2026-09-19 10:42:15 : 2047 steps taken, and 1109 accepted.
[0 : mcmc] Progress @ 2026-09-19 10:42:36 : 2837 steps taken, and 1195 accepted.
[2 : mcmc] Progress @ 2026-09-19 10:42:50 : 2580 steps taken, and 1162 accepted.
[3 : mcmc] Progress @ 2026-09-19 10:42:58 : 2280 steps taken, and 1125 accepted.
[1 : mcmc] Progress @ 2026-09-19 10:43:25 : 2062 steps taken, and 1112 accepted.
[0 : mcmc] Progress @ 2026-09-19 10:43:36 : 2863 steps taken, and 1197 accepted.
[2 : mcmc] Progress @ 2026-09-19 10:43:50 : 2629 steps taken, and 1167 accepted.
[3 : mcmc] Progress @ 2026-09-19 10:43:59 : 2310 steps taken, and 1131 accepted.
[0 : mcmc] Progress @ 2026-09-19 10:44:37 : 2894 steps taken, and 1203 accepted.
[1 : mcmc] Progress @ 2026-09-19 10:44:51 : 2091 steps taken, and 1119 accepted.
[3 : mcmc] Progress @ 2026-09-19 10:45:00 : 2339 steps taken, and 1139 accepted.
[2 : mcmc] Progress @ 2026-09-19 10:45:14 : 2661 steps taken, and 1172 accepted.
[0 : mcmc] Progress @ 2026-09-19 10:45:47 : 2931 steps taken, and 1212 accepted.
[1 : mcmc] Progress @ 2026-09-19 10:45:51 : 2134 steps taken, and 1125 accepted.
[3 : mcmc] Progress @ 2026-09-19 10:46:00 : 2371 steps taken, and 1144 accepted.
[2 : mcmc] Progress @ 2026-09-19 10:46:16 : 2714 steps taken, and 1183 accepted.
[0 : mcmc] Progress @ 2026-09-19 10:46:48 : 2973 steps taken, and 1222 accepted.
[3 : mcmc] Progress @ 2026-09-19 10:47:00 : 2404 steps taken, and 1151 accepted.
[1 : mcmc] Progress @ 2026-09-19 10:47:10 : 2168 steps taken, and 1131 accepted.
[2 : mcmc] Progress @ 2026-09-19 10:47:16 : 2743 steps taken, and 1187 accepted.
[0 : mcmc] Progress @ 2026-09-19 10:47:52 : 2983 steps taken, and 1225 accepted.
[3 : mcmc] Progress @ 2026-09-19 10:48:00 : 2425 steps taken, and 1155 accepted.
[1 : mcmc] Progress @ 2026-09-19 10:48:11 : 2205 steps taken, and 1139 accepted.
[2 : mcmc] Progress @ 2026-09-19 10:48:17 : 2776 steps taken, and 1191 accepted.
[0 : mcmc] Progress @ 2026-09-19 10:48:53 : 3023 steps taken, and 1232 accepted.
[1 : mcmc] Progress @ 2026-09-19 10:49:12 : 2269 steps taken, and 1153 accepted.
[3 : mcmc] Progress @ 2026-09-19 10:49:13 : 2450 steps taken, and 1160 accepted.
[2 : mcmc] Progress @ 2026-09-19 10:49:18 : 2801 steps taken, and 1195 accepted.
[0 : mcmc] Progress @ 2026-09-19 10:49:58 : 3036 steps taken, and 1234 accepted.
[1 : mcmc] Progress @ 2026-09-19 10:50:12 : 2328 steps taken, and 1165 accepted.
[3 : mcmc] Progress @ 2026-09-19 10:50:18 : 2481 steps taken, and 1166 accepted.
[2 : mcmc] Progress @ 2026-09-19 10:50:37 : 2824 steps taken, and 1197 accepted.
[0 : mcmc] Progress @ 2026-09-19 10:50:58 : 3079 steps taken, and 1243 accepted.
[1 : mcmc] Progress @ 2026-09-19 10:51:12 : 2356 steps taken, and 1170 accepted.
[3 : mcmc] Progress @ 2026-09-19 10:51:35 : 2539 steps taken, and 1179 accepted.
[2 : mcmc] Progress @ 2026-09-19 10:51:38 : 2853 steps taken, and 1202 accepted.
[1 : mcmc] Progress @ 2026-09-19 10:52:12 : 2407 steps taken, and 1177 accepted.
[0 : mcmc] Progress @ 2026-09-19 10:52:15 : 3138 steps taken, and 1256 accepted.
[2 : mcmc] Progress @ 2026-09-19 10:52:38 : 2883 steps taken, and 1209 accepted.
[3 : mcmc] Progress @ 2026-09-19 10:52:56 : 2600 steps taken, and 1190 accepted.
[1 : mcmc] Progress @ 2026-09-19 10:53:13 : 2436 steps taken, and 1184 accepted.
[0 : mcmc] Progress @ 2026-09-19 10:53:21 : 3184 steps taken, and 1266 accepted.
[3 : mcmc] Progress @ 2026-09-19 10:53:57 : 2653 steps taken, and 1199 accepted.
[2 : mcmc] Progress @ 2026-09-19 10:54:00 : 2909 steps taken, and 1213 accepted.
[1 : mcmc] Progress @ 2026-09-19 10:54:22 : 2476 steps taken, and 1192 accepted.
[0 : mcmc] Progress @ 2026-09-19 10:54:37 : 3236 steps taken, and 1277 accepted.
[2 : mcmc] Progress @ 2026-09-19 10:55:02 : 2939 steps taken, and 1219 accepted.
[3 : mcmc] Progress @ 2026-09-19 10:55:05 : 2667 steps taken, and 1200 accepted.
[1 : mcmc] Progress @ 2026-09-19 10:55:27 : 2519 steps taken, and 1202 accepted.
[0 : mcmc] Progress @ 2026-09-19 10:55:38 : 3290 steps taken, and 1288 accepted.
[2 : mcmc] Progress @ 2026-09-19 10:56:02 : 2994 steps taken, and 1230 accepted.
[3 : mcmc] Progress @ 2026-09-19 10:56:08 : 2676 steps taken, and 1202 accepted.
[1 : mcmc] Progress @ 2026-09-19 10:56:48 : 2567 steps taken, and 1212 accepted.
[0 : mcmc] Progress @ 2026-09-19 10:56:49 : 3330 steps taken, and 1297 accepted.
[2 : mcmc] Progress @ 2026-09-19 10:57:07 : 3038 steps taken, and 1239 accepted.
[3 : mcmc] Progress @ 2026-09-19 10:57:09 : 2715 steps taken, and 1208 accepted.
[0 : mcmc] Progress @ 2026-09-19 10:57:49 : 3360 steps taken, and 1302 accepted.
[2 : mcmc] Progress @ 2026-09-19 10:58:09 : 3077 steps taken, and 1246 accepted.
[1 : mcmc] Progress @ 2026-09-19 10:58:09 : 2596 steps taken, and 1216 accepted.
[3 : mcmc] Progress @ 2026-09-19 10:58:09 : 2743 steps taken, and 1213 accepted.
[0 : mcmc] Progress @ 2026-09-19 10:58:57 : 3398 steps taken, and 1310 accepted.
[1 : mcmc] Progress @ 2026-09-19 10:59:09 : 2619 steps taken, and 1220 accepted.
[2 : mcmc] Progress @ 2026-09-19 10:59:20 : 3134 steps taken, and 1259 accepted.
[3 : mcmc] Progress @ 2026-09-19 10:59:32 : 2769 steps taken, and 1217 accepted.
[0 : mcmc] Progress @ 2026-09-19 10:59:57 : 3430 steps taken, and 1316 accepted.
[1 : mcmc] Progress @ 2026-09-19 11:00:13 : 2650 steps taken, and 1227 accepted.
[2 : mcmc] Progress @ 2026-09-19 11:00:21 : 3175 steps taken, and 1268 accepted.
[3 : mcmc] Progress @ 2026-09-19 11:00:33 : 2821 steps taken, and 1226 accepted.
[0 : mcmc] Progress @ 2026-09-19 11:00:58 : 3472 steps taken, and 1325 accepted.
[1 : mcmc] Progress @ 2026-09-19 11:01:13 : 2689 steps taken, and 1231 accepted.
[2 : mcmc] Progress @ 2026-09-19 11:01:24 : 3229 steps taken, and 1276 accepted.
[3 : mcmc] Progress @ 2026-09-19 11:01:33 : 2849 steps taken, and 1232 accepted.
[0 : mcmc] Progress @ 2026-09-19 11:02:04 : 3517 steps taken, and 1334 accepted.
[1 : mcmc] Progress @ 2026-09-19 11:02:14 : 2721 steps taken, and 1237 accepted.
[2 : mcmc] Progress @ 2026-09-19 11:02:26 : 3270 steps taken, and 1285 accepted.
[3 : mcmc] Progress @ 2026-09-19 11:02:55 : 2874 steps taken, and 1236 accepted.
[0 : mcmc] Progress @ 2026-09-19 11:03:18 : 3572 steps taken, and 1345 accepted.
[1 : mcmc] Progress @ 2026-09-19 11:03:22 : 2756 steps taken, and 1245 accepted.
[2 : mcmc] Progress @ 2026-09-19 11:03:26 : 3301 steps taken, and 1290 accepted.
[3 : mcmc] Progress @ 2026-09-19 11:04:11 : 2917 steps taken, and 1245 accepted.
[0 : mcmc] Progress @ 2026-09-19 11:04:18 : 3613 steps taken, and 1352 accepted.
[1 : mcmc] Progress @ 2026-09-19 11:04:23 : 2810 steps taken, and 1255 accepted.
[2 : mcmc] Progress @ 2026-09-19 11:04:27 : 3309 steps taken, and 1292 accepted.
[3 : mcmc] Progress @ 2026-09-19 11:05:12 : 2948 steps taken, and 1251 accepted.
[0 : mcmc] Progress @ 2026-09-19 11:05:18 : 3657 steps taken, and 1362 accepted.
[1 : mcmc] Progress @ 2026-09-19 11:05:26 : 2844 steps taken, and 1262 accepted.
[2 : mcmc] Progress @ 2026-09-19 11:05:29 : 3341 steps taken, and 1298 accepted.
[3 : mcmc] Progress @ 2026-09-19 11:06:13 : 3001 steps taken, and 1264 accepted.
[0 : mcmc] Progress @ 2026-09-19 11:06:19 : 3697 steps taken, and 1372 accepted.
[1 : mcmc] Progress @ 2026-09-19 11:06:42 : 2868 steps taken, and 1267 accepted.
[2 : mcmc] Progress @ 2026-09-19 11:06:54 : 3391 steps taken, and 1309 accepted.
[3 : mcmc] Progress @ 2026-09-19 11:07:16 : 3033 steps taken, and 1271 accepted.
[0 : mcmc] Progress @ 2026-09-19 11:07:31 : 3767 steps taken, and 1386 accepted.
[1 : mcmc] Progress @ 2026-09-19 11:07:42 : 2905 steps taken, and 1275 accepted.
[2 : mcmc] Progress @ 2026-09-19 11:07:54 : 3430 steps taken, and 1318 accepted.
[3 : mcmc] Progress @ 2026-09-19 11:08:21 : 3067 steps taken, and 1280 accepted.
[0 : mcmc] Progress @ 2026-09-19 11:08:43 : 3801 steps taken, and 1394 accepted.
[2 : mcmc] Progress @ 2026-09-19 11:08:55 : 3469 steps taken, and 1326 accepted.
[1 : mcmc] Progress @ 2026-09-19 11:08:57 : 2925 steps taken, and 1280 accepted.
[3 : mcmc] Progress @ 2026-09-19 11:09:22 : 3096 steps taken, and 1287 accepted.
[0 : mcmc] Progress @ 2026-09-19 11:09:43 : 3864 steps taken, and 1405 accepted.
[1 : mcmc] Progress @ 2026-09-19 11:09:58 : 2978 steps taken, and 1288 accepted.
[2 : mcmc] Progress @ 2026-09-19 11:09:59 : 3516 steps taken, and 1337 accepted.
[3 : mcmc] Progress @ 2026-09-19 11:10:31 : 3111 steps taken, and 1291 accepted.
[0 : mcmc] Progress @ 2026-09-19 11:10:43 : 3903 steps taken, and 1411 accepted.
[1 : mcmc] Progress @ 2026-09-19 11:10:58 : 3010 steps taken, and 1294 accepted.
[2 : mcmc] Progress @ 2026-09-19 11:11:02 : 3585 steps taken, and 1353 accepted.
[3 : mcmc] Progress @ 2026-09-19 11:11:31 : 3140 steps taken, and 1295 accepted.
[0 : mcmc] Progress @ 2026-09-19 11:11:43 : 3944 steps taken, and 1417 accepted.
[2 : mcmc] Progress @ 2026-09-19 11:12:02 : 3623 steps taken, and 1360 accepted.
[1 : mcmc] Progress @ 2026-09-19 11:12:18 : 3059 steps taken, and 1304 accepted.
[3 : mcmc] Progress @ 2026-09-19 11:12:37 : 3152 steps taken, and 1298 accepted.
[0 : mcmc] Progress @ 2026-09-19 11:12:43 : 3973 steps taken, and 1423 accepted.
[2 : mcmc] Progress @ 2026-09-19 11:13:15 : 3668 steps taken, and 1369 accepted.
[1 : mcmc] Progress @ 2026-09-19 11:13:18 : 3097 steps taken, and 1312 accepted.
[3 : mcmc] Progress @ 2026-09-19 11:13:38 : 3182 steps taken, and 1305 accepted.
[0 : mcmc] Progress @ 2026-09-19 11:13:44 : 4005 steps taken, and 1429 accepted.
[2 : mcmc] Progress @ 2026-09-19 11:14:16 : 3697 steps taken, and 1374 accepted.
[1 : mcmc] Progress @ 2026-09-19 11:14:21 : 3140 steps taken, and 1320 accepted.
[0 : mcmc] Progress @ 2026-09-19 11:14:45 : 4031 steps taken, and 1434 accepted.
[3 : mcmc] Progress @ 2026-09-19 11:14:47 : 3209 steps taken, and 1311 accepted.
[1 : mcmc] Progress @ 2026-09-19 11:15:21 : 3203 steps taken, and 1334 accepted.
[2 : mcmc] Progress @ 2026-09-19 11:15:30 : 3716 steps taken, and 1377 accepted.
[0 : mcmc] Learn + convergence test @ 1440 samples accepted.
[0 : mcmc] Ready to check convergence and learn a new proposal covmat (waiting for the rest...)
[0 : mcmc] Progress @ 2026-09-19 11:15:46 : 4062 steps taken, and 1442 accepted.
[3 : mcmc] Progress @ 2026-09-19 11:15:48 : 3248 steps taken, and 1319 accepted.
[1 : mcmc] Progress @ 2026-09-19 11:16:24 : 3221 steps taken, and 1337 accepted.
[2 : mcmc] Progress @ 2026-09-19 11:16:52 : 3741 steps taken, and 1383 accepted.
[3 : mcmc] Progress @ 2026-09-19 11:16:54 : 3297 steps taken, and 1331 accepted.
[0 : mcmc] Progress @ 2026-09-19 11:17:02 : 4083 steps taken, and 1447 accepted.
[1 : mcmc] Progress @ 2026-09-19 11:17:25 : 3287 steps taken, and 1348 accepted.
[3 : mcmc] Progress @ 2026-09-19 11:17:55 : 3360 steps taken, and 1346 accepted.
[2 : mcmc] Progress @ 2026-09-19 11:17:58 : 3753 steps taken, and 1386 accepted.
[0 : mcmc] Progress @ 2026-09-19 11:18:02 : 4113 steps taken, and 1452 accepted.
[1 : mcmc] Progress @ 2026-09-19 11:18:35 : 3317 steps taken, and 1355 accepted.
[2 : mcmc] Progress @ 2026-09-19 11:19:02 : 3785 steps taken, and 1393 accepted.
[3 : mcmc] Progress @ 2026-09-19 11:19:08 : 3394 steps taken, and 1353 accepted.
[0 : mcmc] Progress @ 2026-09-19 11:19:25 : 4161 steps taken, and 1463 accepted.
[1 : mcmc] Progress @ 2026-09-19 11:19:35 : 3355 steps taken, and 1364 accepted.
[3 : mcmc] Progress @ 2026-09-19 11:20:23 : 3431 steps taken, and 1361 accepted.
[2 : mcmc] Progress @ 2026-09-19 11:20:27 : 3813 steps taken, and 1397 accepted.
[0 : mcmc] Progress @ 2026-09-19 11:20:39 : 4180 steps taken, and 1466 accepted.
[1 : mcmc] Progress @ 2026-09-19 11:20:48 : 3415 steps taken, and 1374 accepted.
[3 : mcmc] Progress @ 2026-09-19 11:21:26 : 3475 steps taken, and 1367 accepted.
[2 : mcmc] Progress @ 2026-09-19 11:21:27 : 3842 steps taken, and 1402 accepted.
[1 : mcmc] Progress @ 2026-09-19 11:21:49 : 3454 steps taken, and 1383 accepted.
[0 : mcmc] Progress @ 2026-09-19 11:21:53 : 4199 steps taken, and 1470 accepted.
[3 : mcmc] Progress @ 2026-09-19 11:22:27 : 3514 steps taken, and 1374 accepted.
[2 : mcmc] Progress @ 2026-09-19 11:22:27 : 3873 steps taken, and 1409 accepted.
[1 : mcmc] Progress @ 2026-09-19 11:22:49 : 3485 steps taken, and 1389 accepted.
[0 : mcmc] Progress @ 2026-09-19 11:22:53 : 4229 steps taken, and 1474 accepted.
[2 : mcmc] Progress @ 2026-09-19 11:23:28 : 3902 steps taken, and 1416 accepted.
[3 : mcmc] Progress @ 2026-09-19 11:23:41 : 3553 steps taken, and 1382 accepted.
[1 : mcmc] Progress @ 2026-09-19 11:23:55 : 3497 steps taken, and 1390 accepted.
[0 : mcmc] Progress @ 2026-09-19 11:23:57 : 4261 steps taken, and 1481 accepted.
[3 : mcmc] Progress @ 2026-09-19 11:24:45 : 3599 steps taken, and 1391 accepted.
[2 : mcmc] Progress @ 2026-09-19 11:24:49 : 3951 steps taken, and 1427 accepted.
[1 : mcmc] Progress @ 2026-09-19 11:24:56 : 3527 steps taken, and 1395 accepted.
[0 : mcmc] Progress @ 2026-09-19 11:24:57 : 4290 steps taken, and 1486 accepted.
[3 : mcmc] Progress @ 2026-09-19 11:25:46 : 3640 steps taken, and 1400 accepted.
[2 : mcmc] Progress @ 2026-09-19 11:25:50 : 3980 steps taken, and 1431 accepted.
[1 : mcmc] Progress @ 2026-09-19 11:25:57 : 3556 steps taken, and 1401 accepted.
[0 : mcmc] Progress @ 2026-09-19 11:25:58 : 4322 steps taken, and 1493 accepted.
[3 : mcmc] Progress @ 2026-09-19 11:26:46 : 3681 steps taken, and 1407 accepted.
[2 : mcmc] Progress @ 2026-09-19 11:27:00 : 3999 steps taken, and 1434 accepted.
[1 : mcmc] Progress @ 2026-09-19 11:27:14 : 3577 steps taken, and 1407 accepted.
[2 : mcmc] Learn + convergence test @ 1440 samples accepted.
[2 : mcmc] Ready to check convergence and learn a new proposal covmat (waiting for the rest...)
[0 : mcmc] Progress @ 2026-09-19 11:27:23 : 4350 steps taken, and 1499 accepted.
[3 : mcmc] Progress @ 2026-09-19 11:27:46 : 3720 steps taken, and 1413 accepted.
[2 : mcmc] Progress @ 2026-09-19 11:28:01 : 4089 steps taken, and 1450 accepted.
[1 : mcmc] Progress @ 2026-09-19 11:28:33 : 3622 steps taken, and 1416 accepted.
[0 : mcmc] Progress @ 2026-09-19 11:28:33 : 4388 steps taken, and 1507 accepted.
[3 : mcmc] Progress @ 2026-09-19 11:28:58 : 3782 steps taken, and 1421 accepted.
[2 : mcmc] Progress @ 2026-09-19 11:29:12 : 4120 steps taken, and 1455 accepted.
[0 : mcmc] Progress @ 2026-09-19 11:29:34 : 4417 steps taken, and 1513 accepted.
[1 : mcmc] Progress @ 2026-09-19 11:29:39 : 3656 steps taken, and 1422 accepted.
[3 : mcmc] Progress @ 2026-09-19 11:30:04 : 3829 steps taken, and 1429 accepted.
[2 : mcmc] Progress @ 2026-09-19 11:30:13 : 4159 steps taken, and 1463 accepted.
[1 : mcmc] Progress @ 2026-09-19 11:30:52 : 3673 steps taken, and 1426 accepted.
[0 : mcmc] Progress @ 2026-09-19 11:30:52 : 4442 steps taken, and 1517 accepted.
[3 : mcmc] Progress @ 2026-09-19 11:31:06 : 3869 steps taken, and 1437 accepted.
[3 : mcmc] Learn + convergence test @ 1440 samples accepted.
[3 : mcmc] Ready to check convergence and learn a new proposal covmat (waiting for the rest...)
[2 : mcmc] Progress @ 2026-09-19 11:31:17 : 4204 steps taken, and 1474 accepted.
[0 : mcmc] Progress @ 2026-09-19 11:31:53 : 4471 steps taken, and 1524 accepted.
[3 : mcmc] Progress @ 2026-09-19 11:32:06 : 3903 steps taken, and 1446 accepted.
[1 : mcmc] Progress @ 2026-09-19 11:32:07 : 3710 steps taken, and 1434 accepted.
[2 : mcmc] Progress @ 2026-09-19 11:32:17 : 4268 steps taken, and 1489 accepted.
[1 : mcmc] Learn + convergence test @ 1440 samples accepted.
[1 : mcmc] Ready to check convergence and learn a new proposal covmat (waiting for the rest...)
[0 : mcmc] All chains are ready to check convergence and learn a new proposal covmat
[0 : mcmc]  - Acceptance rate: 0.780 = avg([0.7903, 0.7692, 0.7771, 0.7815])
[0 : mcmc]  - Convergence of means: R-1 = 0.137764 after 5914 accepted steps = sum([1530, 1440, 1492, 1452])
[0 : mcmc]  - Updated covariance matrix of proposal pdf.
[0 : mcmc] Progress @ 2026-09-19 11:32:53 : 4500 steps taken, and 1530 accepted.
[3 : mcmc] Progress @ 2026-09-19 11:33:06 : 3954 steps taken, and 1456 accepted.
[1 : mcmc] Progress @ 2026-09-19 11:33:07 : 3752 steps taken, and 1442 accepted.
[2 : mcmc] Progress @ 2026-09-19 11:33:30 : 4301 steps taken, and 1495 accepted.
[3 : mcmc] Progress @ 2026-09-19 11:34:07 : 3989 steps taken, and 1459 accepted.
[0 : mcmc] Progress @ 2026-09-19 11:34:09 : 4533 steps taken, and 1538 accepted.
[1 : mcmc] Progress @ 2026-09-19 11:34:22 : 3773 steps taken, and 1448 accepted.
[2 : mcmc] Progress @ 2026-09-19 11:34:31 : 4330 steps taken, and 1501 accepted.
[0 : mcmc] Progress @ 2026-09-19 11:35:17 : 4574 steps taken, and 1543 accepted.
[3 : mcmc] Progress @ 2026-09-19 11:35:23 : 4010 steps taken, and 1463 accepted.
[2 : mcmc] Progress @ 2026-09-19 11:35:41 : 4346 steps taken, and 1506 accepted.
[1 : mcmc] Progress @ 2026-09-19 11:35:46 : 3800 steps taken, and 1453 accepted.
[0 : mcmc] Progress @ 2026-09-19 11:36:17 : 4607 steps taken, and 1546 accepted.
[3 : mcmc] Progress @ 2026-09-19 11:36:23 : 4040 steps taken, and 1469 accepted.
[2 : mcmc] Progress @ 2026-09-19 11:36:55 : 4389 steps taken, and 1516 accepted.
[1 : mcmc] Progress @ 2026-09-19 11:37:00 : 3842 steps taken, and 1458 accepted.
[0 : mcmc] Progress @ 2026-09-19 11:37:27 : 4635 steps taken, and 1553 accepted.
[3 : mcmc] Progress @ 2026-09-19 11:37:38 : 4062 steps taken, and 1473 accepted.
[1 : mcmc] Progress @ 2026-09-19 11:38:03 : 3851 steps taken, and 1460 accepted.
[2 : mcmc] Progress @ 2026-09-19 11:38:06 : 4429 steps taken, and 1521 accepted.
[0 : mcmc] Progress @ 2026-09-19 11:38:27 : 4700 steps taken, and 1565 accepted.
[3 : mcmc] Progress @ 2026-09-19 11:38:39 : 4094 steps taken, and 1479 accepted.
[2 : mcmc] Progress @ 2026-09-19 11:39:19 : 4468 steps taken, and 1529 accepted.
[1 : mcmc] Progress @ 2026-09-19 11:39:28 : 3903 steps taken, and 1470 accepted.
[3 : mcmc] Progress @ 2026-09-19 11:39:39 : 4124 steps taken, and 1484 accepted.
[0 : mcmc] Progress @ 2026-09-19 11:39:44 : 4739 steps taken, and 1571 accepted.
[2 : mcmc] Progress @ 2026-09-19 11:40:20 : 4500 steps taken, and 1534 accepted.
[3 : mcmc] Progress @ 2026-09-19 11:40:40 : 4132 steps taken, and 1486 accepted.
[1 : mcmc] Progress @ 2026-09-19 11:40:43 : 3923 steps taken, and 1473 accepted.
[0 : mcmc] Progress @ 2026-09-19 11:40:44 : 4802 steps taken, and 1582 accepted.
[2 : mcmc] Progress @ 2026-09-19 11:41:20 : 4530 steps taken, and 1539 accepted.
[3 : mcmc] Progress @ 2026-09-19 11:41:40 : 4161 steps taken, and 1492 accepted.
[0 : mcmc] Progress @ 2026-09-19 11:41:44 : 4843 steps taken, and 1589 accepted.
[1 : mcmc] Progress @ 2026-09-19 11:42:08 : 3951 steps taken, and 1478 accepted.
[2 : mcmc] Progress @ 2026-09-19 11:42:31 : 4546 steps taken, and 1541 accepted.
[3 : mcmc] Progress @ 2026-09-19 11:42:41 : 4191 steps taken, and 1498 accepted.
[0 : mcmc] Progress @ 2026-09-19 11:42:50 : 4891 steps taken, and 1599 accepted.
[1 : mcmc] Progress @ 2026-09-19 11:43:09 : 3984 steps taken, and 1484 accepted.
[3 : mcmc] Progress @ 2026-09-19 11:43:41 : 4220 steps taken, and 1504 accepted.
[2 : mcmc] Progress @ 2026-09-19 11:43:42 : 4586 steps taken, and 1551 accepted.
[0 : mcmc] Progress @ 2026-09-19 11:43:54 : 4936 steps taken, and 1609 accepted.
[1 : mcmc] Progress @ 2026-09-19 11:44:09 : 4013 steps taken, and 1492 accepted.
[3 : mcmc] Progress @ 2026-09-19 11:44:42 : 4228 steps taken, and 1505 accepted.
[2 : mcmc] Progress @ 2026-09-19 11:44:43 : 4617 steps taken, and 1556 accepted.
[0 : mcmc] Progress @ 2026-09-19 11:45:06 : 4967 steps taken, and 1613 accepted.
[1 : mcmc] Progress @ 2026-09-19 11:45:35 : 4043 steps taken, and 1499 accepted.
[2 : mcmc] Progress @ 2026-09-19 11:45:44 : 4648 steps taken, and 1562 accepted.
[3 : mcmc] Progress @ 2026-09-19 11:45:47 : 4261 steps taken, and 1511 accepted.
[0 : mcmc] Progress @ 2026-09-19 11:46:08 : 5009 steps taken, and 1620 accepted.
[1 : mcmc] Progress @ 2026-09-19 11:46:35 : 4072 steps taken, and 1505 accepted.
[3 : mcmc] Progress @ 2026-09-19 11:46:47 : 4290 steps taken, and 1515 accepted.
[2 : mcmc] Progress @ 2026-09-19 11:47:00 : 4669 steps taken, and 1565 accepted.
[0 : mcmc] Progress @ 2026-09-19 11:47:08 : 5073 steps taken, and 1633 accepted.
[1 : mcmc] Progress @ 2026-09-19 11:47:35 : 4102 steps taken, and 1510 accepted.
[3 : mcmc] Progress @ 2026-09-19 11:47:48 : 4321 steps taken, and 1521 accepted.
[2 : mcmc] Progress @ 2026-09-19 11:48:01 : 4700 steps taken, and 1569 accepted.
[0 : mcmc] Progress @ 2026-09-19 11:48:09 : 5113 steps taken, and 1640 accepted.
[1 : mcmc] Progress @ 2026-09-19 11:48:47 : 4142 steps taken, and 1516 accepted.
[3 : mcmc] Progress @ 2026-09-19 11:48:48 : 4351 steps taken, and 1527 accepted.
[2 : mcmc] Progress @ 2026-09-19 11:49:09 : 4713 steps taken, and 1573 accepted.
[0 : mcmc] Progress @ 2026-09-19 11:49:09 : 5177 steps taken, and 1652 accepted.
[3 : mcmc] Progress @ 2026-09-19 11:49:49 : 4380 steps taken, and 1534 accepted.
[1 : mcmc] Progress @ 2026-09-19 11:49:57 : 4180 steps taken, and 1521 accepted.
[0 : mcmc] Progress @ 2026-09-19 11:50:17 : 5227 steps taken, and 1663 accepted.
[2 : mcmc] Progress @ 2026-09-19 11:50:35 : 4765 steps taken, and 1583 accepted.
[3 : mcmc] Progress @ 2026-09-19 11:51:07 : 4404 steps taken, and 1538 accepted.
[1 : mcmc] Progress @ 2026-09-19 11:51:14 : 4202 steps taken, and 1526 accepted.
[0 : mcmc] Progress @ 2026-09-19 11:51:32 : 5263 steps taken, and 1670 accepted.
[2 : mcmc] Progress @ 2026-09-19 11:51:49 : 4784 steps taken, and 1586 accepted.
[1 : mcmc] Progress @ 2026-09-19 11:52:15 : 4232 steps taken, and 1532 accepted.
[3 : mcmc] Progress @ 2026-09-19 11:52:24 : 4448 steps taken, and 1545 accepted.
[0 : mcmc] Progress @ 2026-09-19 11:52:32 : 5328 steps taken, and 1682 accepted.
[2 : mcmc] Progress @ 2026-09-19 11:52:58 : 4820 steps taken, and 1591 accepted.
[1 : mcmc] Progress @ 2026-09-19 11:53:19 : 4266 steps taken, and 1537 accepted.
[3 : mcmc] Progress @ 2026-09-19 11:53:24 : 4455 steps taken, and 1545 accepted.
[0 : mcmc] Progress @ 2026-09-19 11:53:33 : 5368 steps taken, and 1693 accepted.
[1 : mcmc] Progress @ 2026-09-19 11:54:19 : 4295 steps taken, and 1541 accepted.
[2 : mcmc] Progress @ 2026-09-19 11:54:23 : 4850 steps taken, and 1598 accepted.
[3 : mcmc] Progress @ 2026-09-19 11:54:25 : 4486 steps taken, and 1552 accepted.
[0 : mcmc] Progress @ 2026-09-19 11:54:33 : 5407 steps taken, and 1701 accepted.
[1 : mcmc] Progress @ 2026-09-19 11:55:20 : 4303 steps taken, and 1543 accepted.
[2 : mcmc] Progress @ 2026-09-19 11:55:27 : 4882 steps taken, and 1604 accepted.
[3 : mcmc] Progress @ 2026-09-19 11:55:29 : 4520 steps taken, and 1558 accepted.
[0 : mcmc] Progress @ 2026-09-19 11:55:43 : 5460 steps taken, and 1710 accepted.
[1 : mcmc] Progress @ 2026-09-19 11:56:25 : 4336 steps taken, and 1547 accepted.
[3 : mcmc] Progress @ 2026-09-19 11:56:30 : 4550 steps taken, and 1563 accepted.
[2 : mcmc] Progress @ 2026-09-19 11:56:30 : 4915 steps taken, and 1611 accepted.
[0 : mcmc] Progress @ 2026-09-19 11:56:59 : 5498 steps taken, and 1714 accepted.
[1 : mcmc] Progress @ 2026-09-19 11:57:26 : 4366 steps taken, and 1552 accepted.
[2 : mcmc] Progress @ 2026-09-19 11:57:31 : 4932 steps taken, and 1614 accepted.
[3 : mcmc] Progress @ 2026-09-19 11:57:46 : 4590 steps taken, and 1571 accepted.
[0 : mcmc] Progress @ 2026-09-19 11:58:16 : 5526 steps taken, and 1719 accepted.
[1 : mcmc] Progress @ 2026-09-19 11:58:33 : 4402 steps taken, and 1559 accepted.
[2 : mcmc] Progress @ 2026-09-19 11:58:45 : 4992 steps taken, and 1622 accepted.
[3 : mcmc] Progress @ 2026-09-19 11:59:00 : 4651 steps taken, and 1582 accepted.
[0 : mcmc] Progress @ 2026-09-19 11:59:16 : 5556 steps taken, and 1724 accepted.
[1 : mcmc] Progress @ 2026-09-19 11:59:34 : 4433 steps taken, and 1564 accepted.
[2 : mcmc] Progress @ 2026-09-19 11:59:46 : 5059 steps taken, and 1634 accepted.
[3 : mcmc] Progress @ 2026-09-19 12:00:01 : 4717 steps taken, and 1596 accepted.
[0 : mcmc] Progress @ 2026-09-19 12:00:16 : 5607 steps taken, and 1734 accepted.
[1 : mcmc] Progress @ 2026-09-19 12:00:35 : 4464 steps taken, and 1570 accepted.
[2 : mcmc] Progress @ 2026-09-19 12:01:06 : 5117 steps taken, and 1643 accepted.
[3 : mcmc] Progress @ 2026-09-19 12:01:06 : 4749 steps taken, and 1603 accepted.
[0 : mcmc] Progress @ 2026-09-19 12:01:17 : 5627 steps taken, and 1737 accepted.
[1 : mcmc] Progress @ 2026-09-19 12:01:40 : 4484 steps taken, and 1574 accepted.
[2 : mcmc] Progress @ 2026-09-19 12:02:06 : 5158 steps taken, and 1648 accepted.
[3 : mcmc] Progress @ 2026-09-19 12:02:19 : 4771 steps taken, and 1607 accepted.
[0 : mcmc] Progress @ 2026-09-19 12:02:24 : 5650 steps taken, and 1739 accepted.
[1 : mcmc] Progress @ 2026-09-19 12:02:49 : 4528 steps taken, and 1584 accepted.
[2 : mcmc] Progress @ 2026-09-19 12:03:21 : 5214 steps taken, and 1660 accepted.
[3 : mcmc] Progress @ 2026-09-19 12:03:22 : 4796 steps taken, and 1613 accepted.
[0 : mcmc] Progress @ 2026-09-19 12:03:39 : 5683 steps taken, and 1744 accepted.
[1 : mcmc] Progress @ 2026-09-19 12:03:50 : 4557 steps taken, and 1589 accepted.
[2 : mcmc] Progress @ 2026-09-19 12:04:21 : 5252 steps taken, and 1669 accepted.
[3 : mcmc] Progress @ 2026-09-19 12:04:22 : 4838 steps taken, and 1618 accepted.
[0 : mcmc] Progress @ 2026-09-19 12:04:40 : 5714 steps taken, and 1749 accepted.
[1 : mcmc] Progress @ 2026-09-19 12:05:03 : 4575 steps taken, and 1592 accepted.
[2 : mcmc] Progress @ 2026-09-19 12:05:22 : 5316 steps taken, and 1679 accepted.
[3 : mcmc] Progress @ 2026-09-19 12:05:27 : 4885 steps taken, and 1624 accepted.
[0 : mcmc] Progress @ 2026-09-19 12:05:41 : 5746 steps taken, and 1757 accepted.
[2 : mcmc] Progress @ 2026-09-19 12:06:22 : 5356 steps taken, and 1685 accepted.
[1 : mcmc] Progress @ 2026-09-19 12:06:27 : 4603 steps taken, and 1596 accepted.
[0 : mcmc] Progress @ 2026-09-19 12:06:42 : 5775 steps taken, and 1763 accepted.
[3 : mcmc] Progress @ 2026-09-19 12:06:42 : 4923 steps taken, and 1634 accepted.
[1 : mcmc] Progress @ 2026-09-19 12:07:35 : 4640 steps taken, and 1605 accepted.
[2 : mcmc] Progress @ 2026-09-19 12:07:38 : 5395 steps taken, and 1694 accepted.
[3 : mcmc] Progress @ 2026-09-19 12:07:53 : 4977 steps taken, and 1644 accepted.
[0 : mcmc] Progress @ 2026-09-19 12:08:02 : 5824 steps taken, and 1773 accepted.
[1 : mcmc] Progress @ 2026-09-19 12:08:36 : 4669 steps taken, and 1612 accepted.
[2 : mcmc] Progress @ 2026-09-19 12:08:45 : 5445 steps taken, and 1705 accepted.
[3 : mcmc] Progress @ 2026-09-19 12:08:53 : 5018 steps taken, and 1649 accepted.
[0 : mcmc] Progress @ 2026-09-19 12:09:27 : 5874 steps taken, and 1779 accepted.
[1 : mcmc] Progress @ 2026-09-19 12:09:36 : 4721 steps taken, and 1622 accepted.
[2 : mcmc] Progress @ 2026-09-19 12:10:00 : 5505 steps taken, and 1716 accepted.
[3 : mcmc] Progress @ 2026-09-19 12:10:02 : 5071 steps taken, and 1657 accepted.
[0 : mcmc] Progress @ 2026-09-19 12:10:28 : 5904 steps taken, and 1783 accepted.
[1 : mcmc] Progress @ 2026-09-19 12:10:45 : 4735 steps taken, and 1625 accepted.
[2 : mcmc] Progress @ 2026-09-19 12:11:00 : 5544 steps taken, and 1723 accepted.
[3 : mcmc] Progress @ 2026-09-19 12:11:03 : 5134 steps taken, and 1671 accepted.
[0 : mcmc] Progress @ 2026-09-19 12:11:35 : 5917 steps taken, and 1786 accepted.
[1 : mcmc] Progress @ 2026-09-19 12:11:45 : 4765 steps taken, and 1630 accepted.
[3 : mcmc] Progress @ 2026-09-19 12:12:03 : 5175 steps taken, and 1675 accepted.
[2 : mcmc] Progress @ 2026-09-19 12:12:04 : 5589 steps taken, and 1732 accepted.
[0 : mcmc] Progress @ 2026-09-19 12:12:40 : 5951 steps taken, and 1794 accepted.
[1 : mcmc] Progress @ 2026-09-19 12:12:46 : 4797 steps taken, and 1637 accepted.
[2 : mcmc] Progress @ 2026-09-19 12:13:04 : 5632 steps taken, and 1738 accepted.
[3 : mcmc] Progress @ 2026-09-19 12:13:12 : 5226 steps taken, and 1684 accepted.
[0 : mcmc] Learn + convergence test @ 1800 samples accepted.
[0 : mcmc] Ready to check convergence and learn a new proposal covmat (waiting for the rest...)
[0 : mcmc] Progress @ 2026-09-19 12:13:41 : 5982 steps taken, and 1800 accepted.
[1 : mcmc] Progress @ 2026-09-19 12:13:53 : 4812 steps taken, and 1639 accepted.
[3 : mcmc] Progress @ 2026-09-19 12:14:13 : 5289 steps taken, and 1695 accepted.
[2 : mcmc] Progress @ 2026-09-19 12:14:30 : 5684 steps taken, and 1748 accepted.
[0 : mcmc] Progress @ 2026-09-19 12:14:42 : 6025 steps taken, and 1807 accepted.
[1 : mcmc] Progress @ 2026-09-19 12:14:53 : 4867 steps taken, and 1651 accepted.
[3 : mcmc] Progress @ 2026-09-19 12:15:16 : 5333 steps taken, and 1706 accepted.
[2 : mcmc] Progress @ 2026-09-19 12:15:31 : 5715 steps taken, and 1754 accepted.
[0 : mcmc] Progress @ 2026-09-19 12:15:42 : 6078 steps taken, and 1817 accepted.
[1 : mcmc] Progress @ 2026-09-19 12:15:54 : 4912 steps taken, and 1659 accepted.
[3 : mcmc] Progress @ 2026-09-19 12:16:16 : 5375 steps taken, and 1714 accepted.
[2 : mcmc] Progress @ 2026-09-19 12:16:31 : 5768 steps taken, and 1764 accepted.
[0 : mcmc] Progress @ 2026-09-19 12:16:43 : 6086 steps taken, and 1819 accepted.
[1 : mcmc] Progress @ 2026-09-19 12:16:54 : 4975 steps taken, and 1672 accepted.
[3 : mcmc] Progress @ 2026-09-19 12:17:22 : 5423 steps taken, and 1724 accepted.
[2 : mcmc] Progress @ 2026-09-19 12:17:32 : 5799 steps taken, and 1770 accepted.
[1 : mcmc] Progress @ 2026-09-19 12:17:56 : 5020 steps taken, and 1679 accepted.
[0 : mcmc] Progress @ 2026-09-19 12:18:10 : 6115 steps taken, and 1826 accepted.
[3 : mcmc] Progress @ 2026-09-19 12:18:32 : 5477 steps taken, and 1734 accepted.
[2 : mcmc] Progress @ 2026-09-19 12:18:56 : 5850 steps taken, and 1777 accepted.
[0 : mcmc] Progress @ 2026-09-19 12:19:10 : 6144 steps taken, and 1831 accepted.
[1 : mcmc] Progress @ 2026-09-19 12:19:12 : 5088 steps taken, and 1695 accepted.
[3 : mcmc] Progress @ 2026-09-19 12:19:42 : 5529 steps taken, and 1744 accepted.
[2 : mcmc] Progress @ 2026-09-19 12:19:57 : 5881 steps taken, and 1783 accepted.
[0 : mcmc] Progress @ 2026-09-19 12:20:11 : 6152 steps taken, and 1833 accepted.
[1 : mcmc] Progress @ 2026-09-19 12:20:14 : 5129 steps taken, and 1706 accepted.
[3 : mcmc] Progress @ 2026-09-19 12:20:42 : 5570 steps taken, and 1749 accepted.
[2 : mcmc] Progress @ 2026-09-19 12:20:57 : 5935 steps taken, and 1793 accepted.
[1 : mcmc] Progress @ 2026-09-19 12:21:14 : 5195 steps taken, and 1720 accepted.
[0 : mcmc] Progress @ 2026-09-19 12:21:19 : 6188 steps taken, and 1840 accepted.
[3 : mcmc] Progress @ 2026-09-19 12:21:42 : 5611 steps taken, and 1758 accepted.
[2 : mcmc] Progress @ 2026-09-19 12:22:07 : 5950 steps taken, and 1795 accepted.
[1 : mcmc] Progress @ 2026-09-19 12:22:15 : 5235 steps taken, and 1727 accepted.
[0 : mcmc] Progress @ 2026-09-19 12:22:20 : 6195 steps taken, and 1842 accepted.
[3 : mcmc] Progress @ 2026-09-19 12:22:42 : 5648 steps taken, and 1767 accepted.
[2 : mcmc] Learn + convergence test @ 1800 samples accepted.
[2 : mcmc] Ready to check convergence and learn a new proposal covmat (waiting for the rest...)
[2 : mcmc] Progress @ 2026-09-19 12:23:07 : 5983 steps taken, and 1800 accepted.
[0 : mcmc] Progress @ 2026-09-19 12:23:21 : 6248 steps taken, and 1850 accepted.
[1 : mcmc] Progress @ 2026-09-19 12:23:24 : 5282 steps taken, and 1737 accepted.
[3 : mcmc] Progress @ 2026-09-19 12:23:48 : 5695 steps taken, and 1774 accepted.
[1 : mcmc] Progress @ 2026-09-19 12:24:24 : 5315 steps taken, and 1743 accepted.
[0 : mcmc] Progress @ 2026-09-19 12:24:25 : 6259 steps taken, and 1852 accepted.
[2 : mcmc] Progress @ 2026-09-19 12:24:28 : 6007 steps taken, and 1805 accepted.
[3 : mcmc] Progress @ 2026-09-19 12:24:51 : 5739 steps taken, and 1785 accepted.
[1 : mcmc] Progress @ 2026-09-19 12:25:24 : 5345 steps taken, and 1749 accepted.
[2 : mcmc] Progress @ 2026-09-19 12:25:28 : 6036 steps taken, and 1810 accepted.
[0 : mcmc] Progress @ 2026-09-19 12:25:42 : 6281 steps taken, and 1854 accepted.
[3 : mcmc] Progress @ 2026-09-19 12:26:04 : 5798 steps taken, and 1799 accepted.
[3 : mcmc] Learn + convergence test @ 1800 samples accepted.
[3 : mcmc] Ready to check convergence and learn a new proposal covmat (waiting for the rest...)
[2 : mcmc] Progress @ 2026-09-19 12:26:28 : 6057 steps taken, and 1814 accepted.
[1 : mcmc] Progress @ 2026-09-19 12:26:34 : 5382 steps taken, and 1755 accepted.
[0 : mcmc] Progress @ 2026-09-19 12:26:43 : 6311 steps taken, and 1860 accepted.
[3 : mcmc] Progress @ 2026-09-19 12:27:05 : 5837 steps taken, and 1805 accepted.
[2 : mcmc] Progress @ 2026-09-19 12:27:29 : 6089 steps taken, and 1821 accepted.
[1 : mcmc] Progress @ 2026-09-19 12:27:34 : 5411 steps taken, and 1761 accepted.
[0 : mcmc] Progress @ 2026-09-19 12:27:43 : 6318 steps taken, and 1861 accepted.
[3 : mcmc] Progress @ 2026-09-19 12:28:13 : 5860 steps taken, and 1811 accepted.
[2 : mcmc] Progress @ 2026-09-19 12:28:40 : 6133 steps taken, and 1832 accepted.
[0 : mcmc] Progress @ 2026-09-19 12:28:44 : 6347 steps taken, and 1866 accepted.
[1 : mcmc] Progress @ 2026-09-19 12:28:47 : 5441 steps taken, and 1766 accepted.
[3 : mcmc] Progress @ 2026-09-19 12:29:14 : 5919 steps taken, and 1820 accepted.
[0 : mcmc] Progress @ 2026-09-19 12:29:44 : 6376 steps taken, and 1872 accepted.
[1 : mcmc] Progress @ 2026-09-19 12:29:47 : 5478 steps taken, and 1773 accepted.
[2 : mcmc] Progress @ 2026-09-19 12:29:52 : 6184 steps taken, and 1840 accepted.
[3 : mcmc] Progress @ 2026-09-19 12:30:15 : 5961 steps taken, and 1827 accepted.
[0 : mcmc] Progress @ 2026-09-19 12:30:51 : 6389 steps taken, and 1873 accepted.
[2 : mcmc] Progress @ 2026-09-19 12:30:54 : 6227 steps taken, and 1848 accepted.
[1 : mcmc] Progress @ 2026-09-19 12:31:01 : 5539 steps taken, and 1783 accepted.
[3 : mcmc] Progress @ 2026-09-19 12:31:19 : 6005 steps taken, and 1835 accepted.
[0 : mcmc] Progress @ 2026-09-19 12:31:52 : 6420 steps taken, and 1877 accepted.
[2 : mcmc] Progress @ 2026-09-19 12:31:57 : 6270 steps taken, and 1856 accepted.
[1 : mcmc] Progress @ 2026-09-19 12:32:17 : 5602 steps taken, and 1794 accepted.
[3 : mcmc] Progress @ 2026-09-19 12:32:34 : 6068 steps taken, and 1845 accepted.
[1 : mcmc] Learn + convergence test @ 1800 samples accepted.
[1 : mcmc] Ready to check convergence and learn a new proposal covmat (waiting for the rest...)
[2 : mcmc] Progress @ 2026-09-19 12:33:02 : 6292 steps taken, and 1861 accepted.
[0 : mcmc] Progress @ 2026-09-19 12:33:08 : 6444 steps taken, and 1881 accepted.
[0 : mcmc] All chains are ready to check convergence and learn a new proposal covmat
[0 : mcmc]  - Acceptance rate: 0.761 = avg([0.7675, 0.7640, 0.7508, 0.7630])
[0 : mcmc]  - Convergence of means: R-1 = 0.028885 after 7392 accepted steps = sum([1882, 1800, 1862, 1848])
[0 : mcmc]  - Updated covariance matrix of proposal pdf.
[1 : mcmc] Progress @ 2026-09-19 12:33:38 : 5639 steps taken, and 1800 accepted.
[3 : mcmc] Progress @ 2026-09-19 12:33:38 : 6087 steps taken, and 1848 accepted.
[0 : mcmc] Progress @ 2026-09-19 12:34:08 : 6473 steps taken, and 1888 accepted.
[2 : mcmc] Progress @ 2026-09-19 12:34:16 : 6331 steps taken, and 1867 accepted.
[3 : mcmc] Progress @ 2026-09-19 12:34:39 : 6128 steps taken, and 1856 accepted.
[1 : mcmc] Progress @ 2026-09-19 12:34:39 : 5681 steps taken, and 1808 accepted.
[2 : mcmc] Progress @ 2026-09-19 12:35:24 : 6381 steps taken, and 1873 accepted.
[0 : mcmc] Progress @ 2026-09-19 12:35:27 : 6496 steps taken, and 1892 accepted.
[3 : mcmc] Progress @ 2026-09-19 12:35:43 : 6173 steps taken, and 1865 accepted.
[1 : mcmc] Progress @ 2026-09-19 12:35:53 : 5741 steps taken, and 1821 accepted.
[2 : mcmc] Progress @ 2026-09-19 12:36:24 : 6421 steps taken, and 1882 accepted.
[0 : mcmc] Progress @ 2026-09-19 12:36:28 : 6526 steps taken, and 1898 accepted.
[3 : mcmc] Progress @ 2026-09-19 12:36:43 : 6213 steps taken, and 1873 accepted.
[1 : mcmc] Progress @ 2026-09-19 12:36:53 : 5806 steps taken, and 1835 accepted.
[2 : mcmc] Progress @ 2026-09-19 12:37:24 : 6485 steps taken, and 1895 accepted.
[3 : mcmc] Progress @ 2026-09-19 12:37:44 : 6254 steps taken, and 1881 accepted.
[0 : mcmc] Progress @ 2026-09-19 12:37:49 : 6573 steps taken, and 1907 accepted.
[1 : mcmc] Progress @ 2026-09-19 12:37:55 : 5847 steps taken, and 1837 accepted.
[2 : mcmc] Progress @ 2026-09-19 12:38:24 : 6525 steps taken, and 1903 accepted.
[1 : mcmc] Progress @ 2026-09-19 12:38:55 : 5887 steps taken, and 1844 accepted.
[3 : mcmc] Progress @ 2026-09-19 12:38:59 : 6291 steps taken, and 1889 accepted.
[0 : mcmc] Progress @ 2026-09-19 12:39:00 : 6589 steps taken, and 1911 accepted.
[2 : mcmc] Progress @ 2026-09-19 12:39:24 : 6565 steps taken, and 1909 accepted.
[1 : mcmc] Progress @ 2026-09-19 12:40:00 : 5934 steps taken, and 1853 accepted.
[0 : mcmc] Progress @ 2026-09-19 12:40:04 : 6621 steps taken, and 1918 accepted.
[3 : mcmc] Progress @ 2026-09-19 12:40:08 : 6343 steps taken, and 1895 accepted.
[2 : mcmc] Progress @ 2026-09-19 12:40:24 : 6605 steps taken, and 1914 accepted.
[1 : mcmc] Progress @ 2026-09-19 12:41:00 : 5973 steps taken, and 1858 accepted.
[0 : mcmc] Progress @ 2026-09-19 12:41:08 : 6631 steps taken, and 1920 accepted.
[3 : mcmc] Progress @ 2026-09-19 12:41:08 : 6382 steps taken, and 1904 accepted.
[2 : mcmc] Progress @ 2026-09-19 12:41:25 : 6645 steps taken, and 1920 accepted.
[1 : mcmc] Progress @ 2026-09-19 12:42:01 : 6040 steps taken, and 1866 accepted.
[0 : mcmc] Progress @ 2026-09-19 12:42:08 : 6660 steps taken, and 1927 accepted.
[3 : mcmc] Progress @ 2026-09-19 12:42:08 : 6421 steps taken, and 1911 accepted.
[2 : mcmc] Progress @ 2026-09-19 12:42:25 : 6708 steps taken, and 1934 accepted.
[1 : mcmc] Progress @ 2026-09-19 12:43:02 : 6082 steps taken, and 1872 accepted.
[0 : mcmc] Progress @ 2026-09-19 12:43:08 : 6690 steps taken, and 1934 accepted.
[2 : mcmc] Progress @ 2026-09-19 12:43:25 : 6747 steps taken, and 1942 accepted.
[3 : mcmc] Progress @ 2026-09-19 12:43:25 : 6461 steps taken, and 1918 accepted.
[1 : mcmc] Progress @ 2026-09-19 12:44:09 : 6132 steps taken, and 1881 accepted.
[0 : mcmc] Progress @ 2026-09-19 12:44:10 : 6721 steps taken, and 1939 accepted.
[2 : mcmc] Progress @ 2026-09-19 12:44:25 : 6790 steps taken, and 1947 accepted.
[3 : mcmc] Progress @ 2026-09-19 12:44:25 : 6499 steps taken, and 1925 accepted.
[1 : mcmc] Progress @ 2026-09-19 12:45:10 : 6149 steps taken, and 1884 accepted.
[0 : mcmc] Progress @ 2026-09-19 12:45:25 : 6765 steps taken, and 1948 accepted.
[2 : mcmc] Progress @ 2026-09-19 12:45:25 : 6832 steps taken, and 1955 accepted.
[3 : mcmc] Progress @ 2026-09-19 12:45:26 : 6539 steps taken, and 1933 accepted.
[1 : mcmc] Progress @ 2026-09-19 12:46:12 : 6191 steps taken, and 1891 accepted.
[2 : mcmc] Progress @ 2026-09-19 12:46:25 : 6872 steps taken, and 1964 accepted.
[3 : mcmc] Progress @ 2026-09-19 12:46:26 : 6578 steps taken, and 1939 accepted.
[0 : mcmc] Progress @ 2026-09-19 12:46:27 : 6797 steps taken, and 1954 accepted.
[1 : mcmc] Progress @ 2026-09-19 12:47:12 : 6254 steps taken, and 1903 accepted.
[2 : mcmc] Progress @ 2026-09-19 12:47:25 : 6914 steps taken, and 1974 accepted.
[3 : mcmc] Progress @ 2026-09-19 12:47:39 : 6612 steps taken, and 1945 accepted.
[0 : mcmc] Progress @ 2026-09-19 12:47:41 : 6816 steps taken, and 1956 accepted.
[1 : mcmc] Progress @ 2026-09-19 12:48:23 : 6309 steps taken, and 1913 accepted.
[2 : mcmc] Progress @ 2026-09-19 12:48:37 : 6970 steps taken, and 1985 accepted.
[0 : mcmc] Progress @ 2026-09-19 12:48:42 : 6868 steps taken, and 1966 accepted.
[3 : mcmc] Progress @ 2026-09-19 12:48:51 : 6669 steps taken, and 1958 accepted.
[1 : mcmc] Progress @ 2026-09-19 12:49:23 : 6349 steps taken, and 1920 accepted.
[0 : mcmc] Progress @ 2026-09-19 12:49:45 : 6878 steps taken, and 1968 accepted.
[2 : mcmc] Progress @ 2026-09-19 12:49:47 : 7000 steps taken, and 1989 accepted.
[3 : mcmc] Progress @ 2026-09-19 12:49:52 : 6735 steps taken, and 1969 accepted.
[1 : mcmc] Progress @ 2026-09-19 12:50:24 : 6415 steps taken, and 1930 accepted.
[2 : mcmc] Progress @ 2026-09-19 12:50:47 : 7065 steps taken, and 1999 accepted.
[3 : mcmc] Progress @ 2026-09-19 12:50:52 : 6776 steps taken, and 1977 accepted.
[0 : mcmc] Progress @ 2026-09-19 12:50:53 : 6892 steps taken, and 1972 accepted.
[1 : mcmc] Progress @ 2026-09-19 12:51:26 : 6458 steps taken, and 1939 accepted.
[2 : mcmc] Progress @ 2026-09-19 12:51:48 : 7131 steps taken, and 2014 accepted.
[3 : mcmc] Progress @ 2026-09-19 12:51:53 : 6844 steps taken, and 1991 accepted.
[0 : mcmc] Progress @ 2026-09-19 12:51:54 : 6922 steps taken, and 1978 accepted.
[1 : mcmc] Progress @ 2026-09-19 12:52:26 : 6498 steps taken, and 1946 accepted.
[2 : mcmc] Progress @ 2026-09-19 12:52:48 : 7195 steps taken, and 2023 accepted.
[3 : mcmc] Progress @ 2026-09-19 12:52:53 : 6883 steps taken, and 2001 accepted.
[0 : mcmc] Progress @ 2026-09-19 12:53:06 : 6940 steps taken, and 1983 accepted.
[1 : mcmc] Progress @ 2026-09-19 12:53:32 : 6544 steps taken, and 1953 accepted.
[2 : mcmc] Progress @ 2026-09-19 12:53:49 : 7211 steps taken, and 2025 accepted.
[3 : mcmc] Progress @ 2026-09-19 12:53:54 : 6933 steps taken, and 2011 accepted.
[0 : mcmc] Progress @ 2026-09-19 12:54:18 : 6980 steps taken, and 1990 accepted.
[1 : mcmc] Progress @ 2026-09-19 12:54:32 : 6583 steps taken, and 1963 accepted.
[3 : mcmc] Progress @ 2026-09-19 12:54:55 : 6973 steps taken, and 2022 accepted.
[2 : mcmc] Progress @ 2026-09-19 12:55:04 : 7273 steps taken, and 2038 accepted.
[0 : mcmc] Progress @ 2026-09-19 12:55:21 : 6989 steps taken, and 1991 accepted.
[1 : mcmc] Progress @ 2026-09-19 12:55:44 : 6639 steps taken, and 1975 accepted.
[3 : mcmc] Progress @ 2026-09-19 12:56:04 : 7025 steps taken, and 2033 accepted.
[2 : mcmc] Progress @ 2026-09-19 12:56:05 : 7314 steps taken, and 2045 accepted.
[0 : mcmc] Progress @ 2026-09-19 12:56:22 : 7020 steps taken, and 1995 accepted.
[1 : mcmc] Progress @ 2026-09-19 12:56:56 : 6672 steps taken, and 1983 accepted.
[3 : mcmc] Progress @ 2026-09-19 12:57:04 : 7066 steps taken, and 2042 accepted.
[2 : mcmc] Progress @ 2026-09-19 12:57:11 : 7338 steps taken, and 2049 accepted.
[0 : mcmc] Progress @ 2026-09-19 12:57:42 : 7044 steps taken, and 2000 accepted.
[1 : mcmc] Progress @ 2026-09-19 12:58:10 : 6740 steps taken, and 1997 accepted.
[2 : mcmc] Progress @ 2026-09-19 12:58:11 : 7403 steps taken, and 2061 accepted.
[3 : mcmc] Progress @ 2026-09-19 12:58:18 : 7104 steps taken, and 2048 accepted.
[0 : mcmc] Progress @ 2026-09-19 12:58:45 : 7076 steps taken, and 2006 accepted.
[1 : mcmc] Progress @ 2026-09-19 12:59:24 : 6798 steps taken, and 2007 accepted.
[2 : mcmc] Progress @ 2026-09-19 12:59:25 : 7441 steps taken, and 2064 accepted.
[3 : mcmc] Progress @ 2026-09-19 12:59:35 : 7171 steps taken, and 2061 accepted.
[0 : mcmc] Progress @ 2026-09-19 12:59:46 : 7084 steps taken, and 2007 accepted.
[1 : mcmc] Progress @ 2026-09-19 13:00:25 : 6865 steps taken, and 2021 accepted.
[2 : mcmc] Progress @ 2026-09-19 13:00:27 : 7483 steps taken, and 2071 accepted.
[3 : mcmc] Progress @ 2026-09-19 13:00:35 : 7237 steps taken, and 2075 accepted.
[0 : mcmc] Progress @ 2026-09-19 13:00:48 : 7115 steps taken, and 2011 accepted.
[2 : mcmc] Progress @ 2026-09-19 13:01:40 : 7542 steps taken, and 2083 accepted.
[1 : mcmc] Progress @ 2026-09-19 13:01:41 : 6906 steps taken, and 2027 accepted.
[3 : mcmc] Progress @ 2026-09-19 13:01:52 : 7300 steps taken, and 2087 accepted.
[0 : mcmc] Progress @ 2026-09-19 13:01:56 : 7151 steps taken, and 2016 accepted.
[1 : mcmc] Progress @ 2026-09-19 13:02:41 : 6948 steps taken, and 2033 accepted.
[2 : mcmc] Progress @ 2026-09-19 13:02:49 : 7593 steps taken, and 2088 accepted.
[3 : mcmc] Progress @ 2026-09-19 13:02:52 : 7365 steps taken, and 2099 accepted.
[0 : mcmc] Progress @ 2026-09-19 13:02:56 : 7158 steps taken, and 2018 accepted.
[2 : mcmc] Progress @ 2026-09-19 13:03:49 : 7657 steps taken, and 2099 accepted.
[1 : mcmc] Progress @ 2026-09-19 13:03:53 : 7007 steps taken, and 2045 accepted.
[0 : mcmc] Progress @ 2026-09-19 13:03:57 : 7188 steps taken, and 2022 accepted.
[3 : mcmc] Progress @ 2026-09-19 13:04:01 : 7420 steps taken, and 2109 accepted.
[2 : mcmc] Progress @ 2026-09-19 13:04:55 : 7681 steps taken, and 2106 accepted.
[0 : mcmc] Progress @ 2026-09-19 13:04:58 : 7218 steps taken, and 2027 accepted.
[3 : mcmc] Progress @ 2026-09-19 13:05:02 : 7484 steps taken, and 2120 accepted.
[1 : mcmc] Progress @ 2026-09-19 13:05:04 : 7061 steps taken, and 2058 accepted.
[2 : mcmc] Progress @ 2026-09-19 13:05:55 : 7720 steps taken, and 2114 accepted.
[0 : mcmc] Progress @ 2026-09-19 13:05:59 : 7249 steps taken, and 2033 accepted.
[1 : mcmc] Progress @ 2026-09-19 13:06:06 : 7105 steps taken, and 2066 accepted.
[3 : mcmc] Progress @ 2026-09-19 13:06:12 : 7539 steps taken, and 2129 accepted.
[0 : mcmc] Progress @ 2026-09-19 13:07:00 : 7280 steps taken, and 2040 accepted.
[2 : mcmc] Progress @ 2026-09-19 13:07:05 : 7774 steps taken, and 2126 accepted.
[3 : mcmc] Progress @ 2026-09-19 13:07:22 : 7595 steps taken, and 2138 accepted.
[1 : mcmc] Progress @ 2026-09-19 13:07:22 : 7142 steps taken, and 2074 accepted.
[0 : mcmc] Progress @ 2026-09-19 13:08:01 : 7334 steps taken, and 2050 accepted.
[2 : mcmc] Progress @ 2026-09-19 13:08:06 : 7837 steps taken, and 2140 accepted.
[3 : mcmc] Progress @ 2026-09-19 13:08:23 : 7658 steps taken, and 2150 accepted.
[1 : mcmc] Progress @ 2026-09-19 13:08:41 : 7191 steps taken, and 2083 accepted.
[0 : mcmc] Progress @ 2026-09-19 13:09:01 : 7342 steps taken, and 2051 accepted.
[2 : mcmc] Progress @ 2026-09-19 13:09:08 : 7855 steps taken, and 2143 accepted.
[3 : mcmc] Progress @ 2026-09-19 13:09:23 : 7698 steps taken, and 2157 accepted.
[3 : mcmc] Learn + convergence test @ 2160 samples accepted.
[3 : mcmc] Ready to check convergence and learn a new proposal covmat (waiting for the rest...)
[1 : mcmc] Progress @ 2026-09-19 13:09:41 : 7220 steps taken, and 2085 accepted.
[0 : mcmc] Progress @ 2026-09-19 13:10:06 : 7374 steps taken, and 2057 accepted.
[2 : mcmc] Progress @ 2026-09-19 13:10:09 : 7896 steps taken, and 2150 accepted.
[3 : mcmc] Progress @ 2026-09-19 13:10:23 : 7739 steps taken, and 2166 accepted.
[1 : mcmc] Progress @ 2026-09-19 13:10:42 : 7273 steps taken, and 2093 accepted.
[0 : mcmc] Progress @ 2026-09-19 13:11:06 : 7404 steps taken, and 2064 accepted.
[2 : mcmc] Progress @ 2026-09-19 13:11:10 : 7936 steps taken, and 2157 accepted.
[2 : mcmc] Learn + convergence test @ 2160 samples accepted.
[2 : mcmc] Ready to check convergence and learn a new proposal covmat (waiting for the rest...)
[3 : mcmc] Progress @ 2026-09-19 13:11:36 : 7795 steps taken, and 2175 accepted.
[1 : mcmc] Progress @ 2026-09-19 13:11:42 : 7303 steps taken, and 2098 accepted.
[0 : mcmc] Progress @ 2026-09-19 13:12:06 : 7433 steps taken, and 2069 accepted.
[2 : mcmc] Progress @ 2026-09-19 13:12:10 : 8001 steps taken, and 2170 accepted.
[3 : mcmc] Progress @ 2026-09-19 13:12:36 : 7834 steps taken, and 2182 accepted.
[1 : mcmc] Progress @ 2026-09-19 13:12:43 : 7335 steps taken, and 2104 accepted.
[0 : mcmc] Progress @ 2026-09-19 13:13:07 : 7468 steps taken, and 2077 accepted.
[2 : mcmc] Progress @ 2026-09-19 13:13:10 : 8040 steps taken, and 2178 accepted.
[3 : mcmc] Progress @ 2026-09-19 13:13:41 : 7880 steps taken, and 2193 accepted.
[1 : mcmc] Progress @ 2026-09-19 13:14:00 : 7362 steps taken, and 2110 accepted.
[2 : mcmc] Progress @ 2026-09-19 13:14:11 : 8080 steps taken, and 2186 accepted.
[0 : mcmc] Progress @ 2026-09-19 13:14:16 : 7520 steps taken, and 2086 accepted.
[3 : mcmc] Progress @ 2026-09-19 13:14:56 : 7941 steps taken, and 2204 accepted.
[1 : mcmc] Progress @ 2026-09-19 13:15:01 : 7391 steps taken, and 2115 accepted.
[2 : mcmc] Progress @ 2026-09-19 13:15:22 : 8111 steps taken, and 2190 accepted.
[0 : mcmc] Progress @ 2026-09-19 13:15:29 : 7576 steps taken, and 2097 accepted.
[3 : mcmc] Progress @ 2026-09-19 13:16:01 : 7989 steps taken, and 2214 accepted.
[1 : mcmc] Progress @ 2026-09-19 13:16:17 : 7412 steps taken, and 2119 accepted.
[2 : mcmc] Progress @ 2026-09-19 13:16:28 : 8158 steps taken, and 2198 accepted.
[0 : mcmc] Progress @ 2026-09-19 13:16:29 : 7640 steps taken, and 2109 accepted.
[3 : mcmc] Progress @ 2026-09-19 13:17:02 : 8028 steps taken, and 2222 accepted.
[1 : mcmc] Progress @ 2026-09-19 13:17:27 : 7454 steps taken, and 2129 accepted.
[0 : mcmc] Progress @ 2026-09-19 13:17:30 : 7677 steps taken, and 2117 accepted.
[2 : mcmc] Progress @ 2026-09-19 13:17:35 : 8187 steps taken, and 2202 accepted.
[3 : mcmc] Progress @ 2026-09-19 13:18:02 : 8042 steps taken, and 2226 accepted.
[0 : mcmc] Progress @ 2026-09-19 13:18:31 : 7736 steps taken, and 2126 accepted.
[2 : mcmc] Progress @ 2026-09-19 13:18:36 : 8217 steps taken, and 2207 accepted.
[1 : mcmc] Progress @ 2026-09-19 13:18:44 : 7487 steps taken, and 2136 accepted.
[3 : mcmc] Progress @ 2026-09-19 13:19:18 : 8102 steps taken, and 2239 accepted.
[0 : mcmc] Progress @ 2026-09-19 13:19:32 : 7766 steps taken, and 2132 accepted.
[1 : mcmc] Progress @ 2026-09-19 13:19:45 : 7517 steps taken, and 2141 accepted.
[2 : mcmc] Progress @ 2026-09-19 13:19:56 : 8243 steps taken, and 2209 accepted.
[3 : mcmc] Progress @ 2026-09-19 13:20:31 : 8156 steps taken, and 2249 accepted.
[0 : mcmc] Progress @ 2026-09-19 13:20:37 : 7799 steps taken, and 2139 accepted.
[1 : mcmc] Progress @ 2026-09-19 13:20:45 : 7549 steps taken, and 2149 accepted.
[2 : mcmc] Progress @ 2026-09-19 13:20:56 : 8287 steps taken, and 2217 accepted.
[3 : mcmc] Progress @ 2026-09-19 13:21:31 : 8195 steps taken, and 2257 accepted.
[0 : mcmc] Progress @ 2026-09-19 13:21:55 : 7821 steps taken, and 2143 accepted.
[2 : mcmc] Progress @ 2026-09-19 13:21:57 : 8317 steps taken, and 2223 accepted.
[1 : mcmc] Progress @ 2026-09-19 13:22:09 : 7577 steps taken, and 2155 accepted.
[3 : mcmc] Progress @ 2026-09-19 13:22:32 : 8236 steps taken, and 2266 accepted.
[0 : mcmc] Progress @ 2026-09-19 13:22:56 : 7851 steps taken, and 2148 accepted.
[1 : mcmc] Learn + convergence test @ 2160 samples accepted.
[1 : mcmc] Ready to check convergence and learn a new proposal covmat (waiting for the rest...)
[1 : mcmc] Progress @ 2026-09-19 13:23:10 : 7607 steps taken, and 2162 accepted.
[2 : mcmc] Progress @ 2026-09-19 13:23:18 : 8367 steps taken, and 2232 accepted.
[3 : mcmc] Progress @ 2026-09-19 13:23:32 : 8274 steps taken, and 2271 accepted.
[1 : mcmc] Progress @ 2026-09-19 13:24:11 : 7637 steps taken, and 2169 accepted.
[0 : mcmc] Progress @ 2026-09-19 13:24:15 : 7874 steps taken, and 2152 accepted.
[2 : mcmc] Progress @ 2026-09-19 13:24:39 : 8414 steps taken, and 2239 accepted.
[3 : mcmc] Progress @ 2026-09-19 13:24:45 : 8309 steps taken, and 2280 accepted.
[0 : mcmc] Learn + convergence test @ 2160 samples accepted.
[0 : mcmc] Ready to check convergence and learn a new proposal covmat (waiting for the rest...)
[0 : mcmc] All chains are ready to check convergence and learn a new proposal covmat
[0 : mcmc]  - Acceptance rate: 0.757 = avg([0.7649, 0.7584, 0.7411, 0.7649])
[0 : mcmc]  - Convergence of means: R-1 = 0.032561 after 8859 accepted steps = sum([2160, 2172, 2244, 2283])
[0 : mcmc]  - Updated covariance matrix of proposal pdf.
[1 : mcmc] Progress @ 2026-09-19 13:25:11 : 7666 steps taken, and 2174 accepted.
[0 : mcmc] Progress @ 2026-09-19 13:25:31 : 7905 steps taken, and 2160 accepted.
[2 : mcmc] Progress @ 2026-09-19 13:25:49 : 8447 steps taken, and 2246 accepted.
[3 : mcmc] Progress @ 2026-09-19 13:25:58 : 8354 steps taken, and 2287 accepted.
[1 : mcmc] Progress @ 2026-09-19 13:26:32 : 7690 steps taken, and 2179 accepted.
[0 : mcmc] Progress @ 2026-09-19 13:26:39 : 7919 steps taken, and 2163 accepted.
[2 : mcmc] Progress @ 2026-09-19 13:27:03 : 8466 steps taken, and 2249 accepted.
[3 : mcmc] Progress @ 2026-09-19 13:27:09 : 8410 steps taken, and 2299 accepted.
[0 : mcmc] Progress @ 2026-09-19 13:27:40 : 7948 steps taken, and 2166 accepted.
[1 : mcmc] Progress @ 2026-09-19 13:27:51 : 7713 steps taken, and 2185 accepted.
[2 : mcmc] Progress @ 2026-09-19 13:28:03 : 8495 steps taken, and 2254 accepted.
[3 : mcmc] Progress @ 2026-09-19 13:28:10 : 8449 steps taken, and 2306 accepted.
[0 : mcmc] Progress @ 2026-09-19 13:28:41 : 7980 steps taken, and 2172 accepted.
[1 : mcmc] Progress @ 2026-09-19 13:28:52 : 7743 steps taken, and 2190 accepted.
[2 : mcmc] Progress @ 2026-09-19 13:29:04 : 8524 steps taken, and 2261 accepted.
[3 : mcmc] Progress @ 2026-09-19 13:29:26 : 8492 steps taken, and 2314 accepted.
[0 : mcmc] Progress @ 2026-09-19 13:29:50 : 8017 steps taken, and 2179 accepted.
[2 : mcmc] Progress @ 2026-09-19 13:30:04 : 8532 steps taken, and 2262 accepted.
[1 : mcmc] Progress @ 2026-09-19 13:30:17 : 7794 steps taken, and 2197 accepted.
[3 : mcmc] Progress @ 2026-09-19 13:30:37 : 8548 steps taken, and 2323 accepted.
[0 : mcmc] Progress @ 2026-09-19 13:31:05 : 8038 steps taken, and 2184 accepted.
[1 : mcmc] Progress @ 2026-09-19 13:31:20 : 7803 steps taken, and 2198 accepted.
[2 : mcmc] Progress @ 2026-09-19 13:31:31 : 8562 steps taken, and 2268 accepted.
[3 : mcmc] Progress @ 2026-09-19 13:31:38 : 8589 steps taken, and 2330 accepted.
[0 : mcmc] Progress @ 2026-09-19 13:32:22 : 8083 steps taken, and 2194 accepted.
[2 : mcmc] Progress @ 2026-09-19 13:32:37 : 8596 steps taken, and 2275 accepted.
[3 : mcmc] Progress @ 2026-09-19 13:32:38 : 8652 steps taken, and 2343 accepted.
[1 : mcmc] Progress @ 2026-09-19 13:32:47 : 7834 steps taken, and 2204 accepted.
[0 : mcmc] Progress @ 2026-09-19 13:33:36 : 8124 steps taken, and 2202 accepted.
[2 : mcmc] Progress @ 2026-09-19 13:33:37 : 8625 steps taken, and 2281 accepted.
[3 : mcmc] Progress @ 2026-09-19 13:33:38 : 8693 steps taken, and 2351 accepted.
[1 : mcmc] Progress @ 2026-09-19 13:33:47 : 7863 steps taken, and 2211 accepted.
[0 : mcmc] Progress @ 2026-09-19 13:34:36 : 8154 steps taken, and 2206 accepted.
[2 : mcmc] Progress @ 2026-09-19 13:34:38 : 8655 steps taken, and 2286 accepted.
[3 : mcmc] Progress @ 2026-09-19 13:34:46 : 8720 steps taken, and 2354 accepted.
[1 : mcmc] Progress @ 2026-09-19 13:35:01 : 7882 steps taken, and 2215 accepted.
[2 : mcmc] Progress @ 2026-09-19 13:35:38 : 8699 steps taken, and 2297 accepted.
[0 : mcmc] Progress @ 2026-09-19 13:35:42 : 8168 steps taken, and 2209 accepted.
[3 : mcmc] Progress @ 2026-09-19 13:36:03 : 8761 steps taken, and 2363 accepted.
[1 : mcmc] Progress @ 2026-09-19 13:36:21 : 7929 steps taken, and 2224 accepted.
[2 : mcmc] Progress @ 2026-09-19 13:36:41 : 8716 steps taken, and 2301 accepted.
[0 : mcmc] Progress @ 2026-09-19 13:36:43 : 8204 steps taken, and 2213 accepted.
[3 : mcmc] Progress @ 2026-09-19 13:37:18 : 8805 steps taken, and 2369 accepted.
[1 : mcmc] Progress @ 2026-09-19 13:37:34 : 7975 steps taken, and 2232 accepted.
[2 : mcmc] Progress @ 2026-09-19 13:37:41 : 8768 steps taken, and 2312 accepted.
[0 : mcmc] Progress @ 2026-09-19 13:37:49 : 8231 steps taken, and 2216 accepted.
[3 : mcmc] Progress @ 2026-09-19 13:38:34 : 8832 steps taken, and 2375 accepted.
[1 : mcmc] Progress @ 2026-09-19 13:38:51 : 8023 steps taken, and 2243 accepted.
[2 : mcmc] Progress @ 2026-09-19 13:38:53 : 8798 steps taken, and 2318 accepted.
[0 : mcmc] Progress @ 2026-09-19 13:38:59 : 8249 steps taken, and 2221 accepted.
[3 : mcmc] Progress @ 2026-09-19 13:39:35 : 8883 steps taken, and 2384 accepted.
[1 : mcmc] Progress @ 2026-09-19 13:39:51 : 8079 steps taken, and 2254 accepted.
[0 : mcmc] Progress @ 2026-09-19 13:40:09 : 8284 steps taken, and 2227 accepted.
[2 : mcmc] Progress @ 2026-09-19 13:40:15 : 8832 steps taken, and 2324 accepted.
[3 : mcmc] Progress @ 2026-09-19 13:40:35 : 8927 steps taken, and 2393 accepted.
[1 : mcmc] Progress @ 2026-09-19 13:40:52 : 8108 steps taken, and 2259 accepted.
[0 : mcmc] Progress @ 2026-09-19 13:41:14 : 8319 steps taken, and 2232 accepted.
[2 : mcmc] Progress @ 2026-09-19 13:41:16 : 8868 steps taken, and 2330 accepted.
[3 : mcmc] Progress @ 2026-09-19 13:41:36 : 8952 steps taken, and 2398 accepted.
[1 : mcmc] Progress @ 2026-09-19 13:41:53 : 8171 steps taken, and 2269 accepted.
[0 : mcmc] Progress @ 2026-09-19 13:42:14 : 8380 steps taken, and 2240 accepted.
[2 : mcmc] Progress @ 2026-09-19 13:42:16 : 8886 steps taken, and 2334 accepted.
[3 : mcmc] Progress @ 2026-09-19 13:42:36 : 8979 steps taken, and 2403 accepted.
[1 : mcmc] Progress @ 2026-09-19 13:42:53 : 8200 steps taken, and 2275 accepted.
[0 : mcmc] Progress @ 2026-09-19 13:43:14 : 8428 steps taken, and 2249 accepted.
[2 : mcmc] Progress @ 2026-09-19 13:43:16 : 8898 steps taken, and 2338 accepted.
[3 : mcmc] Progress @ 2026-09-19 13:43:37 : 9013 steps taken, and 2410 accepted.
[1 : mcmc] Progress @ 2026-09-19 13:43:53 : 8218 steps taken, and 2279 accepted.
[0 : mcmc] Progress @ 2026-09-19 13:44:15 : 8447 steps taken, and 2251 accepted.
[2 : mcmc] Progress @ 2026-09-19 13:44:33 : 8941 steps taken, and 2344 accepted.
[3 : mcmc] Progress @ 2026-09-19 13:44:51 : 9045 steps taken, and 2418 accepted.
[1 : mcmc] Progress @ 2026-09-19 13:44:54 : 8252 steps taken, and 2286 accepted.
[0 : mcmc] Progress @ 2026-09-19 13:45:15 : 8462 steps taken, and 2254 accepted.
[2 : mcmc] Progress @ 2026-09-19 13:45:33 : 8975 steps taken, and 2351 accepted.
[3 : mcmc] Progress @ 2026-09-19 13:45:52 : 9081 steps taken, and 2422 accepted.
[1 : mcmc] Progress @ 2026-09-19 13:45:55 : 8303 steps taken, and 2298 accepted.
[0 : mcmc] Progress @ 2026-09-19 13:46:22 : 8498 steps taken, and 2260 accepted.
[2 : mcmc] Progress @ 2026-09-19 13:46:39 : 9019 steps taken, and 2356 accepted.
[1 : mcmc] Progress @ 2026-09-19 13:46:56 : 8368 steps taken, and 2311 accepted.
[3 : mcmc] Progress @ 2026-09-19 13:47:11 : 9104 steps taken, and 2426 accepted.
[0 : mcmc] Progress @ 2026-09-19 13:47:22 : 8527 steps taken, and 2266 accepted.
[2 : mcmc] Progress @ 2026-09-19 13:47:48 : 9047 steps taken, and 2363 accepted.
[1 : mcmc] Progress @ 2026-09-19 13:48:10 : 8428 steps taken, and 2321 accepted.
[3 : mcmc] Progress @ 2026-09-19 13:48:11 : 9132 steps taken, and 2430 accepted.
[0 : mcmc] Progress @ 2026-09-19 13:48:22 : 8558 steps taken, and 2271 accepted.
[2 : mcmc] Progress @ 2026-09-19 13:48:48 : 9111 steps taken, and 2378 accepted.
[3 : mcmc] Progress @ 2026-09-19 13:49:12 : 9161 steps taken, and 2435 accepted.
[1 : mcmc] Progress @ 2026-09-19 13:49:14 : 8496 steps taken, and 2336 accepted.
[0 : mcmc] Progress @ 2026-09-19 13:49:35 : 8576 steps taken, and 2274 accepted.
[2 : mcmc] Progress @ 2026-09-19 13:49:50 : 9155 steps taken, and 2387 accepted.
[3 : mcmc] Progress @ 2026-09-19 13:50:12 : 9190 steps taken, and 2441 accepted.
[1 : mcmc] Progress @ 2026-09-19 13:50:22 : 8547 steps taken, and 2349 accepted.
[2 : mcmc] Progress @ 2026-09-19 13:50:51 : 9219 steps taken, and 2396 accepted.
[0 : mcmc] Progress @ 2026-09-19 13:51:01 : 8605 steps taken, and 2281 accepted.
[1 : mcmc] Progress @ 2026-09-19 13:51:22 : 8586 steps taken, and 2355 accepted.
[3 : mcmc] Progress @ 2026-09-19 13:51:27 : 9210 steps taken, and 2445 accepted.
[2 : mcmc] Progress @ 2026-09-19 13:51:51 : 9265 steps taken, and 2405 accepted.
[0 : mcmc] Progress @ 2026-09-19 13:52:11 : 8645 steps taken, and 2287 accepted.
[3 : mcmc] Progress @ 2026-09-19 13:52:28 : 9263 steps taken, and 2457 accepted.
[1 : mcmc] Progress @ 2026-09-19 13:52:31 : 8640 steps taken, and 2366 accepted.
[2 : mcmc] Progress @ 2026-09-19 13:52:51 : 9305 steps taken, and 2409 accepted.
[3 : mcmc] Progress @ 2026-09-19 13:53:29 : 9293 steps taken, and 2461 accepted.
[0 : mcmc] Progress @ 2026-09-19 13:53:32 : 8692 steps taken, and 2297 accepted.
[1 : mcmc] Progress @ 2026-09-19 13:53:32 : 8679 steps taken, and 2375 accepted.
[2 : mcmc] Progress @ 2026-09-19 13:54:04 : 9339 steps taken, and 2415 accepted.
[3 : mcmc] Progress @ 2026-09-19 13:54:30 : 9323 steps taken, and 2467 accepted.
[0 : mcmc] Progress @ 2026-09-19 13:54:35 : 8704 steps taken, and 2300 accepted.
[1 : mcmc] Progress @ 2026-09-19 13:54:36 : 8701 steps taken, and 2380 accepted.
[2 : mcmc] Progress @ 2026-09-19 13:55:14 : 9394 steps taken, and 2423 accepted.
[3 : mcmc] Progress @ 2026-09-19 13:55:34 : 9334 steps taken, and 2469 accepted.
[0 : mcmc] Progress @ 2026-09-19 13:55:41 : 8738 steps taken, and 2305 accepted.
[1 : mcmc] Progress @ 2026-09-19 13:55:45 : 8754 steps taken, and 2390 accepted.
[2 : mcmc] Progress @ 2026-09-19 13:56:14 : 9432 steps taken, and 2429 accepted.
[0 : mcmc] Progress @ 2026-09-19 13:56:41 : 8768 steps taken, and 2312 accepted.
[3 : mcmc] Progress @ 2026-09-19 13:56:45 : 9373 steps taken, and 2476 accepted.
[1 : mcmc] Progress @ 2026-09-19 13:56:56 : 8811 steps taken, and 2402 accepted.
[2 : mcmc] Progress @ 2026-09-19 13:57:26 : 9473 steps taken, and 2435 accepted.
[0 : mcmc] Progress @ 2026-09-19 13:57:41 : 8806 steps taken, and 2318 accepted.
[3 : mcmc] Progress @ 2026-09-19 13:57:45 : 9403 steps taken, and 2482 accepted.
[1 : mcmc] Progress @ 2026-09-19 13:58:03 : 8847 steps taken, and 2409 accepted.
[2 : mcmc] Progress @ 2026-09-19 13:58:31 : 9506 steps taken, and 2438 accepted.
[3 : mcmc] Progress @ 2026-09-19 13:59:00 : 9463 steps taken, and 2496 accepted.
[0 : mcmc] Progress @ 2026-09-19 13:59:07 : 8834 steps taken, and 2325 accepted.
[1 : mcmc] Progress @ 2026-09-19 13:59:19 : 8932 steps taken, and 2425 accepted.
[2 : mcmc] Progress @ 2026-09-19 13:59:47 : 9527 steps taken, and 2441 accepted.
[3 : mcmc] Progress @ 2026-09-19 14:00:01 : 9501 steps taken, and 2504 accepted.
[1 : mcmc] Progress @ 2026-09-19 14:00:20 : 8997 steps taken, and 2440 accepted.
[0 : mcmc] Progress @ 2026-09-19 14:00:33 : 8864 steps taken, and 2331 accepted.
[3 : mcmc] Progress @ 2026-09-19 14:01:01 : 9530 steps taken, and 2509 accepted.
[2 : mcmc] Progress @ 2026-09-19 14:01:10 : 9578 steps taken, and 2451 accepted.
[1 : mcmc] Progress @ 2026-09-19 14:01:20 : 9060 steps taken, and 2448 accepted.
[0 : mcmc] Progress @ 2026-09-19 14:01:44 : 8899 steps taken, and 2337 accepted.
[2 : mcmc] Progress @ 2026-09-19 14:02:11 : 9611 steps taken, and 2455 accepted.
[3 : mcmc] Progress @ 2026-09-19 14:02:11 : 9554 steps taken, and 2515 accepted.
[1 : mcmc] Progress @ 2026-09-19 14:02:20 : 9100 steps taken, and 2453 accepted.
[3 : mcmc] Learn + convergence test @ 2520 samples accepted.
[3 : mcmc] Ready to check convergence and learn a new proposal covmat (waiting for the rest...)
[0 : mcmc] Progress @ 2026-09-19 14:02:49 : 8944 steps taken, and 2348 accepted.
[2 : mcmc] Progress @ 2026-09-19 14:03:11 : 9641 steps taken, and 2462 accepted.
[3 : mcmc] Progress @ 2026-09-19 14:03:12 : 9619 steps taken, and 2527 accepted.
[1 : mcmc] Progress @ 2026-09-19 14:03:20 : 9138 steps taken, and 2461 accepted.
[0 : mcmc] Progress @ 2026-09-19 14:03:49 : 9008 steps taken, and 2360 accepted.
[1 : mcmc] Progress @ 2026-09-19 14:04:21 : 9170 steps taken, and 2467 accepted.
[2 : mcmc] Progress @ 2026-09-19 14:04:25 : 9684 steps taken, and 2471 accepted.
[3 : mcmc] Progress @ 2026-09-19 14:04:29 : 9658 steps taken, and 2532 accepted.
[0 : mcmc] Progress @ 2026-09-19 14:04:50 : 9047 steps taken, and 2367 accepted.
[1 : mcmc] Progress @ 2026-09-19 14:05:21 : 9201 steps taken, and 2473 accepted.
[2 : mcmc] Progress @ 2026-09-19 14:05:25 : 9714 steps taken, and 2478 accepted.
[3 : mcmc] Progress @ 2026-09-19 14:05:29 : 9690 steps taken, and 2540 accepted.
[0 : mcmc] Progress @ 2026-09-19 14:06:00 : 9099 steps taken, and 2377 accepted.
[1 : mcmc] Progress @ 2026-09-19 14:06:21 : 9232 steps taken, and 2478 accepted.
[2 : mcmc] Progress @ 2026-09-19 14:06:25 : 9743 steps taken, and 2482 accepted.
[3 : mcmc] Progress @ 2026-09-19 14:06:30 : 9755 steps taken, and 2548 accepted.
[0 : mcmc] Progress @ 2026-09-19 14:07:00 : 9134 steps taken, and 2384 accepted.
[3 : mcmc] Progress @ 2026-09-19 14:07:31 : 9798 steps taken, and 2556 accepted.
[1 : mcmc] Progress @ 2026-09-19 14:07:33 : 9261 steps taken, and 2484 accepted.
[2 : mcmc] Progress @ 2026-09-19 14:07:42 : 9784 steps taken, and 2488 accepted.
[0 : mcmc] Progress @ 2026-09-19 14:08:02 : 9168 steps taken, and 2389 accepted.
[3 : mcmc] Progress @ 2026-09-19 14:08:32 : 9853 steps taken, and 2567 accepted.
[1 : mcmc] Progress @ 2026-09-19 14:08:50 : 9300 steps taken, and 2492 accepted.
[2 : mcmc] Progress @ 2026-09-19 14:08:53 : 9802 steps taken, and 2492 accepted.
[0 : mcmc] Progress @ 2026-09-19 14:09:17 : 9188 steps taken, and 2393 accepted.
[3 : mcmc] Progress @ 2026-09-19 14:09:33 : 9878 steps taken, and 2573 accepted.
[1 : mcmc] Progress @ 2026-09-19 14:09:50 : 9359 steps taken, and 2502 accepted.
[0 : mcmc] Progress @ 2026-09-19 14:10:18 : 9217 steps taken, and 2397 accepted.
[2 : mcmc] Progress @ 2026-09-19 14:10:19 : 9833 steps taken, and 2499 accepted.
[3 : mcmc] Progress @ 2026-09-19 14:10:33 : 9917 steps taken, and 2580 accepted.
[1 : mcmc] Progress @ 2026-09-19 14:11:06 : 9397 steps taken, and 2509 accepted.
[0 : mcmc] Progress @ 2026-09-19 14:11:19 : 9246 steps taken, and 2403 accepted.
[2 : mcmc] Progress @ 2026-09-19 14:11:22 : 9865 steps taken, and 2505 accepted.
[3 : mcmc] Progress @ 2026-09-19 14:11:34 : 9955 steps taken, and 2588 accepted.
[1 : mcmc] Progress @ 2026-09-19 14:12:08 : 9441 steps taken, and 2516 accepted.
[0 : mcmc] Progress @ 2026-09-19 14:12:21 : 9278 steps taken, and 2410 accepted.
[2 : mcmc] Progress @ 2026-09-19 14:12:34 : 9885 steps taken, and 2508 accepted.
[3 : mcmc] Progress @ 2026-09-19 14:12:34 : 9995 steps taken, and 2594 accepted.
[1 : mcmc] Progress @ 2026-09-19 14:13:09 : 9458 steps taken, and 2518 accepted.
[1 : mcmc] Learn + convergence test @ 2520 samples accepted.
[1 : mcmc] Ready to check convergence and learn a new proposal covmat (waiting for the rest...)
[0 : mcmc] Progress @ 2026-09-19 14:13:22 : 9339 steps taken, and 2421 accepted.
[2 : mcmc] Progress @ 2026-09-19 14:13:34 : 9920 steps taken, and 2514 accepted.
[3 : mcmc] Progress @ 2026-09-19 14:13:35 : 10036 steps taken, and 2602 accepted.
[1 : mcmc] Progress @ 2026-09-19 14:14:10 : 9490 steps taken, and 2523 accepted.
[0 : mcmc] Progress @ 2026-09-19 14:14:22 : 9378 steps taken, and 2427 accepted.
[2 : mcmc] Learn + convergence test @ 2520 samples accepted.
[2 : mcmc] Ready to check convergence and learn a new proposal covmat (waiting for the rest...)
[2 : mcmc] Progress @ 2026-09-19 14:14:35 : 9950 steps taken, and 2521 accepted.
[3 : mcmc] Progress @ 2026-09-19 14:14:35 : 10101 steps taken, and 2613 accepted.
[1 : mcmc] Progress @ 2026-09-19 14:15:11 : 9519 steps taken, and 2528 accepted.
[0 : mcmc] Progress @ 2026-09-19 14:15:22 : 9441 steps taken, and 2438 accepted.
[3 : mcmc] Progress @ 2026-09-19 14:15:35 : 10143 steps taken, and 2622 accepted.
[2 : mcmc] Progress @ 2026-09-19 14:15:42 : 9964 steps taken, and 2523 accepted.
[1 : mcmc] Progress @ 2026-09-19 14:16:11 : 9551 steps taken, and 2535 accepted.
[0 : mcmc] Progress @ 2026-09-19 14:16:23 : 9480 steps taken, and 2446 accepted.
[3 : mcmc] Progress @ 2026-09-19 14:16:50 : 10205 steps taken, and 2631 accepted.
[2 : mcmc] Progress @ 2026-09-19 14:16:56 : 10007 steps taken, and 2532 accepted.
[1 : mcmc] Progress @ 2026-09-19 14:17:12 : 9580 steps taken, and 2539 accepted.
[0 : mcmc] Progress @ 2026-09-19 14:17:23 : 9521 steps taken, and 2454 accepted.
[2 : mcmc] Progress @ 2026-09-19 14:17:57 : 10036 steps taken, and 2538 accepted.
[3 : mcmc] Progress @ 2026-09-19 14:18:05 : 10241 steps taken, and 2635 accepted.
[1 : mcmc] Progress @ 2026-09-19 14:18:37 : 9633 steps taken, and 2550 accepted.
[0 : mcmc] Progress @ 2026-09-19 14:18:42 : 9580 steps taken, and 2464 accepted.
[2 : mcmc] Progress @ 2026-09-19 14:18:57 : 10088 steps taken, and 2548 accepted.
[3 : mcmc] Progress @ 2026-09-19 14:19:21 : 10284 steps taken, and 2644 accepted.
[1 : mcmc] Progress @ 2026-09-19 14:19:37 : 9654 steps taken, and 2552 accepted.
[0 : mcmc] Progress @ 2026-09-19 14:19:43 : 9640 steps taken, and 2476 accepted.
[2 : mcmc] Progress @ 2026-09-19 14:20:12 : 10133 steps taken, and 2558 accepted.
[3 : mcmc] Progress @ 2026-09-19 14:20:21 : 10321 steps taken, and 2650 accepted.
[1 : mcmc] Progress @ 2026-09-19 14:20:50 : 9702 steps taken, and 2561 accepted.
[0 : mcmc] Progress @ 2026-09-19 14:21:04 : 9681 steps taken, and 2482 accepted.
[2 : mcmc] Progress @ 2026-09-19 14:21:20 : 10169 steps taken, and 2566 accepted.
[3 : mcmc] Progress @ 2026-09-19 14:21:22 : 10376 steps taken, and 2660 accepted.
[1 : mcmc] Progress @ 2026-09-19 14:22:06 : 9745 steps taken, and 2566 accepted.
[0 : mcmc] Progress @ 2026-09-19 14:22:18 : 9716 steps taken, and 2489 accepted.
[2 : mcmc] Progress @ 2026-09-19 14:22:20 : 10215 steps taken, and 2576 accepted.
[3 : mcmc] Progress @ 2026-09-19 14:22:23 : 10388 steps taken, and 2661 accepted.
[1 : mcmc] Progress @ 2026-09-19 14:23:16 : 9772 steps taken, and 2571 accepted.
[0 : mcmc] Progress @ 2026-09-19 14:23:18 : 9746 steps taken, and 2496 accepted.
[2 : mcmc] Progress @ 2026-09-19 14:23:20 : 10234 steps taken, and 2579 accepted.
[3 : mcmc] Progress @ 2026-09-19 14:23:24 : 10430 steps taken, and 2669 accepted.
[0 : mcmc] Progress @ 2026-09-19 14:24:19 : 9776 steps taken, and 2500 accepted.
[3 : mcmc] Progress @ 2026-09-19 14:24:29 : 10444 steps taken, and 2672 accepted.
[1 : mcmc] Progress @ 2026-09-19 14:24:31 : 9826 steps taken, and 2582 accepted.
[2 : mcmc] Progress @ 2026-09-19 14:24:38 : 10269 steps taken, and 2586 accepted.
[2 : mcmc] Progress @ 2026-09-19 14:25:38 : 10311 steps taken, and 2593 accepted.
[0 : mcmc] Progress @ 2026-09-19 14:25:44 : 9806 steps taken, and 2505 accepted.
[1 : mcmc] Progress @ 2026-09-19 14:25:45 : 9885 steps taken, and 2590 accepted.
[3 : mcmc] Progress @ 2026-09-19 14:25:49 : 10485 steps taken, and 2678 accepted.
[0 : mcmc] Progress @ 2026-09-19 14:26:45 : 9836 steps taken, and 2511 accepted.
[2 : mcmc] Progress @ 2026-09-19 14:26:45 : 10351 steps taken, and 2602 accepted.
[1 : mcmc] Progress @ 2026-09-19 14:27:00 : 9932 steps taken, and 2601 accepted.
[3 : mcmc] Progress @ 2026-09-19 14:27:08 : 10531 steps taken, and 2685 accepted.
[0 : mcmc] Progress @ 2026-09-19 14:27:47 : 9846 steps taken, and 2512 accepted.
[2 : mcmc] Progress @ 2026-09-19 14:27:58 : 10409 steps taken, and 2611 accepted.
[1 : mcmc] Progress @ 2026-09-19 14:28:00 : 9961 steps taken, and 2608 accepted.
[3 : mcmc] Progress @ 2026-09-19 14:28:22 : 10574 steps taken, and 2692 accepted.
[0 : mcmc] Progress @ 2026-09-19 14:28:53 : 9880 steps taken, and 2518 accepted.
[2 : mcmc] Progress @ 2026-09-19 14:28:59 : 10449 steps taken, and 2618 accepted.
[1 : mcmc] Progress @ 2026-09-19 14:29:01 : 9990 steps taken, and 2615 accepted.
[0 : mcmc] Learn + convergence test @ 2520 samples accepted.
[0 : mcmc] Ready to check convergence and learn a new proposal covmat (waiting for the rest...)
[0 : mcmc] All chains are ready to check convergence and learn a new proposal covmat
[0 : mcmc]  - Acceptance rate: 0.748 = avg([0.7478, 0.7558, 0.7429, 0.7470])
[0 : mcmc]  - Convergence of means: R-1 = 0.030248 after 10459 accepted steps = sum([2520, 2618, 2623, 2698])
[0 : mcmc]  - Updated covariance matrix of proposal pdf.
[3 : mcmc] Progress @ 2026-09-19 14:29:46 : 10597 steps taken, and 2698 accepted.
[0 : mcmc] Progress @ 2026-09-19 14:29:53 : 9899 steps taken, and 2520 accepted.
[2 : mcmc] Progress @ 2026-09-19 14:30:07 : 10475 steps taken, and 2625 accepted.
[1 : mcmc] Progress @ 2026-09-19 14:30:17 : 10012 steps taken, and 2619 accepted.
[3 : mcmc] Progress @ 2026-09-19 14:30:47 : 10627 steps taken, and 2704 accepted.
[0 : mcmc] Progress @ 2026-09-19 14:31:11 : 9944 steps taken, and 2524 accepted.
[2 : mcmc] Progress @ 2026-09-19 14:31:22 : 10512 steps taken, and 2632 accepted.
[1 : mcmc] Progress @ 2026-09-19 14:31:37 : 10036 steps taken, and 2622 accepted.
[3 : mcmc] Progress @ 2026-09-19 14:32:07 : 10651 steps taken, and 2710 accepted.
[0 : mcmc] Progress @ 2026-09-19 14:32:16 : 9979 steps taken, and 2533 accepted.
[2 : mcmc] Progress @ 2026-09-19 14:32:22 : 10578 steps taken, and 2642 accepted.
[1 : mcmc] Progress @ 2026-09-19 14:32:49 : 10081 steps taken, and 2629 accepted.
[3 : mcmc] Progress @ 2026-09-19 14:33:07 : 10681 steps taken, and 2716 accepted.
[0 : mcmc] Progress @ 2026-09-19 14:33:33 : 10001 steps taken, and 2537 accepted.
[2 : mcmc] Progress @ 2026-09-19 14:33:38 : 10614 steps taken, and 2645 accepted.
[1 : mcmc] Progress @ 2026-09-19 14:34:03 : 10122 steps taken, and 2636 accepted.
[3 : mcmc] Progress @ 2026-09-19 14:34:14 : 10734 steps taken, and 2726 accepted.
[2 : mcmc] Progress @ 2026-09-19 14:34:39 : 10651 steps taken, and 2649 accepted.
[0 : mcmc] Progress @ 2026-09-19 14:34:48 : 10043 steps taken, and 2543 accepted.
[1 : mcmc] Progress @ 2026-09-19 14:35:04 : 10133 steps taken, and 2637 accepted.
[3 : mcmc] Progress @ 2026-09-19 14:35:25 : 10780 steps taken, and 2736 accepted.
[2 : mcmc] Progress @ 2026-09-19 14:35:39 : 10672 steps taken, and 2651 accepted.
[0 : mcmc] Progress @ 2026-09-19 14:35:56 : 10057 steps taken, and 2545 accepted.
[1 : mcmc] Progress @ 2026-09-19 14:36:09 : 10171 steps taken, and 2643 accepted.
[2 : mcmc] Progress @ 2026-09-19 14:36:42 : 10716 steps taken, and 2661 accepted.
[3 : mcmc] Progress @ 2026-09-19 14:36:43 : 10815 steps taken, and 2741 accepted.
[0 : mcmc] Progress @ 2026-09-19 14:37:04 : 10070 steps taken, and 2548 accepted.
[1 : mcmc] Progress @ 2026-09-19 14:37:23 : 10191 steps taken, and 2646 accepted.
[3 : mcmc] Progress @ 2026-09-19 14:37:43 : 10845 steps taken, and 2745 accepted.
[2 : mcmc] Progress @ 2026-09-19 14:37:46 : 10782 steps taken, and 2676 accepted.
[0 : mcmc] Progress @ 2026-09-19 14:38:04 : 10100 steps taken, and 2554 accepted.
[2 : mcmc] Progress @ 2026-09-19 14:38:46 : 10846 steps taken, and 2690 accepted.
[1 : mcmc] Progress @ 2026-09-19 14:38:47 : 10242 steps taken, and 2656 accepted.
[0 : mcmc] Progress @ 2026-09-19 14:39:04 : 10153 steps taken, and 2565 accepted.
[3 : mcmc] Progress @ 2026-09-19 14:39:07 : 10873 steps taken, and 2750 accepted.
[1 : mcmc] Progress @ 2026-09-19 14:39:48 : 10273 steps taken, and 2661 accepted.
[2 : mcmc] Progress @ 2026-09-19 14:39:57 : 10891 steps taken, and 2699 accepted.
[0 : mcmc] Progress @ 2026-09-19 14:40:05 : 10175 steps taken, and 2569 accepted.
[3 : mcmc] Progress @ 2026-09-19 14:40:08 : 10925 steps taken, and 2761 accepted.
[2 : mcmc] Progress @ 2026-09-19 14:40:58 : 10921 steps taken, and 2706 accepted.
[1 : mcmc] Progress @ 2026-09-19 14:41:07 : 10295 steps taken, and 2664 accepted.
[0 : mcmc] Progress @ 2026-09-19 14:41:18 : 10235 steps taken, and 2581 accepted.
[3 : mcmc] Progress @ 2026-09-19 14:41:20 : 10942 steps taken, and 2764 accepted.
[2 : mcmc] Progress @ 2026-09-19 14:41:59 : 10952 steps taken, and 2709 accepted.
[1 : mcmc] Progress @ 2026-09-19 14:42:07 : 10324 steps taken, and 2672 accepted.
[3 : mcmc] Progress @ 2026-09-19 14:42:24 : 10976 steps taken, and 2770 accepted.
[0 : mcmc] Progress @ 2026-09-19 14:42:26 : 10283 steps taken, and 2591 accepted.
[1 : mcmc] Progress @ 2026-09-19 14:43:08 : 10351 steps taken, and 2677 accepted.
[2 : mcmc] Progress @ 2026-09-19 14:43:17 : 10990 steps taken, and 2716 accepted.
[0 : mcmc] Progress @ 2026-09-19 14:43:27 : 10321 steps taken, and 2599 accepted.
[3 : mcmc] Progress @ 2026-09-19 14:43:44 : 11026 steps taken, and 2779 accepted.
[2 : mcmc] Progress @ 2026-09-19 14:44:18 : 11020 steps taken, and 2720 accepted.
[1 : mcmc] Progress @ 2026-09-19 14:44:20 : 10432 steps taken, and 2690 accepted.
[0 : mcmc] Progress @ 2026-09-19 14:44:27 : 10354 steps taken, and 2606 accepted.
[3 : mcmc] Progress @ 2026-09-19 14:45:00 : 11048 steps taken, and 2780 accepted.
[2 : mcmc] Progress @ 2026-09-19 14:45:21 : 11060 steps taken, and 2726 accepted.
[1 : mcmc] Progress @ 2026-09-19 14:45:21 : 10469 steps taken, and 2699 accepted.
[0 : mcmc] Progress @ 2026-09-19 14:45:48 : 10402 steps taken, and 2615 accepted.
[2 : mcmc] Progress @ 2026-09-19 14:46:21 : 11121 steps taken, and 2739 accepted.
[3 : mcmc] Progress @ 2026-09-19 14:46:25 : 11086 steps taken, and 2787 accepted.
[1 : mcmc] Progress @ 2026-09-19 14:46:27 : 10489 steps taken, and 2701 accepted.
[0 : mcmc] Progress @ 2026-09-19 14:46:49 : 10453 steps taken, and 2626 accepted.
[2 : mcmc] Progress @ 2026-09-19 14:47:21 : 11145 steps taken, and 2743 accepted.
[3 : mcmc] Progress @ 2026-09-19 14:47:40 : 11113 steps taken, and 2792 accepted.
[1 : mcmc] Progress @ 2026-09-19 14:47:42 : 10545 steps taken, and 2711 accepted.
[0 : mcmc] Progress @ 2026-09-19 14:47:50 : 10471 steps taken, and 2629 accepted.
[2 : mcmc] Progress @ 2026-09-19 14:48:21 : 11179 steps taken, and 2750 accepted.
[1 : mcmc] Progress @ 2026-09-19 14:48:43 : 10584 steps taken, and 2717 accepted.
[0 : mcmc] Progress @ 2026-09-19 14:48:51 : 10502 steps taken, and 2634 accepted.
[3 : mcmc] Progress @ 2026-09-19 14:48:56 : 11174 steps taken, and 2805 accepted.
[2 : mcmc] Progress @ 2026-09-19 14:49:43 : 11205 steps taken, and 2755 accepted.
[1 : mcmc] Progress @ 2026-09-19 14:49:57 : 10620 steps taken, and 2725 accepted.
[0 : mcmc] Progress @ 2026-09-19 14:49:57 : 10538 steps taken, and 2639 accepted.
[3 : mcmc] Progress @ 2026-09-19 14:50:10 : 11234 steps taken, and 2816 accepted.
[2 : mcmc] Progress @ 2026-09-19 14:50:44 : 11235 steps taken, and 2763 accepted.
[1 : mcmc] Progress @ 2026-09-19 14:51:05 : 10670 steps taken, and 2736 accepted.
[0 : mcmc] Progress @ 2026-09-19 14:51:11 : 10557 steps taken, and 2644 accepted.
[3 : mcmc] Progress @ 2026-09-19 14:51:16 : 11257 steps taken, and 2821 accepted.
[2 : mcmc] Progress @ 2026-09-19 14:51:44 : 11272 steps taken, and 2769 accepted.
[1 : mcmc] Progress @ 2026-09-19 14:52:05 : 10735 steps taken, and 2749 accepted.
[0 : mcmc] Progress @ 2026-09-19 14:52:12 : 10587 steps taken, and 2651 accepted.
[3 : mcmc] Progress @ 2026-09-19 14:52:37 : 11288 steps taken, and 2827 accepted.
[2 : mcmc] Progress @ 2026-09-19 14:52:44 : 11310 steps taken, and 2777 accepted.
[1 : mcmc] Progress @ 2026-09-19 14:53:05 : 10774 steps taken, and 2755 accepted.
[0 : mcmc] Progress @ 2026-09-19 14:53:12 : 10636 steps taken, and 2661 accepted.
[2 : mcmc] Progress @ 2026-09-19 14:53:45 : 11351 steps taken, and 2786 accepted.
[3 : mcmc] Progress @ 2026-09-19 14:53:47 : 11326 steps taken, and 2833 accepted.
[1 : mcmc] Progress @ 2026-09-19 14:54:05 : 10836 steps taken, and 2764 accepted.
[0 : mcmc] Progress @ 2026-09-19 14:54:19 : 10649 steps taken, and 2664 accepted.
[2 : mcmc] Progress @ 2026-09-19 14:54:47 : 11393 steps taken, and 2796 accepted.
[3 : mcmc] Progress @ 2026-09-19 14:54:48 : 11379 steps taken, and 2844 accepted.
[1 : mcmc] Progress @ 2026-09-19 14:55:06 : 10875 steps taken, and 2773 accepted.
[0 : mcmc] Progress @ 2026-09-19 14:55:29 : 10689 steps taken, and 2669 accepted.
[2 : mcmc] Progress @ 2026-09-19 14:56:01 : 11455 steps taken, and 2805 accepted.
[1 : mcmc] Progress @ 2026-09-19 14:56:06 : 10939 steps taken, and 2787 accepted.
[3 : mcmc] Progress @ 2026-09-19 14:56:06 : 11405 steps taken, and 2850 accepted.
[0 : mcmc] Progress @ 2026-09-19 14:56:29 : 10718 steps taken, and 2674 accepted.
[2 : mcmc] Progress @ 2026-09-19 14:57:02 : 11496 steps taken, and 2812 accepted.
[3 : mcmc] Progress @ 2026-09-19 14:57:06 : 11434 steps taken, and 2854 accepted.
[1 : mcmc] Progress @ 2026-09-19 14:57:09 : 10984 steps taken, and 2795 accepted.
[0 : mcmc] Progress @ 2026-09-19 14:57:38 : 10732 steps taken, and 2677 accepted.
[2 : mcmc] Progress @ 2026-09-19 14:58:03 : 11561 steps taken, and 2826 accepted.
[3 : mcmc] Progress @ 2026-09-19 14:58:07 : 11463 steps taken, and 2859 accepted.
[1 : mcmc] Progress @ 2026-09-19 14:58:22 : 11041 steps taken, and 2805 accepted.
[0 : mcmc] Progress @ 2026-09-19 14:58:38 : 10739 steps taken, and 2680 accepted.
[2 : mcmc] Progress @ 2026-09-19 14:59:04 : 11601 steps taken, and 2835 accepted.
[3 : mcmc] Progress @ 2026-09-19 14:59:07 : 11471 steps taken, and 2860 accepted.
[1 : mcmc] Progress @ 2026-09-19 14:59:22 : 11079 steps taken, and 2812 accepted.
[0 : mcmc] Progress @ 2026-09-19 14:59:55 : 10783 steps taken, and 2689 accepted.
[2 : mcmc] Progress @ 2026-09-19 15:00:04 : 11665 steps taken, and 2848 accepted.
[3 : mcmc] Progress @ 2026-09-19 15:00:07 : 11501 steps taken, and 2862 accepted.
[1 : mcmc] Progress @ 2026-09-19 15:00:27 : 11123 steps taken, and 2819 accepted.
[0 : mcmc] Progress @ 2026-09-19 15:01:02 : 10818 steps taken, and 2697 accepted.
[2 : mcmc] Progress @ 2026-09-19 15:01:21 : 11690 steps taken, and 2852 accepted.
[3 : mcmc] Progress @ 2026-09-19 15:01:25 : 11549 steps taken, and 2874 accepted.
[1 : mcmc] Progress @ 2026-09-19 15:01:32 : 11170 steps taken, and 2830 accepted.
[0 : mcmc] Progress @ 2026-09-19 15:02:03 : 10847 steps taken, and 2704 accepted.
[3 : mcmc] Learn + convergence test @ 2880 samples accepted.
[3 : mcmc] Ready to check convergence and learn a new proposal covmat (waiting for the rest...)
[3 : mcmc] Progress @ 2026-09-19 15:02:25 : 11578 steps taken, and 2880 accepted.
[1 : mcmc] Progress @ 2026-09-19 15:02:32 : 11210 steps taken, and 2838 accepted.
[2 : mcmc] Progress @ 2026-09-19 15:02:41 : 11713 steps taken, and 2857 accepted.
[0 : mcmc] Progress @ 2026-09-19 15:03:03 : 10877 steps taken, and 2708 accepted.
[3 : mcmc] Progress @ 2026-09-19 15:03:32 : 11614 steps taken, and 2886 accepted.
[1 : mcmc] Progress @ 2026-09-19 15:03:33 : 11250 steps taken, and 2844 accepted.
[2 : mcmc] Progress @ 2026-09-19 15:03:57 : 11734 steps taken, and 2862 accepted.
[0 : mcmc] Progress @ 2026-09-19 15:04:03 : 10906 steps taken, and 2715 accepted.
[1 : mcmc] Progress @ 2026-09-19 15:04:39 : 11299 steps taken, and 2855 accepted.
[3 : mcmc] Progress @ 2026-09-19 15:04:45 : 11634 steps taken, and 2890 accepted.
[2 : mcmc] Progress @ 2026-09-19 15:05:08 : 11775 steps taken, and 2871 accepted.
[0 : mcmc] Progress @ 2026-09-19 15:05:10 : 10919 steps taken, and 2717 accepted.
[2 : mcmc] Learn + convergence test @ 2880 samples accepted.
[2 : mcmc] Ready to check convergence and learn a new proposal covmat (waiting for the rest...)
[1 : mcmc] Progress @ 2026-09-19 15:05:55 : 11335 steps taken, and 2863 accepted.
[3 : mcmc] Progress @ 2026-09-19 15:06:08 : 11664 steps taken, and 2896 accepted.
[2 : mcmc] Progress @ 2026-09-19 15:06:16 : 11812 steps taken, and 2880 accepted.
[0 : mcmc] Progress @ 2026-09-19 15:06:21 : 10936 steps taken, and 2721 accepted.
[1 : mcmc] Progress @ 2026-09-19 15:07:00 : 11382 steps taken, and 2871 accepted.
[0 : mcmc] Progress @ 2026-09-19 15:07:22 : 10964 steps taken, and 2725 accepted.
[2 : mcmc] Progress @ 2026-09-19 15:07:25 : 11824 steps taken, and 2882 accepted.
[3 : mcmc] Progress @ 2026-09-19 15:07:32 : 11712 steps taken, and 2901 accepted.
[1 : mcmc] Progress @ 2026-09-19 15:08:03 : 11413 steps taken, and 2876 accepted.
[0 : mcmc] Progress @ 2026-09-19 15:08:23 : 10993 steps taken, and 2731 accepted.
[2 : mcmc] Progress @ 2026-09-19 15:08:26 : 11857 steps taken, and 2888 accepted.
[3 : mcmc] Progress @ 2026-09-19 15:08:34 : 11755 steps taken, and 2909 accepted.
[1 : mcmc] Learn + convergence test @ 2880 samples accepted.
[1 : mcmc] Ready to check convergence and learn a new proposal covmat (waiting for the rest...)
[1 : mcmc] Progress @ 2026-09-19 15:09:03 : 11449 steps taken, and 2882 accepted.
[2 : mcmc] Progress @ 2026-09-19 15:09:26 : 11879 steps taken, and 2893 accepted.
[3 : mcmc] Progress @ 2026-09-19 15:09:35 : 11808 steps taken, and 2919 accepted.
[0 : mcmc] Progress @ 2026-09-19 15:09:35 : 11012 steps taken, and 2736 accepted.
[2 : mcmc] Progress @ 2026-09-19 15:10:26 : 11908 steps taken, and 2900 accepted.
[1 : mcmc] Progress @ 2026-09-19 15:10:30 : 11479 steps taken, and 2885 accepted.
[3 : mcmc] Progress @ 2026-09-19 15:10:35 : 11848 steps taken, and 2926 accepted.
[0 : mcmc] Progress @ 2026-09-19 15:10:35 : 11079 steps taken, and 2747 accepted.
[1 : mcmc] Progress @ 2026-09-19 15:11:30 : 11500 steps taken, and 2890 accepted.
[0 : mcmc] Progress @ 2026-09-19 15:11:36 : 11118 steps taken, and 2756 accepted.
[2 : mcmc] Progress @ 2026-09-19 15:11:51 : 11960 steps taken, and 2910 accepted.
[3 : mcmc] Progress @ 2026-09-19 15:11:51 : 11911 steps taken, and 2935 accepted.
[0 : mcmc] Progress @ 2026-09-19 15:12:36 : 11183 steps taken, and 2770 accepted.
[1 : mcmc] Progress @ 2026-09-19 15:12:45 : 11560 steps taken, and 2903 accepted.
[2 : mcmc] Progress @ 2026-09-19 15:12:51 : 11989 steps taken, and 2917 accepted.
[3 : mcmc] Progress @ 2026-09-19 15:13:00 : 11963 steps taken, and 2944 accepted.
[1 : mcmc] Progress @ 2026-09-19 15:13:51 : 11606 steps taken, and 2913 accepted.
[2 : mcmc] Progress @ 2026-09-19 15:13:52 : 12020 steps taken, and 2924 accepted.
[0 : mcmc] Progress @ 2026-09-19 15:13:53 : 11222 steps taken, and 2776 accepted.
[3 : mcmc] Progress @ 2026-09-19 15:14:10 : 12016 steps taken, and 2958 accepted.
[1 : mcmc] Progress @ 2026-09-19 15:14:51 : 11645 steps taken, and 2919 accepted.
[2 : mcmc] Progress @ 2026-09-19 15:14:57 : 12032 steps taken, and 2926 accepted.
[0 : mcmc] Progress @ 2026-09-19 15:14:58 : 11269 steps taken, and 2787 accepted.
[3 : mcmc] Progress @ 2026-09-19 15:15:11 : 12055 steps taken, and 2965 accepted.
[1 : mcmc] Progress @ 2026-09-19 15:15:52 : 11683 steps taken, and 2926 accepted.
[2 : mcmc] Progress @ 2026-09-19 15:16:07 : 12069 steps taken, and 2933 accepted.
[0 : mcmc] Progress @ 2026-09-19 15:16:07 : 11322 steps taken, and 2797 accepted.
[3 : mcmc] Progress @ 2026-09-19 15:16:11 : 12096 steps taken, and 2974 accepted.
[1 : mcmc] Progress @ 2026-09-19 15:17:02 : 11739 steps taken, and 2940 accepted.
[0 : mcmc] Progress @ 2026-09-19 15:17:07 : 11391 steps taken, and 2808 accepted.
[3 : mcmc] Progress @ 2026-09-19 15:17:26 : 12160 steps taken, and 2988 accepted.
[2 : mcmc] Progress @ 2026-09-19 15:17:33 : 12124 steps taken, and 2942 accepted.
[0 : mcmc] Progress @ 2026-09-19 15:18:18 : 11446 steps taken, and 2816 accepted.
[3 : mcmc] Progress @ 2026-09-19 15:18:26 : 12200 steps taken, and 2995 accepted.
[1 : mcmc] Progress @ 2026-09-19 15:18:26 : 11770 steps taken, and 2946 accepted.
[2 : mcmc] Progress @ 2026-09-19 15:18:34 : 12153 steps taken, and 2947 accepted.
[0 : mcmc] Progress @ 2026-09-19 15:19:22 : 11490 steps taken, and 2825 accepted.
[3 : mcmc] Progress @ 2026-09-19 15:19:27 : 12240 steps taken, and 3003 accepted.
[2 : mcmc] Progress @ 2026-09-19 15:19:37 : 12185 steps taken, and 2953 accepted.
[1 : mcmc] Progress @ 2026-09-19 15:19:48 : 11818 steps taken, and 2956 accepted.
[0 : mcmc] Progress @ 2026-09-19 15:20:24 : 11532 steps taken, and 2833 accepted.
[3 : mcmc] Progress @ 2026-09-19 15:20:27 : 12279 steps taken, and 3012 accepted.
[2 : mcmc] Progress @ 2026-09-19 15:20:37 : 12214 steps taken, and 2958 accepted.
[1 : mcmc] Progress @ 2026-09-19 15:20:49 : 11848 steps taken, and 2962 accepted.
[0 : mcmc] Progress @ 2026-09-19 15:21:25 : 11596 steps taken, and 2847 accepted.
[2 : mcmc] Progress @ 2026-09-19 15:21:38 : 12243 steps taken, and 2964 accepted.
[3 : mcmc] Progress @ 2026-09-19 15:21:38 : 12333 steps taken, and 3024 accepted.
[1 : mcmc] Progress @ 2026-09-19 15:21:50 : 11878 steps taken, and 2967 accepted.
[0 : mcmc] Progress @ 2026-09-19 15:22:37 : 11630 steps taken, and 2855 accepted.
[3 : mcmc] Progress @ 2026-09-19 15:22:38 : 12398 steps taken, and 3037 accepted.
[1 : mcmc] Progress @ 2026-09-19 15:22:51 : 11909 steps taken, and 2972 accepted.
[2 : mcmc] Progress @ 2026-09-19 15:22:56 : 12266 steps taken, and 2969 accepted.
[3 : mcmc] Progress @ 2026-09-19 15:23:38 : 12439 steps taken, and 3042 accepted.
[0 : mcmc] Progress @ 2026-09-19 15:23:53 : 11693 steps taken, and 2867 accepted.
[2 : mcmc] Progress @ 2026-09-19 15:23:57 : 12295 steps taken, and 2973 accepted.
[1 : mcmc] Progress @ 2026-09-19 15:23:59 : 11945 steps taken, and 2977 accepted.
[3 : mcmc] Progress @ 2026-09-19 15:24:43 : 12485 steps taken, and 3050 accepted.
[0 : mcmc] Progress @ 2026-09-19 15:24:54 : 11751 steps taken, and 2878 accepted.
[1 : mcmc] Progress @ 2026-09-19 15:25:07 : 11982 steps taken, and 2984 accepted.
[2 : mcmc] Progress @ 2026-09-19 15:25:15 : 12318 steps taken, and 2978 accepted.
[0 : mcmc] Learn + convergence test @ 2880 samples accepted.
[0 : mcmc] Ready to check convergence and learn a new proposal covmat (waiting for the rest...)
[0 : mcmc] All chains are ready to check convergence and learn a new proposal covmat
[0 : mcmc]  - Acceptance rate: 0.746 = avg([0.7473, 0.7494, 0.7387, 0.7490])
[0 : mcmc]  - Convergence of means: R-1 = 0.032854 after 11911 accepted steps = sum([2880, 2990, 2980, 3061])
[0 : mcmc]  - Updated covariance matrix of proposal pdf.
[3 : mcmc] Progress @ 2026-09-19 15:26:04 : 12537 steps taken, and 3061 accepted.
[0 : mcmc] Progress @ 2026-09-19 15:26:05 : 11760 steps taken, and 2880 accepted.
[1 : mcmc] Progress @ 2026-09-19 15:26:07 : 12009 steps taken, and 2990 accepted.
[2 : mcmc] Progress @ 2026-09-19 15:26:16 : 12347 steps taken, and 2980 accepted.
[3 : mcmc] Progress @ 2026-09-19 15:27:05 : 12576 steps taken, and 3068 accepted.
[0 : mcmc] Progress @ 2026-09-19 15:27:05 : 11811 steps taken, and 2891 accepted.
[2 : mcmc] Progress @ 2026-09-19 15:27:16 : 12377 steps taken, and 2988 accepted.
[1 : mcmc] Progress @ 2026-09-19 15:27:21 : 12050 steps taken, and 2998 accepted.
[0 : mcmc] Progress @ 2026-09-19 15:28:06 : 11842 steps taken, and 2897 accepted.
[3 : mcmc] Progress @ 2026-09-19 15:28:12 : 12626 steps taken, and 3077 accepted.
[1 : mcmc] Progress @ 2026-09-19 15:28:30 : 12087 steps taken, and 3004 accepted.
[2 : mcmc] Progress @ 2026-09-19 15:28:35 : 12401 steps taken, and 2994 accepted.
[0 : mcmc] Progress @ 2026-09-19 15:29:07 : 11872 steps taken, and 2903 accepted.
[3 : mcmc] Progress @ 2026-09-19 15:29:25 : 12684 steps taken, and 3091 accepted.
[1 : mcmc] Progress @ 2026-09-19 15:29:31 : 12117 steps taken, and 3009 accepted.
[2 : mcmc] Progress @ 2026-09-19 15:29:35 : 12432 steps taken, and 3000 accepted.
[0 : mcmc] Progress @ 2026-09-19 15:30:07 : 11902 steps taken, and 2907 accepted.
[3 : mcmc] Progress @ 2026-09-19 15:30:27 : 12725 steps taken, and 3099 accepted.
[1 : mcmc] Progress @ 2026-09-19 15:30:40 : 12134 steps taken, and 3013 accepted.
[2 : mcmc] Progress @ 2026-09-19 15:30:52 : 12453 steps taken, and 3004 accepted.
[0 : mcmc] Progress @ 2026-09-19 15:31:25 : 11924 steps taken, and 2911 accepted.
[3 : mcmc] Progress @ 2026-09-19 15:31:41 : 12784 steps taken, and 3108 accepted.
[1 : mcmc] Progress @ 2026-09-19 15:31:41 : 12164 steps taken, and 3020 accepted.
[2 : mcmc] Progress @ 2026-09-19 15:32:05 : 12492 steps taken, and 3014 accepted.
[0 : mcmc] Progress @ 2026-09-19 15:32:25 : 11953 steps taken, and 2916 accepted.
[3 : mcmc] Progress @ 2026-09-19 15:32:41 : 12824 steps taken, and 3117 accepted.
[1 : mcmc] Progress @ 2026-09-19 15:32:41 : 12194 steps taken, and 3027 accepted.
[2 : mcmc] Progress @ 2026-09-19 15:33:05 : 12533 steps taken, and 3023 accepted.
[0 : mcmc] Progress @ 2026-09-19 15:33:25 : 11982 steps taken, and 2920 accepted.
[3 : mcmc] Progress @ 2026-09-19 15:33:42 : 12856 steps taken, and 3124 accepted.
[1 : mcmc] Progress @ 2026-09-19 15:33:42 : 12225 steps taken, and 3032 accepted.
[2 : mcmc] Progress @ 2026-09-19 15:34:05 : 12549 steps taken, and 3026 accepted.
[0 : mcmc] Progress @ 2026-09-19 15:34:35 : 12018 steps taken, and 2928 accepted.
[3 : mcmc] Progress @ 2026-09-19 15:34:42 : 12886 steps taken, and 3130 accepted.
[1 : mcmc] Progress @ 2026-09-19 15:34:54 : 12241 steps taken, and 3035 accepted.
[2 : mcmc] Progress @ 2026-09-19 15:35:22 : 12589 steps taken, and 3033 accepted.
[0 : mcmc] Progress @ 2026-09-19 15:35:36 : 12025 steps taken, and 2929 accepted.
[1 : mcmc] Progress @ 2026-09-19 15:35:55 : 12271 steps taken, and 3040 accepted.
[3 : mcmc] Progress @ 2026-09-19 15:35:56 : 12920 steps taken, and 3136 accepted.
[0 : mcmc] Progress @ 2026-09-19 15:36:46 : 12041 steps taken, and 2933 accepted.
[2 : mcmc] Progress @ 2026-09-19 15:36:49 : 12618 steps taken, and 3037 accepted.
[3 : mcmc] Progress @ 2026-09-19 15:37:09 : 12976 steps taken, and 3148 accepted.
[1 : mcmc] Progress @ 2026-09-19 15:37:14 : 12317 steps taken, and 3048 accepted.
[2 : mcmc] Progress @ 2026-09-19 15:37:50 : 12647 steps taken, and 3041 accepted.
[3 : mcmc] Progress @ 2026-09-19 15:38:09 : 13015 steps taken, and 3153 accepted.
[0 : mcmc] Progress @ 2026-09-19 15:38:13 : 12092 steps taken, and 2940 accepted.
[1 : mcmc] Progress @ 2026-09-19 15:38:29 : 12337 steps taken, and 3051 accepted.
[2 : mcmc] Progress @ 2026-09-19 15:38:58 : 12682 steps taken, and 3047 accepted.
[3 : mcmc] Progress @ 2026-09-19 15:39:15 : 13061 steps taken, and 3161 accepted.
[0 : mcmc] Progress @ 2026-09-19 15:39:32 : 12140 steps taken, and 2947 accepted.
[1 : mcmc] Progress @ 2026-09-19 15:39:45 : 12380 steps taken, and 3057 accepted.
[2 : mcmc] Progress @ 2026-09-19 15:40:10 : 12699 steps taken, and 3049 accepted.
[3 : mcmc] Progress @ 2026-09-19 15:40:24 : 13085 steps taken, and 3167 accepted.
[0 : mcmc] Progress @ 2026-09-19 15:40:32 : 12206 steps taken, and 2955 accepted.
[1 : mcmc] Progress @ 2026-09-19 15:41:02 : 12402 steps taken, and 3061 accepted.
[2 : mcmc] Progress @ 2026-09-19 15:41:10 : 12730 steps taken, and 3056 accepted.
[3 : mcmc] Progress @ 2026-09-19 15:41:25 : 13115 steps taken, and 3172 accepted.
[0 : mcmc] Progress @ 2026-09-19 15:41:32 : 12246 steps taken, and 2963 accepted.
[2 : mcmc] Progress @ 2026-09-19 15:42:11 : 12752 steps taken, and 3060 accepted.
[1 : mcmc] Progress @ 2026-09-19 15:42:12 : 12423 steps taken, and 3065 accepted.
[3 : mcmc] Progress @ 2026-09-19 15:42:27 : 13136 steps taken, and 3178 accepted.
[0 : mcmc] Progress @ 2026-09-19 15:42:32 : 12275 steps taken, and 2971 accepted.
[1 : mcmc] Progress @ 2026-09-19 15:43:15 : 12463 steps taken, and 3073 accepted.
[2 : mcmc] Progress @ 2026-09-19 15:43:26 : 12775 steps taken, and 3065 accepted.
[0 : mcmc] Progress @ 2026-09-19 15:43:39 : 12287 steps taken, and 2973 accepted.
[3 : mcmc] Progress @ 2026-09-19 15:43:40 : 13204 steps taken, and 3192 accepted.
[1 : mcmc] Progress @ 2026-09-19 15:44:21 : 12514 steps taken, and 3082 accepted.
[2 : mcmc] Progress @ 2026-09-19 15:44:32 : 12822 steps taken, and 3073 accepted.
[3 : mcmc] Progress @ 2026-09-19 15:44:41 : 13216 steps taken, and 3195 accepted.
[0 : mcmc] Progress @ 2026-09-19 15:44:46 : 12345 steps taken, and 2984 accepted.
[1 : mcmc] Progress @ 2026-09-19 15:45:22 : 12548 steps taken, and 3089 accepted.
[2 : mcmc] Progress @ 2026-09-19 15:45:35 : 12851 steps taken, and 3077 accepted.
[3 : mcmc] Progress @ 2026-09-19 15:45:41 : 13269 steps taken, and 3207 accepted.
[0 : mcmc] Progress @ 2026-09-19 15:45:54 : 12393 steps taken, and 2995 accepted.
[2 : mcmc] Progress @ 2026-09-19 15:46:36 : 12905 steps taken, and 3089 accepted.
[1 : mcmc] Progress @ 2026-09-19 15:46:38 : 12635 steps taken, and 3104 accepted.
[3 : mcmc] Progress @ 2026-09-19 15:46:41 : 13301 steps taken, and 3214 accepted.
[0 : mcmc] Progress @ 2026-09-19 15:47:21 : 12422 steps taken, and 3002 accepted.
[1 : mcmc] Progress @ 2026-09-19 15:47:39 : 12666 steps taken, and 3108 accepted.
[3 : mcmc] Progress @ 2026-09-19 15:47:42 : 13331 steps taken, and 3219 accepted.
[2 : mcmc] Progress @ 2026-09-19 15:48:03 : 12935 steps taken, and 3096 accepted.
[0 : mcmc] Progress @ 2026-09-19 15:48:22 : 12512 steps taken, and 3018 accepted.
[1 : mcmc] Progress @ 2026-09-19 15:48:43 : 12676 steps taken, and 3110 accepted.
[3 : mcmc] Progress @ 2026-09-19 15:48:48 : 13369 steps taken, and 3228 accepted.
[2 : mcmc] Progress @ 2026-09-19 15:49:03 : 12975 steps taken, and 3100 accepted.
[0 : mcmc] Progress @ 2026-09-19 15:49:26 : 12548 steps taken, and 3026 accepted.
[1 : mcmc] Progress @ 2026-09-19 15:49:55 : 12718 steps taken, and 3119 accepted.
[3 : mcmc] Progress @ 2026-09-19 15:50:02 : 13414 steps taken, and 3238 accepted.
[3 : mcmc] Learn + convergence test @ 3240 samples accepted.
[3 : mcmc] Ready to check convergence and learn a new proposal covmat (waiting for the rest...)
[2 : mcmc] Progress @ 2026-09-19 15:50:19 : 13020 steps taken, and 3108 accepted.
[0 : mcmc] Progress @ 2026-09-19 15:50:27 : 12609 steps taken, and 3040 accepted.
[1 : mcmc] Progress @ 2026-09-19 15:51:00 : 12752 steps taken, and 3125 accepted.
[3 : mcmc] Progress @ 2026-09-19 15:51:11 : 13455 steps taken, and 3248 accepted.
[2 : mcmc] Progress @ 2026-09-19 15:51:20 : 13033 steps taken, and 3112 accepted.
[0 : mcmc] Progress @ 2026-09-19 15:51:31 : 12639 steps taken, and 3047 accepted.
[1 : mcmc] Progress @ 2026-09-19 15:52:01 : 12780 steps taken, and 3128 accepted.
[3 : mcmc] Progress @ 2026-09-19 15:52:12 : 13503 steps taken, and 3257 accepted.
[2 : mcmc] Progress @ 2026-09-19 15:52:27 : 13082 steps taken, and 3121 accepted.
[0 : mcmc] Progress @ 2026-09-19 15:52:44 : 12679 steps taken, and 3057 accepted.
[1 : mcmc] Progress @ 2026-09-19 15:53:10 : 12833 steps taken, and 3140 accepted.
[3 : mcmc] Progress @ 2026-09-19 15:53:12 : 13542 steps taken, and 3265 accepted.
[2 : mcmc] Progress @ 2026-09-19 15:53:33 : 13132 steps taken, and 3124 accepted.
[0 : mcmc] Progress @ 2026-09-19 15:53:45 : 12709 steps taken, and 3063 accepted.
[1 : mcmc] Progress @ 2026-09-19 15:54:10 : 12873 steps taken, and 3149 accepted.
[3 : mcmc] Progress @ 2026-09-19 15:54:12 : 13607 steps taken, and 3279 accepted.
[2 : mcmc] Progress @ 2026-09-19 15:54:48 : 13193 steps taken, and 3136 accepted.
[0 : mcmc] Progress @ 2026-09-19 15:54:57 : 12725 steps taken, and 3066 accepted.
[1 : mcmc] Progress @ 2026-09-19 15:55:11 : 12917 steps taken, and 3158 accepted.
[3 : mcmc] Progress @ 2026-09-19 15:55:36 : 13651 steps taken, and 3287 accepted.
[2 : mcmc] Progress @ 2026-09-19 15:55:49 : 13223 steps taken, and 3142 accepted.
[0 : mcmc] Progress @ 2026-09-19 15:56:04 : 12762 steps taken, and 3074 accepted.
[1 : mcmc] Progress @ 2026-09-19 15:56:34 : 12935 steps taken, and 3159 accepted.
[2 : mcmc] Progress @ 2026-09-19 15:56:49 : 13243 steps taken, and 3146 accepted.
[3 : mcmc] Progress @ 2026-09-19 15:57:01 : 13698 steps taken, and 3297 accepted.
[0 : mcmc] Progress @ 2026-09-19 15:57:22 : 12798 steps taken, and 3081 accepted.
[1 : mcmc] Progress @ 2026-09-19 15:57:35 : 12967 steps taken, and 3164 accepted.
[2 : mcmc] Progress @ 2026-09-19 15:57:50 : 13272 steps taken, and 3152 accepted.
[3 : mcmc] Progress @ 2026-09-19 15:58:03 : 13740 steps taken, and 3304 accepted.
[0 : mcmc] Progress @ 2026-09-19 15:58:23 : 12831 steps taken, and 3088 accepted.
[1 : mcmc] Progress @ 2026-09-19 15:58:36 : 13013 steps taken, and 3173 accepted.
[2 : mcmc] Progress @ 2026-09-19 15:58:50 : 13323 steps taken, and 3160 accepted.
[3 : mcmc] Progress @ 2026-09-19 15:59:03 : 13769 steps taken, and 3309 accepted.
[0 : mcmc] Progress @ 2026-09-19 15:59:27 : 12842 steps taken, and 3089 accepted.
[1 : mcmc] Progress @ 2026-09-19 15:59:36 : 13057 steps taken, and 3182 accepted.
[2 : mcmc] Progress @ 2026-09-19 15:59:51 : 13335 steps taken, and 3162 accepted.
[3 : mcmc] Progress @ 2026-09-19 16:00:04 : 13806 steps taken, and 3316 accepted.
[0 : mcmc] Progress @ 2026-09-19 16:00:30 : 12890 steps taken, and 3095 accepted.
[1 : mcmc] Progress @ 2026-09-19 16:00:42 : 13097 steps taken, and 3189 accepted.
[2 : mcmc] Progress @ 2026-09-19 16:01:04 : 13359 steps taken, and 3166 accepted.
[3 : mcmc] Progress @ 2026-09-19 16:01:04 : 13842 steps taken, and 3324 accepted.
[0 : mcmc] Progress @ 2026-09-19 16:01:38 : 12917 steps taken, and 3102 accepted.
[1 : mcmc] Progress @ 2026-09-19 16:01:42 : 13132 steps taken, and 3194 accepted.
[2 : mcmc] Progress @ 2026-09-19 16:02:05 : 13402 steps taken, and 3174 accepted.
[3 : mcmc] Progress @ 2026-09-19 16:02:17 : 13868 steps taken, and 3331 accepted.
[0 : mcmc] Progress @ 2026-09-19 16:02:39 : 12984 steps taken, and 3117 accepted.
[1 : mcmc] Progress @ 2026-09-19 16:02:47 : 13144 steps taken, and 3196 accepted.
[2 : mcmc] Progress @ 2026-09-19 16:03:19 : 13436 steps taken, and 3180 accepted.
[3 : mcmc] Progress @ 2026-09-19 16:03:27 : 13889 steps taken, and 3335 accepted.
[1 : mcmc] Progress @ 2026-09-19 16:03:47 : 13191 steps taken, and 3204 accepted.
[0 : mcmc] Progress @ 2026-09-19 16:03:56 : 13006 steps taken, and 3121 accepted.
[2 : mcmc] Progress @ 2026-09-19 16:04:19 : 13463 steps taken, and 3183 accepted.
[3 : mcmc] Progress @ 2026-09-19 16:04:27 : 13919 steps taken, and 3339 accepted.
[1 : mcmc] Progress @ 2026-09-19 16:04:48 : 13216 steps taken, and 3208 accepted.
[0 : mcmc] Progress @ 2026-09-19 16:05:13 : 13030 steps taken, and 3124 accepted.
[3 : mcmc] Progress @ 2026-09-19 16:05:28 : 13959 steps taken, and 3343 accepted.
[2 : mcmc] Progress @ 2026-09-19 16:05:41 : 13501 steps taken, and 3189 accepted.
[1 : mcmc] Progress @ 2026-09-19 16:05:49 : 13254 steps taken, and 3214 accepted.
[3 : mcmc] Progress @ 2026-09-19 16:06:28 : 13998 steps taken, and 3351 accepted.
[0 : mcmc] Progress @ 2026-09-19 16:06:32 : 13083 steps taken, and 3134 accepted.
[1 : mcmc] Progress @ 2026-09-19 16:06:50 : 13301 steps taken, and 3224 accepted.
[2 : mcmc] Progress @ 2026-09-19 16:06:56 : 13532 steps taken, and 3197 accepted.
[0 : mcmc] Progress @ 2026-09-19 16:07:33 : 13113 steps taken, and 3140 accepted.
[3 : mcmc] Progress @ 2026-09-19 16:07:37 : 14017 steps taken, and 3355 accepted.
[1 : mcmc] Progress @ 2026-09-19 16:07:50 : 13332 steps taken, and 3229 accepted.
[2 : mcmc] Progress @ 2026-09-19 16:08:05 : 13560 steps taken, and 3202 accepted.
[0 : mcmc] Progress @ 2026-09-19 16:08:34 : 13151 steps taken, and 3148 accepted.
[3 : mcmc] Progress @ 2026-09-19 16:08:38 : 14056 steps taken, and 3359 accepted.
[2 : mcmc] Progress @ 2026-09-19 16:09:05 : 13591 steps taken, and 3210 accepted.
[1 : mcmc] Progress @ 2026-09-19 16:09:08 : 13360 steps taken, and 3235 accepted.
[0 : mcmc] Progress @ 2026-09-19 16:09:34 : 13173 steps taken, and 3151 accepted.
[3 : mcmc] Progress @ 2026-09-19 16:09:44 : 14095 steps taken, and 3368 accepted.
[1 : mcmc] Learn + convergence test @ 3240 samples accepted.
[1 : mcmc] Ready to check convergence and learn a new proposal covmat (waiting for the rest...)
[2 : mcmc] Progress @ 2026-09-19 16:10:06 : 13613 steps taken, and 3214 accepted.
[1 : mcmc] Progress @ 2026-09-19 16:10:08 : 13390 steps taken, and 3240 accepted.
[0 : mcmc] Progress @ 2026-09-19 16:10:35 : 13218 steps taken, and 3158 accepted.
[3 : mcmc] Progress @ 2026-09-19 16:10:45 : 14129 steps taken, and 3374 accepted.
[2 : mcmc] Progress @ 2026-09-19 16:11:07 : 13653 steps taken, and 3221 accepted.
[1 : mcmc] Progress @ 2026-09-19 16:11:09 : 13421 steps taken, and 3248 accepted.
[0 : mcmc] Progress @ 2026-09-19 16:11:40 : 13273 steps taken, and 3170 accepted.
[2 : mcmc] Progress @ 2026-09-19 16:12:07 : 13698 steps taken, and 3231 accepted.
[1 : mcmc] Progress @ 2026-09-19 16:12:09 : 13449 steps taken, and 3252 accepted.
[3 : mcmc] Progress @ 2026-09-19 16:12:09 : 14158 steps taken, and 3380 accepted.
[0 : mcmc] Progress @ 2026-09-19 16:12:53 : 13298 steps taken, and 3176 accepted.
[2 : mcmc] Progress @ 2026-09-19 16:13:21 : 13732 steps taken, and 3239 accepted.
[2 : mcmc] Learn + convergence test @ 3240 samples accepted.
[2 : mcmc] Ready to check convergence and learn a new proposal covmat (waiting for the rest...)
[3 : mcmc] Progress @ 2026-09-19 16:13:33 : 14204 steps taken, and 3390 accepted.
[1 : mcmc] Progress @ 2026-09-19 16:13:34 : 13479 steps taken, and 3258 accepted.
[0 : mcmc] Progress @ 2026-09-19 16:14:07 : 13329 steps taken, and 3180 accepted.
[2 : mcmc] Progress @ 2026-09-19 16:14:22 : 13752 steps taken, and 3243 accepted.
[3 : mcmc] Progress @ 2026-09-19 16:14:33 : 14244 steps taken, and 3396 accepted.
[1 : mcmc] Progress @ 2026-09-19 16:14:34 : 13517 steps taken, and 3267 accepted.
[0 : mcmc] Progress @ 2026-09-19 16:15:08 : 13361 steps taken, and 3186 accepted.
[2 : mcmc] Progress @ 2026-09-19 16:15:22 : 13788 steps taken, and 3252 accepted.
[1 : mcmc] Progress @ 2026-09-19 16:15:36 : 13534 steps taken, and 3270 accepted.
[3 : mcmc] Progress @ 2026-09-19 16:15:52 : 14280 steps taken, and 3403 accepted.
[0 : mcmc] Progress @ 2026-09-19 16:16:08 : 13401 steps taken, and 3195 accepted.
[2 : mcmc] Progress @ 2026-09-19 16:16:23 : 13809 steps taken, and 3256 accepted.
[1 : mcmc] Progress @ 2026-09-19 16:16:38 : 13554 steps taken, and 3275 accepted.
[0 : mcmc] Progress @ 2026-09-19 16:17:09 : 13421 steps taken, and 3199 accepted.
[3 : mcmc] Progress @ 2026-09-19 16:17:11 : 14309 steps taken, and 3408 accepted.
[2 : mcmc] Progress @ 2026-09-19 16:17:37 : 13838 steps taken, and 3260 accepted.
[1 : mcmc] Progress @ 2026-09-19 16:17:39 : 13591 steps taken, and 3280 accepted.
[3 : mcmc] Progress @ 2026-09-19 16:18:19 : 14351 steps taken, and 3417 accepted.
[0 : mcmc] Progress @ 2026-09-19 16:18:33 : 13476 steps taken, and 3211 accepted.
[2 : mcmc] Progress @ 2026-09-19 16:18:38 : 13867 steps taken, and 3264 accepted.
[1 : mcmc] Progress @ 2026-09-19 16:18:55 : 13634 steps taken, and 3289 accepted.
[3 : mcmc] Progress @ 2026-09-19 16:19:19 : 14383 steps taken, and 3423 accepted.
[2 : mcmc] Progress @ 2026-09-19 16:19:39 : 13896 steps taken, and 3269 accepted.
[0 : mcmc] Progress @ 2026-09-19 16:19:52 : 13513 steps taken, and 3221 accepted.
[1 : mcmc] Progress @ 2026-09-19 16:19:56 : 13663 steps taken, and 3294 accepted.
[3 : mcmc] Progress @ 2026-09-19 16:20:19 : 14437 steps taken, and 3434 accepted.
[2 : mcmc] Progress @ 2026-09-19 16:20:40 : 13921 steps taken, and 3274 accepted.
[1 : mcmc] Progress @ 2026-09-19 16:21:08 : 13716 steps taken, and 3304 accepted.
[0 : mcmc] Progress @ 2026-09-19 16:21:09 : 13566 steps taken, and 3232 accepted.
[3 : mcmc] Progress @ 2026-09-19 16:21:20 : 14481 steps taken, and 3442 accepted.
[2 : mcmc] Progress @ 2026-09-19 16:21:40 : 13966 steps taken, and 3286 accepted.
[0 : mcmc] Progress @ 2026-09-19 16:22:10 : 13598 steps taken, and 3238 accepted.
[0 : mcmc] Learn + convergence test @ 3240 samples accepted.
[0 : mcmc] Ready to check convergence and learn a new proposal covmat (waiting for the rest...)
[0 : mcmc] All chains are ready to check convergence and learn a new proposal covmat
[3 : mcmc] Progress @ 2026-09-19 16:22:20 : 14488 steps taken, and 3445 accepted.
[1 : mcmc] Progress @ 2026-09-19 16:22:25 : 13780 steps taken, and 3316 accepted.
[0 : mcmc]  - Acceptance rate: 0.751 = avg([0.7538, 0.7466, 0.7436, 0.7590])
[0 : mcmc]  - Convergence of means: R-1 = 0.021900 after 13296 accepted steps = sum([3240, 3317, 3293, 3446])
[0 : mcmc]  - Updated covariance matrix of proposal pdf.
[2 : mcmc] Progress @ 2026-09-19 16:22:40 : 14006 steps taken, and 3293 accepted.
[0 : mcmc] Progress @ 2026-09-19 16:23:20 : 13617 steps taken, and 3241 accepted.
[3 : mcmc] Progress @ 2026-09-19 16:23:22 : 14510 steps taken, and 3449 accepted.
[1 : mcmc] Progress @ 2026-09-19 16:23:34 : 13818 steps taken, and 3323 accepted.
[2 : mcmc] Progress @ 2026-09-19 16:23:40 : 14046 steps taken, and 3300 accepted.
[0 : mcmc] Progress @ 2026-09-19 16:24:20 : 13651 steps taken, and 3249 accepted.
[3 : mcmc] Progress @ 2026-09-19 16:24:23 : 14545 steps taken, and 3457 accepted.
[1 : mcmc] Progress @ 2026-09-19 16:24:34 : 13880 steps taken, and 3336 accepted.
[2 : mcmc] Progress @ 2026-09-19 16:24:42 : 14071 steps taken, and 3304 accepted.
[0 : mcmc] Progress @ 2026-09-19 16:25:20 : 13691 steps taken, and 3258 accepted.
[3 : mcmc] Progress @ 2026-09-19 16:25:25 : 14586 steps taken, and 3466 accepted.
[1 : mcmc] Progress @ 2026-09-19 16:25:34 : 13920 steps taken, and 3345 accepted.
[2 : mcmc] Progress @ 2026-09-19 16:25:56 : 14114 steps taken, and 3314 accepted.
[3 : mcmc] Progress @ 2026-09-19 16:26:25 : 14625 steps taken, and 3475 accepted.
[0 : mcmc] Progress @ 2026-09-19 16:26:35 : 13728 steps taken, and 3265 accepted.
[1 : mcmc] Progress @ 2026-09-19 16:26:50 : 13982 steps taken, and 3356 accepted.
[2 : mcmc] Progress @ 2026-09-19 16:26:57 : 14169 steps taken, and 3325 accepted.
[3 : mcmc] Progress @ 2026-09-19 16:27:26 : 14682 steps taken, and 3486 accepted.
[0 : mcmc] Progress @ 2026-09-19 16:27:35 : 13760 steps taken, and 3273 accepted.
[1 : mcmc] Progress @ 2026-09-19 16:27:51 : 14028 steps taken, and 3360 accepted.
[2 : mcmc] Progress @ 2026-09-19 16:28:06 : 14185 steps taken, and 3327 accepted.
[3 : mcmc] Progress @ 2026-09-19 16:28:27 : 14713 steps taken, and 3493 accepted.
[0 : mcmc] Progress @ 2026-09-19 16:28:36 : 13799 steps taken, and 3281 accepted.
[2 : mcmc] Progress @ 2026-09-19 16:29:07 : 14222 steps taken, and 3332 accepted.
[1 : mcmc] Progress @ 2026-09-19 16:29:15 : 14056 steps taken, and 3366 accepted.
[3 : mcmc] Progress @ 2026-09-19 16:29:30 : 14757 steps taken, and 3499 accepted.
[0 : mcmc] Progress @ 2026-09-19 16:29:37 : 13854 steps taken, and 3287 accepted.
[2 : mcmc] Progress @ 2026-09-19 16:30:07 : 14268 steps taken, and 3341 accepted.
[1 : mcmc] Progress @ 2026-09-19 16:30:15 : 14090 steps taken, and 3373 accepted.
[3 : mcmc] Progress @ 2026-09-19 16:30:30 : 14798 steps taken, and 3507 accepted.
[0 : mcmc] Progress @ 2026-09-19 16:30:48 : 13906 steps taken, and 3297 accepted.
[2 : mcmc] Progress @ 2026-09-19 16:31:12 : 14283 steps taken, and 3345 accepted.
[1 : mcmc] Progress @ 2026-09-19 16:31:16 : 14129 steps taken, and 3382 accepted.
[3 : mcmc] Progress @ 2026-09-19 16:31:45 : 14818 steps taken, and 3512 accepted.
[0 : mcmc] Progress @ 2026-09-19 16:31:49 : 13955 steps taken, and 3301 accepted.
[2 : mcmc] Progress @ 2026-09-19 16:32:13 : 14326 steps taken, and 3355 accepted.
[1 : mcmc] Progress @ 2026-09-19 16:32:30 : 14162 steps taken, and 3390 accepted.
[3 : mcmc] Progress @ 2026-09-19 16:32:48 : 14850 steps taken, and 3517 accepted.
[0 : mcmc] Progress @ 2026-09-19 16:32:50 : 13987 steps taken, and 3306 accepted.
[2 : mcmc] Progress @ 2026-09-19 16:33:26 : 14372 steps taken, and 3362 accepted.
[3 : mcmc] Progress @ 2026-09-19 16:33:48 : 14878 steps taken, and 3523 accepted.
[1 : mcmc] Progress @ 2026-09-19 16:33:58 : 14191 steps taken, and 3394 accepted.
[0 : mcmc] Progress @ 2026-09-19 16:34:09 : 14009 steps taken, and 3311 accepted.
[2 : mcmc] Progress @ 2026-09-19 16:34:35 : 14410 steps taken, and 3371 accepted.
[3 : mcmc] Progress @ 2026-09-19 16:34:49 : 14892 steps taken, and 3525 accepted.
[0 : mcmc] Progress @ 2026-09-19 16:35:10 : 14044 steps taken, and 3320 accepted.
[1 : mcmc] Progress @ 2026-09-19 16:35:15 : 14226 steps taken, and 3401 accepted.
[2 : mcmc] Progress @ 2026-09-19 16:35:35 : 14451 steps taken, and 3378 accepted.
[3 : mcmc] Progress @ 2026-09-19 16:35:49 : 14932 steps taken, and 3533 accepted.
[1 : mcmc] Progress @ 2026-09-19 16:36:15 : 14263 steps taken, and 3409 accepted.
[0 : mcmc] Progress @ 2026-09-19 16:36:25 : 14071 steps taken, and 3326 accepted.
[2 : mcmc] Progress @ 2026-09-19 16:36:50 : 14472 steps taken, and 3381 accepted.
[3 : mcmc] Progress @ 2026-09-19 16:36:50 : 14975 steps taken, and 3541 accepted.
[1 : mcmc] Progress @ 2026-09-19 16:37:23 : 14288 steps taken, and 3414 accepted.
[0 : mcmc] Progress @ 2026-09-19 16:37:25 : 14126 steps taken, and 3335 accepted.
[3 : mcmc] Progress @ 2026-09-19 16:38:06 : 15005 steps taken, and 3546 accepted.
[2 : mcmc] Progress @ 2026-09-19 16:38:07 : 14530 steps taken, and 3392 accepted.
[1 : mcmc] Progress @ 2026-09-19 16:38:24 : 14316 steps taken, and 3420 accepted.
[0 : mcmc] Progress @ 2026-09-19 16:38:44 : 14156 steps taken, and 3342 accepted.
[3 : mcmc] Progress @ 2026-09-19 16:39:06 : 15051 steps taken, and 3553 accepted.
[2 : mcmc] Progress @ 2026-09-19 16:39:24 : 14567 steps taken, and 3399 accepted.
[1 : mcmc] Progress @ 2026-09-19 16:39:24 : 14348 steps taken, and 3427 accepted.
[0 : mcmc] Progress @ 2026-09-19 16:39:50 : 14193 steps taken, and 3350 accepted.
[3 : mcmc] Progress @ 2026-09-19 16:40:18 : 15083 steps taken, and 3560 accepted.
[2 : mcmc] Progress @ 2026-09-19 16:40:25 : 14600 steps taken, and 3405 accepted.
[1 : mcmc] Progress @ 2026-09-19 16:40:25 : 14417 steps taken, and 3442 accepted.
[0 : mcmc] Progress @ 2026-09-19 16:40:51 : 14231 steps taken, and 3358 accepted.
[3 : mcmc] Progress @ 2026-09-19 16:41:18 : 15119 steps taken, and 3565 accepted.
[1 : mcmc] Progress @ 2026-09-19 16:41:25 : 14433 steps taken, and 3444 accepted.
[2 : mcmc] Progress @ 2026-09-19 16:41:39 : 14625 steps taken, and 3412 accepted.
[0 : mcmc] Progress @ 2026-09-19 16:41:59 : 14257 steps taken, and 3363 accepted.
[3 : mcmc] Progress @ 2026-09-19 16:42:19 : 15159 steps taken, and 3572 accepted.
[1 : mcmc] Progress @ 2026-09-19 16:42:26 : 14471 steps taken, and 3451 accepted.
[2 : mcmc] Progress @ 2026-09-19 16:42:40 : 14655 steps taken, and 3419 accepted.
[0 : mcmc] Progress @ 2026-09-19 16:43:05 : 14284 steps taken, and 3370 accepted.
[3 : mcmc] Progress @ 2026-09-19 16:43:31 : 15187 steps taken, and 3576 accepted.
[1 : mcmc] Progress @ 2026-09-19 16:43:38 : 14492 steps taken, and 3454 accepted.
[2 : mcmc] Progress @ 2026-09-19 16:43:59 : 14705 steps taken, and 3428 accepted.
[0 : mcmc] Progress @ 2026-09-19 16:44:06 : 14349 steps taken, and 3382 accepted.
[3 : mcmc] Progress @ 2026-09-19 16:44:45 : 15231 steps taken, and 3586 accepted.
[1 : mcmc] Progress @ 2026-09-19 16:45:00 : 14521 steps taken, and 3457 accepted.
[0 : mcmc] Progress @ 2026-09-19 16:45:07 : 14371 steps taken, and 3387 accepted.
[2 : mcmc] Progress @ 2026-09-19 16:45:15 : 14780 steps taken, and 3440 accepted.
[3 : mcmc] Progress @ 2026-09-19 16:45:45 : 15266 steps taken, and 3593 accepted.
[1 : mcmc] Progress @ 2026-09-19 16:46:02 : 14555 steps taken, and 3465 accepted.
[2 : mcmc] Progress @ 2026-09-19 16:46:15 : 14816 steps taken, and 3449 accepted.
[0 : mcmc] Progress @ 2026-09-19 16:46:20 : 14425 steps taken, and 3396 accepted.
[3 : mcmc] Progress @ 2026-09-19 16:46:46 : 15295 steps taken, and 3600 accepted.
[3 : mcmc] Learn + convergence test @ 3600 samples accepted.
[3 : mcmc] Ready to check convergence and learn a new proposal covmat (waiting for the rest...)
[1 : mcmc] Progress @ 2026-09-19 16:47:03 : 14614 steps taken, and 3476 accepted.
[2 : mcmc] Progress @ 2026-09-19 16:47:16 : 14876 steps taken, and 3462 accepted.
[0 : mcmc] Progress @ 2026-09-19 16:47:21 : 14462 steps taken, and 3402 accepted.
[3 : mcmc] Progress @ 2026-09-19 16:47:46 : 15326 steps taken, and 3606 accepted.
[1 : mcmc] Progress @ 2026-09-19 16:48:03 : 14652 steps taken, and 3486 accepted.
[2 : mcmc] Progress @ 2026-09-19 16:48:16 : 14915 steps taken, and 3471 accepted.
[0 : mcmc] Progress @ 2026-09-19 16:48:42 : 14503 steps taken, and 3408 accepted.
[1 : mcmc] Progress @ 2026-09-19 16:49:03 : 14689 steps taken, and 3494 accepted.
[3 : mcmc] Progress @ 2026-09-19 16:49:06 : 15349 steps taken, and 3611 accepted.
[2 : mcmc] Progress @ 2026-09-19 16:49:16 : 14977 steps taken, and 3481 accepted.
[0 : mcmc] Progress @ 2026-09-19 16:49:47 : 14514 steps taken, and 3410 accepted.
[1 : mcmc] Progress @ 2026-09-19 16:50:04 : 14726 steps taken, and 3500 accepted.
[3 : mcmc] Progress @ 2026-09-19 16:50:07 : 15378 steps taken, and 3617 accepted.
[2 : mcmc] Progress @ 2026-09-19 16:50:16 : 15015 steps taken, and 3487 accepted.
[0 : mcmc] Progress @ 2026-09-19 16:50:47 : 14544 steps taken, and 3412 accepted.
[1 : mcmc] Progress @ 2026-09-19 16:51:04 : 14764 steps taken, and 3508 accepted.
[2 : mcmc] Progress @ 2026-09-19 16:51:16 : 15054 steps taken, and 3495 accepted.
[3 : mcmc] Progress @ 2026-09-19 16:51:26 : 15402 steps taken, and 3620 accepted.
[0 : mcmc] Progress @ 2026-09-19 16:51:48 : 14573 steps taken, and 3414 accepted.
[1 : mcmc] Progress @ 2026-09-19 16:52:04 : 14791 steps taken, and 3511 accepted.
[3 : mcmc] Progress @ 2026-09-19 16:52:38 : 15448 steps taken, and 3627 accepted.
[2 : mcmc] Progress @ 2026-09-19 16:52:39 : 15099 steps taken, and 3501 accepted.
[0 : mcmc] Progress @ 2026-09-19 16:52:48 : 14594 steps taken, and 3417 accepted.
[1 : mcmc] Progress @ 2026-09-19 16:53:04 : 14826 steps taken, and 3518 accepted.
[3 : mcmc] Progress @ 2026-09-19 16:53:38 : 15481 steps taken, and 3635 accepted.
[2 : mcmc] Progress @ 2026-09-19 16:53:40 : 15131 steps taken, and 3508 accepted.
[0 : mcmc] Progress @ 2026-09-19 16:53:49 : 14625 steps taken, and 3424 accepted.
[1 : mcmc] Progress @ 2026-09-19 16:54:04 : 14870 steps taken, and 3525 accepted.
[3 : mcmc] Progress @ 2026-09-19 16:54:39 : 15517 steps taken, and 3642 accepted.
[2 : mcmc] Progress @ 2026-09-19 16:54:47 : 15180 steps taken, and 3516 accepted.
[0 : mcmc] Progress @ 2026-09-19 16:55:04 : 14668 steps taken, and 3431 accepted.
[1 : mcmc] Progress @ 2026-09-19 16:55:20 : 14910 steps taken, and 3535 accepted.
[2 : mcmc] Progress @ 2026-09-19 16:55:48 : 15237 steps taken, and 3527 accepted.
[3 : mcmc] Progress @ 2026-09-19 16:55:56 : 15558 steps taken, and 3651 accepted.
[0 : mcmc] Progress @ 2026-09-19 16:56:04 : 14707 steps taken, and 3436 accepted.
[1 : mcmc] Progress @ 2026-09-19 16:56:28 : 14937 steps taken, and 3542 accepted.
[2 : mcmc] Progress @ 2026-09-19 16:56:48 : 15274 steps taken, and 3532 accepted.
[3 : mcmc] Progress @ 2026-09-19 16:57:04 : 15574 steps taken, and 3654 accepted.
[0 : mcmc] Progress @ 2026-09-19 16:57:19 : 14742 steps taken, and 3444 accepted.
[1 : mcmc] Progress @ 2026-09-19 16:57:28 : 14992 steps taken, and 3549 accepted.
[2 : mcmc] Progress @ 2026-09-19 16:58:01 : 15300 steps taken, and 3538 accepted.
[3 : mcmc] Progress @ 2026-09-19 16:58:05 : 15610 steps taken, and 3661 accepted.
[0 : mcmc] Progress @ 2026-09-19 16:58:27 : 14785 steps taken, and 3451 accepted.
[1 : mcmc] Progress @ 2026-09-19 16:58:40 : 15032 steps taken, and 3556 accepted.
[3 : mcmc] Progress @ 2026-09-19 16:59:15 : 15646 steps taken, and 3669 accepted.
[2 : mcmc] Progress @ 2026-09-19 16:59:16 : 15328 steps taken, and 3545 accepted.
[0 : mcmc] Progress @ 2026-09-19 16:59:27 : 14819 steps taken, and 3458 accepted.
[1 : mcmc] Progress @ 2026-09-19 16:59:40 : 15060 steps taken, and 3560 accepted.
[0 : mcmc] Progress @ 2026-09-19 17:00:28 : 14852 steps taken, and 3462 accepted.
[2 : mcmc] Progress @ 2026-09-19 17:00:28 : 15368 steps taken, and 3550 accepted.
[3 : mcmc] Progress @ 2026-09-19 17:00:31 : 15677 steps taken, and 3675 accepted.
[1 : mcmc] Progress @ 2026-09-19 17:00:42 : 15091 steps taken, and 3567 accepted.
[1 : mcmc] Progress @ 2026-09-19 17:01:43 : 15146 steps taken, and 3575 accepted.
[0 : mcmc] Progress @ 2026-09-19 17:01:45 : 14914 steps taken, and 3477 accepted.
[3 : mcmc] Progress @ 2026-09-19 17:01:47 : 15698 steps taken, and 3679 accepted.
[2 : mcmc] Progress @ 2026-09-19 17:01:52 : 15398 steps taken, and 3556 accepted.
[1 : mcmc] Progress @ 2026-09-19 17:02:43 : 15176 steps taken, and 3579 accepted.
[0 : mcmc] Progress @ 2026-09-19 17:02:46 : 14975 steps taken, and 3487 accepted.
[2 : mcmc] Progress @ 2026-09-19 17:02:55 : 15429 steps taken, and 3563 accepted.
[3 : mcmc] Progress @ 2026-09-19 17:03:05 : 15742 steps taken, and 3687 accepted.
[0 : mcmc] Progress @ 2026-09-19 17:03:46 : 15036 steps taken, and 3498 accepted.
[1 : mcmc] Progress @ 2026-09-19 17:03:49 : 15199 steps taken, and 3583 accepted.
[2 : mcmc] Progress @ 2026-09-19 17:03:55 : 15459 steps taken, and 3567 accepted.
[3 : mcmc] Progress @ 2026-09-19 17:04:21 : 15777 steps taken, and 3693 accepted.
[0 : mcmc] Progress @ 2026-09-19 17:04:47 : 15090 steps taken, and 3510 accepted.
[1 : mcmc] Progress @ 2026-09-19 17:04:50 : 15258 steps taken, and 3593 accepted.
[2 : mcmc] Progress @ 2026-09-19 17:04:59 : 15485 steps taken, and 3572 accepted.
[3 : mcmc] Progress @ 2026-09-19 17:05:21 : 15805 steps taken, and 3700 accepted.
[0 : mcmc] Progress @ 2026-09-19 17:05:48 : 15149 steps taken, and 3517 accepted.
[1 : mcmc] Progress @ 2026-09-19 17:05:59 : 15282 steps taken, and 3599 accepted.
[1 : mcmc] Learn + convergence test @ 3600 samples accepted.
[1 : mcmc] Ready to check convergence and learn a new proposal covmat (waiting for the rest...)
[3 : mcmc] Progress @ 2026-09-19 17:06:22 : 15843 steps taken, and 3706 accepted.
[2 : mcmc] Progress @ 2026-09-19 17:06:26 : 15514 steps taken, and 3579 accepted.
[0 : mcmc] Progress @ 2026-09-19 17:07:12 : 15177 steps taken, and 3524 accepted.
[1 : mcmc] Progress @ 2026-09-19 17:07:16 : 15344 steps taken, and 3611 accepted.
[2 : mcmc] Progress @ 2026-09-19 17:07:26 : 15543 steps taken, and 3583 accepted.
[3 : mcmc] Progress @ 2026-09-19 17:07:35 : 15875 steps taken, and 3714 accepted.
[0 : mcmc] Progress @ 2026-09-19 17:08:13 : 15230 steps taken, and 3535 accepted.
[1 : mcmc] Progress @ 2026-09-19 17:08:16 : 15381 steps taken, and 3617 accepted.
[2 : mcmc] Progress @ 2026-09-19 17:08:27 : 15573 steps taken, and 3588 accepted.
[3 : mcmc] Progress @ 2026-09-19 17:08:35 : 15931 steps taken, and 3725 accepted.
[0 : mcmc] Progress @ 2026-09-19 17:09:13 : 15238 steps taken, and 3535 accepted.
[1 : mcmc] Progress @ 2026-09-19 17:09:24 : 15418 steps taken, and 3626 accepted.
[3 : mcmc] Progress @ 2026-09-19 17:09:40 : 15975 steps taken, and 3732 accepted.
[2 : mcmc] Progress @ 2026-09-19 17:09:43 : 15617 steps taken, and 3598 accepted.
[2 : mcmc] Learn + convergence test @ 3600 samples accepted.
[2 : mcmc] Ready to check convergence and learn a new proposal covmat (waiting for the rest...)
[0 : mcmc] Progress @ 2026-09-19 17:10:13 : 15255 steps taken, and 3540 accepted.
[1 : mcmc] Progress @ 2026-09-19 17:10:29 : 15453 steps taken, and 3635 accepted.
[3 : mcmc] Progress @ 2026-09-19 17:10:41 : 15989 steps taken, and 3735 accepted.
[2 : mcmc] Progress @ 2026-09-19 17:10:43 : 15654 steps taken, and 3608 accepted.
[0 : mcmc] Progress @ 2026-09-19 17:11:14 : 15313 steps taken, and 3549 accepted.
[1 : mcmc] Progress @ 2026-09-19 17:11:29 : 15488 steps taken, and 3643 accepted.
[2 : mcmc] Progress @ 2026-09-19 17:11:43 : 15690 steps taken, and 3616 accepted.
[3 : mcmc] Progress @ 2026-09-19 17:11:47 : 16024 steps taken, and 3742 accepted.
[0 : mcmc] Progress @ 2026-09-19 17:12:14 : 15375 steps taken, and 3564 accepted.
[3 : mcmc] Progress @ 2026-09-19 17:12:48 : 16077 steps taken, and 3750 accepted.
[1 : mcmc] Progress @ 2026-09-19 17:12:55 : 15517 steps taken, and 3650 accepted.
[2 : mcmc] Progress @ 2026-09-19 17:12:57 : 15729 steps taken, and 3621 accepted.
[0 : mcmc] Progress @ 2026-09-19 17:13:15 : 15414 steps taken, and 3569 accepted.
[1 : mcmc] Progress @ 2026-09-19 17:13:55 : 15549 steps taken, and 3654 accepted.
[2 : mcmc] Progress @ 2026-09-19 17:13:58 : 15752 steps taken, and 3626 accepted.
[3 : mcmc] Progress @ 2026-09-19 17:14:10 : 16084 steps taken, and 3751 accepted.
[0 : mcmc] Progress @ 2026-09-19 17:14:25 : 15456 steps taken, and 3577 accepted.
[1 : mcmc] Progress @ 2026-09-19 17:14:56 : 15570 steps taken, and 3660 accepted.
[3 : mcmc] Progress @ 2026-09-19 17:15:11 : 16113 steps taken, and 3757 accepted.
[2 : mcmc] Progress @ 2026-09-19 17:15:20 : 15816 steps taken, and 3638 accepted.
[0 : mcmc] Progress @ 2026-09-19 17:15:34 : 15490 steps taken, and 3582 accepted.
[1 : mcmc] Progress @ 2026-09-19 17:15:56 : 15590 steps taken, and 3665 accepted.
[3 : mcmc] Progress @ 2026-09-19 17:16:18 : 16149 steps taken, and 3762 accepted.
[2 : mcmc] Progress @ 2026-09-19 17:16:33 : 15855 steps taken, and 3645 accepted.
[0 : mcmc] Progress @ 2026-09-19 17:16:35 : 15518 steps taken, and 3588 accepted.
[1 : mcmc] Progress @ 2026-09-19 17:16:59 : 15631 steps taken, and 3673 accepted.
[3 : mcmc] Progress @ 2026-09-19 17:17:19 : 16212 steps taken, and 3772 accepted.
[0 : mcmc] Progress @ 2026-09-19 17:17:36 : 15547 steps taken, and 3594 accepted.
[2 : mcmc] Progress @ 2026-09-19 17:17:45 : 15896 steps taken, and 3654 accepted.
[1 : mcmc] Progress @ 2026-09-19 17:18:11 : 15687 steps taken, and 3687 accepted.
[3 : mcmc] Progress @ 2026-09-19 17:18:19 : 16252 steps taken, and 3777 accepted.
[0 : mcmc] Learn + convergence test @ 3600 samples accepted.
[0 : mcmc] Ready to check convergence and learn a new proposal covmat (waiting for the rest...)
[0 : mcmc] All chains are ready to check convergence and learn a new proposal covmat
[0 : mcmc]  - Acceptance rate: 0.752 = avg([0.7503, 0.7526, 0.7465, 0.7587])
[0 : mcmc]  - Convergence of means: R-1 = 0.020584 after 14731 accepted steps = sum([3600, 3694, 3657, 3780])
[0 : mcmc]  - Convergence of bounds: R-1 = 0.097911 after 14731 accepted steps = sum([3600, 3694, 3657, 3780])
[0 : mcmc] The run has converged!
[0 : mcmc] Sampling complete after 14731 accepted steps.

TERMINADO en 7.73 h

TERMINADO en 7.73 h

TERMINADO en 7.73 h

TERMINADO en 7.73 h
