[0 : output] Output to be read-from/written-into folder '/mnt/datos/SSEE_data/chains_p6/kids', with prefix 'lcdm'
[0 : output] Found existing info files with the requested output prefix: '/mnt/datos/SSEE_data/chains_p6/kids/lcdm'
[0 : output] Let's try to resume/load.
[0 : output] Found an old sample. Resuming.
[0 : p06_growth.cobaya_kids.loglike_lcdm] Initialized external likelihood.
[3 : p06_growth.cobaya_kids.loglike_lcdm] Initialized external likelihood.
[1 : p06_growth.cobaya_kids.loglike_lcdm] Initialized external likelihood.
[2 : p06_growth.cobaya_kids.loglike_lcdm] Initialized external likelihood.
[0 : mcmc] Resuming from previous sample!
[3 : samplecollection] Loaded 15336 sample points from '/mnt/datos/SSEE_data/chains_p6/kids/lcdm.4.txt'
[0 : samplecollection] Loaded 15528 sample points from '/mnt/datos/SSEE_data/chains_p6/kids/lcdm.1.txt'
[1 : samplecollection] Loaded 15474 sample points from '/mnt/datos/SSEE_data/chains_p6/kids/lcdm.2.txt'
[2 : samplecollection] Loaded 15460 sample points from '/mnt/datos/SSEE_data/chains_p6/kids/lcdm.3.txt'
[2 : mcmc] Initial point: ombh2:0.021, omch2:0.09485841, h0:0.72184, ns:0.9819768, logA:3.465079, halo_A:2.232075, A_IA:0.2433913, dz1:-0.0156697, dz2:-0.004048567, dz3:-0.02263304, dz4:-0.02114032, dz5:-0.008457944, delta_c:-4.178647e-05
[3 : mcmc] Initial point: ombh2:0.01926396, omch2:0.1069055, h0:0.7242217, ns:0.9779003, logA:3.111666, halo_A:2.703502, A_IA:-0.2302321, dz1:-0.01392815, dz2:0.003347971, dz3:-0.02337947, dz4:-0.01636013, dz5:0.01284371, delta_c:8.614292e-05
[0 : mcmc] Initial point: ombh2:0.02545234, omch2:0.09396327, h0:0.651642, ns:0.9414989, logA:3.425064, halo_A:2.855092, A_IA:0.5143832, dz1:-0.003665797, dz2:-0.002300016, dz3:0.008915007, dz4:-0.02430837, dz5:0.002726717, delta_c:0.0002054415
[1 : mcmc] Initial point: ombh2:0.02404767, omch2:0.06347297, h0:0.7355289, ns:1.055343, logA:4.411321, halo_A:2.086374, A_IA:-0.6254393, dz1:-0.001049967, dz2:-0.01441025, dz3:-0.02042089, dz4:-0.02571744, dz5:0.007398061, delta_c:-1.752315e-06
[0 : mcmc] *WARNING* Parameter blocking manually/previously fixed: speeds will not be measured.
[0 : mcmc] Covariance matrix from previous sample.
[0 : mcmc] Sampling!
[0 : mcmc] Progress @ 2026-08-05 18:30:19 : 1 steps taken, and 15528 accepted.
[1 : mcmc] Progress @ 2026-08-05 18:30:19 : 1 steps taken, and 15474 accepted.
[3 : mcmc] Progress @ 2026-08-05 18:30:41 : 1 steps taken, and 15336 accepted.
[2 : mcmc] Progress @ 2026-08-05 18:30:42 : 1 steps taken, and 15460 accepted.
[0 : mcmc] Progress @ 2026-08-05 18:31:20 : 5 steps taken, and 15530 accepted.
[1 : mcmc] Progress @ 2026-08-05 18:31:21 : 8 steps taken, and 15476 accepted.
[3 : mcmc] Progress @ 2026-08-05 18:31:57 : 8 steps taken, and 15336 accepted.
[2 : mcmc] Progress @ 2026-08-05 18:32:01 : 5 steps taken, and 15463 accepted.
[0 : mcmc] Progress @ 2026-08-05 18:32:20 : 11 steps taken, and 15531 accepted.
[1 : mcmc] Progress @ 2026-08-05 18:32:21 : 13 steps taken, and 15477 accepted.
[3 : mcmc] Progress @ 2026-08-05 18:33:00 : 13 steps taken, and 15336 accepted.
[2 : mcmc] Progress @ 2026-08-05 18:33:05 : 12 steps taken, and 15463 accepted.
[0 : mcmc] Progress @ 2026-08-05 18:33:20 : 17 steps taken, and 15532 accepted.
[1 : mcmc] Progress @ 2026-08-05 18:33:23 : 27 steps taken, and 15477 accepted.
[3 : mcmc] Progress @ 2026-08-05 18:34:16 : 19 steps taken, and 15337 accepted.
[2 : mcmc] Progress @ 2026-08-05 18:34:19 : 16 steps taken, and 15466 accepted.
[0 : mcmc] Progress @ 2026-08-05 18:34:36 : 22 steps taken, and 15535 accepted.
[1 : mcmc] Progress @ 2026-08-05 18:34:38 : 37 steps taken, and 15479 accepted.
[3 : mcmc] Progress @ 2026-08-05 18:35:19 : 25 steps taken, and 15337 accepted.
[2 : mcmc] Progress @ 2026-08-05 18:35:22 : 19 steps taken, and 15467 accepted.
[0 : mcmc] Progress @ 2026-08-05 18:35:42 : 29 steps taken, and 15535 accepted.
[1 : mcmc] Progress @ 2026-08-05 18:35:43 : 46 steps taken, and 15480 accepted.
[3 : mcmc] Progress @ 2026-08-05 18:36:38 : 33 steps taken, and 15339 accepted.
[2 : mcmc] Progress @ 2026-08-05 18:36:43 : 28 steps taken, and 15468 accepted.
[0 : mcmc] Progress @ 2026-08-05 18:37:03 : 38 steps taken, and 15537 accepted.
[1 : mcmc] Progress @ 2026-08-05 18:37:03 : 51 steps taken, and 15482 accepted.
[3 : mcmc] Progress @ 2026-08-05 18:37:55 : 45 steps taken, and 15341 accepted.
[2 : mcmc] Progress @ 2026-08-05 18:37:58 : 32 steps taken, and 15468 accepted.
[1 : mcmc] Progress @ 2026-08-05 18:38:17 : 60 steps taken, and 15484 accepted.
[0 : mcmc] Progress @ 2026-08-05 18:38:18 : 48 steps taken, and 15538 accepted.
[3 : mcmc] Progress @ 2026-08-05 18:39:01 : 51 steps taken, and 15343 accepted.
[2 : mcmc] Progress @ 2026-08-05 18:39:14 : 38 steps taken, and 15470 accepted.
[1 : mcmc] Progress @ 2026-08-05 18:39:29 : 65 steps taken, and 15486 accepted.
[0 : mcmc] Progress @ 2026-08-05 18:39:32 : 52 steps taken, and 15540 accepted.
[3 : mcmc] Progress @ 2026-08-05 18:40:12 : 56 steps taken, and 15345 accepted.
[2 : mcmc] Progress @ 2026-08-05 18:40:27 : 42 steps taken, and 15471 accepted.
[1 : mcmc] Progress @ 2026-08-05 18:40:43 : 70 steps taken, and 15486 accepted.
[0 : mcmc] Progress @ 2026-08-05 18:40:49 : 61 steps taken, and 15540 accepted.
[2 : mcmc] Progress @ 2026-08-05 18:41:31 : 46 steps taken, and 15472 accepted.
[3 : mcmc] Progress @ 2026-08-05 18:41:33 : 66 steps taken, and 15345 accepted.
[0 : mcmc] Progress @ 2026-08-05 18:41:50 : 66 steps taken, and 15541 accepted.
[1 : mcmc] Progress @ 2026-08-05 18:41:57 : 76 steps taken, and 15487 accepted.
[3 : mcmc] Progress @ 2026-08-05 18:42:42 : 74 steps taken, and 15347 accepted.
[2 : mcmc] Progress @ 2026-08-05 18:42:43 : 55 steps taken, and 15474 accepted.
[0 : mcmc] Progress @ 2026-08-05 18:43:02 : 70 steps taken, and 15542 accepted.
[1 : mcmc] Progress @ 2026-08-05 18:43:07 : 83 steps taken, and 15490 accepted.
[3 : mcmc] Progress @ 2026-08-05 18:43:52 : 78 steps taken, and 15349 accepted.
[2 : mcmc] Progress @ 2026-08-05 18:43:54 : 62 steps taken, and 15476 accepted.
[0 : mcmc] Progress @ 2026-08-05 18:44:18 : 75 steps taken, and 15545 accepted.
[1 : mcmc] Progress @ 2026-08-05 18:44:24 : 87 steps taken, and 15491 accepted.
[3 : mcmc] Progress @ 2026-08-05 18:45:04 : 85 steps taken, and 15351 accepted.
[2 : mcmc] Progress @ 2026-08-05 18:45:08 : 68 steps taken, and 15479 accepted.
[0 : mcmc] Progress @ 2026-08-05 18:45:31 : 82 steps taken, and 15548 accepted.
[1 : mcmc] Progress @ 2026-08-05 18:45:39 : 91 steps taken, and 15492 accepted.
[3 : mcmc] Progress @ 2026-08-05 18:46:22 : 96 steps taken, and 15353 accepted.
[2 : mcmc] Progress @ 2026-08-05 18:46:24 : 79 steps taken, and 15481 accepted.
[0 : mcmc] Progress @ 2026-08-05 18:46:45 : 89 steps taken, and 15548 accepted.
[1 : mcmc] Progress @ 2026-08-05 18:46:52 : 96 steps taken, and 15495 accepted.
[3 : mcmc] Progress @ 2026-08-05 18:47:22 : 101 steps taken, and 15355 accepted.
[2 : mcmc] Progress @ 2026-08-05 18:47:40 : 87 steps taken, and 15483 accepted.
[0 : mcmc] Progress @ 2026-08-05 18:47:47 : 102 steps taken, and 15549 accepted.
[1 : mcmc] Progress @ 2026-08-05 18:48:07 : 107 steps taken, and 15498 accepted.
[3 : mcmc] Progress @ 2026-08-05 18:48:34 : 112 steps taken, and 15356 accepted.
[2 : mcmc] Progress @ 2026-08-05 18:48:54 : 95 steps taken, and 15486 accepted.
[0 : mcmc] Progress @ 2026-08-05 18:49:02 : 114 steps taken, and 15550 accepted.
[1 : mcmc] Progress @ 2026-08-05 18:49:26 : 112 steps taken, and 15499 accepted.
[3 : mcmc] Progress @ 2026-08-05 18:49:34 : 119 steps taken, and 15356 accepted.
[2 : mcmc] Progress @ 2026-08-05 18:49:54 : 98 steps taken, and 15488 accepted.
[0 : mcmc] Progress @ 2026-08-05 18:50:03 : 117 steps taken, and 15550 accepted.
[1 : mcmc] Progress @ 2026-08-05 18:50:42 : 118 steps taken, and 15501 accepted.
[3 : mcmc] Progress @ 2026-08-05 18:50:53 : 125 steps taken, and 15358 accepted.
[2 : mcmc] Progress @ 2026-08-05 18:51:09 : 102 steps taken, and 15489 accepted.
[0 : mcmc] Progress @ 2026-08-05 18:51:19 : 130 steps taken, and 15553 accepted.
[1 : mcmc] Progress @ 2026-08-05 18:51:44 : 124 steps taken, and 15503 accepted.
[3 : mcmc] Progress @ 2026-08-05 18:52:11 : 138 steps taken, and 15360 accepted.
[2 : mcmc] Progress @ 2026-08-05 18:52:28 : 107 steps taken, and 15492 accepted.
[0 : mcmc] Progress @ 2026-08-05 18:52:36 : 140 steps taken, and 15554 accepted.
[1 : mcmc] Progress @ 2026-08-05 18:53:00 : 131 steps taken, and 15504 accepted.
[3 : mcmc] Progress @ 2026-08-05 18:53:21 : 142 steps taken, and 15361 accepted.
[2 : mcmc] Progress @ 2026-08-05 18:53:38 : 111 steps taken, and 15492 accepted.
[0 : mcmc] Progress @ 2026-08-05 18:53:43 : 145 steps taken, and 15556 accepted.
[1 : mcmc] Progress @ 2026-08-05 18:54:12 : 136 steps taken, and 15507 accepted.
[3 : mcmc] Progress @ 2026-08-05 18:54:30 : 148 steps taken, and 15364 accepted.
[2 : mcmc] Progress @ 2026-08-05 18:54:47 : 115 steps taken, and 15494 accepted.
[0 : mcmc] Progress @ 2026-08-05 18:54:51 : 153 steps taken, and 15556 accepted.
[1 : mcmc] Progress @ 2026-08-05 18:55:22 : 142 steps taken, and 15508 accepted.
[3 : mcmc] Progress @ 2026-08-05 18:55:41 : 155 steps taken, and 15365 accepted.
[2 : mcmc] Progress @ 2026-08-05 18:55:56 : 122 steps taken, and 15495 accepted.
[0 : mcmc] Progress @ 2026-08-05 18:56:00 : 160 steps taken, and 15557 accepted.
[1 : mcmc] Progress @ 2026-08-05 18:56:33 : 156 steps taken, and 15510 accepted.
[3 : mcmc] Progress @ 2026-08-05 18:56:51 : 159 steps taken, and 15366 accepted.
[2 : mcmc] Progress @ 2026-08-05 18:57:04 : 127 steps taken, and 15497 accepted.
[0 : mcmc] Progress @ 2026-08-05 18:57:10 : 166 steps taken, and 15559 accepted.
[1 : mcmc] Progress @ 2026-08-05 18:57:44 : 169 steps taken, and 15513 accepted.
[3 : mcmc] Progress @ 2026-08-05 18:58:00 : 163 steps taken, and 15368 accepted.
[2 : mcmc] Progress @ 2026-08-05 18:58:10 : 132 steps taken, and 15497 accepted.
[0 : mcmc] Progress @ 2026-08-05 18:58:18 : 170 steps taken, and 15560 accepted.
[1 : mcmc] Progress @ 2026-08-05 18:58:54 : 176 steps taken, and 15514 accepted.
[3 : mcmc] Progress @ 2026-08-05 18:59:11 : 172 steps taken, and 15369 accepted.
[2 : mcmc] Progress @ 2026-08-05 18:59:17 : 138 steps taken, and 15498 accepted.
[0 : mcmc] Progress @ 2026-08-05 18:59:25 : 175 steps taken, and 15561 accepted.
[1 : mcmc] Progress @ 2026-08-05 19:00:06 : 192 steps taken, and 15517 accepted.
[3 : mcmc] Progress @ 2026-08-05 19:00:22 : 188 steps taken, and 15370 accepted.
[2 : mcmc] Progress @ 2026-08-05 19:00:26 : 143 steps taken, and 15500 accepted.
[0 : mcmc] Progress @ 2026-08-05 19:00:34 : 186 steps taken, and 15564 accepted.
[1 : mcmc] Progress @ 2026-08-05 19:01:16 : 203 steps taken, and 15519 accepted.
[3 : mcmc] Progress @ 2026-08-05 19:01:34 : 195 steps taken, and 15372 accepted.
[2 : mcmc] Progress @ 2026-08-05 19:01:35 : 147 steps taken, and 15502 accepted.
[0 : mcmc] Progress @ 2026-08-05 19:01:40 : 196 steps taken, and 15565 accepted.
[1 : mcmc] Progress @ 2026-08-05 19:02:27 : 208 steps taken, and 15520 accepted.
[3 : mcmc] Progress @ 2026-08-05 19:02:46 : 203 steps taken, and 15374 accepted.
[2 : mcmc] Progress @ 2026-08-05 19:02:46 : 155 steps taken, and 15503 accepted.
[0 : mcmc] Progress @ 2026-08-05 19:02:49 : 202 steps taken, and 15567 accepted.
[1 : mcmc] Progress @ 2026-08-05 19:03:39 : 216 steps taken, and 15521 accepted.
[2 : mcmc] Progress @ 2026-08-05 19:03:57 : 166 steps taken, and 15506 accepted.
[0 : mcmc] Progress @ 2026-08-05 19:03:57 : 206 steps taken, and 15569 accepted.
[3 : mcmc] Progress @ 2026-08-05 19:03:58 : 208 steps taken, and 15377 accepted.
[1 : mcmc] Progress @ 2026-08-05 19:04:52 : 227 steps taken, and 15521 accepted.
[2 : mcmc] Progress @ 2026-08-05 19:05:07 : 170 steps taken, and 15507 accepted.
[0 : mcmc] Progress @ 2026-08-05 19:05:07 : 214 steps taken, and 15569 accepted.
[3 : mcmc] Progress @ 2026-08-05 19:05:10 : 213 steps taken, and 15379 accepted.
[1 : mcmc] Progress @ 2026-08-05 19:06:05 : 234 steps taken, and 15522 accepted.
[0 : mcmc] Progress @ 2026-08-05 19:06:16 : 225 steps taken, and 15569 accepted.
[2 : mcmc] Progress @ 2026-08-05 19:06:19 : 175 steps taken, and 15508 accepted.
[3 : mcmc] Progress @ 2026-08-05 19:06:23 : 219 steps taken, and 15380 accepted.
[1 : mcmc] Progress @ 2026-08-05 19:07:16 : 248 steps taken, and 15522 accepted.
[0 : mcmc] Progress @ 2026-08-05 19:07:24 : 230 steps taken, and 15569 accepted.
[2 : mcmc] Progress @ 2026-08-05 19:07:29 : 181 steps taken, and 15508 accepted.
[3 : mcmc] Progress @ 2026-08-05 19:07:34 : 223 steps taken, and 15381 accepted.
[1 : mcmc] Progress @ 2026-08-05 19:08:27 : 257 steps taken, and 15524 accepted.
[0 : mcmc] Progress @ 2026-08-05 19:08:33 : 236 steps taken, and 15571 accepted.
[2 : mcmc] Progress @ 2026-08-05 19:08:37 : 185 steps taken, and 15508 accepted.
[3 : mcmc] Progress @ 2026-08-05 19:08:45 : 228 steps taken, and 15383 accepted.
[1 : mcmc] Progress @ 2026-08-05 19:09:38 : 275 steps taken, and 15526 accepted.
[0 : mcmc] Progress @ 2026-08-05 19:09:44 : 246 steps taken, and 15573 accepted.
[2 : mcmc] Progress @ 2026-08-05 19:09:47 : 189 steps taken, and 15510 accepted.
[3 : mcmc] Progress @ 2026-08-05 19:09:58 : 232 steps taken, and 15384 accepted.
[1 : mcmc] Progress @ 2026-08-05 19:10:46 : 283 steps taken, and 15528 accepted.
[0 : mcmc] Progress @ 2026-08-05 19:10:53 : 251 steps taken, and 15576 accepted.
[2 : mcmc] Progress @ 2026-08-05 19:10:59 : 196 steps taken, and 15511 accepted.
[3 : mcmc] Progress @ 2026-08-05 19:11:07 : 236 steps taken, and 15387 accepted.
[1 : mcmc] Progress @ 2026-08-05 19:11:57 : 288 steps taken, and 15529 accepted.
[0 : mcmc] Progress @ 2026-08-05 19:12:04 : 257 steps taken, and 15578 accepted.
[2 : mcmc] Progress @ 2026-08-05 19:12:08 : 202 steps taken, and 15514 accepted.
[3 : mcmc] Progress @ 2026-08-05 19:12:17 : 241 steps taken, and 15389 accepted.
[1 : mcmc] Progress @ 2026-08-05 19:13:08 : 295 steps taken, and 15532 accepted.
[0 : mcmc] Progress @ 2026-08-05 19:13:13 : 263 steps taken, and 15581 accepted.
[2 : mcmc] Progress @ 2026-08-05 19:13:17 : 208 steps taken, and 15516 accepted.
[3 : mcmc] Progress @ 2026-08-05 19:13:25 : 247 steps taken, and 15390 accepted.
[1 : mcmc] Progress @ 2026-08-05 19:14:20 : 304 steps taken, and 15534 accepted.
[0 : mcmc] Progress @ 2026-08-05 19:14:24 : 269 steps taken, and 15584 accepted.
[2 : mcmc] Progress @ 2026-08-05 19:14:24 : 218 steps taken, and 15519 accepted.
[3 : mcmc] Progress @ 2026-08-05 19:14:32 : 252 steps taken, and 15392 accepted.
[1 : mcmc] Progress @ 2026-08-05 19:15:32 : 315 steps taken, and 15535 accepted.
[0 : mcmc] Progress @ 2026-08-05 19:15:32 : 273 steps taken, and 15584 accepted.
[2 : mcmc] Progress @ 2026-08-05 19:15:36 : 226 steps taken, and 15521 accepted.
[3 : mcmc] Progress @ 2026-08-05 19:15:42 : 258 steps taken, and 15395 accepted.
[1 : mcmc] Progress @ 2026-08-05 19:16:41 : 330 steps taken, and 15537 accepted.
[0 : mcmc] Progress @ 2026-08-05 19:16:42 : 279 steps taken, and 15586 accepted.
[2 : mcmc] Progress @ 2026-08-05 19:16:45 : 234 steps taken, and 15524 accepted.
[3 : mcmc] Progress @ 2026-08-05 19:16:51 : 265 steps taken, and 15397 accepted.
[0 : mcmc] Progress @ 2026-08-05 19:17:52 : 284 steps taken, and 15588 accepted.
[1 : mcmc] Progress @ 2026-08-05 19:17:54 : 346 steps taken, and 15538 accepted.
[2 : mcmc] Progress @ 2026-08-05 19:17:56 : 239 steps taken, and 15526 accepted.
[3 : mcmc] Progress @ 2026-08-05 19:17:57 : 272 steps taken, and 15398 accepted.
[0 : mcmc] Progress @ 2026-08-05 19:19:02 : 289 steps taken, and 15589 accepted.
[1 : mcmc] Progress @ 2026-08-05 19:19:05 : 358 steps taken, and 15539 accepted.
[2 : mcmc] Progress @ 2026-08-05 19:19:06 : 247 steps taken, and 15526 accepted.
[3 : mcmc] Progress @ 2026-08-05 19:19:07 : 284 steps taken, and 15400 accepted.
[0 : mcmc] Progress @ 2026-08-05 19:20:12 : 297 steps taken, and 15590 accepted.
[1 : mcmc] Progress @ 2026-08-05 19:20:15 : 370 steps taken, and 15540 accepted.
[2 : mcmc] Progress @ 2026-08-05 19:20:15 : 252 steps taken, and 15527 accepted.
[3 : mcmc] Progress @ 2026-08-05 19:20:18 : 291 steps taken, and 15400 accepted.
[0 : mcmc] Progress @ 2026-08-05 19:21:21 : 306 steps taken, and 15592 accepted.
[2 : mcmc] Progress @ 2026-08-05 19:21:28 : 256 steps taken, and 15528 accepted.
[1 : mcmc] Progress @ 2026-08-05 19:21:28 : 388 steps taken, and 15541 accepted.
[3 : mcmc] Progress @ 2026-08-05 19:21:30 : 299 steps taken, and 15401 accepted.
[0 : mcmc] Progress @ 2026-08-05 19:22:34 : 315 steps taken, and 15594 accepted.
[1 : mcmc] Progress @ 2026-08-05 19:22:39 : 403 steps taken, and 15541 accepted.
[3 : mcmc] Progress @ 2026-08-05 19:22:39 : 312 steps taken, and 15404 accepted.
[2 : mcmc] Progress @ 2026-08-05 19:22:40 : 265 steps taken, and 15530 accepted.
[0 : mcmc] Progress @ 2026-08-05 19:23:44 : 321 steps taken, and 15596 accepted.
[2 : mcmc] Progress @ 2026-08-05 19:23:50 : 273 steps taken, and 15530 accepted.
[1 : mcmc] Progress @ 2026-08-05 19:23:51 : 415 steps taken, and 15543 accepted.
[3 : mcmc] Progress @ 2026-08-05 19:23:52 : 320 steps taken, and 15404 accepted.
[0 : mcmc] Progress @ 2026-08-05 19:24:54 : 328 steps taken, and 15598 accepted.
[1 : mcmc] Progress @ 2026-08-05 19:25:02 : 423 steps taken, and 15543 accepted.
[2 : mcmc] Progress @ 2026-08-05 19:25:02 : 281 steps taken, and 15531 accepted.
[3 : mcmc] Progress @ 2026-08-05 19:25:03 : 324 steps taken, and 15405 accepted.
[0 : mcmc] Progress @ 2026-08-05 19:26:02 : 339 steps taken, and 15598 accepted.
[2 : mcmc] Progress @ 2026-08-05 19:26:10 : 289 steps taken, and 15533 accepted.
[1 : mcmc] Progress @ 2026-08-05 19:26:13 : 432 steps taken, and 15544 accepted.
[3 : mcmc] Progress @ 2026-08-05 19:26:14 : 337 steps taken, and 15407 accepted.
[0 : mcmc] Progress @ 2026-08-05 19:27:12 : 344 steps taken, and 15600 accepted.
[0 : mcmc] Learn + convergence test @ 15600 samples accepted.
[0 : mcmc] Ready to check convergence and learn a new proposal covmat (waiting for the rest...)
[2 : mcmc] Progress @ 2026-08-05 19:27:18 : 298 steps taken, and 15535 accepted.
[1 : mcmc] Progress @ 2026-08-05 19:27:24 : 445 steps taken, and 15544 accepted.
[3 : mcmc] Progress @ 2026-08-05 19:27:25 : 355 steps taken, and 15409 accepted.
[0 : mcmc] Progress @ 2026-08-05 19:28:24 : 352 steps taken, and 15601 accepted.
[2 : mcmc] Progress @ 2026-08-05 19:28:24 : 305 steps taken, and 15537 accepted.
[1 : mcmc] Progress @ 2026-08-05 19:28:35 : 458 steps taken, and 15545 accepted.
[3 : mcmc] Progress @ 2026-08-05 19:28:37 : 364 steps taken, and 15413 accepted.
[0 : mcmc] Progress @ 2026-08-05 19:29:33 : 359 steps taken, and 15603 accepted.
[2 : mcmc] Progress @ 2026-08-05 19:29:33 : 322 steps taken, and 15537 accepted.
[3 : mcmc] Progress @ 2026-08-05 19:29:47 : 378 steps taken, and 15415 accepted.
[1 : mcmc] Progress @ 2026-08-05 19:29:48 : 466 steps taken, and 15545 accepted.
[2 : mcmc] Progress @ 2026-08-05 19:30:44 : 333 steps taken, and 15539 accepted.
[0 : mcmc] Progress @ 2026-08-05 19:30:44 : 364 steps taken, and 15604 accepted.
[3 : mcmc] Progress @ 2026-08-05 19:30:58 : 398 steps taken, and 15415 accepted.
[1 : mcmc] Progress @ 2026-08-05 19:31:00 : 480 steps taken, and 15546 accepted.
[2 : mcmc] Progress @ 2026-08-05 19:31:53 : 339 steps taken, and 15542 accepted.
[0 : mcmc] Progress @ 2026-08-05 19:31:56 : 377 steps taken, and 15606 accepted.
[3 : mcmc] Progress @ 2026-08-05 19:32:08 : 404 steps taken, and 15415 accepted.
[1 : mcmc] Progress @ 2026-08-05 19:32:10 : 490 steps taken, and 15550 accepted.
[2 : mcmc] Progress @ 2026-08-05 19:33:02 : 346 steps taken, and 15545 accepted.
[0 : mcmc] Progress @ 2026-08-05 19:33:07 : 383 steps taken, and 15608 accepted.
[3 : mcmc] Progress @ 2026-08-05 19:33:20 : 409 steps taken, and 15417 accepted.
[1 : mcmc] Progress @ 2026-08-05 19:33:22 : 498 steps taken, and 15553 accepted.
[2 : mcmc] Progress @ 2026-08-05 19:34:12 : 352 steps taken, and 15547 accepted.
[0 : mcmc] Progress @ 2026-08-05 19:34:18 : 389 steps taken, and 15610 accepted.
[3 : mcmc] Progress @ 2026-08-05 19:34:30 : 415 steps taken, and 15418 accepted.
[1 : mcmc] Progress @ 2026-08-05 19:34:33 : 507 steps taken, and 15554 accepted.
[2 : mcmc] Progress @ 2026-08-05 19:35:18 : 357 steps taken, and 15549 accepted.
[0 : mcmc] Progress @ 2026-08-05 19:35:30 : 401 steps taken, and 15612 accepted.
[3 : mcmc] Progress @ 2026-08-05 19:35:39 : 434 steps taken, and 15419 accepted.
[1 : mcmc] Progress @ 2026-08-05 19:35:45 : 512 steps taken, and 15554 accepted.
[2 : mcmc] Progress @ 2026-08-05 19:36:27 : 367 steps taken, and 15551 accepted.
[0 : mcmc] Progress @ 2026-08-05 19:36:40 : 410 steps taken, and 15613 accepted.
[3 : mcmc] Progress @ 2026-08-05 19:36:51 : 450 steps taken, and 15421 accepted.
[1 : mcmc] Progress @ 2026-08-05 19:36:57 : 521 steps taken, and 15555 accepted.
[2 : mcmc] Progress @ 2026-08-05 19:37:35 : 374 steps taken, and 15554 accepted.
[0 : mcmc] Progress @ 2026-08-05 19:37:51 : 419 steps taken, and 15614 accepted.
[3 : mcmc] Progress @ 2026-08-05 19:38:02 : 468 steps taken, and 15421 accepted.
[1 : mcmc] Progress @ 2026-08-05 19:38:10 : 529 steps taken, and 15557 accepted.
[2 : mcmc] Progress @ 2026-08-05 19:38:45 : 389 steps taken, and 15557 accepted.
[0 : mcmc] Progress @ 2026-08-05 19:39:00 : 425 steps taken, and 15616 accepted.
[3 : mcmc] Progress @ 2026-08-05 19:39:13 : 484 steps taken, and 15423 accepted.
[1 : mcmc] Progress @ 2026-08-05 19:39:21 : 540 steps taken, and 15557 accepted.
[2 : mcmc] Progress @ 2026-08-05 19:39:55 : 397 steps taken, and 15560 accepted.
[0 : mcmc] Progress @ 2026-08-05 19:40:06 : 430 steps taken, and 15619 accepted.
[3 : mcmc] Progress @ 2026-08-05 19:40:23 : 493 steps taken, and 15423 accepted.
[1 : mcmc] Progress @ 2026-08-05 19:40:32 : 545 steps taken, and 15559 accepted.
[2 : mcmc] Progress @ 2026-08-05 19:41:03 : 404 steps taken, and 15560 accepted.
[0 : mcmc] Progress @ 2026-08-05 19:41:12 : 435 steps taken, and 15620 accepted.
[3 : mcmc] Progress @ 2026-08-05 19:41:37 : 502 steps taken, and 15424 accepted.
[1 : mcmc] Progress @ 2026-08-05 19:41:41 : 549 steps taken, and 15559 accepted.
[2 : mcmc] Progress @ 2026-08-05 19:42:13 : 409 steps taken, and 15560 accepted.
[0 : mcmc] Progress @ 2026-08-05 19:42:20 : 439 steps taken, and 15621 accepted.
[3 : mcmc] Progress @ 2026-08-05 19:42:49 : 522 steps taken, and 15426 accepted.
[1 : mcmc] Progress @ 2026-08-05 19:42:53 : 556 steps taken, and 15560 accepted.
[2 : mcmc] Progress @ 2026-08-05 19:43:20 : 414 steps taken, and 15561 accepted.
[0 : mcmc] Progress @ 2026-08-05 19:43:31 : 445 steps taken, and 15622 accepted.
[3 : mcmc] Progress @ 2026-08-05 19:44:00 : 542 steps taken, and 15427 accepted.
[1 : mcmc] Progress @ 2026-08-05 19:44:04 : 562 steps taken, and 15560 accepted.
[2 : mcmc] Progress @ 2026-08-05 19:44:26 : 428 steps taken, and 15562 accepted.
[0 : mcmc] Progress @ 2026-08-05 19:44:41 : 451 steps taken, and 15625 accepted.
[3 : mcmc] Progress @ 2026-08-05 19:45:11 : 549 steps taken, and 15429 accepted.
[1 : mcmc] Progress @ 2026-08-05 19:45:14 : 570 steps taken, and 15561 accepted.
[2 : mcmc] Progress @ 2026-08-05 19:45:35 : 436 steps taken, and 15563 accepted.
[0 : mcmc] Progress @ 2026-08-05 19:45:49 : 455 steps taken, and 15627 accepted.
[3 : mcmc] Progress @ 2026-08-05 19:46:20 : 555 steps taken, and 15430 accepted.
[1 : mcmc] Progress @ 2026-08-05 19:46:25 : 576 steps taken, and 15562 accepted.
[2 : mcmc] Progress @ 2026-08-05 19:46:43 : 448 steps taken, and 15565 accepted.
[0 : mcmc] Progress @ 2026-08-05 19:47:00 : 464 steps taken, and 15629 accepted.
[3 : mcmc] Progress @ 2026-08-05 19:47:30 : 560 steps taken, and 15433 accepted.
[1 : mcmc] Progress @ 2026-08-05 19:47:36 : 580 steps taken, and 15564 accepted.
[2 : mcmc] Progress @ 2026-08-05 19:47:55 : 455 steps taken, and 15566 accepted.
[0 : mcmc] Progress @ 2026-08-05 19:48:11 : 468 steps taken, and 15631 accepted.
[3 : mcmc] Progress @ 2026-08-05 19:48:38 : 568 steps taken, and 15434 accepted.
[1 : mcmc] Progress @ 2026-08-05 19:48:47 : 591 steps taken, and 15565 accepted.
[2 : mcmc] Progress @ 2026-08-05 19:49:04 : 459 steps taken, and 15566 accepted.
[0 : mcmc] Progress @ 2026-08-05 19:49:22 : 474 steps taken, and 15633 accepted.
[3 : mcmc] Progress @ 2026-08-05 19:49:46 : 573 steps taken, and 15434 accepted.
[1 : mcmc] Progress @ 2026-08-05 19:49:59 : 600 steps taken, and 15568 accepted.
[2 : mcmc] Progress @ 2026-08-05 19:50:12 : 467 steps taken, and 15569 accepted.
[0 : mcmc] Progress @ 2026-08-05 19:50:32 : 479 steps taken, and 15633 accepted.
[3 : mcmc] Progress @ 2026-08-05 19:50:54 : 578 steps taken, and 15436 accepted.
[1 : mcmc] Progress @ 2026-08-05 19:51:10 : 607 steps taken, and 15569 accepted.
[2 : mcmc] Progress @ 2026-08-05 19:51:21 : 474 steps taken, and 15571 accepted.
[0 : mcmc] Progress @ 2026-08-05 19:51:41 : 487 steps taken, and 15633 accepted.
[3 : mcmc] Progress @ 2026-08-05 19:52:03 : 584 steps taken, and 15438 accepted.
[1 : mcmc] Progress @ 2026-08-05 19:52:20 : 619 steps taken, and 15570 accepted.
[2 : mcmc] Progress @ 2026-08-05 19:52:32 : 483 steps taken, and 15574 accepted.
[0 : mcmc] Progress @ 2026-08-05 19:52:53 : 493 steps taken, and 15634 accepted.
[3 : mcmc] Progress @ 2026-08-05 19:53:11 : 590 steps taken, and 15439 accepted.
[1 : mcmc] Progress @ 2026-08-05 19:53:30 : 627 steps taken, and 15570 accepted.
[2 : mcmc] Progress @ 2026-08-05 19:53:42 : 489 steps taken, and 15575 accepted.
[0 : mcmc] Progress @ 2026-08-05 19:54:04 : 502 steps taken, and 15637 accepted.
[3 : mcmc] Progress @ 2026-08-05 19:54:21 : 595 steps taken, and 15440 accepted.
[1 : mcmc] Progress @ 2026-08-05 19:54:41 : 633 steps taken, and 15571 accepted.
[2 : mcmc] Progress @ 2026-08-05 19:54:53 : 495 steps taken, and 15576 accepted.
[0 : mcmc] Progress @ 2026-08-05 19:55:15 : 508 steps taken, and 15639 accepted.
[3 : mcmc] Progress @ 2026-08-05 19:55:32 : 600 steps taken, and 15441 accepted.
[1 : mcmc] Progress @ 2026-08-05 19:55:51 : 641 steps taken, and 15573 accepted.
[2 : mcmc] Progress @ 2026-08-05 19:55:58 : 501 steps taken, and 15578 accepted.
[0 : mcmc] Progress @ 2026-08-05 19:56:27 : 513 steps taken, and 15640 accepted.
[3 : mcmc] Progress @ 2026-08-05 19:56:43 : 609 steps taken, and 15441 accepted.
[1 : mcmc] Progress @ 2026-08-05 19:57:02 : 650 steps taken, and 15574 accepted.
[2 : mcmc] Progress @ 2026-08-05 19:57:08 : 510 steps taken, and 15581 accepted.
[0 : mcmc] Progress @ 2026-08-05 19:57:38 : 519 steps taken, and 15643 accepted.
[3 : mcmc] Progress @ 2026-08-05 19:57:53 : 614 steps taken, and 15444 accepted.
[1 : mcmc] Progress @ 2026-08-05 19:58:13 : 660 steps taken, and 15575 accepted.
[2 : mcmc] Progress @ 2026-08-05 19:58:17 : 514 steps taken, and 15583 accepted.
[0 : mcmc] Progress @ 2026-08-05 19:58:49 : 526 steps taken, and 15645 accepted.
[3 : mcmc] Progress @ 2026-08-05 19:59:04 : 620 steps taken, and 15445 accepted.
[1 : mcmc] Progress @ 2026-08-05 19:59:23 : 673 steps taken, and 15576 accepted.
[2 : mcmc] Progress @ 2026-08-05 19:59:26 : 523 steps taken, and 15583 accepted.
[0 : mcmc] Progress @ 2026-08-05 19:59:59 : 531 steps taken, and 15646 accepted.
[3 : mcmc] Progress @ 2026-08-05 20:00:13 : 624 steps taken, and 15445 accepted.
[1 : mcmc] Progress @ 2026-08-05 20:00:34 : 683 steps taken, and 15578 accepted.
[2 : mcmc] Progress @ 2026-08-05 20:00:35 : 528 steps taken, and 15586 accepted.
[0 : mcmc] Progress @ 2026-08-05 20:01:11 : 538 steps taken, and 15647 accepted.
[3 : mcmc] Progress @ 2026-08-05 20:01:20 : 628 steps taken, and 15445 accepted.
[1 : mcmc] Progress @ 2026-08-05 20:01:47 : 698 steps taken, and 15581 accepted.
[2 : mcmc] Progress @ 2026-08-05 20:01:49 : 532 steps taken, and 15588 accepted.
[0 : mcmc] Progress @ 2026-08-05 20:02:22 : 543 steps taken, and 15648 accepted.
[3 : mcmc] Progress @ 2026-08-05 20:02:26 : 635 steps taken, and 15445 accepted.
[1 : mcmc] Progress @ 2026-08-05 20:02:58 : 708 steps taken, and 15583 accepted.
[2 : mcmc] Progress @ 2026-08-05 20:03:00 : 542 steps taken, and 15590 accepted.
[0 : mcmc] Progress @ 2026-08-05 20:03:34 : 553 steps taken, and 15649 accepted.
[3 : mcmc] Progress @ 2026-08-05 20:03:36 : 639 steps taken, and 15446 accepted.
[1 : mcmc] Progress @ 2026-08-05 20:04:10 : 718 steps taken, and 15586 accepted.
[2 : mcmc] Progress @ 2026-08-05 20:04:11 : 548 steps taken, and 15594 accepted.
[0 : mcmc] Progress @ 2026-08-05 20:04:45 : 560 steps taken, and 15651 accepted.
[3 : mcmc] Progress @ 2026-08-05 20:04:47 : 645 steps taken, and 15446 accepted.
[1 : mcmc] Progress @ 2026-08-05 20:05:21 : 734 steps taken, and 15586 accepted.
[2 : mcmc] Progress @ 2026-08-05 20:05:22 : 553 steps taken, and 15594 accepted.
[0 : mcmc] Progress @ 2026-08-05 20:05:53 : 566 steps taken, and 15653 accepted.
[3 : mcmc] Progress @ 2026-08-05 20:05:58 : 650 steps taken, and 15447 accepted.
[1 : mcmc] Progress @ 2026-08-05 20:06:32 : 743 steps taken, and 15586 accepted.
[2 : mcmc] Progress @ 2026-08-05 20:06:33 : 558 steps taken, and 15596 accepted.
[0 : mcmc] Progress @ 2026-08-05 20:07:03 : 570 steps taken, and 15653 accepted.
[3 : mcmc] Progress @ 2026-08-05 20:07:09 : 663 steps taken, and 15448 accepted.
[2 : mcmc] Progress @ 2026-08-05 20:07:43 : 565 steps taken, and 15598 accepted.
[1 : mcmc] Progress @ 2026-08-05 20:07:46 : 769 steps taken, and 15588 accepted.
[0 : mcmc] Progress @ 2026-08-05 20:08:10 : 577 steps taken, and 15654 accepted.
[3 : mcmc] Progress @ 2026-08-05 20:08:20 : 671 steps taken, and 15451 accepted.
[2 : mcmc] Progress @ 2026-08-05 20:08:53 : 570 steps taken, and 15598 accepted.
[1 : mcmc] Progress @ 2026-08-05 20:08:57 : 777 steps taken, and 15589 accepted.
[0 : mcmc] Progress @ 2026-08-05 20:09:21 : 582 steps taken, and 15654 accepted.
[3 : mcmc] Progress @ 2026-08-05 20:09:27 : 679 steps taken, and 15452 accepted.
[2 : mcmc] Progress @ 2026-08-05 20:10:04 : 575 steps taken, and 15599 accepted.
[1 : mcmc] Progress @ 2026-08-05 20:10:06 : 786 steps taken, and 15590 accepted.
[2 : mcmc] Learn + convergence test @ 15600 samples accepted.
[2 : mcmc] Ready to check convergence and learn a new proposal covmat (waiting for the rest...)
[0 : mcmc] Progress @ 2026-08-05 20:10:33 : 586 steps taken, and 15655 accepted.
[3 : mcmc] Progress @ 2026-08-05 20:10:38 : 683 steps taken, and 15453 accepted.
[2 : mcmc] Progress @ 2026-08-05 20:11:14 : 580 steps taken, and 15601 accepted.
[1 : mcmc] Progress @ 2026-08-05 20:11:18 : 795 steps taken, and 15590 accepted.
[0 : mcmc] Progress @ 2026-08-05 20:11:42 : 591 steps taken, and 15656 accepted.
[3 : mcmc] Progress @ 2026-08-05 20:11:48 : 690 steps taken, and 15454 accepted.
[2 : mcmc] Progress @ 2026-08-05 20:12:24 : 590 steps taken, and 15604 accepted.
[1 : mcmc] Progress @ 2026-08-05 20:12:30 : 799 steps taken, and 15592 accepted.
[0 : mcmc] Progress @ 2026-08-05 20:12:54 : 595 steps taken, and 15659 accepted.
[3 : mcmc] Progress @ 2026-08-05 20:13:02 : 703 steps taken, and 15454 accepted.
[2 : mcmc] Progress @ 2026-08-05 20:13:34 : 594 steps taken, and 15606 accepted.
[1 : mcmc] Progress @ 2026-08-05 20:13:43 : 804 steps taken, and 15593 accepted.
[0 : mcmc] Progress @ 2026-08-05 20:14:01 : 601 steps taken, and 15662 accepted.
[3 : mcmc] Progress @ 2026-08-05 20:14:12 : 709 steps taken, and 15455 accepted.
[2 : mcmc] Progress @ 2026-08-05 20:14:43 : 603 steps taken, and 15608 accepted.
[1 : mcmc] Progress @ 2026-08-05 20:14:54 : 810 steps taken, and 15595 accepted.
[0 : mcmc] Progress @ 2026-08-05 20:15:11 : 609 steps taken, and 15663 accepted.
[3 : mcmc] Progress @ 2026-08-05 20:15:21 : 716 steps taken, and 15456 accepted.
[2 : mcmc] Progress @ 2026-08-05 20:15:52 : 624 steps taken, and 15609 accepted.
[1 : mcmc] Progress @ 2026-08-05 20:16:04 : 818 steps taken, and 15596 accepted.
[0 : mcmc] Progress @ 2026-08-05 20:16:20 : 623 steps taken, and 15667 accepted.
[3 : mcmc] Progress @ 2026-08-05 20:16:30 : 720 steps taken, and 15459 accepted.
[2 : mcmc] Progress @ 2026-08-05 20:17:03 : 634 steps taken, and 15609 accepted.
[1 : mcmc] Progress @ 2026-08-05 20:17:17 : 830 steps taken, and 15597 accepted.
[0 : mcmc] Progress @ 2026-08-05 20:17:30 : 628 steps taken, and 15668 accepted.
[3 : mcmc] Progress @ 2026-08-05 20:17:40 : 725 steps taken, and 15461 accepted.
[2 : mcmc] Progress @ 2026-08-05 20:18:12 : 646 steps taken, and 15609 accepted.
[1 : mcmc] Progress @ 2026-08-05 20:18:28 : 838 steps taken, and 15598 accepted.
[0 : mcmc] Progress @ 2026-08-05 20:18:37 : 633 steps taken, and 15669 accepted.
[3 : mcmc] Progress @ 2026-08-05 20:18:49 : 732 steps taken, and 15462 accepted.
[2 : mcmc] Progress @ 2026-08-05 20:19:24 : 656 steps taken, and 15610 accepted.
[1 : mcmc] Progress @ 2026-08-05 20:19:39 : 846 steps taken, and 15598 accepted.
[0 : mcmc] Progress @ 2026-08-05 20:19:45 : 643 steps taken, and 15672 accepted.
[3 : mcmc] Progress @ 2026-08-05 20:19:58 : 741 steps taken, and 15464 accepted.
[2 : mcmc] Progress @ 2026-08-05 20:20:35 : 668 steps taken, and 15611 accepted.
[1 : mcmc] Progress @ 2026-08-05 20:20:50 : 853 steps taken, and 15598 accepted.
[0 : mcmc] Progress @ 2026-08-05 20:20:56 : 649 steps taken, and 15673 accepted.
[3 : mcmc] Progress @ 2026-08-05 20:21:08 : 748 steps taken, and 15466 accepted.
[2 : mcmc] Progress @ 2026-08-05 20:21:47 : 674 steps taken, and 15611 accepted.
[1 : mcmc] Progress @ 2026-08-05 20:22:02 : 867 steps taken, and 15599 accepted.
[0 : mcmc] Progress @ 2026-08-05 20:22:06 : 657 steps taken, and 15676 accepted.
[3 : mcmc] Progress @ 2026-08-05 20:22:17 : 758 steps taken, and 15467 accepted.
[2 : mcmc] Progress @ 2026-08-05 20:22:57 : 685 steps taken, and 15613 accepted.
[1 : mcmc] Progress @ 2026-08-05 20:23:12 : 878 steps taken, and 15599 accepted.
[0 : mcmc] Progress @ 2026-08-05 20:23:15 : 663 steps taken, and 15678 accepted.
[3 : mcmc] Progress @ 2026-08-05 20:23:27 : 765 steps taken, and 15467 accepted.
[1 : mcmc] Learn + convergence test @ 15600 samples accepted.
[1 : mcmc] Ready to check convergence and learn a new proposal covmat (waiting for the rest...)
[2 : mcmc] Progress @ 2026-08-05 20:24:08 : 691 steps taken, and 15615 accepted.
[1 : mcmc] Progress @ 2026-08-05 20:24:23 : 888 steps taken, and 15600 accepted.
[0 : mcmc] Progress @ 2026-08-05 20:24:24 : 669 steps taken, and 15680 accepted.
[3 : mcmc] Progress @ 2026-08-05 20:24:38 : 772 steps taken, and 15470 accepted.
[2 : mcmc] Progress @ 2026-08-05 20:25:19 : 698 steps taken, and 15617 accepted.
[0 : mcmc] Progress @ 2026-08-05 20:25:35 : 676 steps taken, and 15680 accepted.
[1 : mcmc] Progress @ 2026-08-05 20:25:35 : 897 steps taken, and 15601 accepted.
[3 : mcmc] Progress @ 2026-08-05 20:25:47 : 782 steps taken, and 15471 accepted.
[2 : mcmc] Progress @ 2026-08-05 20:26:32 : 705 steps taken, and 15620 accepted.
[0 : mcmc] Progress @ 2026-08-05 20:26:45 : 683 steps taken, and 15681 accepted.
[1 : mcmc] Progress @ 2026-08-05 20:26:45 : 902 steps taken, and 15603 accepted.
[3 : mcmc] Progress @ 2026-08-05 20:26:56 : 794 steps taken, and 15473 accepted.
[2 : mcmc] Progress @ 2026-08-05 20:27:43 : 714 steps taken, and 15620 accepted.
[0 : mcmc] Progress @ 2026-08-05 20:27:53 : 691 steps taken, and 15681 accepted.
[1 : mcmc] Progress @ 2026-08-05 20:27:58 : 909 steps taken, and 15604 accepted.
[3 : mcmc] Progress @ 2026-08-05 20:28:05 : 800 steps taken, and 15475 accepted.
[2 : mcmc] Progress @ 2026-08-05 20:28:53 : 723 steps taken, and 15622 accepted.
[0 : mcmc] Progress @ 2026-08-05 20:29:03 : 699 steps taken, and 15683 accepted.
[1 : mcmc] Progress @ 2026-08-05 20:29:09 : 922 steps taken, and 15607 accepted.
[3 : mcmc] Progress @ 2026-08-05 20:29:18 : 811 steps taken, and 15478 accepted.
[2 : mcmc] Progress @ 2026-08-05 20:30:01 : 729 steps taken, and 15624 accepted.
[0 : mcmc] Progress @ 2026-08-05 20:30:15 : 707 steps taken, and 15685 accepted.
[1 : mcmc] Progress @ 2026-08-05 20:30:20 : 929 steps taken, and 15609 accepted.
[3 : mcmc] Progress @ 2026-08-05 20:30:28 : 817 steps taken, and 15479 accepted.
[2 : mcmc] Progress @ 2026-08-05 20:31:08 : 755 steps taken, and 15626 accepted.
[0 : mcmc] Progress @ 2026-08-05 20:31:24 : 714 steps taken, and 15687 accepted.
[1 : mcmc] Progress @ 2026-08-05 20:31:29 : 940 steps taken, and 15610 accepted.
[3 : mcmc] Progress @ 2026-08-05 20:31:38 : 824 steps taken, and 15481 accepted.
[2 : mcmc] Progress @ 2026-08-05 20:32:17 : 761 steps taken, and 15628 accepted.
[0 : mcmc] Progress @ 2026-08-05 20:32:33 : 718 steps taken, and 15687 accepted.
[1 : mcmc] Progress @ 2026-08-05 20:32:40 : 947 steps taken, and 15612 accepted.
[3 : mcmc] Progress @ 2026-08-05 20:32:49 : 832 steps taken, and 15481 accepted.
[2 : mcmc] Progress @ 2026-08-05 20:33:27 : 768 steps taken, and 15628 accepted.
[0 : mcmc] Progress @ 2026-08-05 20:33:42 : 726 steps taken, and 15689 accepted.
[1 : mcmc] Progress @ 2026-08-05 20:33:49 : 960 steps taken, and 15614 accepted.
[3 : mcmc] Progress @ 2026-08-05 20:34:00 : 841 steps taken, and 15484 accepted.
[2 : mcmc] Progress @ 2026-08-05 20:34:38 : 778 steps taken, and 15629 accepted.
[0 : mcmc] Progress @ 2026-08-05 20:34:52 : 735 steps taken, and 15690 accepted.
[1 : mcmc] Progress @ 2026-08-05 20:35:00 : 974 steps taken, and 15615 accepted.
[3 : mcmc] Progress @ 2026-08-05 20:35:10 : 846 steps taken, and 15485 accepted.
[2 : mcmc] Progress @ 2026-08-05 20:35:51 : 786 steps taken, and 15631 accepted.
[0 : mcmc] Progress @ 2026-08-05 20:36:03 : 744 steps taken, and 15690 accepted.
[1 : mcmc] Progress @ 2026-08-05 20:36:10 : 993 steps taken, and 15618 accepted.
[3 : mcmc] Progress @ 2026-08-05 20:36:22 : 853 steps taken, and 15486 accepted.
[2 : mcmc] Progress @ 2026-08-05 20:37:04 : 791 steps taken, and 15633 accepted.
[0 : mcmc] Progress @ 2026-08-05 20:37:17 : 751 steps taken, and 15693 accepted.
[1 : mcmc] Progress @ 2026-08-05 20:37:26 : 1002 steps taken, and 15619 accepted.
[3 : mcmc] Progress @ 2026-08-05 20:37:36 : 859 steps taken, and 15487 accepted.
[2 : mcmc] Progress @ 2026-08-05 20:38:16 : 800 steps taken, and 15634 accepted.
[0 : mcmc] Progress @ 2026-08-05 20:38:30 : 763 steps taken, and 15695 accepted.
[1 : mcmc] Progress @ 2026-08-05 20:38:38 : 1012 steps taken, and 15622 accepted.
[3 : mcmc] Progress @ 2026-08-05 20:38:49 : 866 steps taken, and 15489 accepted.
[2 : mcmc] Progress @ 2026-08-05 20:39:24 : 807 steps taken, and 15635 accepted.
[0 : mcmc] Progress @ 2026-08-05 20:39:41 : 768 steps taken, and 15696 accepted.
[1 : mcmc] Progress @ 2026-08-05 20:39:46 : 1020 steps taken, and 15624 accepted.
[3 : mcmc] Progress @ 2026-08-05 20:40:01 : 872 steps taken, and 15489 accepted.
[2 : mcmc] Progress @ 2026-08-05 20:40:33 : 814 steps taken, and 15636 accepted.
[0 : mcmc] Progress @ 2026-08-05 20:40:48 : 773 steps taken, and 15698 accepted.
[1 : mcmc] Progress @ 2026-08-05 20:40:56 : 1025 steps taken, and 15625 accepted.
[3 : mcmc] Progress @ 2026-08-05 20:41:12 : 882 steps taken, and 15490 accepted.
[2 : mcmc] Progress @ 2026-08-05 20:41:41 : 821 steps taken, and 15637 accepted.
[0 : mcmc] Progress @ 2026-08-05 20:41:58 : 778 steps taken, and 15701 accepted.
[1 : mcmc] Progress @ 2026-08-05 20:42:07 : 1033 steps taken, and 15626 accepted.
[3 : mcmc] Progress @ 2026-08-05 20:42:25 : 887 steps taken, and 15491 accepted.
[2 : mcmc] Progress @ 2026-08-05 20:42:49 : 828 steps taken, and 15637 accepted.
[0 : mcmc] Progress @ 2026-08-05 20:43:06 : 783 steps taken, and 15703 accepted.
[1 : mcmc] Progress @ 2026-08-05 20:43:18 : 1038 steps taken, and 15629 accepted.
[3 : mcmc] Progress @ 2026-08-05 20:43:38 : 896 steps taken, and 15492 accepted.
[2 : mcmc] Progress @ 2026-08-05 20:43:57 : 834 steps taken, and 15639 accepted.
[0 : mcmc] Progress @ 2026-08-05 20:44:15 : 788 steps taken, and 15706 accepted.
[1 : mcmc] Progress @ 2026-08-05 20:44:28 : 1043 steps taken, and 15630 accepted.
[3 : mcmc] Progress @ 2026-08-05 20:44:49 : 908 steps taken, and 15492 accepted.
[2 : mcmc] Progress @ 2026-08-05 20:45:05 : 845 steps taken, and 15641 accepted.
[0 : mcmc] Progress @ 2026-08-05 20:45:24 : 795 steps taken, and 15708 accepted.
[1 : mcmc] Progress @ 2026-08-05 20:45:39 : 1048 steps taken, and 15631 accepted.
[3 : mcmc] Progress @ 2026-08-05 20:46:00 : 920 steps taken, and 15493 accepted.
[2 : mcmc] Progress @ 2026-08-05 20:46:12 : 851 steps taken, and 15643 accepted.
[0 : mcmc] Progress @ 2026-08-05 20:46:35 : 801 steps taken, and 15709 accepted.
[1 : mcmc] Progress @ 2026-08-05 20:46:49 : 1054 steps taken, and 15632 accepted.
[3 : mcmc] Progress @ 2026-08-05 20:47:12 : 929 steps taken, and 15495 accepted.
[2 : mcmc] Progress @ 2026-08-05 20:47:18 : 861 steps taken, and 15646 accepted.
[0 : mcmc] Progress @ 2026-08-05 20:47:45 : 806 steps taken, and 15710 accepted.
[1 : mcmc] Progress @ 2026-08-05 20:48:01 : 1064 steps taken, and 15633 accepted.
[3 : mcmc] Progress @ 2026-08-05 20:48:23 : 942 steps taken, and 15495 accepted.
[2 : mcmc] Progress @ 2026-08-05 20:48:24 : 876 steps taken, and 15647 accepted.
[0 : mcmc] Progress @ 2026-08-05 20:48:55 : 811 steps taken, and 15713 accepted.
[1 : mcmc] Progress @ 2026-08-05 20:49:12 : 1072 steps taken, and 15635 accepted.
[2 : mcmc] Progress @ 2026-08-05 20:49:31 : 883 steps taken, and 15647 accepted.
[3 : mcmc] Progress @ 2026-08-05 20:49:33 : 946 steps taken, and 15497 accepted.
[0 : mcmc] Progress @ 2026-08-05 20:50:05 : 819 steps taken, and 15714 accepted.
[1 : mcmc] Progress @ 2026-08-05 20:50:24 : 1079 steps taken, and 15635 accepted.
[2 : mcmc] Progress @ 2026-08-05 20:50:39 : 889 steps taken, and 15648 accepted.
[3 : mcmc] Progress @ 2026-08-05 20:50:43 : 952 steps taken, and 15501 accepted.
[0 : mcmc] Progress @ 2026-08-05 20:51:15 : 832 steps taken, and 15716 accepted.
[1 : mcmc] Progress @ 2026-08-05 20:51:35 : 1088 steps taken, and 15637 accepted.
[2 : mcmc] Progress @ 2026-08-05 20:51:47 : 893 steps taken, and 15651 accepted.
[3 : mcmc] Progress @ 2026-08-05 20:51:55 : 958 steps taken, and 15503 accepted.
[0 : mcmc] Progress @ 2026-08-05 20:52:23 : 836 steps taken, and 15718 accepted.
[1 : mcmc] Progress @ 2026-08-05 20:52:45 : 1101 steps taken, and 15639 accepted.
[2 : mcmc] Progress @ 2026-08-05 20:52:52 : 900 steps taken, and 15653 accepted.
[3 : mcmc] Progress @ 2026-08-05 20:53:05 : 969 steps taken, and 15503 accepted.
[0 : mcmc] Progress @ 2026-08-05 20:53:31 : 842 steps taken, and 15719 accepted.
[1 : mcmc] Progress @ 2026-08-05 20:53:58 : 1106 steps taken, and 15642 accepted.
[2 : mcmc] Progress @ 2026-08-05 20:54:02 : 911 steps taken, and 15654 accepted.
[3 : mcmc] Progress @ 2026-08-05 20:54:16 : 976 steps taken, and 15504 accepted.
[0 : mcmc] Progress @ 2026-08-05 20:54:38 : 849 steps taken, and 15721 accepted.
[1 : mcmc] Progress @ 2026-08-05 20:55:07 : 1111 steps taken, and 15643 accepted.
[2 : mcmc] Progress @ 2026-08-05 20:55:11 : 928 steps taken, and 15655 accepted.
[3 : mcmc] Progress @ 2026-08-05 20:55:27 : 983 steps taken, and 15504 accepted.
[0 : mcmc] Progress @ 2026-08-05 20:55:47 : 853 steps taken, and 15723 accepted.
[1 : mcmc] Progress @ 2026-08-05 20:56:16 : 1115 steps taken, and 15644 accepted.
[2 : mcmc] Progress @ 2026-08-05 20:56:23 : 934 steps taken, and 15657 accepted.
[3 : mcmc] Progress @ 2026-08-05 20:56:38 : 987 steps taken, and 15504 accepted.
[0 : mcmc] Progress @ 2026-08-05 20:56:59 : 858 steps taken, and 15724 accepted.
[1 : mcmc] Progress @ 2026-08-05 20:57:25 : 1120 steps taken, and 15647 accepted.
[2 : mcmc] Progress @ 2026-08-05 20:57:32 : 944 steps taken, and 15658 accepted.
[3 : mcmc] Progress @ 2026-08-05 20:57:50 : 997 steps taken, and 15505 accepted.
[0 : mcmc] Progress @ 2026-08-05 20:58:09 : 865 steps taken, and 15725 accepted.
[1 : mcmc] Progress @ 2026-08-05 20:58:32 : 1130 steps taken, and 15650 accepted.
[2 : mcmc] Progress @ 2026-08-05 20:58:43 : 953 steps taken, and 15658 accepted.
[3 : mcmc] Progress @ 2026-08-05 20:59:02 : 1003 steps taken, and 15507 accepted.
[0 : mcmc] Progress @ 2026-08-05 20:59:18 : 870 steps taken, and 15727 accepted.
[1 : mcmc] Progress @ 2026-08-05 20:59:40 : 1138 steps taken, and 15651 accepted.
[2 : mcmc] Progress @ 2026-08-05 20:59:55 : 965 steps taken, and 15659 accepted.
[3 : mcmc] Progress @ 2026-08-05 21:00:15 : 1010 steps taken, and 15507 accepted.
[0 : mcmc] Progress @ 2026-08-05 21:00:27 : 874 steps taken, and 15728 accepted.
[1 : mcmc] Progress @ 2026-08-05 21:00:48 : 1143 steps taken, and 15652 accepted.
[2 : mcmc] Progress @ 2026-08-05 21:01:03 : 978 steps taken, and 15661 accepted.
[3 : mcmc] Progress @ 2026-08-05 21:01:23 : 1016 steps taken, and 15509 accepted.
[0 : mcmc] Progress @ 2026-08-05 21:01:37 : 880 steps taken, and 15729 accepted.
[1 : mcmc] Progress @ 2026-08-05 21:01:56 : 1149 steps taken, and 15655 accepted.
[2 : mcmc] Progress @ 2026-08-05 21:02:13 : 986 steps taken, and 15663 accepted.
[3 : mcmc] Progress @ 2026-08-05 21:02:35 : 1023 steps taken, and 15509 accepted.
[0 : mcmc] Progress @ 2026-08-05 21:02:51 : 889 steps taken, and 15731 accepted.
[1 : mcmc] Progress @ 2026-08-05 21:03:05 : 1159 steps taken, and 15657 accepted.
[2 : mcmc] Progress @ 2026-08-05 21:03:21 : 993 steps taken, and 15664 accepted.
[3 : mcmc] Progress @ 2026-08-05 21:03:45 : 1028 steps taken, and 15512 accepted.
[0 : mcmc] Progress @ 2026-08-05 21:04:02 : 894 steps taken, and 15732 accepted.
[1 : mcmc] Progress @ 2026-08-05 21:04:13 : 1168 steps taken, and 15659 accepted.
[2 : mcmc] Progress @ 2026-08-05 21:04:30 : 997 steps taken, and 15665 accepted.
[3 : mcmc] Progress @ 2026-08-05 21:04:52 : 1033 steps taken, and 15513 accepted.
[0 : mcmc] Progress @ 2026-08-05 21:05:12 : 901 steps taken, and 15734 accepted.
[1 : mcmc] Progress @ 2026-08-05 21:05:21 : 1172 steps taken, and 15660 accepted.
[2 : mcmc] Progress @ 2026-08-05 21:05:40 : 1006 steps taken, and 15667 accepted.
[3 : mcmc] Progress @ 2026-08-05 21:05:58 : 1038 steps taken, and 15515 accepted.
[0 : mcmc] Progress @ 2026-08-05 21:06:24 : 906 steps taken, and 15735 accepted.
[1 : mcmc] Progress @ 2026-08-05 21:06:28 : 1179 steps taken, and 15660 accepted.
[2 : mcmc] Progress @ 2026-08-05 21:06:48 : 1011 steps taken, and 15671 accepted.
[3 : mcmc] Progress @ 2026-08-05 21:07:07 : 1048 steps taken, and 15515 accepted.
[0 : mcmc] Progress @ 2026-08-05 21:07:33 : 912 steps taken, and 15735 accepted.
[1 : mcmc] Progress @ 2026-08-05 21:07:36 : 1184 steps taken, and 15661 accepted.
[2 : mcmc] Progress @ 2026-08-05 21:07:57 : 1031 steps taken, and 15673 accepted.
[3 : mcmc] Progress @ 2026-08-05 21:08:16 : 1054 steps taken, and 15518 accepted.
[0 : mcmc] Progress @ 2026-08-05 21:08:41 : 916 steps taken, and 15735 accepted.
[1 : mcmc] Progress @ 2026-08-05 21:08:42 : 1193 steps taken, and 15663 accepted.
[2 : mcmc] Progress @ 2026-08-05 21:09:08 : 1037 steps taken, and 15675 accepted.
[3 : mcmc] Progress @ 2026-08-05 21:09:24 : 1061 steps taken, and 15519 accepted.
[1 : mcmc] Progress @ 2026-08-05 21:09:49 : 1207 steps taken, and 15665 accepted.
[0 : mcmc] Progress @ 2026-08-05 21:09:51 : 924 steps taken, and 15736 accepted.
[2 : mcmc] Progress @ 2026-08-05 21:10:17 : 1047 steps taken, and 15678 accepted.
[3 : mcmc] Progress @ 2026-08-05 21:10:30 : 1071 steps taken, and 15520 accepted.
[1 : mcmc] Progress @ 2026-08-05 21:10:56 : 1212 steps taken, and 15667 accepted.
[0 : mcmc] Progress @ 2026-08-05 21:11:02 : 928 steps taken, and 15738 accepted.
[2 : mcmc] Progress @ 2026-08-05 21:11:25 : 1064 steps taken, and 15679 accepted.
[3 : mcmc] Progress @ 2026-08-05 21:11:39 : 1085 steps taken, and 15521 accepted.
[1 : mcmc] Progress @ 2026-08-05 21:12:02 : 1218 steps taken, and 15668 accepted.
[0 : mcmc] Progress @ 2026-08-05 21:12:14 : 937 steps taken, and 15740 accepted.
[2 : mcmc] Progress @ 2026-08-05 21:12:37 : 1068 steps taken, and 15681 accepted.
[3 : mcmc] Progress @ 2026-08-05 21:12:47 : 1094 steps taken, and 15523 accepted.
[1 : mcmc] Progress @ 2026-08-05 21:13:07 : 1223 steps taken, and 15670 accepted.
[0 : mcmc] Progress @ 2026-08-05 21:13:23 : 941 steps taken, and 15740 accepted.
[2 : mcmc] Progress @ 2026-08-05 21:13:45 : 1076 steps taken, and 15682 accepted.
[3 : mcmc] Progress @ 2026-08-05 21:13:54 : 1100 steps taken, and 15524 accepted.
[1 : mcmc] Progress @ 2026-08-05 21:14:15 : 1229 steps taken, and 15672 accepted.
[0 : mcmc] Progress @ 2026-08-05 21:14:35 : 947 steps taken, and 15742 accepted.
[2 : mcmc] Progress @ 2026-08-05 21:14:56 : 1095 steps taken, and 15683 accepted.
[3 : mcmc] Progress @ 2026-08-05 21:15:02 : 1105 steps taken, and 15525 accepted.
[1 : mcmc] Progress @ 2026-08-05 21:15:22 : 1235 steps taken, and 15673 accepted.
[0 : mcmc] Progress @ 2026-08-05 21:15:47 : 956 steps taken, and 15745 accepted.
[2 : mcmc] Progress @ 2026-08-05 21:16:08 : 1101 steps taken, and 15685 accepted.
[3 : mcmc] Progress @ 2026-08-05 21:16:09 : 1114 steps taken, and 15527 accepted.
[1 : mcmc] Progress @ 2026-08-05 21:16:29 : 1240 steps taken, and 15674 accepted.
[0 : mcmc] Progress @ 2026-08-05 21:16:59 : 961 steps taken, and 15746 accepted.
[2 : mcmc] Progress @ 2026-08-05 21:17:18 : 1114 steps taken, and 15687 accepted.
[3 : mcmc] Progress @ 2026-08-05 21:17:20 : 1119 steps taken, and 15528 accepted.
[1 : mcmc] Progress @ 2026-08-05 21:17:37 : 1249 steps taken, and 15675 accepted.
[0 : mcmc] Progress @ 2026-08-05 21:18:08 : 965 steps taken, and 15747 accepted.
[2 : mcmc] Progress @ 2026-08-05 21:18:29 : 1120 steps taken, and 15690 accepted.
[3 : mcmc] Progress @ 2026-08-05 21:18:31 : 1126 steps taken, and 15530 accepted.
[1 : mcmc] Progress @ 2026-08-05 21:18:45 : 1255 steps taken, and 15676 accepted.
[0 : mcmc] Progress @ 2026-08-05 21:19:18 : 970 steps taken, and 15748 accepted.
[2 : mcmc] Progress @ 2026-08-05 21:19:38 : 1131 steps taken, and 15690 accepted.
[3 : mcmc] Progress @ 2026-08-05 21:19:40 : 1131 steps taken, and 15533 accepted.
[1 : mcmc] Progress @ 2026-08-05 21:19:55 : 1259 steps taken, and 15678 accepted.
[0 : mcmc] Progress @ 2026-08-05 21:20:26 : 977 steps taken, and 15748 accepted.
[3 : mcmc] Progress @ 2026-08-05 21:20:48 : 1137 steps taken, and 15534 accepted.
[2 : mcmc] Progress @ 2026-08-05 21:20:48 : 1140 steps taken, and 15691 accepted.
[1 : mcmc] Progress @ 2026-08-05 21:21:04 : 1267 steps taken, and 15679 accepted.
[0 : mcmc] Progress @ 2026-08-05 21:21:38 : 981 steps taken, and 15749 accepted.
[3 : mcmc] Progress @ 2026-08-05 21:21:57 : 1151 steps taken, and 15536 accepted.
[2 : mcmc] Progress @ 2026-08-05 21:21:58 : 1148 steps taken, and 15693 accepted.
[1 : mcmc] Progress @ 2026-08-05 21:22:12 : 1271 steps taken, and 15680 accepted.
[0 : mcmc] Progress @ 2026-08-05 21:22:49 : 988 steps taken, and 15749 accepted.
[3 : mcmc] Progress @ 2026-08-05 21:23:06 : 1159 steps taken, and 15537 accepted.
[2 : mcmc] Progress @ 2026-08-05 21:23:07 : 1154 steps taken, and 15695 accepted.
[1 : mcmc] Progress @ 2026-08-05 21:23:21 : 1275 steps taken, and 15682 accepted.
[0 : mcmc] Progress @ 2026-08-05 21:24:02 : 993 steps taken, and 15750 accepted.
[3 : mcmc] Progress @ 2026-08-05 21:24:13 : 1169 steps taken, and 15539 accepted.
[2 : mcmc] Progress @ 2026-08-05 21:24:18 : 1163 steps taken, and 15697 accepted.
[1 : mcmc] Progress @ 2026-08-05 21:24:28 : 1279 steps taken, and 15682 accepted.
[0 : mcmc] Progress @ 2026-08-05 21:25:13 : 1002 steps taken, and 15750 accepted.
[3 : mcmc] Progress @ 2026-08-05 21:25:23 : 1173 steps taken, and 15540 accepted.
[2 : mcmc] Progress @ 2026-08-05 21:25:29 : 1171 steps taken, and 15697 accepted.
[1 : mcmc] Progress @ 2026-08-05 21:25:37 : 1290 steps taken, and 15685 accepted.
[0 : mcmc] Progress @ 2026-08-05 21:26:24 : 1010 steps taken, and 15750 accepted.
[3 : mcmc] Progress @ 2026-08-05 21:26:30 : 1179 steps taken, and 15541 accepted.
[2 : mcmc] Progress @ 2026-08-05 21:26:38 : 1178 steps taken, and 15699 accepted.
[1 : mcmc] Progress @ 2026-08-05 21:26:45 : 1297 steps taken, and 15687 accepted.
[0 : mcmc] Progress @ 2026-08-05 21:27:37 : 1014 steps taken, and 15750 accepted.
[3 : mcmc] Progress @ 2026-08-05 21:27:38 : 1184 steps taken, and 15542 accepted.
[2 : mcmc] Progress @ 2026-08-05 21:27:50 : 1187 steps taken, and 15699 accepted.
[1 : mcmc] Progress @ 2026-08-05 21:27:54 : 1308 steps taken, and 15690 accepted.
[3 : mcmc] Progress @ 2026-08-05 21:28:47 : 1192 steps taken, and 15544 accepted.
[0 : mcmc] Progress @ 2026-08-05 21:28:48 : 1020 steps taken, and 15751 accepted.
[2 : mcmc] Progress @ 2026-08-05 21:29:00 : 1193 steps taken, and 15701 accepted.
[1 : mcmc] Progress @ 2026-08-05 21:29:04 : 1320 steps taken, and 15691 accepted.
[3 : mcmc] Progress @ 2026-08-05 21:29:57 : 1200 steps taken, and 15544 accepted.
[0 : mcmc] Progress @ 2026-08-05 21:29:59 : 1027 steps taken, and 15753 accepted.
[2 : mcmc] Progress @ 2026-08-05 21:30:11 : 1200 steps taken, and 15703 accepted.
[1 : mcmc] Progress @ 2026-08-05 21:30:14 : 1326 steps taken, and 15693 accepted.
[3 : mcmc] Progress @ 2026-08-05 21:31:05 : 1205 steps taken, and 15546 accepted.
[0 : mcmc] Progress @ 2026-08-05 21:31:10 : 1033 steps taken, and 15756 accepted.
[2 : mcmc] Progress @ 2026-08-05 21:31:21 : 1207 steps taken, and 15704 accepted.
[1 : mcmc] Progress @ 2026-08-05 21:31:25 : 1334 steps taken, and 15693 accepted.
[3 : mcmc] Progress @ 2026-08-05 21:32:12 : 1215 steps taken, and 15547 accepted.
[0 : mcmc] Progress @ 2026-08-05 21:32:20 : 1038 steps taken, and 15759 accepted.
[2 : mcmc] Progress @ 2026-08-05 21:32:34 : 1214 steps taken, and 15704 accepted.
[1 : mcmc] Progress @ 2026-08-05 21:32:34 : 1339 steps taken, and 15693 accepted.
[3 : mcmc] Progress @ 2026-08-05 21:33:20 : 1223 steps taken, and 15550 accepted.
[0 : mcmc] Progress @ 2026-08-05 21:33:29 : 1043 steps taken, and 15760 accepted.
[1 : mcmc] Progress @ 2026-08-05 21:33:44 : 1348 steps taken, and 15693 accepted.
[2 : mcmc] Progress @ 2026-08-05 21:33:46 : 1221 steps taken, and 15706 accepted.
[3 : mcmc] Progress @ 2026-08-05 21:34:29 : 1235 steps taken, and 15552 accepted.
[0 : mcmc] Progress @ 2026-08-05 21:34:41 : 1049 steps taken, and 15760 accepted.
[1 : mcmc] Progress @ 2026-08-05 21:34:51 : 1357 steps taken, and 15694 accepted.
[2 : mcmc] Progress @ 2026-08-05 21:34:58 : 1227 steps taken, and 15707 accepted.
[3 : mcmc] Progress @ 2026-08-05 21:35:38 : 1241 steps taken, and 15554 accepted.
[0 : mcmc] Progress @ 2026-08-05 21:35:51 : 1054 steps taken, and 15760 accepted.
[1 : mcmc] Progress @ 2026-08-05 21:35:59 : 1374 steps taken, and 15697 accepted.
[2 : mcmc] Progress @ 2026-08-05 21:36:07 : 1231 steps taken, and 15709 accepted.
[3 : mcmc] Progress @ 2026-08-05 21:36:48 : 1252 steps taken, and 15557 accepted.
[0 : mcmc] Progress @ 2026-08-05 21:36:59 : 1059 steps taken, and 15761 accepted.
[1 : mcmc] Progress @ 2026-08-05 21:37:07 : 1380 steps taken, and 15699 accepted.
[2 : mcmc] Progress @ 2026-08-05 21:37:17 : 1238 steps taken, and 15709 accepted.
[3 : mcmc] Progress @ 2026-08-05 21:37:57 : 1260 steps taken, and 15558 accepted.
[0 : mcmc] Progress @ 2026-08-05 21:38:08 : 1063 steps taken, and 15762 accepted.
[1 : mcmc] Progress @ 2026-08-05 21:38:15 : 1388 steps taken, and 15700 accepted.
[2 : mcmc] Progress @ 2026-08-05 21:38:27 : 1242 steps taken, and 15709 accepted.
[3 : mcmc] Progress @ 2026-08-05 21:39:07 : 1271 steps taken, and 15559 accepted.
[0 : mcmc] Progress @ 2026-08-05 21:39:17 : 1067 steps taken, and 15763 accepted.
[1 : mcmc] Progress @ 2026-08-05 21:39:25 : 1393 steps taken, and 15701 accepted.
[2 : mcmc] Progress @ 2026-08-05 21:39:38 : 1247 steps taken, and 15711 accepted.
[3 : mcmc] Progress @ 2026-08-05 21:40:17 : 1276 steps taken, and 15559 accepted.
[0 : mcmc] Progress @ 2026-08-05 21:40:27 : 1072 steps taken, and 15763 accepted.
[1 : mcmc] Progress @ 2026-08-05 21:40:35 : 1398 steps taken, and 15703 accepted.
[2 : mcmc] Progress @ 2026-08-05 21:40:48 : 1255 steps taken, and 15713 accepted.
[3 : mcmc] Progress @ 2026-08-05 21:41:26 : 1280 steps taken, and 15559 accepted.
[0 : mcmc] Progress @ 2026-08-05 21:41:37 : 1077 steps taken, and 15765 accepted.
[1 : mcmc] Progress @ 2026-08-05 21:41:44 : 1403 steps taken, and 15705 accepted.
[2 : mcmc] Progress @ 2026-08-05 21:41:58 : 1266 steps taken, and 15715 accepted.
[3 : mcmc] Progress @ 2026-08-05 21:42:36 : 1284 steps taken, and 15560 accepted.
[0 : mcmc] Progress @ 2026-08-05 21:42:46 : 1082 steps taken, and 15766 accepted.
[1 : mcmc] Progress @ 2026-08-05 21:42:56 : 1410 steps taken, and 15705 accepted.
[2 : mcmc] Progress @ 2026-08-05 21:43:09 : 1274 steps taken, and 15716 accepted.
[3 : mcmc] Progress @ 2026-08-05 21:43:46 : 1293 steps taken, and 15561 accepted.
[0 : mcmc] Progress @ 2026-08-05 21:43:54 : 1090 steps taken, and 15767 accepted.
[1 : mcmc] Progress @ 2026-08-05 21:44:05 : 1414 steps taken, and 15706 accepted.
[2 : mcmc] Progress @ 2026-08-05 21:44:18 : 1285 steps taken, and 15717 accepted.
[3 : mcmc] Progress @ 2026-08-05 21:44:58 : 1299 steps taken, and 15562 accepted.
[0 : mcmc] Progress @ 2026-08-05 21:45:04 : 1095 steps taken, and 15769 accepted.
[1 : mcmc] Progress @ 2026-08-05 21:45:17 : 1419 steps taken, and 15707 accepted.
[2 : mcmc] Progress @ 2026-08-05 21:45:27 : 1293 steps taken, and 15718 accepted.
[3 : mcmc] Progress @ 2026-08-05 21:46:08 : 1304 steps taken, and 15563 accepted.
[0 : mcmc] Progress @ 2026-08-05 21:46:15 : 1100 steps taken, and 15770 accepted.
[1 : mcmc] Progress @ 2026-08-05 21:46:29 : 1425 steps taken, and 15708 accepted.
[2 : mcmc] Progress @ 2026-08-05 21:46:35 : 1301 steps taken, and 15719 accepted.
[3 : mcmc] Progress @ 2026-08-05 21:47:17 : 1309 steps taken, and 15566 accepted.
[0 : mcmc] Progress @ 2026-08-05 21:47:24 : 1105 steps taken, and 15770 accepted.
[1 : mcmc] Progress @ 2026-08-05 21:47:41 : 1430 steps taken, and 15708 accepted.
[2 : mcmc] Progress @ 2026-08-05 21:47:42 : 1308 steps taken, and 15720 accepted.
[3 : mcmc] Progress @ 2026-08-05 21:48:29 : 1315 steps taken, and 15566 accepted.
[0 : mcmc] Progress @ 2026-08-05 21:48:34 : 1110 steps taken, and 15770 accepted.
[2 : mcmc] Progress @ 2026-08-05 21:48:52 : 1317 steps taken, and 15722 accepted.
[1 : mcmc] Progress @ 2026-08-05 21:48:54 : 1434 steps taken, and 15709 accepted.
[3 : mcmc] Progress @ 2026-08-05 21:49:37 : 1322 steps taken, and 15566 accepted.
[0 : mcmc] Progress @ 2026-08-05 21:49:44 : 1116 steps taken, and 15773 accepted.
[2 : mcmc] Progress @ 2026-08-05 21:50:02 : 1325 steps taken, and 15723 accepted.
[1 : mcmc] Progress @ 2026-08-05 21:50:05 : 1438 steps taken, and 15710 accepted.
[3 : mcmc] Progress @ 2026-08-05 21:50:46 : 1326 steps taken, and 15566 accepted.
[0 : mcmc] Progress @ 2026-08-05 21:50:54 : 1125 steps taken, and 15776 accepted.
[2 : mcmc] Progress @ 2026-08-05 21:51:11 : 1344 steps taken, and 15725 accepted.
[1 : mcmc] Progress @ 2026-08-05 21:51:15 : 1447 steps taken, and 15712 accepted.
[3 : mcmc] Progress @ 2026-08-05 21:51:55 : 1330 steps taken, and 15566 accepted.
[0 : mcmc] Progress @ 2026-08-05 21:52:06 : 1131 steps taken, and 15777 accepted.
[2 : mcmc] Progress @ 2026-08-05 21:52:18 : 1363 steps taken, and 15726 accepted.
[1 : mcmc] Progress @ 2026-08-05 21:52:25 : 1454 steps taken, and 15715 accepted.
[3 : mcmc] Progress @ 2026-08-05 21:53:04 : 1335 steps taken, and 15566 accepted.
[0 : mcmc] Progress @ 2026-08-05 21:53:17 : 1143 steps taken, and 15778 accepted.
[2 : mcmc] Progress @ 2026-08-05 21:53:25 : 1382 steps taken, and 15728 accepted.
[1 : mcmc] Progress @ 2026-08-05 21:53:37 : 1459 steps taken, and 15718 accepted.
[3 : mcmc] Progress @ 2026-08-05 21:54:14 : 1340 steps taken, and 15567 accepted.
[0 : mcmc] Progress @ 2026-08-05 21:54:26 : 1151 steps taken, and 15778 accepted.
[2 : mcmc] Progress @ 2026-08-05 21:54:34 : 1411 steps taken, and 15730 accepted.
[1 : mcmc] Progress @ 2026-08-05 21:54:48 : 1468 steps taken, and 15718 accepted.
[3 : mcmc] Progress @ 2026-08-05 21:55:25 : 1344 steps taken, and 15569 accepted.
[0 : mcmc] Progress @ 2026-08-05 21:55:33 : 1157 steps taken, and 15781 accepted.
[2 : mcmc] Progress @ 2026-08-05 21:55:42 : 1421 steps taken, and 15733 accepted.
[1 : mcmc] Progress @ 2026-08-05 21:55:58 : 1474 steps taken, and 15719 accepted.
[3 : mcmc] Progress @ 2026-08-05 21:56:36 : 1350 steps taken, and 15571 accepted.
[0 : mcmc] Progress @ 2026-08-05 21:56:42 : 1162 steps taken, and 15782 accepted.
[2 : mcmc] Progress @ 2026-08-05 21:56:52 : 1428 steps taken, and 15735 accepted.
[1 : mcmc] Progress @ 2026-08-05 21:57:09 : 1479 steps taken, and 15721 accepted.
[3 : mcmc] Progress @ 2026-08-05 21:57:46 : 1354 steps taken, and 15572 accepted.
[0 : mcmc] Progress @ 2026-08-05 21:57:50 : 1166 steps taken, and 15783 accepted.
[2 : mcmc] Progress @ 2026-08-05 21:58:03 : 1438 steps taken, and 15737 accepted.
[1 : mcmc] Progress @ 2026-08-05 21:58:18 : 1483 steps taken, and 15722 accepted.
[3 : mcmc] Progress @ 2026-08-05 21:58:55 : 1359 steps taken, and 15572 accepted.
[0 : mcmc] Progress @ 2026-08-05 21:58:59 : 1171 steps taken, and 15785 accepted.
[2 : mcmc] Progress @ 2026-08-05 21:59:12 : 1444 steps taken, and 15738 accepted.
[1 : mcmc] Progress @ 2026-08-05 21:59:25 : 1487 steps taken, and 15722 accepted.
[3 : mcmc] Progress @ 2026-08-05 22:00:05 : 1363 steps taken, and 15575 accepted.
[0 : mcmc] Progress @ 2026-08-05 22:00:09 : 1176 steps taken, and 15786 accepted.
[2 : mcmc] Progress @ 2026-08-05 22:00:21 : 1450 steps taken, and 15740 accepted.
[1 : mcmc] Progress @ 2026-08-05 22:00:36 : 1493 steps taken, and 15723 accepted.
[3 : mcmc] Progress @ 2026-08-05 22:01:15 : 1367 steps taken, and 15575 accepted.
[0 : mcmc] Progress @ 2026-08-05 22:01:18 : 1182 steps taken, and 15788 accepted.
[2 : mcmc] Progress @ 2026-08-05 22:01:33 : 1455 steps taken, and 15741 accepted.
[1 : mcmc] Progress @ 2026-08-05 22:01:44 : 1497 steps taken, and 15724 accepted.
[3 : mcmc] Progress @ 2026-08-05 22:02:25 : 1377 steps taken, and 15575 accepted.
[0 : mcmc] Progress @ 2026-08-05 22:02:29 : 1189 steps taken, and 15789 accepted.
[2 : mcmc] Progress @ 2026-08-05 22:02:42 : 1460 steps taken, and 15743 accepted.
[1 : mcmc] Progress @ 2026-08-05 22:02:53 : 1503 steps taken, and 15724 accepted.
[3 : mcmc] Progress @ 2026-08-05 22:03:36 : 1384 steps taken, and 15576 accepted.
[0 : mcmc] Progress @ 2026-08-05 22:03:41 : 1199 steps taken, and 15792 accepted.
[2 : mcmc] Progress @ 2026-08-05 22:03:50 : 1464 steps taken, and 15744 accepted.
[1 : mcmc] Progress @ 2026-08-05 22:04:01 : 1512 steps taken, and 15726 accepted.
[3 : mcmc] Progress @ 2026-08-05 22:04:47 : 1389 steps taken, and 15578 accepted.
[0 : mcmc] Progress @ 2026-08-05 22:04:51 : 1203 steps taken, and 15793 accepted.
[2 : mcmc] Progress @ 2026-08-05 22:04:55 : 1469 steps taken, and 15744 accepted.
[1 : mcmc] Progress @ 2026-08-05 22:05:10 : 1517 steps taken, and 15728 accepted.
[3 : mcmc] Progress @ 2026-08-05 22:05:56 : 1398 steps taken, and 15579 accepted.
[0 : mcmc] Progress @ 2026-08-05 22:06:01 : 1208 steps taken, and 15794 accepted.
[2 : mcmc] Progress @ 2026-08-05 22:06:03 : 1477 steps taken, and 15747 accepted.
[1 : mcmc] Progress @ 2026-08-05 22:06:20 : 1530 steps taken, and 15730 accepted.
[3 : mcmc] Progress @ 2026-08-05 22:07:02 : 1404 steps taken, and 15579 accepted.
[0 : mcmc] Progress @ 2026-08-05 22:07:12 : 1213 steps taken, and 15794 accepted.
[2 : mcmc] Progress @ 2026-08-05 22:07:13 : 1484 steps taken, and 15748 accepted.
[1 : mcmc] Progress @ 2026-08-05 22:07:31 : 1544 steps taken, and 15731 accepted.
[3 : mcmc] Progress @ 2026-08-05 22:08:10 : 1409 steps taken, and 15579 accepted.
[2 : mcmc] Progress @ 2026-08-05 22:08:21 : 1488 steps taken, and 15749 accepted.
[0 : mcmc] Progress @ 2026-08-05 22:08:22 : 1222 steps taken, and 15794 accepted.
[1 : mcmc] Progress @ 2026-08-05 22:08:41 : 1557 steps taken, and 15733 accepted.
[3 : mcmc] Progress @ 2026-08-05 22:09:20 : 1417 steps taken, and 15580 accepted.
[2 : mcmc] Progress @ 2026-08-05 22:09:29 : 1493 steps taken, and 15749 accepted.
[0 : mcmc] Progress @ 2026-08-05 22:09:33 : 1234 steps taken, and 15796 accepted.
[1 : mcmc] Progress @ 2026-08-05 22:09:52 : 1573 steps taken, and 15733 accepted.
[3 : mcmc] Progress @ 2026-08-05 22:10:28 : 1423 steps taken, and 15583 accepted.
[2 : mcmc] Progress @ 2026-08-05 22:10:38 : 1499 steps taken, and 15750 accepted.
[0 : mcmc] Progress @ 2026-08-05 22:10:43 : 1238 steps taken, and 15798 accepted.
[1 : mcmc] Progress @ 2026-08-05 22:11:01 : 1587 steps taken, and 15734 accepted.
[3 : mcmc] Progress @ 2026-08-05 22:11:38 : 1431 steps taken, and 15584 accepted.
[2 : mcmc] Progress @ 2026-08-05 22:11:44 : 1507 steps taken, and 15751 accepted.
[0 : mcmc] Progress @ 2026-08-05 22:11:55 : 1248 steps taken, and 15799 accepted.
[1 : mcmc] Progress @ 2026-08-05 22:12:11 : 1595 steps taken, and 15734 accepted.
[3 : mcmc] Progress @ 2026-08-05 22:12:48 : 1440 steps taken, and 15586 accepted.
[2 : mcmc] Progress @ 2026-08-05 22:12:49 : 1514 steps taken, and 15751 accepted.
[0 : mcmc] Progress @ 2026-08-05 22:13:06 : 1252 steps taken, and 15799 accepted.
[1 : mcmc] Progress @ 2026-08-05 22:13:22 : 1602 steps taken, and 15737 accepted.
[2 : mcmc] Progress @ 2026-08-05 22:13:57 : 1519 steps taken, and 15752 accepted.
[3 : mcmc] Progress @ 2026-08-05 22:13:57 : 1448 steps taken, and 15587 accepted.
[0 : mcmc] Progress @ 2026-08-05 22:14:17 : 1258 steps taken, and 15800 accepted.
[1 : mcmc] Progress @ 2026-08-05 22:14:31 : 1609 steps taken, and 15738 accepted.
[2 : mcmc] Progress @ 2026-08-05 22:15:07 : 1523 steps taken, and 15754 accepted.
[3 : mcmc] Progress @ 2026-08-05 22:15:09 : 1461 steps taken, and 15589 accepted.
[0 : mcmc] Progress @ 2026-08-05 22:15:27 : 1262 steps taken, and 15800 accepted.
[1 : mcmc] Progress @ 2026-08-05 22:15:42 : 1615 steps taken, and 15739 accepted.
[2 : mcmc] Progress @ 2026-08-05 22:16:15 : 1531 steps taken, and 15755 accepted.
[3 : mcmc] Progress @ 2026-08-05 22:16:20 : 1470 steps taken, and 15592 accepted.
[0 : mcmc] Progress @ 2026-08-05 22:16:37 : 1268 steps taken, and 15801 accepted.
[1 : mcmc] Progress @ 2026-08-05 22:16:53 : 1628 steps taken, and 15740 accepted.
[2 : mcmc] Progress @ 2026-08-05 22:17:25 : 1538 steps taken, and 15757 accepted.
[3 : mcmc] Progress @ 2026-08-05 22:17:31 : 1475 steps taken, and 15593 accepted.
[0 : mcmc] Progress @ 2026-08-05 22:17:46 : 1274 steps taken, and 15802 accepted.
[1 : mcmc] Progress @ 2026-08-05 22:18:03 : 1639 steps taken, and 15742 accepted.
[2 : mcmc] Progress @ 2026-08-05 22:18:33 : 1548 steps taken, and 15758 accepted.
[3 : mcmc] Progress @ 2026-08-05 22:18:40 : 1479 steps taken, and 15595 accepted.
[0 : mcmc] Progress @ 2026-08-05 22:18:56 : 1278 steps taken, and 15804 accepted.
[1 : mcmc] Progress @ 2026-08-05 22:19:13 : 1647 steps taken, and 15744 accepted.
[2 : mcmc] Progress @ 2026-08-05 22:19:41 : 1552 steps taken, and 15760 accepted.
[3 : mcmc] Progress @ 2026-08-05 22:19:49 : 1483 steps taken, and 15596 accepted.
[0 : mcmc] Progress @ 2026-08-05 22:20:06 : 1286 steps taken, and 15805 accepted.
[1 : mcmc] Progress @ 2026-08-05 22:20:24 : 1656 steps taken, and 15746 accepted.
[2 : mcmc] Progress @ 2026-08-05 22:20:49 : 1558 steps taken, and 15761 accepted.
[3 : mcmc] Progress @ 2026-08-05 22:20:57 : 1487 steps taken, and 15597 accepted.
[0 : mcmc] Progress @ 2026-08-05 22:21:13 : 1306 steps taken, and 15806 accepted.
[1 : mcmc] Progress @ 2026-08-05 22:21:33 : 1665 steps taken, and 15747 accepted.
[2 : mcmc] Progress @ 2026-08-05 22:22:00 : 1564 steps taken, and 15762 accepted.
[3 : mcmc] Progress @ 2026-08-05 22:22:09 : 1491 steps taken, and 15600 accepted.
[3 : mcmc] Learn + convergence test @ 15600 samples accepted.
[3 : mcmc] Ready to check convergence and learn a new proposal covmat (waiting for the rest...)
[0 : mcmc] Progress @ 2026-08-05 22:22:19 : 1311 steps taken, and 15808 accepted.
[0 : mcmc] All chains are ready to check convergence and learn a new proposal covmat
[1 : mcmc] Progress @ 2026-08-05 22:22:34 : 1680 steps taken, and 15748 accepted.
[2 : mcmc] Progress @ 2026-08-05 22:23:05 : 1576 steps taken, and 15764 accepted.
[0 : mcmc]  - Acceptance rate: 0.195 = avg([0.1948, 0.1940, 0.1968, 0.1947])
[0 : mcmc]  - Convergence of means: R-1 = 0.030803 after 62922 accepted steps = sum([15809, 15749, 15764, 15600])
[0 : mcmc]  - Updated covariance matrix of proposal pdf.
[3 : mcmc] Progress @ 2026-08-05 22:23:24 : 1492 steps taken, and 15600 accepted.
[0 : mcmc] Progress @ 2026-08-05 22:23:25 : 1314 steps taken, and 15810 accepted.
[1 : mcmc] Progress @ 2026-08-05 22:23:41 : 1698 steps taken, and 15749 accepted.
[2 : mcmc] Progress @ 2026-08-05 22:24:17 : 1583 steps taken, and 15765 accepted.
[3 : mcmc] Progress @ 2026-08-05 22:24:34 : 1496 steps taken, and 15601 accepted.
[0 : mcmc] Progress @ 2026-08-05 22:24:36 : 1320 steps taken, and 15813 accepted.
[1 : mcmc] Progress @ 2026-08-05 22:24:52 : 1706 steps taken, and 15749 accepted.
[2 : mcmc] Progress @ 2026-08-05 22:25:28 : 1587 steps taken, and 15766 accepted.
[3 : mcmc] Progress @ 2026-08-05 22:25:46 : 1500 steps taken, and 15603 accepted.
[0 : mcmc] Progress @ 2026-08-05 22:25:47 : 1339 steps taken, and 15816 accepted.
[1 : mcmc] Progress @ 2026-08-05 22:26:03 : 1717 steps taken, and 15751 accepted.
[2 : mcmc] Progress @ 2026-08-05 22:26:41 : 1592 steps taken, and 15769 accepted.
[3 : mcmc] Progress @ 2026-08-05 22:26:57 : 1506 steps taken, and 15604 accepted.
[0 : mcmc] Progress @ 2026-08-05 22:26:58 : 1349 steps taken, and 15818 accepted.
[1 : mcmc] Progress @ 2026-08-05 22:27:15 : 1733 steps taken, and 15753 accepted.
[2 : mcmc] Progress @ 2026-08-05 22:27:52 : 1598 steps taken, and 15770 accepted.
[3 : mcmc] Progress @ 2026-08-05 22:28:07 : 1513 steps taken, and 15605 accepted.
[0 : mcmc] Progress @ 2026-08-05 22:28:10 : 1361 steps taken, and 15820 accepted.
[1 : mcmc] Progress @ 2026-08-05 22:28:26 : 1744 steps taken, and 15755 accepted.
[2 : mcmc] Progress @ 2026-08-05 22:29:02 : 1604 steps taken, and 15771 accepted.
[3 : mcmc] Progress @ 2026-08-05 22:29:15 : 1523 steps taken, and 15609 accepted.
[0 : mcmc] Progress @ 2026-08-05 22:29:19 : 1386 steps taken, and 15821 accepted.
[1 : mcmc] Progress @ 2026-08-05 22:29:37 : 1754 steps taken, and 15756 accepted.
[2 : mcmc] Progress @ 2026-08-05 22:30:13 : 1610 steps taken, and 15772 accepted.
[3 : mcmc] Progress @ 2026-08-05 22:30:23 : 1527 steps taken, and 15610 accepted.
[0 : mcmc] Progress @ 2026-08-05 22:30:29 : 1400 steps taken, and 15823 accepted.
[1 : mcmc] Progress @ 2026-08-05 22:30:50 : 1763 steps taken, and 15758 accepted.
[2 : mcmc] Progress @ 2026-08-05 22:31:24 : 1614 steps taken, and 15773 accepted.
[3 : mcmc] Progress @ 2026-08-05 22:31:31 : 1535 steps taken, and 15612 accepted.
[0 : mcmc] Progress @ 2026-08-05 22:31:38 : 1414 steps taken, and 15826 accepted.
[1 : mcmc] Progress @ 2026-08-05 22:32:00 : 1779 steps taken, and 15762 accepted.
[2 : mcmc] Progress @ 2026-08-05 22:32:35 : 1619 steps taken, and 15776 accepted.
[3 : mcmc] Progress @ 2026-08-05 22:32:39 : 1543 steps taken, and 15613 accepted.
[0 : mcmc] Progress @ 2026-08-05 22:32:46 : 1424 steps taken, and 15828 accepted.
[1 : mcmc] Progress @ 2026-08-05 22:33:11 : 1790 steps taken, and 15763 accepted.
[2 : mcmc] Progress @ 2026-08-05 22:33:43 : 1624 steps taken, and 15778 accepted.
[3 : mcmc] Progress @ 2026-08-05 22:33:48 : 1551 steps taken, and 15614 accepted.
[0 : mcmc] Progress @ 2026-08-05 22:33:56 : 1437 steps taken, and 15829 accepted.
[1 : mcmc] Progress @ 2026-08-05 22:34:21 : 1797 steps taken, and 15766 accepted.
[2 : mcmc] Progress @ 2026-08-05 22:34:52 : 1647 steps taken, and 15780 accepted.
[3 : mcmc] Progress @ 2026-08-05 22:34:56 : 1556 steps taken, and 15617 accepted.
[0 : mcmc] Progress @ 2026-08-05 22:35:03 : 1444 steps taken, and 15832 accepted.
[1 : mcmc] Progress @ 2026-08-05 22:35:33 : 1812 steps taken, and 15767 accepted.
[2 : mcmc] Progress @ 2026-08-05 22:36:02 : 1652 steps taken, and 15782 accepted.
[3 : mcmc] Progress @ 2026-08-05 22:36:06 : 1574 steps taken, and 15618 accepted.
[0 : mcmc] Progress @ 2026-08-05 22:36:09 : 1449 steps taken, and 15834 accepted.
[1 : mcmc] Progress @ 2026-08-05 22:36:46 : 1823 steps taken, and 15768 accepted.
[2 : mcmc] Progress @ 2026-08-05 22:37:14 : 1660 steps taken, and 15783 accepted.
[3 : mcmc] Progress @ 2026-08-05 22:37:19 : 1585 steps taken, and 15621 accepted.
[0 : mcmc] Progress @ 2026-08-05 22:37:23 : 1457 steps taken, and 15836 accepted.
[1 : mcmc] Progress @ 2026-08-05 22:38:00 : 1837 steps taken, and 15769 accepted.
[2 : mcmc] Progress @ 2026-08-05 22:38:26 : 1665 steps taken, and 15784 accepted.
[3 : mcmc] Progress @ 2026-08-05 22:38:30 : 1599 steps taken, and 15623 accepted.
[0 : mcmc] Progress @ 2026-08-05 22:38:36 : 1462 steps taken, and 15837 accepted.
[1 : mcmc] Progress @ 2026-08-05 22:39:11 : 1854 steps taken, and 15770 accepted.
[2 : mcmc] Progress @ 2026-08-05 22:39:34 : 1670 steps taken, and 15786 accepted.
[3 : mcmc] Progress @ 2026-08-05 22:39:39 : 1607 steps taken, and 15624 accepted.
[0 : mcmc] Progress @ 2026-08-05 22:39:43 : 1466 steps taken, and 15838 accepted.
[1 : mcmc] Progress @ 2026-08-05 22:40:23 : 1860 steps taken, and 15770 accepted.
[2 : mcmc] Progress @ 2026-08-05 22:40:41 : 1676 steps taken, and 15787 accepted.
[3 : mcmc] Progress @ 2026-08-05 22:40:47 : 1616 steps taken, and 15626 accepted.
[0 : mcmc] Progress @ 2026-08-05 22:40:53 : 1470 steps taken, and 15838 accepted.
[1 : mcmc] Progress @ 2026-08-05 22:41:34 : 1868 steps taken, and 15773 accepted.
[2 : mcmc] Progress @ 2026-08-05 22:41:50 : 1680 steps taken, and 15787 accepted.
[3 : mcmc] Progress @ 2026-08-05 22:41:54 : 1627 steps taken, and 15626 accepted.
[0 : mcmc] Progress @ 2026-08-05 22:42:05 : 1475 steps taken, and 15840 accepted.
[1 : mcmc] Progress @ 2026-08-05 22:42:45 : 1874 steps taken, and 15773 accepted.
[2 : mcmc] Progress @ 2026-08-05 22:42:58 : 1684 steps taken, and 15787 accepted.
[3 : mcmc] Progress @ 2026-08-05 22:43:04 : 1633 steps taken, and 15627 accepted.
[0 : mcmc] Progress @ 2026-08-05 22:43:14 : 1479 steps taken, and 15840 accepted.
[1 : mcmc] Progress @ 2026-08-05 22:43:55 : 1880 steps taken, and 15774 accepted.
[2 : mcmc] Progress @ 2026-08-05 22:44:06 : 1689 steps taken, and 15787 accepted.
[3 : mcmc] Progress @ 2026-08-05 22:44:14 : 1639 steps taken, and 15629 accepted.
[0 : mcmc] Progress @ 2026-08-05 22:44:23 : 1493 steps taken, and 15843 accepted.
[1 : mcmc] Progress @ 2026-08-05 22:45:05 : 1885 steps taken, and 15775 accepted.
[2 : mcmc] Progress @ 2026-08-05 22:45:13 : 1694 steps taken, and 15788 accepted.
[3 : mcmc] Progress @ 2026-08-05 22:45:24 : 1645 steps taken, and 15631 accepted.
[0 : mcmc] Progress @ 2026-08-05 22:45:34 : 1511 steps taken, and 15846 accepted.
[1 : mcmc] Progress @ 2026-08-05 22:46:17 : 1889 steps taken, and 15776 accepted.
[2 : mcmc] Progress @ 2026-08-05 22:46:20 : 1703 steps taken, and 15789 accepted.
[3 : mcmc] Progress @ 2026-08-05 22:46:35 : 1652 steps taken, and 15632 accepted.
[0 : mcmc] Progress @ 2026-08-05 22:46:43 : 1515 steps taken, and 15848 accepted.
[1 : mcmc] Progress @ 2026-08-05 22:47:29 : 1893 steps taken, and 15778 accepted.
[2 : mcmc] Progress @ 2026-08-05 22:47:29 : 1708 steps taken, and 15792 accepted.
[3 : mcmc] Progress @ 2026-08-05 22:47:46 : 1658 steps taken, and 15633 accepted.
[0 : mcmc] Progress @ 2026-08-05 22:47:50 : 1523 steps taken, and 15850 accepted.
[2 : mcmc] Progress @ 2026-08-05 22:48:37 : 1717 steps taken, and 15793 accepted.
[1 : mcmc] Progress @ 2026-08-05 22:48:41 : 1898 steps taken, and 15779 accepted.
[3 : mcmc] Progress @ 2026-08-05 22:48:59 : 1673 steps taken, and 15633 accepted.
[0 : mcmc] Progress @ 2026-08-05 22:49:01 : 1528 steps taken, and 15851 accepted.
[2 : mcmc] Progress @ 2026-08-05 22:49:48 : 1724 steps taken, and 15795 accepted.
[1 : mcmc] Progress @ 2026-08-05 22:49:51 : 1904 steps taken, and 15780 accepted.
[3 : mcmc] Progress @ 2026-08-05 22:50:10 : 1677 steps taken, and 15635 accepted.
[0 : mcmc] Progress @ 2026-08-05 22:50:12 : 1532 steps taken, and 15852 accepted.
[2 : mcmc] Progress @ 2026-08-05 22:50:57 : 1729 steps taken, and 15796 accepted.
[1 : mcmc] Progress @ 2026-08-05 22:51:03 : 1908 steps taken, and 15781 accepted.
[3 : mcmc] Progress @ 2026-08-05 22:51:22 : 1685 steps taken, and 15636 accepted.
[0 : mcmc] Progress @ 2026-08-05 22:51:24 : 1537 steps taken, and 15854 accepted.
[2 : mcmc] Progress @ 2026-08-05 22:52:07 : 1734 steps taken, and 15797 accepted.
[1 : mcmc] Progress @ 2026-08-05 22:52:13 : 1914 steps taken, and 15782 accepted.
[3 : mcmc] Progress @ 2026-08-05 22:52:31 : 1692 steps taken, and 15639 accepted.
[0 : mcmc] Progress @ 2026-08-05 22:52:36 : 1556 steps taken, and 15855 accepted.
[2 : mcmc] Progress @ 2026-08-05 22:53:15 : 1738 steps taken, and 15799 accepted.
[1 : mcmc] Progress @ 2026-08-05 22:53:24 : 1918 steps taken, and 15784 accepted.
[3 : mcmc] Progress @ 2026-08-05 22:53:41 : 1699 steps taken, and 15639 accepted.
[0 : mcmc] Progress @ 2026-08-05 22:53:47 : 1562 steps taken, and 15857 accepted.
[2 : mcmc] Progress @ 2026-08-05 22:54:25 : 1746 steps taken, and 15800 accepted.
[1 : mcmc] Progress @ 2026-08-05 22:54:36 : 1925 steps taken, and 15786 accepted.
[3 : mcmc] Progress @ 2026-08-05 22:54:48 : 1707 steps taken, and 15641 accepted.
[0 : mcmc] Progress @ 2026-08-05 22:54:58 : 1569 steps taken, and 15858 accepted.
[2 : mcmc] Progress @ 2026-08-05 22:55:33 : 1752 steps taken, and 15800 accepted.
[1 : mcmc] Progress @ 2026-08-05 22:55:46 : 1932 steps taken, and 15787 accepted.
[3 : mcmc] Progress @ 2026-08-05 22:55:57 : 1713 steps taken, and 15642 accepted.
[0 : mcmc] Progress @ 2026-08-05 22:56:12 : 1602 steps taken, and 15859 accepted.
[2 : mcmc] Progress @ 2026-08-05 22:56:43 : 1757 steps taken, and 15802 accepted.
[1 : mcmc] Progress @ 2026-08-05 22:56:55 : 1937 steps taken, and 15788 accepted.
[3 : mcmc] Progress @ 2026-08-05 22:57:06 : 1723 steps taken, and 15644 accepted.
[0 : mcmc] Progress @ 2026-08-05 22:57:23 : 1610 steps taken, and 15860 accepted.
[2 : mcmc] Progress @ 2026-08-05 22:57:51 : 1761 steps taken, and 15804 accepted.
[1 : mcmc] Progress @ 2026-08-05 22:58:03 : 1943 steps taken, and 15788 accepted.
[3 : mcmc] Progress @ 2026-08-05 22:58:14 : 1727 steps taken, and 15647 accepted.
[0 : mcmc] Progress @ 2026-08-05 22:58:37 : 1618 steps taken, and 15861 accepted.
[2 : mcmc] Progress @ 2026-08-05 22:58:59 : 1765 steps taken, and 15807 accepted.
[1 : mcmc] Progress @ 2026-08-05 22:59:14 : 1950 steps taken, and 15790 accepted.
[3 : mcmc] Progress @ 2026-08-05 22:59:20 : 1731 steps taken, and 15647 accepted.
[0 : mcmc] Progress @ 2026-08-05 22:59:48 : 1631 steps taken, and 15861 accepted.
[2 : mcmc] Progress @ 2026-08-05 23:00:10 : 1771 steps taken, and 15810 accepted.
[1 : mcmc] Progress @ 2026-08-05 23:00:24 : 1958 steps taken, and 15791 accepted.
[3 : mcmc] Progress @ 2026-08-05 23:00:29 : 1735 steps taken, and 15647 accepted.
[0 : mcmc] Progress @ 2026-08-05 23:01:00 : 1637 steps taken, and 15864 accepted.
[2 : mcmc] Progress @ 2026-08-05 23:01:19 : 1775 steps taken, and 15813 accepted.
[1 : mcmc] Progress @ 2026-08-05 23:01:35 : 1974 steps taken, and 15793 accepted.
[3 : mcmc] Progress @ 2026-08-05 23:01:38 : 1742 steps taken, and 15648 accepted.
[0 : mcmc] Progress @ 2026-08-05 23:02:13 : 1643 steps taken, and 15867 accepted.
[2 : mcmc] Progress @ 2026-08-05 23:02:30 : 1779 steps taken, and 15815 accepted.
[1 : mcmc] Progress @ 2026-08-05 23:02:43 : 1979 steps taken, and 15795 accepted.
[3 : mcmc] Progress @ 2026-08-05 23:02:48 : 1747 steps taken, and 15650 accepted.
[0 : mcmc] Progress @ 2026-08-05 23:03:26 : 1651 steps taken, and 15869 accepted.
[2 : mcmc] Progress @ 2026-08-05 23:03:41 : 1788 steps taken, and 15817 accepted.
[1 : mcmc] Progress @ 2026-08-05 23:03:50 : 1989 steps taken, and 15797 accepted.
[3 : mcmc] Progress @ 2026-08-05 23:04:01 : 1756 steps taken, and 15652 accepted.
[0 : mcmc] Progress @ 2026-08-05 23:04:37 : 1658 steps taken, and 15871 accepted.
[2 : mcmc] Progress @ 2026-08-05 23:04:51 : 1796 steps taken, and 15819 accepted.
[1 : mcmc] Progress @ 2026-08-05 23:04:59 : 2000 steps taken, and 15800 accepted.
[3 : mcmc] Progress @ 2026-08-05 23:05:12 : 1762 steps taken, and 15653 accepted.
[0 : mcmc] Progress @ 2026-08-05 23:05:50 : 1666 steps taken, and 15873 accepted.
[2 : mcmc] Progress @ 2026-08-05 23:05:59 : 1800 steps taken, and 15822 accepted.
[1 : mcmc] Progress @ 2026-08-05 23:06:07 : 2006 steps taken, and 15802 accepted.
[3 : mcmc] Progress @ 2026-08-05 23:06:23 : 1770 steps taken, and 15655 accepted.
[0 : mcmc] Progress @ 2026-08-05 23:07:02 : 1674 steps taken, and 15875 accepted.
[2 : mcmc] Progress @ 2026-08-05 23:07:07 : 1805 steps taken, and 15825 accepted.
[1 : mcmc] Progress @ 2026-08-05 23:07:18 : 2010 steps taken, and 15805 accepted.
[3 : mcmc] Progress @ 2026-08-05 23:07:32 : 1779 steps taken, and 15658 accepted.
[0 : mcmc] Progress @ 2026-08-05 23:08:12 : 1680 steps taken, and 15878 accepted.
[2 : mcmc] Progress @ 2026-08-05 23:08:15 : 1809 steps taken, and 15825 accepted.
[1 : mcmc] Progress @ 2026-08-05 23:08:28 : 2017 steps taken, and 15807 accepted.
[3 : mcmc] Progress @ 2026-08-05 23:08:43 : 1786 steps taken, and 15661 accepted.
[0 : mcmc] Progress @ 2026-08-05 23:09:22 : 1689 steps taken, and 15879 accepted.
[2 : mcmc] Progress @ 2026-08-05 23:09:24 : 1813 steps taken, and 15828 accepted.
[1 : mcmc] Progress @ 2026-08-05 23:09:35 : 2024 steps taken, and 15808 accepted.
[3 : mcmc] Progress @ 2026-08-05 23:09:51 : 1797 steps taken, and 15661 accepted.
[0 : mcmc] Progress @ 2026-08-05 23:10:32 : 1696 steps taken, and 15880 accepted.
[2 : mcmc] Progress @ 2026-08-05 23:10:33 : 1823 steps taken, and 15830 accepted.
[1 : mcmc] Progress @ 2026-08-05 23:10:47 : 2031 steps taken, and 15809 accepted.
[3 : mcmc] Progress @ 2026-08-05 23:11:01 : 1805 steps taken, and 15661 accepted.
[2 : mcmc] Progress @ 2026-08-05 23:11:44 : 1829 steps taken, and 15831 accepted.
[0 : mcmc] Progress @ 2026-08-05 23:11:44 : 1703 steps taken, and 15882 accepted.
[1 : mcmc] Progress @ 2026-08-05 23:11:55 : 2037 steps taken, and 15810 accepted.
[3 : mcmc] Progress @ 2026-08-05 23:12:09 : 1814 steps taken, and 15663 accepted.
[2 : mcmc] Progress @ 2026-08-05 23:12:53 : 1838 steps taken, and 15833 accepted.
[0 : mcmc] Progress @ 2026-08-05 23:12:54 : 1709 steps taken, and 15884 accepted.
[1 : mcmc] Progress @ 2026-08-05 23:13:06 : 2046 steps taken, and 15811 accepted.
[3 : mcmc] Progress @ 2026-08-05 23:13:19 : 1820 steps taken, and 15664 accepted.
[2 : mcmc] Progress @ 2026-08-05 23:14:01 : 1844 steps taken, and 15835 accepted.
[0 : mcmc] Progress @ 2026-08-05 23:14:03 : 1714 steps taken, and 15887 accepted.
[1 : mcmc] Progress @ 2026-08-05 23:14:17 : 2052 steps taken, and 15813 accepted.
[3 : mcmc] Progress @ 2026-08-05 23:14:29 : 1826 steps taken, and 15665 accepted.
[2 : mcmc] Progress @ 2026-08-05 23:15:11 : 1850 steps taken, and 15837 accepted.
[0 : mcmc] Progress @ 2026-08-05 23:15:12 : 1721 steps taken, and 15889 accepted.
[1 : mcmc] Progress @ 2026-08-05 23:15:28 : 2057 steps taken, and 15816 accepted.
[3 : mcmc] Progress @ 2026-08-05 23:15:37 : 1833 steps taken, and 15666 accepted.
[2 : mcmc] Progress @ 2026-08-05 23:16:21 : 1856 steps taken, and 15839 accepted.
[0 : mcmc] Progress @ 2026-08-05 23:16:21 : 1731 steps taken, and 15892 accepted.
[1 : mcmc] Progress @ 2026-08-05 23:16:39 : 2067 steps taken, and 15817 accepted.
[3 : mcmc] Progress @ 2026-08-05 23:16:48 : 1839 steps taken, and 15667 accepted.
[2 : mcmc] Progress @ 2026-08-05 23:17:32 : 1865 steps taken, and 15840 accepted.
[0 : mcmc] Progress @ 2026-08-05 23:17:32 : 1737 steps taken, and 15893 accepted.
[1 : mcmc] Progress @ 2026-08-05 23:17:49 : 2075 steps taken, and 15819 accepted.
[3 : mcmc] Progress @ 2026-08-05 23:17:57 : 1849 steps taken, and 15668 accepted.
[2 : mcmc] Progress @ 2026-08-05 23:18:43 : 1871 steps taken, and 15842 accepted.
[0 : mcmc] Progress @ 2026-08-05 23:18:44 : 1743 steps taken, and 15895 accepted.
[1 : mcmc] Progress @ 2026-08-05 23:19:00 : 2085 steps taken, and 15819 accepted.
[3 : mcmc] Progress @ 2026-08-05 23:19:05 : 1853 steps taken, and 15670 accepted.
[2 : mcmc] Progress @ 2026-08-05 23:19:54 : 1880 steps taken, and 15843 accepted.
[0 : mcmc] Progress @ 2026-08-05 23:19:54 : 1750 steps taken, and 15897 accepted.
[1 : mcmc] Progress @ 2026-08-05 23:20:12 : 2090 steps taken, and 15820 accepted.
[3 : mcmc] Progress @ 2026-08-05 23:20:15 : 1860 steps taken, and 15670 accepted.
[2 : mcmc] Progress @ 2026-08-05 23:21:04 : 1885 steps taken, and 15844 accepted.
[0 : mcmc] Progress @ 2026-08-05 23:21:06 : 1758 steps taken, and 15898 accepted.
[1 : mcmc] Progress @ 2026-08-05 23:21:24 : 2098 steps taken, and 15822 accepted.
[3 : mcmc] Progress @ 2026-08-05 23:21:25 : 1865 steps taken, and 15672 accepted.
[2 : mcmc] Progress @ 2026-08-05 23:22:09 : 1890 steps taken, and 15845 accepted.
[0 : mcmc] Progress @ 2026-08-05 23:22:20 : 1763 steps taken, and 15900 accepted.
[3 : mcmc] Progress @ 2026-08-05 23:22:35 : 1875 steps taken, and 15676 accepted.
[1 : mcmc] Progress @ 2026-08-05 23:22:35 : 2103 steps taken, and 15823 accepted.
[2 : mcmc] Progress @ 2026-08-05 23:23:15 : 1897 steps taken, and 15847 accepted.
[0 : mcmc] Progress @ 2026-08-05 23:23:30 : 1768 steps taken, and 15901 accepted.
[1 : mcmc] Progress @ 2026-08-05 23:23:44 : 2114 steps taken, and 15826 accepted.
[3 : mcmc] Progress @ 2026-08-05 23:23:46 : 1880 steps taken, and 15680 accepted.
[2 : mcmc] Progress @ 2026-08-05 23:24:25 : 1905 steps taken, and 15849 accepted.
[0 : mcmc] Progress @ 2026-08-05 23:24:42 : 1775 steps taken, and 15903 accepted.
[1 : mcmc] Progress @ 2026-08-05 23:24:52 : 2131 steps taken, and 15830 accepted.
[3 : mcmc] Progress @ 2026-08-05 23:24:57 : 1886 steps taken, and 15682 accepted.
[2 : mcmc] Progress @ 2026-08-05 23:25:34 : 1917 steps taken, and 15851 accepted.
[0 : mcmc] Progress @ 2026-08-05 23:25:51 : 1781 steps taken, and 15906 accepted.
[1 : mcmc] Progress @ 2026-08-05 23:26:01 : 2139 steps taken, and 15832 accepted.
[3 : mcmc] Progress @ 2026-08-05 23:26:06 : 1896 steps taken, and 15684 accepted.
[2 : mcmc] Progress @ 2026-08-05 23:26:43 : 1921 steps taken, and 15851 accepted.
[0 : mcmc] Progress @ 2026-08-05 23:27:02 : 1787 steps taken, and 15908 accepted.
[1 : mcmc] Progress @ 2026-08-05 23:27:11 : 2148 steps taken, and 15833 accepted.
[3 : mcmc] Progress @ 2026-08-05 23:27:14 : 1921 steps taken, and 15686 accepted.
[2 : mcmc] Progress @ 2026-08-05 23:27:54 : 1926 steps taken, and 15853 accepted.
[0 : mcmc] Progress @ 2026-08-05 23:28:14 : 1792 steps taken, and 15909 accepted.
[1 : mcmc] Progress @ 2026-08-05 23:28:19 : 2158 steps taken, and 15834 accepted.
[3 : mcmc] Progress @ 2026-08-05 23:28:23 : 1941 steps taken, and 15687 accepted.
[2 : mcmc] Progress @ 2026-08-05 23:29:05 : 1937 steps taken, and 15854 accepted.
[0 : mcmc] Progress @ 2026-08-05 23:29:24 : 1798 steps taken, and 15909 accepted.
[1 : mcmc] Progress @ 2026-08-05 23:29:28 : 2165 steps taken, and 15836 accepted.
[3 : mcmc] Progress @ 2026-08-05 23:29:31 : 1952 steps taken, and 15690 accepted.
[2 : mcmc] Progress @ 2026-08-05 23:30:15 : 1962 steps taken, and 15857 accepted.
[0 : mcmc] Progress @ 2026-08-05 23:30:35 : 1802 steps taken, and 15912 accepted.
[1 : mcmc] Progress @ 2026-08-05 23:30:37 : 2172 steps taken, and 15837 accepted.
[3 : mcmc] Progress @ 2026-08-05 23:30:40 : 1966 steps taken, and 15692 accepted.
[2 : mcmc] Progress @ 2026-08-05 23:31:25 : 1972 steps taken, and 15859 accepted.
[0 : mcmc] Progress @ 2026-08-05 23:31:44 : 1807 steps taken, and 15913 accepted.
[3 : mcmc] Progress @ 2026-08-05 23:31:47 : 1971 steps taken, and 15693 accepted.
[1 : mcmc] Progress @ 2026-08-05 23:31:48 : 2178 steps taken, and 15839 accepted.
[2 : mcmc] Progress @ 2026-08-05 23:32:37 : 1979 steps taken, and 15859 accepted.
[0 : mcmc] Progress @ 2026-08-05 23:32:51 : 1813 steps taken, and 15914 accepted.
[3 : mcmc] Progress @ 2026-08-05 23:32:56 : 1975 steps taken, and 15696 accepted.
[1 : mcmc] Progress @ 2026-08-05 23:32:58 : 2184 steps taken, and 15840 accepted.
[2 : mcmc] Progress @ 2026-08-05 23:33:48 : 1986 steps taken, and 15859 accepted.
[0 : mcmc] Progress @ 2026-08-05 23:34:01 : 1819 steps taken, and 15916 accepted.
[3 : mcmc] Progress @ 2026-08-05 23:34:07 : 1979 steps taken, and 15700 accepted.
[1 : mcmc] Progress @ 2026-08-05 23:34:09 : 2189 steps taken, and 15843 accepted.
[2 : mcmc] Progress @ 2026-08-05 23:34:57 : 1991 steps taken, and 15859 accepted.
[0 : mcmc] Progress @ 2026-08-05 23:35:10 : 1825 steps taken, and 15918 accepted.
[3 : mcmc] Progress @ 2026-08-05 23:35:17 : 1984 steps taken, and 15702 accepted.
[1 : mcmc] Progress @ 2026-08-05 23:35:19 : 2195 steps taken, and 15845 accepted.
[2 : mcmc] Progress @ 2026-08-05 23:36:09 : 1996 steps taken, and 15861 accepted.
[0 : mcmc] Progress @ 2026-08-05 23:36:18 : 1833 steps taken, and 15920 accepted.
[3 : mcmc] Progress @ 2026-08-05 23:36:27 : 1990 steps taken, and 15703 accepted.
[1 : mcmc] Progress @ 2026-08-05 23:36:29 : 2204 steps taken, and 15848 accepted.
[2 : mcmc] Progress @ 2026-08-05 23:37:18 : 2001 steps taken, and 15862 accepted.
[0 : mcmc] Progress @ 2026-08-05 23:37:27 : 1838 steps taken, and 15921 accepted.
[3 : mcmc] Progress @ 2026-08-05 23:37:36 : 1994 steps taken, and 15705 accepted.
[1 : mcmc] Progress @ 2026-08-05 23:37:40 : 2208 steps taken, and 15850 accepted.
[2 : mcmc] Progress @ 2026-08-05 23:38:28 : 2011 steps taken, and 15864 accepted.
[0 : mcmc] Progress @ 2026-08-05 23:38:37 : 1845 steps taken, and 15922 accepted.
[3 : mcmc] Progress @ 2026-08-05 23:38:47 : 2001 steps taken, and 15707 accepted.
[1 : mcmc] Progress @ 2026-08-05 23:38:49 : 2213 steps taken, and 15851 accepted.
[2 : mcmc] Progress @ 2026-08-05 23:39:37 : 2019 steps taken, and 15866 accepted.
[0 : mcmc] Progress @ 2026-08-05 23:39:47 : 1853 steps taken, and 15922 accepted.
[3 : mcmc] Progress @ 2026-08-05 23:39:57 : 2007 steps taken, and 15708 accepted.
[1 : mcmc] Progress @ 2026-08-05 23:39:57 : 2220 steps taken, and 15852 accepted.
[2 : mcmc] Progress @ 2026-08-05 23:40:42 : 2025 steps taken, and 15867 accepted.
[0 : mcmc] Progress @ 2026-08-05 23:40:55 : 1859 steps taken, and 15923 accepted.
[3 : mcmc] Progress @ 2026-08-05 23:41:08 : 2012 steps taken, and 15708 accepted.
[1 : mcmc] Progress @ 2026-08-05 23:41:08 : 2224 steps taken, and 15853 accepted.
[2 : mcmc] Progress @ 2026-08-05 23:41:51 : 2034 steps taken, and 15869 accepted.
[0 : mcmc] Progress @ 2026-08-05 23:42:05 : 1867 steps taken, and 15926 accepted.
[3 : mcmc] Progress @ 2026-08-05 23:42:18 : 2019 steps taken, and 15710 accepted.
[1 : mcmc] Progress @ 2026-08-05 23:42:20 : 2230 steps taken, and 15854 accepted.
[2 : mcmc] Progress @ 2026-08-05 23:42:59 : 2038 steps taken, and 15871 accepted.
[0 : mcmc] Progress @ 2026-08-05 23:43:13 : 1876 steps taken, and 15927 accepted.
[3 : mcmc] Progress @ 2026-08-05 23:43:25 : 2030 steps taken, and 15712 accepted.
[1 : mcmc] Progress @ 2026-08-05 23:43:32 : 2235 steps taken, and 15856 accepted.
[2 : mcmc] Progress @ 2026-08-05 23:44:07 : 2042 steps taken, and 15873 accepted.
[0 : mcmc] Progress @ 2026-08-05 23:44:23 : 1888 steps taken, and 15928 accepted.
[3 : mcmc] Progress @ 2026-08-05 23:44:30 : 2036 steps taken, and 15713 accepted.
[1 : mcmc] Progress @ 2026-08-05 23:44:42 : 2239 steps taken, and 15857 accepted.
[2 : mcmc] Progress @ 2026-08-05 23:45:18 : 2051 steps taken, and 15873 accepted.
[0 : mcmc] Progress @ 2026-08-05 23:45:34 : 1894 steps taken, and 15929 accepted.
[3 : mcmc] Progress @ 2026-08-05 23:45:36 : 2069 steps taken, and 15713 accepted.
[1 : mcmc] Progress @ 2026-08-05 23:45:53 : 2245 steps taken, and 15858 accepted.
[2 : mcmc] Progress @ 2026-08-05 23:46:28 : 2056 steps taken, and 15874 accepted.
[0 : mcmc] Progress @ 2026-08-05 23:46:43 : 1901 steps taken, and 15930 accepted.
[3 : mcmc] Progress @ 2026-08-05 23:46:45 : 2074 steps taken, and 15714 accepted.
[1 : mcmc] Progress @ 2026-08-05 23:47:05 : 2250 steps taken, and 15858 accepted.
[2 : mcmc] Progress @ 2026-08-05 23:47:36 : 2064 steps taken, and 15875 accepted.
[0 : mcmc] Progress @ 2026-08-05 23:47:53 : 1906 steps taken, and 15932 accepted.
[3 : mcmc] Progress @ 2026-08-05 23:47:54 : 2089 steps taken, and 15715 accepted.
[1 : mcmc] Progress @ 2026-08-05 23:48:12 : 2259 steps taken, and 15860 accepted.
[2 : mcmc] Progress @ 2026-08-05 23:48:47 : 2069 steps taken, and 15878 accepted.
[3 : mcmc] Progress @ 2026-08-05 23:49:01 : 2101 steps taken, and 15716 accepted.
[0 : mcmc] Progress @ 2026-08-05 23:49:02 : 1913 steps taken, and 15934 accepted.
[1 : mcmc] Progress @ 2026-08-05 23:49:22 : 2265 steps taken, and 15861 accepted.
[2 : mcmc] Progress @ 2026-08-05 23:49:56 : 2073 steps taken, and 15879 accepted.
[3 : mcmc] Progress @ 2026-08-05 23:50:08 : 2106 steps taken, and 15718 accepted.
[0 : mcmc] Progress @ 2026-08-05 23:50:11 : 1920 steps taken, and 15936 accepted.
[1 : mcmc] Progress @ 2026-08-05 23:50:31 : 2272 steps taken, and 15863 accepted.
[2 : mcmc] Progress @ 2026-08-05 23:51:06 : 2080 steps taken, and 15881 accepted.
[3 : mcmc] Progress @ 2026-08-05 23:51:15 : 2110 steps taken, and 15721 accepted.
[0 : mcmc] Progress @ 2026-08-05 23:51:21 : 1928 steps taken, and 15937 accepted.
[1 : mcmc] Progress @ 2026-08-05 23:51:40 : 2285 steps taken, and 15866 accepted.
[2 : mcmc] Progress @ 2026-08-05 23:52:16 : 2084 steps taken, and 15884 accepted.
[3 : mcmc] Progress @ 2026-08-05 23:52:25 : 2118 steps taken, and 15723 accepted.
[0 : mcmc] Progress @ 2026-08-05 23:52:31 : 1934 steps taken, and 15939 accepted.
[1 : mcmc] Progress @ 2026-08-05 23:52:48 : 2294 steps taken, and 15866 accepted.
[2 : mcmc] Progress @ 2026-08-05 23:53:25 : 2092 steps taken, and 15885 accepted.
[3 : mcmc] Progress @ 2026-08-05 23:53:32 : 2125 steps taken, and 15727 accepted.
[0 : mcmc] Progress @ 2026-08-05 23:53:40 : 1944 steps taken, and 15940 accepted.
[1 : mcmc] Progress @ 2026-08-05 23:53:57 : 2299 steps taken, and 15869 accepted.
[2 : mcmc] Progress @ 2026-08-05 23:54:36 : 2097 steps taken, and 15886 accepted.
[3 : mcmc] Progress @ 2026-08-05 23:54:38 : 2132 steps taken, and 15729 accepted.
[0 : mcmc] Progress @ 2026-08-05 23:54:52 : 1949 steps taken, and 15941 accepted.
[1 : mcmc] Progress @ 2026-08-05 23:55:04 : 2306 steps taken, and 15870 accepted.
[3 : mcmc] Progress @ 2026-08-05 23:55:45 : 2136 steps taken, and 15731 accepted.
[2 : mcmc] Progress @ 2026-08-05 23:55:46 : 2104 steps taken, and 15888 accepted.
[0 : mcmc] Progress @ 2026-08-05 23:56:02 : 1964 steps taken, and 15944 accepted.
[1 : mcmc] Progress @ 2026-08-05 23:56:12 : 2314 steps taken, and 15872 accepted.
[3 : mcmc] Progress @ 2026-08-05 23:56:54 : 2142 steps taken, and 15734 accepted.
[2 : mcmc] Progress @ 2026-08-05 23:56:57 : 2113 steps taken, and 15889 accepted.
[0 : mcmc] Progress @ 2026-08-05 23:57:13 : 1974 steps taken, and 15946 accepted.
[1 : mcmc] Progress @ 2026-08-05 23:57:17 : 2322 steps taken, and 15873 accepted.
[3 : mcmc] Progress @ 2026-08-05 23:58:04 : 2146 steps taken, and 15734 accepted.
[2 : mcmc] Progress @ 2026-08-05 23:58:08 : 2121 steps taken, and 15891 accepted.
[0 : mcmc] Progress @ 2026-08-05 23:58:22 : 1982 steps taken, and 15947 accepted.
[1 : mcmc] Progress @ 2026-08-05 23:58:27 : 2326 steps taken, and 15874 accepted.
[3 : mcmc] Progress @ 2026-08-05 23:59:12 : 2155 steps taken, and 15736 accepted.
[2 : mcmc] Progress @ 2026-08-05 23:59:17 : 2131 steps taken, and 15893 accepted.
[0 : mcmc] Progress @ 2026-08-05 23:59:33 : 1990 steps taken, and 15949 accepted.
[1 : mcmc] Progress @ 2026-08-05 23:59:34 : 2334 steps taken, and 15876 accepted.
[3 : mcmc] Progress @ 2026-08-06 00:00:18 : 2161 steps taken, and 15738 accepted.
[2 : mcmc] Progress @ 2026-08-06 00:00:26 : 2135 steps taken, and 15895 accepted.
[1 : mcmc] Progress @ 2026-08-06 00:00:43 : 2348 steps taken, and 15878 accepted.
[0 : mcmc] Progress @ 2026-08-06 00:00:44 : 1996 steps taken, and 15949 accepted.
[3 : mcmc] Progress @ 2026-08-06 00:01:27 : 2166 steps taken, and 15741 accepted.
[2 : mcmc] Progress @ 2026-08-06 00:01:34 : 2139 steps taken, and 15897 accepted.
[1 : mcmc] Progress @ 2026-08-06 00:01:52 : 2355 steps taken, and 15880 accepted.
[0 : mcmc] Progress @ 2026-08-06 00:01:54 : 2009 steps taken, and 15950 accepted.
[3 : mcmc] Progress @ 2026-08-06 00:02:34 : 2172 steps taken, and 15741 accepted.
[2 : mcmc] Progress @ 2026-08-06 00:02:42 : 2143 steps taken, and 15900 accepted.
[1 : mcmc] Progress @ 2026-08-06 00:03:00 : 2361 steps taken, and 15881 accepted.
[0 : mcmc] Progress @ 2026-08-06 00:03:04 : 2016 steps taken, and 15951 accepted.
[3 : mcmc] Progress @ 2026-08-06 00:03:44 : 2178 steps taken, and 15742 accepted.
[2 : mcmc] Progress @ 2026-08-06 00:03:50 : 2157 steps taken, and 15903 accepted.
[1 : mcmc] Progress @ 2026-08-06 00:04:08 : 2367 steps taken, and 15882 accepted.
[0 : mcmc] Progress @ 2026-08-06 00:04:14 : 2031 steps taken, and 15951 accepted.
[3 : mcmc] Progress @ 2026-08-06 00:04:52 : 2183 steps taken, and 15742 accepted.
[2 : mcmc] Progress @ 2026-08-06 00:04:59 : 2163 steps taken, and 15906 accepted.
[1 : mcmc] Progress @ 2026-08-06 00:05:16 : 2373 steps taken, and 15884 accepted.
[0 : mcmc] Progress @ 2026-08-06 00:05:25 : 2042 steps taken, and 15951 accepted.
[3 : mcmc] Progress @ 2026-08-06 00:05:59 : 2189 steps taken, and 15742 accepted.
[2 : mcmc] Progress @ 2026-08-06 00:06:08 : 2176 steps taken, and 15907 accepted.
[1 : mcmc] Progress @ 2026-08-06 00:06:25 : 2378 steps taken, and 15886 accepted.
[0 : mcmc] Progress @ 2026-08-06 00:06:36 : 2051 steps taken, and 15951 accepted.
[3 : mcmc] Progress @ 2026-08-06 00:07:10 : 2196 steps taken, and 15743 accepted.
[2 : mcmc] Progress @ 2026-08-06 00:07:17 : 2183 steps taken, and 15908 accepted.
[1 : mcmc] Progress @ 2026-08-06 00:07:35 : 2393 steps taken, and 15886 accepted.
[0 : mcmc] Progress @ 2026-08-06 00:07:45 : 2056 steps taken, and 15951 accepted.
[3 : mcmc] Progress @ 2026-08-06 00:08:17 : 2204 steps taken, and 15744 accepted.
[2 : mcmc] Progress @ 2026-08-06 00:08:25 : 2189 steps taken, and 15910 accepted.
[1 : mcmc] Progress @ 2026-08-06 00:08:44 : 2400 steps taken, and 15888 accepted.
[0 : mcmc] Progress @ 2026-08-06 00:08:55 : 2063 steps taken, and 15953 accepted.
[3 : mcmc] Progress @ 2026-08-06 00:09:27 : 2208 steps taken, and 15746 accepted.
[2 : mcmc] Progress @ 2026-08-06 00:09:35 : 2198 steps taken, and 15913 accepted.
[1 : mcmc] Progress @ 2026-08-06 00:09:55 : 2404 steps taken, and 15890 accepted.
[0 : mcmc] Progress @ 2026-08-06 00:10:05 : 2070 steps taken, and 15954 accepted.
[3 : mcmc] Progress @ 2026-08-06 00:10:35 : 2219 steps taken, and 15746 accepted.
[2 : mcmc] Progress @ 2026-08-06 00:10:44 : 2208 steps taken, and 15915 accepted.
[1 : mcmc] Progress @ 2026-08-06 00:11:06 : 2409 steps taken, and 15892 accepted.
[0 : mcmc] Progress @ 2026-08-06 00:11:12 : 2076 steps taken, and 15956 accepted.
[3 : mcmc] Progress @ 2026-08-06 00:11:44 : 2225 steps taken, and 15749 accepted.
[2 : mcmc] Progress @ 2026-08-06 00:11:54 : 2217 steps taken, and 15917 accepted.
[1 : mcmc] Progress @ 2026-08-06 00:12:16 : 2413 steps taken, and 15894 accepted.
[0 : mcmc] Progress @ 2026-08-06 00:12:20 : 2082 steps taken, and 15957 accepted.
[3 : mcmc] Progress @ 2026-08-06 00:12:56 : 2231 steps taken, and 15750 accepted.
[2 : mcmc] Progress @ 2026-08-06 00:13:02 : 2228 steps taken, and 15919 accepted.
[1 : mcmc] Progress @ 2026-08-06 00:13:25 : 2423 steps taken, and 15895 accepted.
[0 : mcmc] Progress @ 2026-08-06 00:13:30 : 2092 steps taken, and 15957 accepted.
[3 : mcmc] Progress @ 2026-08-06 00:14:08 : 2243 steps taken, and 15751 accepted.
[2 : mcmc] Progress @ 2026-08-06 00:14:09 : 2233 steps taken, and 15920 accepted.
[1 : mcmc] Progress @ 2026-08-06 00:14:36 : 2428 steps taken, and 15898 accepted.
[0 : mcmc] Progress @ 2026-08-06 00:14:39 : 2100 steps taken, and 15959 accepted.
[2 : mcmc] Progress @ 2026-08-06 00:15:17 : 2240 steps taken, and 15920 accepted.
[3 : mcmc] Progress @ 2026-08-06 00:15:17 : 2249 steps taken, and 15753 accepted.
[1 : mcmc] Progress @ 2026-08-06 00:15:43 : 2433 steps taken, and 15899 accepted.
[0 : mcmc] Progress @ 2026-08-06 00:15:48 : 2112 steps taken, and 15961 accepted.
[2 : mcmc] Progress @ 2026-08-06 00:16:27 : 2246 steps taken, and 15921 accepted.
[3 : mcmc] Progress @ 2026-08-06 00:16:29 : 2263 steps taken, and 15754 accepted.
[1 : mcmc] Progress @ 2026-08-06 00:16:54 : 2437 steps taken, and 15899 accepted.
[0 : mcmc] Progress @ 2026-08-06 00:16:59 : 2121 steps taken, and 15961 accepted.
[2 : mcmc] Progress @ 2026-08-06 00:17:35 : 2252 steps taken, and 15922 accepted.
[3 : mcmc] Progress @ 2026-08-06 00:17:38 : 2274 steps taken, and 15756 accepted.
[1 : mcmc] Progress @ 2026-08-06 00:18:04 : 2441 steps taken, and 15900 accepted.
[0 : mcmc] Progress @ 2026-08-06 00:18:07 : 2128 steps taken, and 15964 accepted.
[2 : mcmc] Progress @ 2026-08-06 00:18:45 : 2260 steps taken, and 15923 accepted.
[3 : mcmc] Progress @ 2026-08-06 00:18:47 : 2282 steps taken, and 15758 accepted.
[1 : mcmc] Progress @ 2026-08-06 00:19:12 : 2445 steps taken, and 15902 accepted.
[0 : mcmc] Progress @ 2026-08-06 00:19:17 : 2135 steps taken, and 15967 accepted.
[2 : mcmc] Progress @ 2026-08-06 00:19:54 : 2265 steps taken, and 15925 accepted.
[3 : mcmc] Progress @ 2026-08-06 00:19:55 : 2289 steps taken, and 15761 accepted.
[1 : mcmc] Progress @ 2026-08-06 00:20:22 : 2452 steps taken, and 15902 accepted.
[0 : mcmc] Progress @ 2026-08-06 00:20:25 : 2145 steps taken, and 15968 accepted.
[2 : mcmc] Progress @ 2026-08-06 00:21:02 : 2278 steps taken, and 15927 accepted.
[3 : mcmc] Progress @ 2026-08-06 00:21:03 : 2297 steps taken, and 15762 accepted.
[1 : mcmc] Progress @ 2026-08-06 00:21:32 : 2458 steps taken, and 15902 accepted.
[0 : mcmc] Progress @ 2026-08-06 00:21:34 : 2154 steps taken, and 15970 accepted.
[2 : mcmc] Progress @ 2026-08-06 00:22:12 : 2288 steps taken, and 15927 accepted.
[3 : mcmc] Progress @ 2026-08-06 00:22:12 : 2309 steps taken, and 15764 accepted.
[1 : mcmc] Progress @ 2026-08-06 00:22:42 : 2465 steps taken, and 15905 accepted.
[0 : mcmc] Progress @ 2026-08-06 00:22:44 : 2164 steps taken, and 15972 accepted.
[2 : mcmc] Progress @ 2026-08-06 00:23:21 : 2292 steps taken, and 15930 accepted.
[3 : mcmc] Progress @ 2026-08-06 00:23:22 : 2316 steps taken, and 15767 accepted.
[1 : mcmc] Progress @ 2026-08-06 00:23:51 : 2470 steps taken, and 15907 accepted.
[0 : mcmc] Progress @ 2026-08-06 00:23:52 : 2169 steps taken, and 15973 accepted.
[2 : mcmc] Progress @ 2026-08-06 00:24:31 : 2299 steps taken, and 15931 accepted.
[3 : mcmc] Progress @ 2026-08-06 00:24:34 : 2320 steps taken, and 15770 accepted.
[1 : mcmc] Progress @ 2026-08-06 00:25:00 : 2478 steps taken, and 15908 accepted.
[0 : mcmc] Progress @ 2026-08-06 00:25:02 : 2180 steps taken, and 15974 accepted.
[2 : mcmc] Progress @ 2026-08-06 00:25:40 : 2310 steps taken, and 15932 accepted.
[3 : mcmc] Progress @ 2026-08-06 00:25:43 : 2328 steps taken, and 15772 accepted.
[1 : mcmc] Progress @ 2026-08-06 00:26:10 : 2485 steps taken, and 15909 accepted.
[0 : mcmc] Progress @ 2026-08-06 00:26:11 : 2193 steps taken, and 15977 accepted.
[3 : mcmc] Progress @ 2026-08-06 00:26:51 : 2334 steps taken, and 15773 accepted.
[2 : mcmc] Progress @ 2026-08-06 00:26:51 : 2325 steps taken, and 15933 accepted.
[1 : mcmc] Progress @ 2026-08-06 00:27:19 : 2493 steps taken, and 15911 accepted.
[0 : mcmc] Progress @ 2026-08-06 00:27:23 : 2204 steps taken, and 15979 accepted.
[2 : mcmc] Progress @ 2026-08-06 00:28:00 : 2340 steps taken, and 15935 accepted.
[3 : mcmc] Progress @ 2026-08-06 00:28:03 : 2339 steps taken, and 15773 accepted.
[1 : mcmc] Progress @ 2026-08-06 00:28:28 : 2497 steps taken, and 15913 accepted.
[0 : mcmc] Progress @ 2026-08-06 00:28:32 : 2220 steps taken, and 15979 accepted.
[2 : mcmc] Progress @ 2026-08-06 00:29:07 : 2356 steps taken, and 15936 accepted.
[3 : mcmc] Progress @ 2026-08-06 00:29:14 : 2344 steps taken, and 15774 accepted.
[1 : mcmc] Progress @ 2026-08-06 00:29:37 : 2504 steps taken, and 15914 accepted.
[0 : mcmc] Progress @ 2026-08-06 00:29:42 : 2228 steps taken, and 15981 accepted.
[2 : mcmc] Progress @ 2026-08-06 00:30:15 : 2370 steps taken, and 15940 accepted.
[3 : mcmc] Progress @ 2026-08-06 00:30:23 : 2349 steps taken, and 15775 accepted.
[1 : mcmc] Progress @ 2026-08-06 00:30:48 : 2510 steps taken, and 15916 accepted.
[0 : mcmc] Progress @ 2026-08-06 00:30:53 : 2233 steps taken, and 15982 accepted.
[2 : mcmc] Progress @ 2026-08-06 00:31:25 : 2378 steps taken, and 15943 accepted.
[3 : mcmc] Progress @ 2026-08-06 00:31:31 : 2357 steps taken, and 15776 accepted.
[1 : mcmc] Progress @ 2026-08-06 00:31:59 : 2514 steps taken, and 15917 accepted.
[0 : mcmc] Progress @ 2026-08-06 00:32:02 : 2239 steps taken, and 15984 accepted.
[2 : mcmc] Progress @ 2026-08-06 00:32:36 : 2396 steps taken, and 15944 accepted.
[3 : mcmc] Progress @ 2026-08-06 00:32:38 : 2363 steps taken, and 15777 accepted.
[1 : mcmc] Progress @ 2026-08-06 00:33:10 : 2520 steps taken, and 15918 accepted.
[0 : mcmc] Progress @ 2026-08-06 00:33:11 : 2245 steps taken, and 15986 accepted.
[3 : mcmc] Progress @ 2026-08-06 00:33:46 : 2381 steps taken, and 15779 accepted.
[2 : mcmc] Progress @ 2026-08-06 00:33:46 : 2413 steps taken, and 15947 accepted.
[1 : mcmc] Progress @ 2026-08-06 00:34:21 : 2524 steps taken, and 15919 accepted.
[0 : mcmc] Progress @ 2026-08-06 00:34:21 : 2251 steps taken, and 15988 accepted.
[3 : mcmc] Progress @ 2026-08-06 00:34:56 : 2397 steps taken, and 15779 accepted.
[2 : mcmc] Progress @ 2026-08-06 00:34:57 : 2417 steps taken, and 15951 accepted.
[1 : mcmc] Progress @ 2026-08-06 00:35:32 : 2531 steps taken, and 15921 accepted.
[0 : mcmc] Progress @ 2026-08-06 00:35:32 : 2256 steps taken, and 15991 accepted.
[3 : mcmc] Progress @ 2026-08-06 00:36:03 : 2404 steps taken, and 15779 accepted.
[2 : mcmc] Progress @ 2026-08-06 00:36:09 : 2424 steps taken, and 15954 accepted.
[1 : mcmc] Progress @ 2026-08-06 00:36:43 : 2537 steps taken, and 15922 accepted.
[0 : mcmc] Progress @ 2026-08-06 00:36:45 : 2261 steps taken, and 15992 accepted.
[3 : mcmc] Progress @ 2026-08-06 00:37:09 : 2412 steps taken, and 15781 accepted.
[2 : mcmc] Progress @ 2026-08-06 00:37:19 : 2428 steps taken, and 15956 accepted.
[1 : mcmc] Progress @ 2026-08-06 00:37:56 : 2546 steps taken, and 15924 accepted.
[0 : mcmc] Progress @ 2026-08-06 00:38:02 : 2271 steps taken, and 15994 accepted.
[3 : mcmc] Progress @ 2026-08-06 00:38:21 : 2416 steps taken, and 15782 accepted.
[2 : mcmc] Progress @ 2026-08-06 00:38:37 : 2435 steps taken, and 15959 accepted.
[1 : mcmc] Progress @ 2026-08-06 00:39:07 : 2551 steps taken, and 15925 accepted.
[0 : mcmc] Progress @ 2026-08-06 00:39:17 : 2281 steps taken, and 15996 accepted.
[3 : mcmc] Progress @ 2026-08-06 00:39:35 : 2424 steps taken, and 15784 accepted.
[2 : mcmc] Progress @ 2026-08-06 00:39:52 : 2443 steps taken, and 15959 accepted.
[1 : mcmc] Progress @ 2026-08-06 00:40:15 : 2557 steps taken, and 15926 accepted.
[0 : mcmc] Progress @ 2026-08-06 00:40:29 : 2290 steps taken, and 15998 accepted.
[3 : mcmc] Progress @ 2026-08-06 00:40:43 : 2428 steps taken, and 15787 accepted.
[2 : mcmc] Progress @ 2026-08-06 00:41:02 : 2453 steps taken, and 15959 accepted.
[1 : mcmc] Progress @ 2026-08-06 00:41:23 : 2565 steps taken, and 15929 accepted.
[0 : mcmc] Progress @ 2026-08-06 00:41:40 : 2294 steps taken, and 15998 accepted.
[3 : mcmc] Progress @ 2026-08-06 00:41:53 : 2433 steps taken, and 15788 accepted.
[2 : mcmc] Progress @ 2026-08-06 00:42:15 : 2465 steps taken, and 15961 accepted.
[1 : mcmc] Progress @ 2026-08-06 00:42:33 : 2569 steps taken, and 15932 accepted.
[0 : mcmc] Progress @ 2026-08-06 00:42:51 : 2303 steps taken, and 15999 accepted.
[3 : mcmc] Progress @ 2026-08-06 00:43:01 : 2438 steps taken, and 15789 accepted.
[2 : mcmc] Progress @ 2026-08-06 00:43:26 : 2471 steps taken, and 15963 accepted.
[1 : mcmc] Progress @ 2026-08-06 00:43:45 : 2578 steps taken, and 15934 accepted.
[0 : mcmc] Progress @ 2026-08-06 00:44:04 : 2313 steps taken, and 16000 accepted.
[3 : mcmc] Progress @ 2026-08-06 00:44:06 : 2444 steps taken, and 15793 accepted.
[2 : mcmc] Progress @ 2026-08-06 00:44:37 : 2475 steps taken, and 15964 accepted.
[1 : mcmc] Progress @ 2026-08-06 00:44:55 : 2584 steps taken, and 15937 accepted.
[3 : mcmc] Progress @ 2026-08-06 00:45:15 : 2448 steps taken, and 15795 accepted.
[0 : mcmc] Progress @ 2026-08-06 00:45:15 : 2317 steps taken, and 16001 accepted.
[2 : mcmc] Progress @ 2026-08-06 00:45:45 : 2479 steps taken, and 15968 accepted.
[1 : mcmc] Progress @ 2026-08-06 00:46:03 : 2591 steps taken, and 15939 accepted.
[3 : mcmc] Progress @ 2026-08-06 00:46:25 : 2452 steps taken, and 15797 accepted.
[0 : mcmc] Progress @ 2026-08-06 00:46:25 : 2323 steps taken, and 16003 accepted.
[2 : mcmc] Progress @ 2026-08-06 00:46:55 : 2486 steps taken, and 15969 accepted.
[1 : mcmc] Progress @ 2026-08-06 00:47:13 : 2597 steps taken, and 15940 accepted.
[3 : mcmc] Progress @ 2026-08-06 00:47:35 : 2461 steps taken, and 15797 accepted.
[0 : mcmc] Progress @ 2026-08-06 00:47:36 : 2329 steps taken, and 16005 accepted.
[2 : mcmc] Progress @ 2026-08-06 00:48:02 : 2491 steps taken, and 15970 accepted.
[1 : mcmc] Progress @ 2026-08-06 00:48:23 : 2606 steps taken, and 15943 accepted.
[3 : mcmc] Progress @ 2026-08-06 00:48:44 : 2469 steps taken, and 15798 accepted.
[0 : mcmc] Progress @ 2026-08-06 00:48:48 : 2337 steps taken, and 16006 accepted.
[2 : mcmc] Progress @ 2026-08-06 00:49:11 : 2497 steps taken, and 15971 accepted.
[1 : mcmc] Progress @ 2026-08-06 00:49:31 : 2610 steps taken, and 15945 accepted.
[3 : mcmc] Progress @ 2026-08-06 00:49:53 : 2478 steps taken, and 15799 accepted.
[0 : mcmc] Progress @ 2026-08-06 00:49:59 : 2342 steps taken, and 16006 accepted.
[2 : mcmc] Progress @ 2026-08-06 00:50:19 : 2501 steps taken, and 15971 accepted.
[1 : mcmc] Progress @ 2026-08-06 00:50:40 : 2617 steps taken, and 15946 accepted.
[3 : mcmc] Progress @ 2026-08-06 00:51:02 : 2483 steps taken, and 15800 accepted.
[0 : mcmc] Progress @ 2026-08-06 00:51:10 : 2348 steps taken, and 16007 accepted.
[2 : mcmc] Progress @ 2026-08-06 00:51:25 : 2505 steps taken, and 15972 accepted.
[1 : mcmc] Progress @ 2026-08-06 00:51:52 : 2621 steps taken, and 15948 accepted.
[3 : mcmc] Progress @ 2026-08-06 00:52:12 : 2489 steps taken, and 15801 accepted.
[0 : mcmc] Progress @ 2026-08-06 00:52:22 : 2352 steps taken, and 16007 accepted.
[2 : mcmc] Progress @ 2026-08-06 00:52:33 : 2509 steps taken, and 15974 accepted.
[1 : mcmc] Progress @ 2026-08-06 00:53:01 : 2629 steps taken, and 15951 accepted.
[3 : mcmc] Progress @ 2026-08-06 00:53:22 : 2496 steps taken, and 15802 accepted.
[0 : mcmc] Progress @ 2026-08-06 00:53:31 : 2358 steps taken, and 16009 accepted.
[2 : mcmc] Progress @ 2026-08-06 00:53:41 : 2523 steps taken, and 15977 accepted.
[1 : mcmc] Progress @ 2026-08-06 00:54:10 : 2633 steps taken, and 15953 accepted.
[3 : mcmc] Progress @ 2026-08-06 00:54:31 : 2504 steps taken, and 15803 accepted.
[0 : mcmc] Progress @ 2026-08-06 00:54:41 : 2365 steps taken, and 16010 accepted.
[2 : mcmc] Progress @ 2026-08-06 00:54:48 : 2529 steps taken, and 15977 accepted.
[1 : mcmc] Progress @ 2026-08-06 00:55:19 : 2646 steps taken, and 15954 accepted.
[3 : mcmc] Progress @ 2026-08-06 00:55:43 : 2509 steps taken, and 15803 accepted.
[0 : mcmc] Progress @ 2026-08-06 00:55:52 : 2371 steps taken, and 16012 accepted.
[2 : mcmc] Progress @ 2026-08-06 00:55:57 : 2542 steps taken, and 15978 accepted.
[1 : mcmc] Progress @ 2026-08-06 00:56:30 : 2654 steps taken, and 15956 accepted.
[3 : mcmc] Progress @ 2026-08-06 00:56:53 : 2514 steps taken, and 15804 accepted.
[0 : mcmc] Progress @ 2026-08-06 00:57:00 : 2375 steps taken, and 16014 accepted.
[2 : mcmc] Progress @ 2026-08-06 00:57:06 : 2547 steps taken, and 15979 accepted.
[1 : mcmc] Progress @ 2026-08-06 00:57:40 : 2658 steps taken, and 15958 accepted.
[3 : mcmc] Progress @ 2026-08-06 00:58:05 : 2519 steps taken, and 15805 accepted.
[0 : mcmc] Progress @ 2026-08-06 00:58:09 : 2380 steps taken, and 16017 accepted.
[2 : mcmc] Progress @ 2026-08-06 00:58:15 : 2553 steps taken, and 15981 accepted.
[1 : mcmc] Progress @ 2026-08-06 00:58:50 : 2663 steps taken, and 15959 accepted.
[3 : mcmc] Progress @ 2026-08-06 00:59:14 : 2523 steps taken, and 15806 accepted.
[0 : mcmc] Progress @ 2026-08-06 00:59:17 : 2386 steps taken, and 16020 accepted.
[2 : mcmc] Progress @ 2026-08-06 00:59:24 : 2557 steps taken, and 15984 accepted.
[1 : mcmc] Progress @ 2026-08-06 01:00:00 : 2669 steps taken, and 15960 accepted.
[0 : mcmc] Progress @ 2026-08-06 01:00:28 : 2390 steps taken, and 16020 accepted.
[3 : mcmc] Progress @ 2026-08-06 01:00:28 : 2541 steps taken, and 15809 accepted.
[2 : mcmc] Progress @ 2026-08-06 01:00:43 : 2564 steps taken, and 15984 accepted.
[1 : mcmc] Progress @ 2026-08-06 01:01:05 : 2672 steps taken, and 15960 accepted.
[0 : mcmc] Progress @ 2026-08-06 01:01:29 : 2394 steps taken, and 16021 accepted.
[3 : mcmc] Progress @ 2026-08-06 01:01:31 : 2547 steps taken, and 15809 accepted.
[2 : mcmc] Progress @ 2026-08-06 01:01:46 : 2569 steps taken, and 15985 accepted.
[1 : mcmc] Progress @ 2026-08-06 01:02:05 : 2675 steps taken, and 15963 accepted.
[0 : mcmc] Progress @ 2026-08-06 01:02:46 : 2400 steps taken, and 16022 accepted.
[2 : mcmc] Progress @ 2026-08-06 01:02:47 : 2572 steps taken, and 15986 accepted.
[3 : mcmc] Progress @ 2026-08-06 01:02:49 : 2554 steps taken, and 15811 accepted.
[1 : mcmc] Progress @ 2026-08-06 01:03:22 : 2680 steps taken, and 15963 accepted.
[0 : mcmc] Progress @ 2026-08-06 01:04:01 : 2405 steps taken, and 16022 accepted.
[2 : mcmc] Progress @ 2026-08-06 01:04:04 : 2577 steps taken, and 15989 accepted.
[3 : mcmc] Progress @ 2026-08-06 01:04:06 : 2561 steps taken, and 15812 accepted.
[1 : mcmc] Progress @ 2026-08-06 01:04:32 : 2689 steps taken, and 15964 accepted.
[0 : mcmc] Progress @ 2026-08-06 01:05:08 : 2410 steps taken, and 16024 accepted.
[2 : mcmc] Progress @ 2026-08-06 01:05:13 : 2584 steps taken, and 15989 accepted.
[3 : mcmc] Progress @ 2026-08-06 01:05:16 : 2567 steps taken, and 15814 accepted.
[1 : mcmc] Progress @ 2026-08-06 01:05:39 : 2694 steps taken, and 15966 accepted.
[0 : mcmc] Progress @ 2026-08-06 01:06:14 : 2418 steps taken, and 16025 accepted.
[2 : mcmc] Progress @ 2026-08-06 01:06:19 : 2589 steps taken, and 15991 accepted.
[3 : mcmc] Progress @ 2026-08-06 01:06:27 : 2583 steps taken, and 15815 accepted.
[1 : mcmc] Progress @ 2026-08-06 01:06:51 : 2699 steps taken, and 15967 accepted.
[0 : mcmc] Progress @ 2026-08-06 01:07:23 : 2422 steps taken, and 16025 accepted.
[2 : mcmc] Progress @ 2026-08-06 01:07:28 : 2596 steps taken, and 15992 accepted.
[3 : mcmc] Progress @ 2026-08-06 01:07:37 : 2599 steps taken, and 15818 accepted.
[1 : mcmc] Progress @ 2026-08-06 01:08:01 : 2713 steps taken, and 15967 accepted.
[0 : mcmc] Progress @ 2026-08-06 01:08:32 : 2426 steps taken, and 16025 accepted.
[2 : mcmc] Progress @ 2026-08-06 01:08:36 : 2601 steps taken, and 15995 accepted.
[3 : mcmc] Progress @ 2026-08-06 01:08:46 : 2607 steps taken, and 15820 accepted.
[1 : mcmc] Progress @ 2026-08-06 01:09:10 : 2718 steps taken, and 15968 accepted.
[0 : mcmc] Progress @ 2026-08-06 01:09:42 : 2434 steps taken, and 16028 accepted.
[2 : mcmc] Progress @ 2026-08-06 01:09:45 : 2611 steps taken, and 15997 accepted.
[3 : mcmc] Progress @ 2026-08-06 01:09:59 : 2613 steps taken, and 15822 accepted.
[1 : mcmc] Progress @ 2026-08-06 01:10:20 : 2724 steps taken, and 15971 accepted.
[0 : mcmc] Progress @ 2026-08-06 01:10:51 : 2443 steps taken, and 16030 accepted.
[2 : mcmc] Progress @ 2026-08-06 01:10:55 : 2618 steps taken, and 15999 accepted.
[3 : mcmc] Progress @ 2026-08-06 01:11:11 : 2618 steps taken, and 15822 accepted.
[1 : mcmc] Progress @ 2026-08-06 01:11:29 : 2731 steps taken, and 15973 accepted.
[0 : mcmc] Progress @ 2026-08-06 01:12:01 : 2449 steps taken, and 16031 accepted.
[2 : mcmc] Progress @ 2026-08-06 01:12:03 : 2625 steps taken, and 16002 accepted.
[3 : mcmc] Progress @ 2026-08-06 01:12:20 : 2628 steps taken, and 15825 accepted.
[1 : mcmc] Progress @ 2026-08-06 01:12:38 : 2740 steps taken, and 15974 accepted.
[0 : mcmc] Progress @ 2026-08-06 01:13:12 : 2456 steps taken, and 16033 accepted.
[2 : mcmc] Progress @ 2026-08-06 01:13:14 : 2632 steps taken, and 16003 accepted.
[3 : mcmc] Progress @ 2026-08-06 01:13:32 : 2637 steps taken, and 15826 accepted.
[1 : mcmc] Progress @ 2026-08-06 01:13:48 : 2760 steps taken, and 15977 accepted.
[0 : mcmc] Progress @ 2026-08-06 01:14:22 : 2462 steps taken, and 16034 accepted.
[2 : mcmc] Progress @ 2026-08-06 01:14:23 : 2641 steps taken, and 16006 accepted.
[3 : mcmc] Progress @ 2026-08-06 01:14:40 : 2641 steps taken, and 15827 accepted.
[1 : mcmc] Progress @ 2026-08-06 01:14:57 : 2766 steps taken, and 15981 accepted.
[0 : mcmc] Progress @ 2026-08-06 01:15:32 : 2468 steps taken, and 16035 accepted.
[2 : mcmc] Progress @ 2026-08-06 01:15:34 : 2647 steps taken, and 16008 accepted.
[3 : mcmc] Progress @ 2026-08-06 01:15:51 : 2651 steps taken, and 15828 accepted.
[1 : mcmc] Progress @ 2026-08-06 01:16:05 : 2775 steps taken, and 15984 accepted.
[0 : mcmc] Progress @ 2026-08-06 01:16:44 : 2480 steps taken, and 16036 accepted.
[2 : mcmc] Progress @ 2026-08-06 01:16:45 : 2652 steps taken, and 16010 accepted.
[3 : mcmc] Progress @ 2026-08-06 01:17:02 : 2664 steps taken, and 15829 accepted.
[1 : mcmc] Progress @ 2026-08-06 01:17:14 : 2784 steps taken, and 15986 accepted.
[2 : mcmc] Progress @ 2026-08-06 01:17:55 : 2656 steps taken, and 16013 accepted.
[0 : mcmc] Progress @ 2026-08-06 01:17:57 : 2485 steps taken, and 16037 accepted.
[3 : mcmc] Progress @ 2026-08-06 01:18:12 : 2668 steps taken, and 15831 accepted.
[1 : mcmc] Progress @ 2026-08-06 01:18:20 : 2793 steps taken, and 15988 accepted.
[2 : mcmc] Progress @ 2026-08-06 01:19:05 : 2661 steps taken, and 16014 accepted.
[0 : mcmc] Progress @ 2026-08-06 01:19:09 : 2492 steps taken, and 16039 accepted.
[3 : mcmc] Progress @ 2026-08-06 01:19:23 : 2673 steps taken, and 15834 accepted.
[1 : mcmc] Progress @ 2026-08-06 01:19:28 : 2797 steps taken, and 15990 accepted.
[2 : mcmc] Progress @ 2026-08-06 01:20:13 : 2665 steps taken, and 16015 accepted.
[0 : mcmc] Progress @ 2026-08-06 01:20:23 : 2497 steps taken, and 16040 accepted.
[3 : mcmc] Progress @ 2026-08-06 01:20:33 : 2679 steps taken, and 15837 accepted.
[1 : mcmc] Progress @ 2026-08-06 01:20:37 : 2803 steps taken, and 15990 accepted.
[2 : mcmc] Progress @ 2026-08-06 01:21:21 : 2673 steps taken, and 16017 accepted.
[0 : mcmc] Progress @ 2026-08-06 01:21:33 : 2504 steps taken, and 16040 accepted.
[3 : mcmc] Progress @ 2026-08-06 01:21:42 : 2692 steps taken, and 15838 accepted.
[1 : mcmc] Progress @ 2026-08-06 01:21:49 : 2807 steps taken, and 15992 accepted.
[2 : mcmc] Progress @ 2026-08-06 01:22:30 : 2679 steps taken, and 16020 accepted.
[0 : mcmc] Progress @ 2026-08-06 01:22:45 : 2511 steps taken, and 16041 accepted.
[3 : mcmc] Progress @ 2026-08-06 01:22:50 : 2698 steps taken, and 15840 accepted.
[1 : mcmc] Progress @ 2026-08-06 01:22:57 : 2812 steps taken, and 15994 accepted.
[2 : mcmc] Progress @ 2026-08-06 01:23:38 : 2683 steps taken, and 16021 accepted.
[0 : mcmc] Progress @ 2026-08-06 01:23:56 : 2518 steps taken, and 16044 accepted.
[3 : mcmc] Progress @ 2026-08-06 01:24:00 : 2712 steps taken, and 15841 accepted.
[1 : mcmc] Progress @ 2026-08-06 01:24:05 : 2817 steps taken, and 15996 accepted.
[2 : mcmc] Progress @ 2026-08-06 01:24:49 : 2688 steps taken, and 16023 accepted.
[0 : mcmc] Progress @ 2026-08-06 01:25:08 : 2528 steps taken, and 16045 accepted.
[3 : mcmc] Progress @ 2026-08-06 01:25:09 : 2718 steps taken, and 15842 accepted.
[1 : mcmc] Progress @ 2026-08-06 01:25:14 : 2825 steps taken, and 15997 accepted.
[2 : mcmc] Progress @ 2026-08-06 01:26:00 : 2693 steps taken, and 16025 accepted.
[3 : mcmc] Progress @ 2026-08-06 01:26:20 : 2725 steps taken, and 15842 accepted.
[0 : mcmc] Progress @ 2026-08-06 01:26:20 : 2533 steps taken, and 16046 accepted.
[1 : mcmc] Progress @ 2026-08-06 01:26:23 : 2831 steps taken, and 15999 accepted.
[2 : mcmc] Progress @ 2026-08-06 01:27:08 : 2701 steps taken, and 16028 accepted.
[0 : mcmc] Progress @ 2026-08-06 01:27:31 : 2539 steps taken, and 16047 accepted.
[3 : mcmc] Progress @ 2026-08-06 01:27:32 : 2731 steps taken, and 15843 accepted.
[1 : mcmc] Progress @ 2026-08-06 01:27:33 : 2841 steps taken, and 16000 accepted.
[2 : mcmc] Progress @ 2026-08-06 01:28:15 : 2708 steps taken, and 16030 accepted.
[0 : mcmc] Progress @ 2026-08-06 01:28:42 : 2548 steps taken, and 16048 accepted.
[3 : mcmc] Progress @ 2026-08-06 01:28:44 : 2736 steps taken, and 15845 accepted.
[1 : mcmc] Progress @ 2026-08-06 01:28:45 : 2847 steps taken, and 16002 accepted.
[2 : mcmc] Progress @ 2026-08-06 01:29:22 : 2713 steps taken, and 16031 accepted.
[0 : mcmc] Progress @ 2026-08-06 01:29:52 : 2554 steps taken, and 16050 accepted.
[3 : mcmc] Progress @ 2026-08-06 01:29:52 : 2755 steps taken, and 15848 accepted.
[1 : mcmc] Progress @ 2026-08-06 01:29:56 : 2859 steps taken, and 16003 accepted.
[2 : mcmc] Progress @ 2026-08-06 01:30:29 : 2721 steps taken, and 16032 accepted.
[3 : mcmc] Progress @ 2026-08-06 01:31:03 : 2765 steps taken, and 15848 accepted.
[0 : mcmc] Progress @ 2026-08-06 01:31:04 : 2561 steps taken, and 16051 accepted.
[1 : mcmc] Progress @ 2026-08-06 01:31:08 : 2864 steps taken, and 16005 accepted.
[2 : mcmc] Progress @ 2026-08-06 01:31:40 : 2730 steps taken, and 16034 accepted.
[3 : mcmc] Progress @ 2026-08-06 01:32:10 : 2772 steps taken, and 15850 accepted.
[0 : mcmc] Progress @ 2026-08-06 01:32:16 : 2566 steps taken, and 16053 accepted.
[1 : mcmc] Progress @ 2026-08-06 01:32:17 : 2873 steps taken, and 16007 accepted.
[2 : mcmc] Progress @ 2026-08-06 01:32:49 : 2738 steps taken, and 16036 accepted.
[3 : mcmc] Progress @ 2026-08-06 01:33:14 : 2780 steps taken, and 15852 accepted.
[0 : mcmc] Progress @ 2026-08-06 01:33:26 : 2573 steps taken, and 16054 accepted.
[1 : mcmc] Progress @ 2026-08-06 01:33:28 : 2877 steps taken, and 16007 accepted.
[2 : mcmc] Progress @ 2026-08-06 01:33:57 : 2744 steps taken, and 16038 accepted.
[3 : mcmc] Progress @ 2026-08-06 01:34:23 : 2789 steps taken, and 15856 accepted.
[0 : mcmc] Progress @ 2026-08-06 01:34:37 : 2578 steps taken, and 16056 accepted.
[1 : mcmc] Progress @ 2026-08-06 01:34:40 : 2887 steps taken, and 16009 accepted.
[2 : mcmc] Progress @ 2026-08-06 01:35:03 : 2748 steps taken, and 16039 accepted.
[3 : mcmc] Progress @ 2026-08-06 01:35:33 : 2793 steps taken, and 15859 accepted.
[0 : mcmc] Progress @ 2026-08-06 01:35:49 : 2584 steps taken, and 16056 accepted.
[1 : mcmc] Progress @ 2026-08-06 01:35:51 : 2894 steps taken, and 16010 accepted.
[2 : mcmc] Progress @ 2026-08-06 01:36:10 : 2762 steps taken, and 16041 accepted.
[3 : mcmc] Progress @ 2026-08-06 01:36:42 : 2797 steps taken, and 15861 accepted.
[0 : mcmc] Progress @ 2026-08-06 01:37:01 : 2590 steps taken, and 16056 accepted.
[1 : mcmc] Progress @ 2026-08-06 01:37:03 : 2909 steps taken, and 16012 accepted.
[2 : mcmc] Progress @ 2026-08-06 01:37:20 : 2768 steps taken, and 16042 accepted.
[3 : mcmc] Progress @ 2026-08-06 01:37:50 : 2803 steps taken, and 15861 accepted.
[0 : mcmc] Progress @ 2026-08-06 01:38:12 : 2595 steps taken, and 16056 accepted.
[1 : mcmc] Progress @ 2026-08-06 01:38:15 : 2916 steps taken, and 16014 accepted.
[2 : mcmc] Progress @ 2026-08-06 01:38:30 : 2774 steps taken, and 16044 accepted.
[3 : mcmc] Progress @ 2026-08-06 01:38:55 : 2808 steps taken, and 15862 accepted.
[0 : mcmc] Progress @ 2026-08-06 01:39:25 : 2602 steps taken, and 16056 accepted.
[1 : mcmc] Progress @ 2026-08-06 01:39:25 : 2923 steps taken, and 16015 accepted.
[2 : mcmc] Progress @ 2026-08-06 01:39:39 : 2781 steps taken, and 16045 accepted.
[3 : mcmc] Progress @ 2026-08-06 01:40:02 : 2813 steps taken, and 15863 accepted.
[1 : mcmc] Progress @ 2026-08-06 01:40:36 : 2930 steps taken, and 16016 accepted.
[0 : mcmc] Progress @ 2026-08-06 01:40:38 : 2608 steps taken, and 16059 accepted.
[2 : mcmc] Progress @ 2026-08-06 01:40:45 : 2789 steps taken, and 16045 accepted.
[3 : mcmc] Progress @ 2026-08-06 01:41:09 : 2819 steps taken, and 15865 accepted.
[1 : mcmc] Progress @ 2026-08-06 01:41:44 : 2935 steps taken, and 16016 accepted.
[0 : mcmc] Progress @ 2026-08-06 01:41:49 : 2617 steps taken, and 16061 accepted.
[2 : mcmc] Progress @ 2026-08-06 01:41:54 : 2798 steps taken, and 16048 accepted.
[3 : mcmc] Progress @ 2026-08-06 01:42:18 : 2824 steps taken, and 15867 accepted.
[1 : mcmc] Progress @ 2026-08-06 01:42:55 : 2944 steps taken, and 16017 accepted.
[2 : mcmc] Progress @ 2026-08-06 01:43:00 : 2810 steps taken, and 16050 accepted.
[0 : mcmc] Progress @ 2026-08-06 01:43:01 : 2624 steps taken, and 16062 accepted.
[3 : mcmc] Progress @ 2026-08-06 01:43:27 : 2828 steps taken, and 15869 accepted.
[1 : mcmc] Progress @ 2026-08-06 01:44:06 : 2952 steps taken, and 16019 accepted.
[2 : mcmc] Progress @ 2026-08-06 01:44:09 : 2819 steps taken, and 16054 accepted.
[0 : mcmc] Progress @ 2026-08-06 01:44:13 : 2633 steps taken, and 16063 accepted.
[3 : mcmc] Progress @ 2026-08-06 01:44:35 : 2832 steps taken, and 15871 accepted.
[1 : mcmc] Progress @ 2026-08-06 01:45:13 : 2959 steps taken, and 16020 accepted.
[2 : mcmc] Progress @ 2026-08-06 01:45:19 : 2827 steps taken, and 16056 accepted.
[0 : mcmc] Progress @ 2026-08-06 01:45:25 : 2641 steps taken, and 16064 accepted.
[3 : mcmc] Progress @ 2026-08-06 01:45:45 : 2838 steps taken, and 15871 accepted.
[1 : mcmc] Progress @ 2026-08-06 01:46:24 : 2972 steps taken, and 16021 accepted.
[2 : mcmc] Progress @ 2026-08-06 01:46:27 : 2833 steps taken, and 16058 accepted.
[0 : mcmc] Progress @ 2026-08-06 01:46:38 : 2647 steps taken, and 16065 accepted.
[3 : mcmc] Progress @ 2026-08-06 01:46:56 : 2843 steps taken, and 15872 accepted.
[1 : mcmc] Progress @ 2026-08-06 01:47:34 : 2977 steps taken, and 16022 accepted.
[2 : mcmc] Progress @ 2026-08-06 01:47:37 : 2841 steps taken, and 16058 accepted.
[0 : mcmc] Progress @ 2026-08-06 01:47:49 : 2652 steps taken, and 16067 accepted.
[3 : mcmc] Progress @ 2026-08-06 01:48:07 : 2849 steps taken, and 15872 accepted.
[1 : mcmc] Progress @ 2026-08-06 01:48:45 : 2982 steps taken, and 16024 accepted.
[2 : mcmc] Progress @ 2026-08-06 01:48:47 : 2845 steps taken, and 16059 accepted.
[0 : mcmc] Progress @ 2026-08-06 01:49:00 : 2659 steps taken, and 16068 accepted.
[3 : mcmc] Progress @ 2026-08-06 01:49:19 : 2854 steps taken, and 15872 accepted.
[1 : mcmc] Progress @ 2026-08-06 01:49:54 : 2994 steps taken, and 16025 accepted.
[2 : mcmc] Progress @ 2026-08-06 01:49:58 : 2849 steps taken, and 16060 accepted.
[0 : mcmc] Progress @ 2026-08-06 01:50:10 : 2668 steps taken, and 16069 accepted.
[3 : mcmc] Progress @ 2026-08-06 01:50:29 : 2860 steps taken, and 15874 accepted.
[1 : mcmc] Progress @ 2026-08-06 01:51:05 : 3003 steps taken, and 16028 accepted.
[2 : mcmc] Progress @ 2026-08-06 01:51:08 : 2853 steps taken, and 16061 accepted.
[0 : mcmc] Progress @ 2026-08-06 01:51:21 : 2680 steps taken, and 16072 accepted.
[3 : mcmc] Progress @ 2026-08-06 01:51:39 : 2868 steps taken, and 15875 accepted.
[1 : mcmc] Progress @ 2026-08-06 01:52:16 : 3014 steps taken, and 16029 accepted.
[2 : mcmc] Progress @ 2026-08-06 01:52:19 : 2858 steps taken, and 16061 accepted.
[0 : mcmc] Progress @ 2026-08-06 01:52:33 : 2685 steps taken, and 16073 accepted.
[3 : mcmc] Progress @ 2026-08-06 01:52:52 : 2877 steps taken, and 15876 accepted.
[1 : mcmc] Progress @ 2026-08-06 01:53:27 : 3023 steps taken, and 16030 accepted.
[2 : mcmc] Progress @ 2026-08-06 01:53:28 : 2863 steps taken, and 16063 accepted.
[0 : mcmc] Progress @ 2026-08-06 01:53:44 : 2689 steps taken, and 16074 accepted.
[3 : mcmc] Progress @ 2026-08-06 01:54:03 : 2885 steps taken, and 15877 accepted.
[1 : mcmc] Progress @ 2026-08-06 01:54:37 : 3028 steps taken, and 16032 accepted.
[2 : mcmc] Progress @ 2026-08-06 01:54:39 : 2868 steps taken, and 16064 accepted.
[0 : mcmc] Progress @ 2026-08-06 01:54:55 : 2694 steps taken, and 16076 accepted.
[3 : mcmc] Progress @ 2026-08-06 01:55:13 : 2889 steps taken, and 15878 accepted.
[1 : mcmc] Progress @ 2026-08-06 01:55:48 : 3035 steps taken, and 16036 accepted.
[2 : mcmc] Progress @ 2026-08-06 01:55:49 : 2874 steps taken, and 16066 accepted.
[0 : mcmc] Progress @ 2026-08-06 01:56:06 : 2699 steps taken, and 16078 accepted.
[3 : mcmc] Progress @ 2026-08-06 01:56:24 : 2898 steps taken, and 15881 accepted.
[1 : mcmc] Progress @ 2026-08-06 01:57:00 : 3047 steps taken, and 16039 accepted.
[2 : mcmc] Progress @ 2026-08-06 01:57:00 : 2878 steps taken, and 16068 accepted.
[0 : mcmc] Progress @ 2026-08-06 01:57:18 : 2705 steps taken, and 16080 accepted.
[3 : mcmc] Progress @ 2026-08-06 01:57:37 : 2909 steps taken, and 15882 accepted.
[2 : mcmc] Progress @ 2026-08-06 01:58:11 : 2884 steps taken, and 16069 accepted.
[1 : mcmc] Progress @ 2026-08-06 01:58:11 : 3052 steps taken, and 16041 accepted.
[0 : mcmc] Progress @ 2026-08-06 01:58:31 : 2710 steps taken, and 16081 accepted.
[3 : mcmc] Progress @ 2026-08-06 01:58:47 : 2916 steps taken, and 15884 accepted.
[2 : mcmc] Progress @ 2026-08-06 01:59:21 : 2891 steps taken, and 16071 accepted.
[1 : mcmc] Progress @ 2026-08-06 01:59:23 : 3063 steps taken, and 16043 accepted.
[0 : mcmc] Progress @ 2026-08-06 01:59:42 : 2714 steps taken, and 16081 accepted.
[3 : mcmc] Progress @ 2026-08-06 01:59:58 : 2934 steps taken, and 15887 accepted.
[2 : mcmc] Progress @ 2026-08-06 02:00:30 : 2897 steps taken, and 16072 accepted.
[1 : mcmc] Progress @ 2026-08-06 02:00:32 : 3076 steps taken, and 16043 accepted.
[0 : mcmc] Progress @ 2026-08-06 02:00:54 : 2719 steps taken, and 16084 accepted.
[3 : mcmc] Progress @ 2026-08-06 02:01:07 : 2945 steps taken, and 15888 accepted.
[2 : mcmc] Progress @ 2026-08-06 02:01:40 : 2902 steps taken, and 16072 accepted.
[1 : mcmc] Progress @ 2026-08-06 02:01:41 : 3084 steps taken, and 16047 accepted.
[0 : mcmc] Progress @ 2026-08-06 02:02:03 : 2724 steps taken, and 16086 accepted.
[3 : mcmc] Progress @ 2026-08-06 02:02:15 : 2953 steps taken, and 15888 accepted.
[2 : mcmc] Progress @ 2026-08-06 02:02:49 : 2907 steps taken, and 16073 accepted.
[1 : mcmc] Progress @ 2026-08-06 02:02:51 : 3088 steps taken, and 16049 accepted.
[0 : mcmc] Progress @ 2026-08-06 02:03:15 : 2736 steps taken, and 16088 accepted.
[3 : mcmc] Progress @ 2026-08-06 02:03:25 : 2960 steps taken, and 15889 accepted.
[2 : mcmc] Progress @ 2026-08-06 02:03:59 : 2913 steps taken, and 16074 accepted.
[1 : mcmc] Progress @ 2026-08-06 02:04:00 : 3093 steps taken, and 16049 accepted.
[0 : mcmc] Progress @ 2026-08-06 02:04:24 : 2745 steps taken, and 16090 accepted.
[3 : mcmc] Progress @ 2026-08-06 02:04:37 : 2965 steps taken, and 15892 accepted.
[2 : mcmc] Progress @ 2026-08-06 02:05:08 : 2919 steps taken, and 16076 accepted.
[1 : mcmc] Progress @ 2026-08-06 02:05:10 : 3097 steps taken, and 16052 accepted.
[0 : mcmc] Progress @ 2026-08-06 02:05:34 : 2753 steps taken, and 16090 accepted.
[3 : mcmc] Progress @ 2026-08-06 02:05:47 : 2974 steps taken, and 15892 accepted.
[2 : mcmc] Progress @ 2026-08-06 02:06:17 : 2925 steps taken, and 16078 accepted.
[1 : mcmc] Progress @ 2026-08-06 02:06:20 : 3102 steps taken, and 16054 accepted.
[0 : mcmc] Progress @ 2026-08-06 02:06:44 : 2758 steps taken, and 16090 accepted.
[3 : mcmc] Progress @ 2026-08-06 02:06:58 : 2980 steps taken, and 15893 accepted.
[2 : mcmc] Progress @ 2026-08-06 02:07:25 : 2929 steps taken, and 16079 accepted.
[1 : mcmc] Progress @ 2026-08-06 02:07:29 : 3107 steps taken, and 16057 accepted.
[0 : mcmc] Progress @ 2026-08-06 02:07:56 : 2766 steps taken, and 16090 accepted.
[3 : mcmc] Progress @ 2026-08-06 02:08:09 : 2989 steps taken, and 15894 accepted.
[2 : mcmc] Progress @ 2026-08-06 02:08:32 : 2933 steps taken, and 16081 accepted.
[1 : mcmc] Progress @ 2026-08-06 02:08:39 : 3112 steps taken, and 16059 accepted.
[0 : mcmc] Progress @ 2026-08-06 02:09:07 : 2773 steps taken, and 16091 accepted.
[3 : mcmc] Progress @ 2026-08-06 02:09:19 : 2993 steps taken, and 15895 accepted.
[2 : mcmc] Progress @ 2026-08-06 02:09:39 : 2941 steps taken, and 16083 accepted.
[1 : mcmc] Progress @ 2026-08-06 02:09:49 : 3117 steps taken, and 16061 accepted.
[0 : mcmc] Progress @ 2026-08-06 02:10:17 : 2779 steps taken, and 16092 accepted.
[3 : mcmc] Progress @ 2026-08-06 02:10:25 : 2997 steps taken, and 15896 accepted.
[2 : mcmc] Progress @ 2026-08-06 02:10:50 : 2949 steps taken, and 16085 accepted.
[1 : mcmc] Progress @ 2026-08-06 02:10:59 : 3126 steps taken, and 16062 accepted.
[0 : mcmc] Progress @ 2026-08-06 02:11:27 : 2784 steps taken, and 16092 accepted.
[3 : mcmc] Progress @ 2026-08-06 02:11:32 : 3005 steps taken, and 15899 accepted.
[2 : mcmc] Progress @ 2026-08-06 02:12:00 : 2958 steps taken, and 16085 accepted.
[1 : mcmc] Progress @ 2026-08-06 02:12:12 : 3132 steps taken, and 16062 accepted.
[0 : mcmc] Progress @ 2026-08-06 02:12:37 : 2792 steps taken, and 16092 accepted.
[3 : mcmc] Progress @ 2026-08-06 02:12:41 : 3012 steps taken, and 15900 accepted.
[2 : mcmc] Progress @ 2026-08-06 02:13:12 : 2972 steps taken, and 16087 accepted.
[1 : mcmc] Progress @ 2026-08-06 02:13:23 : 3137 steps taken, and 16063 accepted.
[0 : mcmc] Progress @ 2026-08-06 02:13:46 : 2797 steps taken, and 16094 accepted.
[3 : mcmc] Progress @ 2026-08-06 02:13:49 : 3021 steps taken, and 15900 accepted.
[2 : mcmc] Progress @ 2026-08-06 02:14:21 : 2978 steps taken, and 16088 accepted.
[1 : mcmc] Progress @ 2026-08-06 02:14:36 : 3149 steps taken, and 16066 accepted.
[3 : mcmc] Progress @ 2026-08-06 02:14:56 : 3031 steps taken, and 15901 accepted.
[0 : mcmc] Progress @ 2026-08-06 02:14:57 : 2804 steps taken, and 16094 accepted.
[2 : mcmc] Progress @ 2026-08-06 02:15:31 : 2988 steps taken, and 16089 accepted.
[1 : mcmc] Progress @ 2026-08-06 02:15:48 : 3160 steps taken, and 16069 accepted.
[3 : mcmc] Progress @ 2026-08-06 02:16:05 : 3037 steps taken, and 15901 accepted.
[0 : mcmc] Progress @ 2026-08-06 02:16:08 : 2812 steps taken, and 16094 accepted.
[2 : mcmc] Progress @ 2026-08-06 02:16:40 : 3000 steps taken, and 16090 accepted.
[1 : mcmc] Progress @ 2026-08-06 02:17:00 : 3169 steps taken, and 16069 accepted.
[3 : mcmc] Progress @ 2026-08-06 02:17:13 : 3042 steps taken, and 15901 accepted.
[0 : mcmc] Progress @ 2026-08-06 02:17:17 : 2827 steps taken, and 16095 accepted.
[2 : mcmc] Progress @ 2026-08-06 02:17:48 : 3009 steps taken, and 16090 accepted.
[1 : mcmc] Progress @ 2026-08-06 02:18:12 : 3174 steps taken, and 16071 accepted.
[3 : mcmc] Progress @ 2026-08-06 02:18:20 : 3046 steps taken, and 15903 accepted.
[0 : mcmc] Progress @ 2026-08-06 02:18:27 : 2836 steps taken, and 16096 accepted.
[2 : mcmc] Progress @ 2026-08-06 02:19:00 : 3016 steps taken, and 16091 accepted.
[1 : mcmc] Progress @ 2026-08-06 02:19:25 : 3182 steps taken, and 16071 accepted.
[3 : mcmc] Progress @ 2026-08-06 02:19:28 : 3052 steps taken, and 15904 accepted.
[0 : mcmc] Progress @ 2026-08-06 02:19:39 : 2844 steps taken, and 16098 accepted.
[2 : mcmc] Progress @ 2026-08-06 02:20:09 : 3022 steps taken, and 16093 accepted.
[1 : mcmc] Progress @ 2026-08-06 02:20:33 : 3192 steps taken, and 16073 accepted.
[3 : mcmc] Progress @ 2026-08-06 02:20:37 : 3060 steps taken, and 15906 accepted.
[0 : mcmc] Progress @ 2026-08-06 02:20:50 : 2851 steps taken, and 16100 accepted.
[2 : mcmc] Progress @ 2026-08-06 02:21:17 : 3032 steps taken, and 16095 accepted.
[1 : mcmc] Progress @ 2026-08-06 02:21:43 : 3201 steps taken, and 16074 accepted.
[3 : mcmc] Progress @ 2026-08-06 02:21:46 : 3064 steps taken, and 15907 accepted.
[0 : mcmc] Progress @ 2026-08-06 02:22:02 : 2862 steps taken, and 16103 accepted.
[2 : mcmc] Progress @ 2026-08-06 02:22:25 : 3036 steps taken, and 16096 accepted.
[1 : mcmc] Progress @ 2026-08-06 02:22:57 : 3206 steps taken, and 16075 accepted.
[3 : mcmc] Progress @ 2026-08-06 02:22:57 : 3074 steps taken, and 15908 accepted.
[0 : mcmc] Progress @ 2026-08-06 02:23:09 : 2869 steps taken, and 16106 accepted.
[2 : mcmc] Progress @ 2026-08-06 02:23:35 : 3041 steps taken, and 16096 accepted.
[3 : mcmc] Progress @ 2026-08-06 02:24:09 : 3083 steps taken, and 15910 accepted.
[1 : mcmc] Progress @ 2026-08-06 02:24:12 : 3213 steps taken, and 16077 accepted.
[0 : mcmc] Progress @ 2026-08-06 02:24:21 : 2876 steps taken, and 16108 accepted.
[2 : mcmc] Progress @ 2026-08-06 02:24:51 : 3051 steps taken, and 16099 accepted.
[3 : mcmc] Progress @ 2026-08-06 02:25:10 : 3087 steps taken, and 15912 accepted.
[1 : mcmc] Progress @ 2026-08-06 02:25:29 : 3218 steps taken, and 16079 accepted.
[0 : mcmc] Progress @ 2026-08-06 02:25:32 : 2880 steps taken, and 16111 accepted.
[2 : mcmc] Progress @ 2026-08-06 02:26:04 : 3064 steps taken, and 16100 accepted.
[3 : mcmc] Progress @ 2026-08-06 02:26:20 : 3096 steps taken, and 15913 accepted.
[0 : mcmc] Progress @ 2026-08-06 02:26:40 : 2886 steps taken, and 16111 accepted.
[1 : mcmc] Progress @ 2026-08-06 02:26:41 : 3225 steps taken, and 16080 accepted.
[2 : mcmc] Progress @ 2026-08-06 02:27:14 : 3071 steps taken, and 16103 accepted.
[3 : mcmc] Progress @ 2026-08-06 02:27:31 : 3106 steps taken, and 15915 accepted.
[0 : mcmc] Progress @ 2026-08-06 02:27:51 : 2892 steps taken, and 16112 accepted.
[1 : mcmc] Progress @ 2026-08-06 02:27:52 : 3230 steps taken, and 16080 accepted.
[2 : mcmc] Progress @ 2026-08-06 02:28:22 : 3076 steps taken, and 16106 accepted.
[3 : mcmc] Progress @ 2026-08-06 02:28:41 : 3113 steps taken, and 15917 accepted.
[0 : mcmc] Progress @ 2026-08-06 02:28:59 : 2898 steps taken, and 16112 accepted.
[1 : mcmc] Progress @ 2026-08-06 02:29:03 : 3238 steps taken, and 16081 accepted.
[2 : mcmc] Progress @ 2026-08-06 02:29:32 : 3082 steps taken, and 16107 accepted.
[3 : mcmc] Progress @ 2026-08-06 02:29:50 : 3118 steps taken, and 15918 accepted.
[0 : mcmc] Progress @ 2026-08-06 02:30:08 : 2903 steps taken, and 16114 accepted.
[1 : mcmc] Progress @ 2026-08-06 02:30:11 : 3246 steps taken, and 16083 accepted.
[2 : mcmc] Progress @ 2026-08-06 02:30:44 : 3086 steps taken, and 16108 accepted.
[3 : mcmc] Progress @ 2026-08-06 02:31:00 : 3123 steps taken, and 15920 accepted.
[0 : mcmc] Progress @ 2026-08-06 02:31:17 : 2909 steps taken, and 16114 accepted.
[1 : mcmc] Progress @ 2026-08-06 02:31:22 : 3251 steps taken, and 16086 accepted.
[2 : mcmc] Progress @ 2026-08-06 02:31:55 : 3091 steps taken, and 16110 accepted.
[3 : mcmc] Progress @ 2026-08-06 02:32:11 : 3135 steps taken, and 15923 accepted.
[0 : mcmc] Progress @ 2026-08-06 02:32:26 : 2915 steps taken, and 16114 accepted.
[1 : mcmc] Progress @ 2026-08-06 02:32:33 : 3256 steps taken, and 16087 accepted.
[2 : mcmc] Progress @ 2026-08-06 02:33:02 : 3097 steps taken, and 16113 accepted.
[3 : mcmc] Progress @ 2026-08-06 02:33:20 : 3139 steps taken, and 15925 accepted.
[0 : mcmc] Progress @ 2026-08-06 02:33:34 : 2925 steps taken, and 16115 accepted.
[1 : mcmc] Progress @ 2026-08-06 02:33:41 : 3262 steps taken, and 16089 accepted.
[2 : mcmc] Progress @ 2026-08-06 02:34:10 : 3102 steps taken, and 16114 accepted.
[3 : mcmc] Progress @ 2026-08-06 02:34:29 : 3144 steps taken, and 15927 accepted.
[0 : mcmc] Progress @ 2026-08-06 02:34:42 : 2935 steps taken, and 16118 accepted.
[1 : mcmc] Progress @ 2026-08-06 02:34:48 : 3270 steps taken, and 16092 accepted.
[2 : mcmc] Progress @ 2026-08-06 02:35:18 : 3106 steps taken, and 16116 accepted.
[0 : mcmc] Learn + convergence test @ 16120 samples accepted.
[0 : mcmc] Ready to check convergence and learn a new proposal covmat (waiting for the rest...)
[3 : mcmc] Progress @ 2026-08-06 02:35:36 : 3149 steps taken, and 15928 accepted.
[0 : mcmc] Progress @ 2026-08-06 02:35:49 : 2965 steps taken, and 16120 accepted.
[1 : mcmc] Progress @ 2026-08-06 02:35:59 : 3276 steps taken, and 16095 accepted.
[2 : mcmc] Progress @ 2026-08-06 02:36:28 : 3114 steps taken, and 16118 accepted.
[3 : mcmc] Progress @ 2026-08-06 02:36:45 : 3156 steps taken, and 15928 accepted.
[0 : mcmc] Progress @ 2026-08-06 02:36:59 : 2973 steps taken, and 16121 accepted.
[1 : mcmc] Progress @ 2026-08-06 02:37:08 : 3286 steps taken, and 16097 accepted.
[2 : mcmc] Progress @ 2026-08-06 02:37:39 : 3119 steps taken, and 16119 accepted.
[3 : mcmc] Progress @ 2026-08-06 02:37:59 : 3161 steps taken, and 15929 accepted.
[0 : mcmc] Progress @ 2026-08-06 02:38:10 : 2980 steps taken, and 16123 accepted.
[1 : mcmc] Progress @ 2026-08-06 02:38:20 : 3292 steps taken, and 16099 accepted.
[2 : mcmc] Progress @ 2026-08-06 02:38:55 : 3126 steps taken, and 16120 accepted.
[2 : mcmc] Learn + convergence test @ 16120 samples accepted.
[2 : mcmc] Ready to check convergence and learn a new proposal covmat (waiting for the rest...)
[3 : mcmc] Progress @ 2026-08-06 02:39:13 : 3168 steps taken, and 15930 accepted.
[0 : mcmc] Progress @ 2026-08-06 02:39:20 : 2985 steps taken, and 16127 accepted.
[1 : mcmc] Progress @ 2026-08-06 02:39:33 : 3302 steps taken, and 16100 accepted.
[2 : mcmc] Progress @ 2026-08-06 02:40:06 : 3132 steps taken, and 16123 accepted.
[3 : mcmc] Progress @ 2026-08-06 02:40:20 : 3173 steps taken, and 15931 accepted.
[0 : mcmc] Progress @ 2026-08-06 02:40:29 : 2995 steps taken, and 16129 accepted.
[1 : mcmc] Progress @ 2026-08-06 02:40:44 : 3308 steps taken, and 16100 accepted.
[2 : mcmc] Progress @ 2026-08-06 02:41:14 : 3138 steps taken, and 16126 accepted.
[3 : mcmc] Progress @ 2026-08-06 02:41:30 : 3179 steps taken, and 15932 accepted.
[0 : mcmc] Progress @ 2026-08-06 02:41:39 : 3002 steps taken, and 16130 accepted.
[1 : mcmc] Progress @ 2026-08-06 02:41:55 : 3313 steps taken, and 16102 accepted.
[2 : mcmc] Progress @ 2026-08-06 02:42:23 : 3154 steps taken, and 16128 accepted.
[3 : mcmc] Progress @ 2026-08-06 02:42:38 : 3183 steps taken, and 15933 accepted.
[0 : mcmc] Progress @ 2026-08-06 02:42:49 : 3009 steps taken, and 16131 accepted.
[1 : mcmc] Progress @ 2026-08-06 02:43:06 : 3321 steps taken, and 16103 accepted.
[2 : mcmc] Progress @ 2026-08-06 02:43:32 : 3158 steps taken, and 16129 accepted.
[3 : mcmc] Progress @ 2026-08-06 02:43:47 : 3189 steps taken, and 15935 accepted.
[0 : mcmc] Progress @ 2026-08-06 02:44:00 : 3015 steps taken, and 16132 accepted.
[1 : mcmc] Progress @ 2026-08-06 02:44:14 : 3328 steps taken, and 16105 accepted.
[2 : mcmc] Progress @ 2026-08-06 02:44:41 : 3167 steps taken, and 16130 accepted.
[3 : mcmc] Progress @ 2026-08-06 02:44:54 : 3193 steps taken, and 15937 accepted.
[0 : mcmc] Progress @ 2026-08-06 02:45:10 : 3019 steps taken, and 16133 accepted.
[1 : mcmc] Progress @ 2026-08-06 02:45:22 : 3336 steps taken, and 16106 accepted.
[2 : mcmc] Progress @ 2026-08-06 02:45:51 : 3180 steps taken, and 16132 accepted.
[3 : mcmc] Progress @ 2026-08-06 02:46:04 : 3198 steps taken, and 15940 accepted.
[0 : mcmc] Progress @ 2026-08-06 02:46:21 : 3023 steps taken, and 16135 accepted.
[1 : mcmc] Progress @ 2026-08-06 02:46:29 : 3347 steps taken, and 16107 accepted.
[2 : mcmc] Progress @ 2026-08-06 02:47:02 : 3184 steps taken, and 16133 accepted.
[3 : mcmc] Progress @ 2026-08-06 02:47:15 : 3204 steps taken, and 15940 accepted.
[0 : mcmc] Progress @ 2026-08-06 02:47:29 : 3031 steps taken, and 16136 accepted.
[1 : mcmc] Progress @ 2026-08-06 02:47:39 : 3351 steps taken, and 16109 accepted.
[2 : mcmc] Progress @ 2026-08-06 02:48:11 : 3193 steps taken, and 16136 accepted.
[3 : mcmc] Progress @ 2026-08-06 02:48:24 : 3217 steps taken, and 15942 accepted.
[0 : mcmc] Progress @ 2026-08-06 02:48:41 : 3036 steps taken, and 16137 accepted.
[1 : mcmc] Progress @ 2026-08-06 02:48:46 : 3359 steps taken, and 16112 accepted.
[2 : mcmc] Progress @ 2026-08-06 02:49:21 : 3199 steps taken, and 16137 accepted.
[3 : mcmc] Progress @ 2026-08-06 02:49:36 : 3223 steps taken, and 15943 accepted.
[0 : mcmc] Progress @ 2026-08-06 02:49:52 : 3043 steps taken, and 16137 accepted.
[1 : mcmc] Progress @ 2026-08-06 02:49:56 : 3367 steps taken, and 16115 accepted.
[2 : mcmc] Progress @ 2026-08-06 02:50:33 : 3210 steps taken, and 16137 accepted.
[3 : mcmc] Progress @ 2026-08-06 02:50:47 : 3231 steps taken, and 15944 accepted.
[0 : mcmc] Progress @ 2026-08-06 02:51:04 : 3047 steps taken, and 16139 accepted.
[1 : mcmc] Progress @ 2026-08-06 02:51:05 : 3380 steps taken, and 16115 accepted.
[2 : mcmc] Progress @ 2026-08-06 02:51:43 : 3221 steps taken, and 16139 accepted.
[3 : mcmc] Progress @ 2026-08-06 02:51:58 : 3243 steps taken, and 15947 accepted.
[1 : mcmc] Progress @ 2026-08-06 02:52:14 : 3386 steps taken, and 16117 accepted.
[0 : mcmc] Progress @ 2026-08-06 02:52:15 : 3055 steps taken, and 16141 accepted.
[2 : mcmc] Progress @ 2026-08-06 02:52:53 : 3228 steps taken, and 16140 accepted.
[3 : mcmc] Progress @ 2026-08-06 02:53:08 : 3253 steps taken, and 15950 accepted.
[1 : mcmc] Progress @ 2026-08-06 02:53:25 : 3401 steps taken, and 16118 accepted.
[0 : mcmc] Progress @ 2026-08-06 02:53:26 : 3060 steps taken, and 16141 accepted.
[2 : mcmc] Progress @ 2026-08-06 02:54:04 : 3232 steps taken, and 16141 accepted.
[1 : mcmc] Learn + convergence test @ 16120 samples accepted.
[1 : mcmc] Ready to check convergence and learn a new proposal covmat (waiting for the rest...)
[3 : mcmc] Progress @ 2026-08-06 02:54:18 : 3261 steps taken, and 15953 accepted.
[1 : mcmc] Progress @ 2026-08-06 02:54:34 : 3406 steps taken, and 16121 accepted.
[0 : mcmc] Progress @ 2026-08-06 02:54:37 : 3065 steps taken, and 16142 accepted.
[2 : mcmc] Progress @ 2026-08-06 02:55:14 : 3239 steps taken, and 16142 accepted.
[3 : mcmc] Progress @ 2026-08-06 02:55:28 : 3266 steps taken, and 15956 accepted.
[1 : mcmc] Progress @ 2026-08-06 02:55:42 : 3410 steps taken, and 16123 accepted.
[0 : mcmc] Progress @ 2026-08-06 02:55:46 : 3070 steps taken, and 16143 accepted.
[2 : mcmc] Progress @ 2026-08-06 02:56:24 : 3244 steps taken, and 16145 accepted.
[3 : mcmc] Progress @ 2026-08-06 02:56:39 : 3272 steps taken, and 15958 accepted.
[1 : mcmc] Progress @ 2026-08-06 02:56:51 : 3416 steps taken, and 16123 accepted.
[0 : mcmc] Progress @ 2026-08-06 02:56:58 : 3075 steps taken, and 16145 accepted.
[2 : mcmc] Progress @ 2026-08-06 02:57:34 : 3251 steps taken, and 16146 accepted.
[3 : mcmc] Progress @ 2026-08-06 02:57:51 : 3279 steps taken, and 15959 accepted.
[1 : mcmc] Progress @ 2026-08-06 02:57:59 : 3421 steps taken, and 16123 accepted.
[0 : mcmc] Progress @ 2026-08-06 02:58:09 : 3079 steps taken, and 16145 accepted.
[2 : mcmc] Progress @ 2026-08-06 02:58:45 : 3259 steps taken, and 16148 accepted.
[3 : mcmc] Progress @ 2026-08-06 02:59:01 : 3287 steps taken, and 15961 accepted.
[1 : mcmc] Progress @ 2026-08-06 02:59:06 : 3427 steps taken, and 16124 accepted.
[0 : mcmc] Progress @ 2026-08-06 02:59:22 : 3083 steps taken, and 16148 accepted.
[2 : mcmc] Progress @ 2026-08-06 02:59:56 : 3267 steps taken, and 16150 accepted.
[1 : mcmc] Progress @ 2026-08-06 03:00:14 : 3434 steps taken, and 16127 accepted.
[3 : mcmc] Progress @ 2026-08-06 03:00:14 : 3294 steps taken, and 15962 accepted.
[0 : mcmc] Progress @ 2026-08-06 03:00:32 : 3088 steps taken, and 16149 accepted.
[2 : mcmc] Progress @ 2026-08-06 03:01:09 : 3281 steps taken, and 16152 accepted.
[1 : mcmc] Progress @ 2026-08-06 03:01:24 : 3443 steps taken, and 16127 accepted.
[3 : mcmc] Progress @ 2026-08-06 03:01:27 : 3300 steps taken, and 15964 accepted.
[0 : mcmc] Progress @ 2026-08-06 03:01:44 : 3093 steps taken, and 16150 accepted.
[2 : mcmc] Progress @ 2026-08-06 03:02:20 : 3290 steps taken, and 16153 accepted.
[1 : mcmc] Progress @ 2026-08-06 03:02:30 : 3449 steps taken, and 16128 accepted.
[3 : mcmc] Progress @ 2026-08-06 03:02:37 : 3304 steps taken, and 15966 accepted.
[0 : mcmc] Progress @ 2026-08-06 03:02:54 : 3098 steps taken, and 16151 accepted.
[2 : mcmc] Progress @ 2026-08-06 03:03:32 : 3295 steps taken, and 16153 accepted.
[1 : mcmc] Progress @ 2026-08-06 03:03:37 : 3454 steps taken, and 16128 accepted.
[3 : mcmc] Progress @ 2026-08-06 03:03:50 : 3318 steps taken, and 15966 accepted.
[0 : mcmc] Progress @ 2026-08-06 03:04:03 : 3109 steps taken, and 16154 accepted.
[2 : mcmc] Progress @ 2026-08-06 03:04:42 : 3303 steps taken, and 16156 accepted.
[1 : mcmc] Progress @ 2026-08-06 03:04:46 : 3458 steps taken, and 16129 accepted.
[3 : mcmc] Progress @ 2026-08-06 03:05:01 : 3322 steps taken, and 15968 accepted.
[0 : mcmc] Progress @ 2026-08-06 03:05:10 : 3118 steps taken, and 16155 accepted.
[2 : mcmc] Progress @ 2026-08-06 03:05:52 : 3309 steps taken, and 16157 accepted.
[1 : mcmc] Progress @ 2026-08-06 03:05:56 : 3462 steps taken, and 16131 accepted.
[3 : mcmc] Progress @ 2026-08-06 03:06:13 : 3332 steps taken, and 15970 accepted.
[0 : mcmc] Progress @ 2026-08-06 03:06:18 : 3125 steps taken, and 16157 accepted.
[2 : mcmc] Progress @ 2026-08-06 03:07:04 : 3316 steps taken, and 16159 accepted.
[1 : mcmc] Progress @ 2026-08-06 03:07:07 : 3468 steps taken, and 16132 accepted.
[3 : mcmc] Progress @ 2026-08-06 03:07:24 : 3336 steps taken, and 15973 accepted.
[0 : mcmc] Progress @ 2026-08-06 03:07:28 : 3130 steps taken, and 16159 accepted.
[2 : mcmc] Progress @ 2026-08-06 03:08:13 : 3321 steps taken, and 16160 accepted.
[1 : mcmc] Progress @ 2026-08-06 03:08:20 : 3474 steps taken, and 16133 accepted.
[3 : mcmc] Progress @ 2026-08-06 03:08:35 : 3345 steps taken, and 15974 accepted.
[0 : mcmc] Progress @ 2026-08-06 03:08:37 : 3134 steps taken, and 16160 accepted.
[2 : mcmc] Progress @ 2026-08-06 03:09:22 : 3327 steps taken, and 16161 accepted.
[1 : mcmc] Progress @ 2026-08-06 03:09:31 : 3479 steps taken, and 16134 accepted.
[3 : mcmc] Progress @ 2026-08-06 03:09:45 : 3356 steps taken, and 15974 accepted.
[0 : mcmc] Progress @ 2026-08-06 03:09:49 : 3138 steps taken, and 16161 accepted.
[2 : mcmc] Progress @ 2026-08-06 03:10:32 : 3335 steps taken, and 16162 accepted.
[1 : mcmc] Progress @ 2026-08-06 03:10:41 : 3489 steps taken, and 16134 accepted.
[3 : mcmc] Progress @ 2026-08-06 03:10:55 : 3368 steps taken, and 15974 accepted.
[0 : mcmc] Progress @ 2026-08-06 03:11:00 : 3145 steps taken, and 16163 accepted.
[2 : mcmc] Progress @ 2026-08-06 03:11:43 : 3348 steps taken, and 16163 accepted.
[1 : mcmc] Progress @ 2026-08-06 03:11:49 : 3494 steps taken, and 16134 accepted.
[3 : mcmc] Progress @ 2026-08-06 03:12:06 : 3376 steps taken, and 15975 accepted.
[0 : mcmc] Progress @ 2026-08-06 03:12:10 : 3152 steps taken, and 16166 accepted.
[2 : mcmc] Progress @ 2026-08-06 03:12:53 : 3358 steps taken, and 16164 accepted.
[1 : mcmc] Progress @ 2026-08-06 03:13:00 : 3502 steps taken, and 16136 accepted.
[3 : mcmc] Progress @ 2026-08-06 03:13:17 : 3384 steps taken, and 15977 accepted.
[0 : mcmc] Progress @ 2026-08-06 03:13:20 : 3157 steps taken, and 16166 accepted.
[2 : mcmc] Progress @ 2026-08-06 03:14:00 : 3373 steps taken, and 16166 accepted.
[1 : mcmc] Progress @ 2026-08-06 03:14:08 : 3507 steps taken, and 16138 accepted.
[3 : mcmc] Progress @ 2026-08-06 03:14:26 : 3388 steps taken, and 15978 accepted.
[0 : mcmc] Progress @ 2026-08-06 03:14:32 : 3162 steps taken, and 16166 accepted.
[2 : mcmc] Progress @ 2026-08-06 03:15:07 : 3387 steps taken, and 16168 accepted.
[1 : mcmc] Progress @ 2026-08-06 03:15:17 : 3514 steps taken, and 16141 accepted.
[3 : mcmc] Progress @ 2026-08-06 03:15:39 : 3392 steps taken, and 15980 accepted.
[0 : mcmc] Progress @ 2026-08-06 03:15:42 : 3168 steps taken, and 16166 accepted.
[2 : mcmc] Progress @ 2026-08-06 03:16:16 : 3392 steps taken, and 16171 accepted.
[1 : mcmc] Progress @ 2026-08-06 03:16:23 : 3519 steps taken, and 16143 accepted.
[3 : mcmc] Progress @ 2026-08-06 03:16:52 : 3397 steps taken, and 15981 accepted.
[0 : mcmc] Progress @ 2026-08-06 03:16:54 : 3172 steps taken, and 16166 accepted.
[2 : mcmc] Progress @ 2026-08-06 03:17:24 : 3399 steps taken, and 16172 accepted.
[1 : mcmc] Progress @ 2026-08-06 03:17:29 : 3524 steps taken, and 16143 accepted.
[3 : mcmc] Progress @ 2026-08-06 03:18:04 : 3404 steps taken, and 15983 accepted.
[0 : mcmc] Progress @ 2026-08-06 03:18:06 : 3180 steps taken, and 16167 accepted.
[2 : mcmc] Progress @ 2026-08-06 03:18:31 : 3404 steps taken, and 16172 accepted.
[1 : mcmc] Progress @ 2026-08-06 03:18:39 : 3531 steps taken, and 16146 accepted.
[3 : mcmc] Progress @ 2026-08-06 03:19:13 : 3410 steps taken, and 15984 accepted.
[0 : mcmc] Progress @ 2026-08-06 03:19:16 : 3185 steps taken, and 16167 accepted.
[2 : mcmc] Progress @ 2026-08-06 03:19:38 : 3410 steps taken, and 16173 accepted.
[1 : mcmc] Progress @ 2026-08-06 03:19:46 : 3538 steps taken, and 16148 accepted.
[3 : mcmc] Progress @ 2026-08-06 03:20:23 : 3418 steps taken, and 15986 accepted.
[0 : mcmc] Progress @ 2026-08-06 03:20:26 : 3191 steps taken, and 16169 accepted.
[2 : mcmc] Progress @ 2026-08-06 03:20:45 : 3419 steps taken, and 16174 accepted.
[1 : mcmc] Progress @ 2026-08-06 03:20:52 : 3547 steps taken, and 16149 accepted.
[3 : mcmc] Progress @ 2026-08-06 03:21:35 : 3432 steps taken, and 15988 accepted.
[0 : mcmc] Progress @ 2026-08-06 03:21:37 : 3198 steps taken, and 16170 accepted.
[2 : mcmc] Progress @ 2026-08-06 03:21:54 : 3425 steps taken, and 16177 accepted.
[1 : mcmc] Progress @ 2026-08-06 03:21:56 : 3557 steps taken, and 16150 accepted.
[3 : mcmc] Progress @ 2026-08-06 03:22:48 : 3441 steps taken, and 15989 accepted.
[0 : mcmc] Progress @ 2026-08-06 03:22:48 : 3203 steps taken, and 16170 accepted.
[2 : mcmc] Progress @ 2026-08-06 03:23:03 : 3437 steps taken, and 16177 accepted.
[1 : mcmc] Progress @ 2026-08-06 03:23:05 : 3570 steps taken, and 16153 accepted.
[0 : mcmc] Progress @ 2026-08-06 03:23:58 : 3208 steps taken, and 16170 accepted.
[3 : mcmc] Progress @ 2026-08-06 03:23:59 : 3452 steps taken, and 15989 accepted.
[2 : mcmc] Progress @ 2026-08-06 03:24:12 : 3461 steps taken, and 16179 accepted.
[1 : mcmc] Progress @ 2026-08-06 03:24:13 : 3578 steps taken, and 16154 accepted.
[0 : mcmc] Progress @ 2026-08-06 03:25:09 : 3217 steps taken, and 16171 accepted.
[3 : mcmc] Progress @ 2026-08-06 03:25:11 : 3461 steps taken, and 15990 accepted.
[2 : mcmc] Progress @ 2026-08-06 03:25:20 : 3470 steps taken, and 16180 accepted.
[1 : mcmc] Progress @ 2026-08-06 03:25:21 : 3587 steps taken, and 16155 accepted.
[0 : mcmc] Progress @ 2026-08-06 03:26:16 : 3223 steps taken, and 16173 accepted.
[3 : mcmc] Progress @ 2026-08-06 03:26:22 : 3472 steps taken, and 15991 accepted.
[2 : mcmc] Progress @ 2026-08-06 03:26:27 : 3487 steps taken, and 16182 accepted.
[1 : mcmc] Progress @ 2026-08-06 03:26:29 : 3594 steps taken, and 16155 accepted.
[0 : mcmc] Progress @ 2026-08-06 03:27:24 : 3231 steps taken, and 16174 accepted.
[2 : mcmc] Progress @ 2026-08-06 03:27:36 : 3500 steps taken, and 16183 accepted.
[3 : mcmc] Progress @ 2026-08-06 03:27:37 : 3484 steps taken, and 15992 accepted.
[1 : mcmc] Progress @ 2026-08-06 03:27:38 : 3602 steps taken, and 16158 accepted.
[0 : mcmc] Progress @ 2026-08-06 03:28:32 : 3239 steps taken, and 16175 accepted.
[2 : mcmc] Progress @ 2026-08-06 03:28:43 : 3514 steps taken, and 16184 accepted.
[1 : mcmc] Progress @ 2026-08-06 03:28:49 : 3610 steps taken, and 16160 accepted.
[3 : mcmc] Progress @ 2026-08-06 03:28:51 : 3490 steps taken, and 15994 accepted.
[0 : mcmc] Progress @ 2026-08-06 03:29:42 : 3244 steps taken, and 16176 accepted.
[2 : mcmc] Progress @ 2026-08-06 03:29:50 : 3520 steps taken, and 16186 accepted.
[1 : mcmc] Progress @ 2026-08-06 03:29:59 : 3621 steps taken, and 16162 accepted.
[3 : mcmc] Progress @ 2026-08-06 03:30:01 : 3507 steps taken, and 15994 accepted.
[0 : mcmc] Progress @ 2026-08-06 03:30:51 : 3252 steps taken, and 16178 accepted.
[2 : mcmc] Progress @ 2026-08-06 03:30:58 : 3526 steps taken, and 16188 accepted.
[1 : mcmc] Progress @ 2026-08-06 03:31:08 : 3634 steps taken, and 16163 accepted.
[3 : mcmc] Progress @ 2026-08-06 03:31:15 : 3517 steps taken, and 15995 accepted.
[0 : mcmc] Progress @ 2026-08-06 03:32:01 : 3263 steps taken, and 16179 accepted.
[2 : mcmc] Progress @ 2026-08-06 03:32:06 : 3531 steps taken, and 16191 accepted.
[1 : mcmc] Progress @ 2026-08-06 03:32:17 : 3642 steps taken, and 16166 accepted.
[3 : mcmc] Progress @ 2026-08-06 03:32:26 : 3524 steps taken, and 15995 accepted.
[0 : mcmc] Progress @ 2026-08-06 03:33:11 : 3269 steps taken, and 16180 accepted.
[2 : mcmc] Progress @ 2026-08-06 03:33:13 : 3542 steps taken, and 16193 accepted.
[1 : mcmc] Progress @ 2026-08-06 03:33:28 : 3650 steps taken, and 16169 accepted.
[3 : mcmc] Progress @ 2026-08-06 03:33:36 : 3541 steps taken, and 15996 accepted.
[2 : mcmc] Progress @ 2026-08-06 03:34:20 : 3549 steps taken, and 16196 accepted.
[0 : mcmc] Progress @ 2026-08-06 03:34:21 : 3274 steps taken, and 16181 accepted.
[1 : mcmc] Progress @ 2026-08-06 03:34:36 : 3660 steps taken, and 16170 accepted.
[3 : mcmc] Progress @ 2026-08-06 03:34:46 : 3555 steps taken, and 15997 accepted.
[0 : mcmc] Progress @ 2026-08-06 03:35:28 : 3280 steps taken, and 16183 accepted.
[2 : mcmc] Progress @ 2026-08-06 03:35:29 : 3560 steps taken, and 16197 accepted.
[1 : mcmc] Progress @ 2026-08-06 03:35:47 : 3669 steps taken, and 16170 accepted.
[3 : mcmc] Progress @ 2026-08-06 03:35:57 : 3561 steps taken, and 15997 accepted.
[2 : mcmc] Progress @ 2026-08-06 03:36:38 : 3567 steps taken, and 16199 accepted.
[0 : mcmc] Progress @ 2026-08-06 03:36:38 : 3291 steps taken, and 16186 accepted.
[1 : mcmc] Progress @ 2026-08-06 03:37:00 : 3676 steps taken, and 16171 accepted.
[3 : mcmc] Progress @ 2026-08-06 03:37:03 : 3570 steps taken, and 15998 accepted.
[2 : mcmc] Progress @ 2026-08-06 03:37:44 : 3572 steps taken, and 16201 accepted.
[0 : mcmc] Progress @ 2026-08-06 03:37:49 : 3295 steps taken, and 16187 accepted.
[1 : mcmc] Progress @ 2026-08-06 03:38:10 : 3682 steps taken, and 16173 accepted.
[3 : mcmc] Progress @ 2026-08-06 03:38:15 : 3577 steps taken, and 16000 accepted.
[2 : mcmc] Progress @ 2026-08-06 03:38:52 : 3579 steps taken, and 16203 accepted.
[0 : mcmc] Progress @ 2026-08-06 03:38:56 : 3299 steps taken, and 16187 accepted.
[1 : mcmc] Progress @ 2026-08-06 03:39:20 : 3686 steps taken, and 16175 accepted.
[3 : mcmc] Progress @ 2026-08-06 03:39:25 : 3582 steps taken, and 16002 accepted.
[2 : mcmc] Progress @ 2026-08-06 03:40:01 : 3585 steps taken, and 16204 accepted.
[0 : mcmc] Progress @ 2026-08-06 03:40:06 : 3305 steps taken, and 16187 accepted.
[1 : mcmc] Progress @ 2026-08-06 03:40:30 : 3690 steps taken, and 16177 accepted.
[3 : mcmc] Progress @ 2026-08-06 03:40:38 : 3597 steps taken, and 16004 accepted.
[2 : mcmc] Progress @ 2026-08-06 03:41:11 : 3593 steps taken, and 16205 accepted.
[0 : mcmc] Progress @ 2026-08-06 03:41:12 : 3314 steps taken, and 16189 accepted.
[1 : mcmc] Progress @ 2026-08-06 03:41:38 : 3694 steps taken, and 16178 accepted.
[3 : mcmc] Progress @ 2026-08-06 03:41:48 : 3611 steps taken, and 16006 accepted.
[2 : mcmc] Progress @ 2026-08-06 03:42:21 : 3598 steps taken, and 16206 accepted.
[0 : mcmc] Progress @ 2026-08-06 03:42:21 : 3322 steps taken, and 16189 accepted.
[1 : mcmc] Progress @ 2026-08-06 03:42:45 : 3699 steps taken, and 16180 accepted.
[3 : mcmc] Progress @ 2026-08-06 03:42:58 : 3622 steps taken, and 16008 accepted.
[0 : mcmc] Progress @ 2026-08-06 03:43:31 : 3326 steps taken, and 16191 accepted.
[2 : mcmc] Progress @ 2026-08-06 03:43:32 : 3607 steps taken, and 16208 accepted.
[1 : mcmc] Progress @ 2026-08-06 03:43:54 : 3703 steps taken, and 16181 accepted.
[3 : mcmc] Progress @ 2026-08-06 03:44:07 : 3626 steps taken, and 16010 accepted.
[0 : mcmc] Progress @ 2026-08-06 03:44:42 : 3330 steps taken, and 16191 accepted.
[2 : mcmc] Progress @ 2026-08-06 03:44:44 : 3618 steps taken, and 16208 accepted.
[1 : mcmc] Progress @ 2026-08-06 03:45:03 : 3709 steps taken, and 16185 accepted.
[3 : mcmc] Progress @ 2026-08-06 03:45:14 : 3630 steps taken, and 16013 accepted.
[0 : mcmc] Progress @ 2026-08-06 03:45:51 : 3334 steps taken, and 16193 accepted.
[2 : mcmc] Progress @ 2026-08-06 03:45:53 : 3629 steps taken, and 16208 accepted.
[1 : mcmc] Progress @ 2026-08-06 03:46:11 : 3718 steps taken, and 16186 accepted.
[3 : mcmc] Progress @ 2026-08-06 03:46:22 : 3636 steps taken, and 16014 accepted.
[0 : mcmc] Progress @ 2026-08-06 03:46:59 : 3341 steps taken, and 16193 accepted.
[2 : mcmc] Progress @ 2026-08-06 03:47:05 : 3633 steps taken, and 16210 accepted.
[1 : mcmc] Progress @ 2026-08-06 03:47:20 : 3723 steps taken, and 16188 accepted.
[3 : mcmc] Progress @ 2026-08-06 03:47:28 : 3643 steps taken, and 16017 accepted.
[0 : mcmc] Progress @ 2026-08-06 03:48:07 : 3346 steps taken, and 16194 accepted.
[2 : mcmc] Progress @ 2026-08-06 03:48:14 : 3638 steps taken, and 16211 accepted.
[1 : mcmc] Progress @ 2026-08-06 03:48:31 : 3729 steps taken, and 16188 accepted.
[3 : mcmc] Progress @ 2026-08-06 03:48:36 : 3651 steps taken, and 16019 accepted.
[0 : mcmc] Progress @ 2026-08-06 03:49:16 : 3350 steps taken, and 16195 accepted.
[2 : mcmc] Progress @ 2026-08-06 03:49:24 : 3646 steps taken, and 16214 accepted.
[1 : mcmc] Progress @ 2026-08-06 03:49:40 : 3735 steps taken, and 16191 accepted.
[3 : mcmc] Progress @ 2026-08-06 03:49:46 : 3658 steps taken, and 16022 accepted.
[0 : mcmc] Progress @ 2026-08-06 03:50:24 : 3356 steps taken, and 16196 accepted.
[2 : mcmc] Progress @ 2026-08-06 03:50:33 : 3655 steps taken, and 16216 accepted.
[1 : mcmc] Progress @ 2026-08-06 03:50:48 : 3741 steps taken, and 16195 accepted.
[3 : mcmc] Progress @ 2026-08-06 03:50:55 : 3673 steps taken, and 16023 accepted.
[0 : mcmc] Progress @ 2026-08-06 03:51:32 : 3363 steps taken, and 16200 accepted.
[2 : mcmc] Progress @ 2026-08-06 03:51:41 : 3664 steps taken, and 16218 accepted.
[1 : mcmc] Progress @ 2026-08-06 03:51:59 : 3747 steps taken, and 16196 accepted.
[3 : mcmc] Progress @ 2026-08-06 03:52:06 : 3678 steps taken, and 16027 accepted.
[0 : mcmc] Progress @ 2026-08-06 03:52:39 : 3371 steps taken, and 16201 accepted.
[2 : mcmc] Progress @ 2026-08-06 03:52:54 : 3670 steps taken, and 16220 accepted.
[1 : mcmc] Progress @ 2026-08-06 03:53:07 : 3753 steps taken, and 16197 accepted.
[3 : mcmc] Progress @ 2026-08-06 03:53:16 : 3690 steps taken, and 16027 accepted.
[0 : mcmc] Progress @ 2026-08-06 03:53:47 : 3375 steps taken, and 16202 accepted.
[2 : mcmc] Progress @ 2026-08-06 03:54:05 : 3680 steps taken, and 16221 accepted.
[1 : mcmc] Progress @ 2026-08-06 03:54:12 : 3765 steps taken, and 16200 accepted.
[3 : mcmc] Progress @ 2026-08-06 03:54:27 : 3694 steps taken, and 16028 accepted.
[0 : mcmc] Progress @ 2026-08-06 03:54:55 : 3381 steps taken, and 16202 accepted.
[2 : mcmc] Progress @ 2026-08-06 03:55:17 : 3684 steps taken, and 16222 accepted.
[1 : mcmc] Progress @ 2026-08-06 03:55:20 : 3773 steps taken, and 16203 accepted.
[3 : mcmc] Progress @ 2026-08-06 03:55:36 : 3703 steps taken, and 16028 accepted.
[0 : mcmc] Progress @ 2026-08-06 03:56:04 : 3385 steps taken, and 16203 accepted.
[2 : mcmc] Progress @ 2026-08-06 03:56:26 : 3690 steps taken, and 16224 accepted.
[1 : mcmc] Progress @ 2026-08-06 03:56:28 : 3779 steps taken, and 16205 accepted.
[3 : mcmc] Progress @ 2026-08-06 03:56:44 : 3707 steps taken, and 16030 accepted.
[0 : mcmc] Progress @ 2026-08-06 03:57:14 : 3392 steps taken, and 16203 accepted.
[1 : mcmc] Progress @ 2026-08-06 03:57:37 : 3790 steps taken, and 16206 accepted.
[2 : mcmc] Progress @ 2026-08-06 03:57:38 : 3698 steps taken, and 16226 accepted.
[3 : mcmc] Progress @ 2026-08-06 03:57:55 : 3713 steps taken, and 16032 accepted.
[0 : mcmc] Progress @ 2026-08-06 03:58:21 : 3397 steps taken, and 16203 accepted.
[1 : mcmc] Progress @ 2026-08-06 03:58:46 : 3798 steps taken, and 16210 accepted.
[2 : mcmc] Progress @ 2026-08-06 03:58:49 : 3709 steps taken, and 16227 accepted.
[3 : mcmc] Progress @ 2026-08-06 03:59:03 : 3718 steps taken, and 16033 accepted.
[0 : mcmc] Progress @ 2026-08-06 03:59:29 : 3403 steps taken, and 16204 accepted.
[1 : mcmc] Progress @ 2026-08-06 03:59:56 : 3805 steps taken, and 16213 accepted.
[2 : mcmc] Progress @ 2026-08-06 03:59:59 : 3721 steps taken, and 16229 accepted.
[3 : mcmc] Progress @ 2026-08-06 04:00:12 : 3729 steps taken, and 16035 accepted.
[0 : mcmc] Progress @ 2026-08-06 04:00:39 : 3408 steps taken, and 16207 accepted.
[1 : mcmc] Progress @ 2026-08-06 04:01:05 : 3811 steps taken, and 16215 accepted.
[2 : mcmc] Progress @ 2026-08-06 04:01:11 : 3729 steps taken, and 16231 accepted.
[3 : mcmc] Progress @ 2026-08-06 04:01:21 : 3738 steps taken, and 16038 accepted.
[0 : mcmc] Progress @ 2026-08-06 04:01:50 : 3414 steps taken, and 16209 accepted.
[1 : mcmc] Progress @ 2026-08-06 04:02:16 : 3819 steps taken, and 16216 accepted.
[2 : mcmc] Progress @ 2026-08-06 04:02:21 : 3741 steps taken, and 16232 accepted.
[3 : mcmc] Progress @ 2026-08-06 04:02:30 : 3745 steps taken, and 16039 accepted.
[0 : mcmc] Progress @ 2026-08-06 04:03:00 : 3422 steps taken, and 16211 accepted.
[1 : mcmc] Progress @ 2026-08-06 04:03:26 : 3830 steps taken, and 16216 accepted.
[2 : mcmc] Progress @ 2026-08-06 04:03:32 : 3750 steps taken, and 16235 accepted.
[3 : mcmc] Progress @ 2026-08-06 04:03:39 : 3752 steps taken, and 16043 accepted.
[0 : mcmc] Progress @ 2026-08-06 04:04:11 : 3432 steps taken, and 16212 accepted.
[1 : mcmc] Progress @ 2026-08-06 04:04:34 : 3840 steps taken, and 16216 accepted.
[2 : mcmc] Progress @ 2026-08-06 04:04:43 : 3759 steps taken, and 16236 accepted.
[3 : mcmc] Progress @ 2026-08-06 04:04:49 : 3759 steps taken, and 16043 accepted.
[0 : mcmc] Progress @ 2026-08-06 04:05:23 : 3439 steps taken, and 16214 accepted.
[1 : mcmc] Progress @ 2026-08-06 04:05:44 : 3844 steps taken, and 16218 accepted.
[2 : mcmc] Progress @ 2026-08-06 04:05:51 : 3769 steps taken, and 16238 accepted.
[3 : mcmc] Progress @ 2026-08-06 04:05:57 : 3771 steps taken, and 16045 accepted.
[0 : mcmc] Progress @ 2026-08-06 04:06:36 : 3448 steps taken, and 16216 accepted.
[1 : mcmc] Progress @ 2026-08-06 04:06:55 : 3853 steps taken, and 16220 accepted.
[2 : mcmc] Progress @ 2026-08-06 04:07:00 : 3775 steps taken, and 16239 accepted.
[3 : mcmc] Progress @ 2026-08-06 04:07:04 : 3779 steps taken, and 16047 accepted.
[0 : mcmc] Progress @ 2026-08-06 04:07:50 : 3458 steps taken, and 16219 accepted.
[1 : mcmc] Progress @ 2026-08-06 04:08:10 : 3860 steps taken, and 16223 accepted.
[2 : mcmc] Progress @ 2026-08-06 04:08:12 : 3780 steps taken, and 16239 accepted.
[3 : mcmc] Progress @ 2026-08-06 04:08:13 : 3789 steps taken, and 16049 accepted.
[0 : mcmc] Progress @ 2026-08-06 04:09:00 : 3480 steps taken, and 16219 accepted.
[1 : mcmc] Progress @ 2026-08-06 04:09:19 : 3866 steps taken, and 16224 accepted.
[2 : mcmc] Progress @ 2026-08-06 04:09:20 : 3788 steps taken, and 16240 accepted.
[3 : mcmc] Progress @ 2026-08-06 04:09:23 : 3797 steps taken, and 16051 accepted.
[0 : mcmc] Progress @ 2026-08-06 04:10:07 : 3490 steps taken, and 16219 accepted.
[1 : mcmc] Progress @ 2026-08-06 04:10:31 : 3882 steps taken, and 16226 accepted.
[2 : mcmc] Progress @ 2026-08-06 04:10:31 : 3793 steps taken, and 16240 accepted.
[3 : mcmc] Progress @ 2026-08-06 04:10:33 : 3801 steps taken, and 16052 accepted.
[0 : mcmc] Progress @ 2026-08-06 04:11:14 : 3498 steps taken, and 16221 accepted.
[1 : mcmc] Progress @ 2026-08-06 04:11:42 : 3898 steps taken, and 16228 accepted.
[2 : mcmc] Progress @ 2026-08-06 04:11:42 : 3802 steps taken, and 16241 accepted.
[3 : mcmc] Progress @ 2026-08-06 04:11:43 : 3806 steps taken, and 16053 accepted.
[0 : mcmc] Progress @ 2026-08-06 04:12:23 : 3503 steps taken, and 16222 accepted.
[1 : mcmc] Progress @ 2026-08-06 04:12:54 : 3912 steps taken, and 16229 accepted.
[2 : mcmc] Progress @ 2026-08-06 04:12:54 : 3806 steps taken, and 16243 accepted.
[3 : mcmc] Progress @ 2026-08-06 04:12:54 : 3811 steps taken, and 16054 accepted.
[0 : mcmc] Progress @ 2026-08-06 04:13:33 : 3508 steps taken, and 16225 accepted.
[2 : mcmc] Progress @ 2026-08-06 04:14:03 : 3816 steps taken, and 16245 accepted.
[3 : mcmc] Progress @ 2026-08-06 04:14:05 : 3815 steps taken, and 16056 accepted.
[1 : mcmc] Progress @ 2026-08-06 04:14:07 : 3926 steps taken, and 16231 accepted.
[0 : mcmc] Progress @ 2026-08-06 04:14:43 : 3513 steps taken, and 16226 accepted.
[2 : mcmc] Progress @ 2026-08-06 04:15:13 : 3822 steps taken, and 16247 accepted.
[3 : mcmc] Progress @ 2026-08-06 04:15:15 : 3830 steps taken, and 16058 accepted.
[1 : mcmc] Progress @ 2026-08-06 04:15:17 : 3931 steps taken, and 16231 accepted.
[0 : mcmc] Progress @ 2026-08-06 04:15:54 : 3519 steps taken, and 16227 accepted.
[2 : mcmc] Progress @ 2026-08-06 04:16:23 : 3828 steps taken, and 16248 accepted.
[3 : mcmc] Progress @ 2026-08-06 04:16:24 : 3838 steps taken, and 16060 accepted.
[1 : mcmc] Progress @ 2026-08-06 04:16:26 : 3937 steps taken, and 16232 accepted.
[0 : mcmc] Progress @ 2026-08-06 04:17:04 : 3531 steps taken, and 16229 accepted.
[2 : mcmc] Progress @ 2026-08-06 04:17:32 : 3834 steps taken, and 16249 accepted.
[3 : mcmc] Progress @ 2026-08-06 04:17:33 : 3848 steps taken, and 16061 accepted.
[1 : mcmc] Progress @ 2026-08-06 04:17:34 : 3943 steps taken, and 16233 accepted.
[0 : mcmc] Progress @ 2026-08-06 04:18:12 : 3546 steps taken, and 16229 accepted.
[2 : mcmc] Progress @ 2026-08-06 04:18:42 : 3839 steps taken, and 16249 accepted.
[3 : mcmc] Progress @ 2026-08-06 04:18:43 : 3854 steps taken, and 16062 accepted.
[1 : mcmc] Progress @ 2026-08-06 04:18:45 : 3947 steps taken, and 16234 accepted.
[0 : mcmc] Progress @ 2026-08-06 04:19:21 : 3559 steps taken, and 16231 accepted.
[2 : mcmc] Progress @ 2026-08-06 04:19:52 : 3845 steps taken, and 16251 accepted.
[3 : mcmc] Progress @ 2026-08-06 04:19:52 : 3860 steps taken, and 16065 accepted.
[1 : mcmc] Progress @ 2026-08-06 04:19:54 : 3951 steps taken, and 16236 accepted.
[0 : mcmc] Progress @ 2026-08-06 04:20:30 : 3565 steps taken, and 16233 accepted.
[3 : mcmc] Progress @ 2026-08-06 04:21:02 : 3864 steps taken, and 16067 accepted.
[2 : mcmc] Progress @ 2026-08-06 04:21:03 : 3854 steps taken, and 16251 accepted.
[1 : mcmc] Progress @ 2026-08-06 04:21:03 : 3957 steps taken, and 16237 accepted.
[0 : mcmc] Progress @ 2026-08-06 04:21:39 : 3574 steps taken, and 16235 accepted.
[2 : mcmc] Progress @ 2026-08-06 04:22:12 : 3859 steps taken, and 16252 accepted.
[1 : mcmc] Progress @ 2026-08-06 04:22:13 : 3963 steps taken, and 16238 accepted.
[3 : mcmc] Progress @ 2026-08-06 04:22:14 : 3873 steps taken, and 16069 accepted.
[0 : mcmc] Progress @ 2026-08-06 04:22:50 : 3581 steps taken, and 16236 accepted.
[2 : mcmc] Progress @ 2026-08-06 04:23:21 : 3872 steps taken, and 16254 accepted.
[1 : mcmc] Progress @ 2026-08-06 04:23:23 : 3977 steps taken, and 16239 accepted.
[3 : mcmc] Progress @ 2026-08-06 04:23:26 : 3878 steps taken, and 16069 accepted.
[0 : mcmc] Progress @ 2026-08-06 04:23:59 : 3589 steps taken, and 16237 accepted.
[2 : mcmc] Progress @ 2026-08-06 04:24:29 : 3881 steps taken, and 16255 accepted.
[1 : mcmc] Progress @ 2026-08-06 04:24:30 : 3985 steps taken, and 16242 accepted.
[3 : mcmc] Progress @ 2026-08-06 04:24:35 : 3884 steps taken, and 16070 accepted.
[0 : mcmc] Progress @ 2026-08-06 04:25:08 : 3596 steps taken, and 16237 accepted.
[1 : mcmc] Progress @ 2026-08-06 04:25:41 : 3991 steps taken, and 16243 accepted.
[2 : mcmc] Progress @ 2026-08-06 04:25:41 : 3892 steps taken, and 16256 accepted.
[3 : mcmc] Progress @ 2026-08-06 04:25:43 : 3890 steps taken, and 16073 accepted.
[0 : mcmc] Progress @ 2026-08-06 04:26:17 : 3605 steps taken, and 16240 accepted.
[3 : mcmc] Progress @ 2026-08-06 04:26:53 : 3894 steps taken, and 16075 accepted.
[1 : mcmc] Progress @ 2026-08-06 04:26:53 : 3996 steps taken, and 16246 accepted.
[2 : mcmc] Progress @ 2026-08-06 04:26:52 : 3899 steps taken, and 16257 accepted.
[0 : mcmc] Progress @ 2026-08-06 04:27:27 : 3610 steps taken, and 16241 accepted.
[3 : mcmc] Progress @ 2026-08-06 04:28:03 : 3903 steps taken, and 16077 accepted.
[2 : mcmc] Progress @ 2026-08-06 04:28:03 : 3905 steps taken, and 16257 accepted.
[1 : mcmc] Progress @ 2026-08-06 04:28:05 : 4005 steps taken, and 16247 accepted.
[0 : mcmc] Progress @ 2026-08-06 04:28:34 : 3621 steps taken, and 16243 accepted.
[2 : mcmc] Progress @ 2026-08-06 04:29:11 : 3913 steps taken, and 16257 accepted.
[3 : mcmc] Progress @ 2026-08-06 04:29:12 : 3918 steps taken, and 16080 accepted.
[1 : mcmc] Progress @ 2026-08-06 04:29:15 : 4012 steps taken, and 16249 accepted.
[0 : mcmc] Progress @ 2026-08-06 04:29:39 : 3629 steps taken, and 16245 accepted.
[2 : mcmc] Progress @ 2026-08-06 04:30:21 : 3919 steps taken, and 16259 accepted.
[3 : mcmc] Progress @ 2026-08-06 04:30:21 : 3928 steps taken, and 16081 accepted.
[1 : mcmc] Progress @ 2026-08-06 04:30:26 : 4016 steps taken, and 16250 accepted.
[0 : mcmc] Progress @ 2026-08-06 04:30:44 : 3637 steps taken, and 16246 accepted.
[3 : mcmc] Progress @ 2026-08-06 04:31:29 : 3935 steps taken, and 16083 accepted.
[2 : mcmc] Progress @ 2026-08-06 04:31:30 : 3927 steps taken, and 16260 accepted.
[1 : mcmc] Progress @ 2026-08-06 04:31:38 : 4027 steps taken, and 16252 accepted.
[0 : mcmc] Progress @ 2026-08-06 04:31:53 : 3643 steps taken, and 16248 accepted.
[2 : mcmc] Progress @ 2026-08-06 04:32:39 : 3932 steps taken, and 16261 accepted.
[3 : mcmc] Progress @ 2026-08-06 04:32:39 : 3941 steps taken, and 16086 accepted.
[1 : mcmc] Progress @ 2026-08-06 04:32:47 : 4031 steps taken, and 16253 accepted.
[0 : mcmc] Progress @ 2026-08-06 04:33:03 : 3649 steps taken, and 16248 accepted.
[3 : mcmc] Progress @ 2026-08-06 04:33:49 : 3945 steps taken, and 16086 accepted.
[2 : mcmc] Progress @ 2026-08-06 04:33:49 : 3940 steps taken, and 16262 accepted.
[1 : mcmc] Progress @ 2026-08-06 04:33:57 : 4036 steps taken, and 16256 accepted.
[0 : mcmc] Progress @ 2026-08-06 04:34:13 : 3656 steps taken, and 16250 accepted.
[2 : mcmc] Progress @ 2026-08-06 04:34:57 : 3949 steps taken, and 16263 accepted.
[3 : mcmc] Progress @ 2026-08-06 04:34:58 : 3951 steps taken, and 16089 accepted.
[1 : mcmc] Progress @ 2026-08-06 04:35:06 : 4041 steps taken, and 16257 accepted.
[0 : mcmc] Progress @ 2026-08-06 04:35:23 : 3663 steps taken, and 16252 accepted.
[2 : mcmc] Progress @ 2026-08-06 04:36:06 : 3953 steps taken, and 16265 accepted.
[3 : mcmc] Progress @ 2026-08-06 04:36:09 : 3955 steps taken, and 16089 accepted.
[1 : mcmc] Progress @ 2026-08-06 04:36:15 : 4047 steps taken, and 16257 accepted.
[0 : mcmc] Progress @ 2026-08-06 04:36:33 : 3668 steps taken, and 16253 accepted.
[2 : mcmc] Progress @ 2026-08-06 04:37:13 : 3962 steps taken, and 16266 accepted.
[3 : mcmc] Progress @ 2026-08-06 04:37:21 : 3960 steps taken, and 16090 accepted.
[1 : mcmc] Progress @ 2026-08-06 04:37:26 : 4053 steps taken, and 16260 accepted.
[0 : mcmc] Progress @ 2026-08-06 04:37:49 : 3673 steps taken, and 16256 accepted.
[2 : mcmc] Progress @ 2026-08-06 04:38:28 : 3966 steps taken, and 16266 accepted.
[1 : mcmc] Progress @ 2026-08-06 04:38:28 : 4062 steps taken, and 16262 accepted.
[3 : mcmc] Progress @ 2026-08-06 04:38:31 : 3965 steps taken, and 16091 accepted.
[0 : mcmc] Progress @ 2026-08-06 04:39:03 : 3683 steps taken, and 16258 accepted.
[2 : mcmc] Progress @ 2026-08-06 04:39:41 : 3974 steps taken, and 16266 accepted.
[1 : mcmc] Progress @ 2026-08-06 04:39:43 : 4071 steps taken, and 16263 accepted.
[3 : mcmc] Progress @ 2026-08-06 04:39:47 : 3971 steps taken, and 16092 accepted.
[0 : mcmc] Progress @ 2026-08-06 04:40:11 : 3687 steps taken, and 16261 accepted.
[2 : mcmc] Progress @ 2026-08-06 04:40:50 : 3983 steps taken, and 16266 accepted.
[1 : mcmc] Progress @ 2026-08-06 04:40:53 : 4078 steps taken, and 16264 accepted.
[3 : mcmc] Progress @ 2026-08-06 04:40:58 : 3978 steps taken, and 16093 accepted.
[0 : mcmc] Progress @ 2026-08-06 04:41:20 : 3699 steps taken, and 16262 accepted.
[2 : mcmc] Progress @ 2026-08-06 04:42:01 : 3987 steps taken, and 16267 accepted.
[1 : mcmc] Progress @ 2026-08-06 04:42:03 : 4087 steps taken, and 16267 accepted.
[3 : mcmc] Progress @ 2026-08-06 04:42:07 : 3987 steps taken, and 16093 accepted.
[0 : mcmc] Progress @ 2026-08-06 04:42:30 : 3705 steps taken, and 16263 accepted.
[1 : mcmc] Progress @ 2026-08-06 04:43:12 : 4095 steps taken, and 16267 accepted.
[2 : mcmc] Progress @ 2026-08-06 04:43:13 : 3997 steps taken, and 16269 accepted.
[3 : mcmc] Progress @ 2026-08-06 04:43:17 : 3992 steps taken, and 16094 accepted.
[0 : mcmc] Progress @ 2026-08-06 04:43:40 : 3709 steps taken, and 16265 accepted.
[2 : mcmc] Progress @ 2026-08-06 04:44:21 : 4003 steps taken, and 16271 accepted.
[1 : mcmc] Progress @ 2026-08-06 04:44:24 : 4105 steps taken, and 16269 accepted.
[3 : mcmc] Progress @ 2026-08-06 04:44:27 : 3997 steps taken, and 16095 accepted.
[0 : mcmc] Progress @ 2026-08-06 04:44:51 : 3719 steps taken, and 16267 accepted.
[2 : mcmc] Progress @ 2026-08-06 04:45:31 : 4012 steps taken, and 16273 accepted.
[1 : mcmc] Progress @ 2026-08-06 04:45:34 : 4112 steps taken, and 16271 accepted.
[3 : mcmc] Progress @ 2026-08-06 04:45:37 : 4003 steps taken, and 16096 accepted.
[0 : mcmc] Progress @ 2026-08-06 04:46:01 : 3728 steps taken, and 16269 accepted.
[2 : mcmc] Progress @ 2026-08-06 04:46:39 : 4019 steps taken, and 16275 accepted.
[1 : mcmc] Progress @ 2026-08-06 04:46:43 : 4126 steps taken, and 16273 accepted.
[3 : mcmc] Progress @ 2026-08-06 04:46:47 : 4010 steps taken, and 16098 accepted.
[0 : mcmc] Progress @ 2026-08-06 04:47:11 : 3735 steps taken, and 16271 accepted.
[2 : mcmc] Progress @ 2026-08-06 04:47:47 : 4028 steps taken, and 16277 accepted.
[1 : mcmc] Progress @ 2026-08-06 04:47:51 : 4139 steps taken, and 16276 accepted.
[3 : mcmc] Progress @ 2026-08-06 04:47:57 : 4014 steps taken, and 16099 accepted.
[0 : mcmc] Progress @ 2026-08-06 04:48:23 : 3741 steps taken, and 16271 accepted.
[2 : mcmc] Progress @ 2026-08-06 04:48:58 : 4037 steps taken, and 16278 accepted.
[1 : mcmc] Progress @ 2026-08-06 04:48:59 : 4152 steps taken, and 16277 accepted.
[3 : mcmc] Progress @ 2026-08-06 04:49:03 : 4019 steps taken, and 16101 accepted.
[0 : mcmc] Progress @ 2026-08-06 04:49:33 : 3746 steps taken, and 16272 accepted.
[2 : mcmc] Progress @ 2026-08-06 04:50:07 : 4042 steps taken, and 16279 accepted.
[1 : mcmc] Progress @ 2026-08-06 04:50:08 : 4157 steps taken, and 16278 accepted.
[3 : mcmc] Progress @ 2026-08-06 04:50:12 : 4023 steps taken, and 16102 accepted.
[0 : mcmc] Progress @ 2026-08-06 04:50:44 : 3753 steps taken, and 16273 accepted.
[2 : mcmc] Progress @ 2026-08-06 04:51:15 : 4048 steps taken, and 16281 accepted.
[1 : mcmc] Progress @ 2026-08-06 04:51:17 : 4161 steps taken, and 16280 accepted.
[3 : mcmc] Progress @ 2026-08-06 04:51:20 : 4028 steps taken, and 16103 accepted.
[0 : mcmc] Progress @ 2026-08-06 04:51:53 : 3763 steps taken, and 16274 accepted.
[2 : mcmc] Progress @ 2026-08-06 04:52:22 : 4065 steps taken, and 16283 accepted.
[1 : mcmc] Progress @ 2026-08-06 04:52:25 : 4166 steps taken, and 16282 accepted.
[3 : mcmc] Progress @ 2026-08-06 04:52:28 : 4034 steps taken, and 16107 accepted.
[0 : mcmc] Progress @ 2026-08-06 04:53:03 : 3775 steps taken, and 16275 accepted.
[2 : mcmc] Progress @ 2026-08-06 04:53:29 : 4074 steps taken, and 16284 accepted.
[1 : mcmc] Progress @ 2026-08-06 04:53:33 : 4171 steps taken, and 16284 accepted.
[3 : mcmc] Progress @ 2026-08-06 04:53:37 : 4039 steps taken, and 16108 accepted.
[0 : mcmc] Progress @ 2026-08-06 04:54:15 : 3784 steps taken, and 16276 accepted.
[2 : mcmc] Progress @ 2026-08-06 04:54:37 : 4078 steps taken, and 16286 accepted.
[3 : mcmc] Progress @ 2026-08-06 04:54:44 : 4044 steps taken, and 16110 accepted.
[1 : mcmc] Progress @ 2026-08-06 04:54:44 : 4177 steps taken, and 16286 accepted.
[0 : mcmc] Progress @ 2026-08-06 04:55:27 : 3792 steps taken, and 16278 accepted.
[2 : mcmc] Progress @ 2026-08-06 04:55:45 : 4083 steps taken, and 16287 accepted.
[3 : mcmc] Progress @ 2026-08-06 04:55:52 : 4048 steps taken, and 16111 accepted.
[1 : mcmc] Progress @ 2026-08-06 04:55:55 : 4184 steps taken, and 16287 accepted.
[0 : mcmc] Progress @ 2026-08-06 04:56:37 : 3801 steps taken, and 16279 accepted.
[2 : mcmc] Progress @ 2026-08-06 04:56:56 : 4090 steps taken, and 16289 accepted.
[3 : mcmc] Progress @ 2026-08-06 04:57:00 : 4055 steps taken, and 16112 accepted.
[1 : mcmc] Progress @ 2026-08-06 04:57:05 : 4192 steps taken, and 16288 accepted.
[0 : mcmc] Progress @ 2026-08-06 04:57:49 : 3809 steps taken, and 16279 accepted.
[2 : mcmc] Progress @ 2026-08-06 04:58:06 : 4095 steps taken, and 16290 accepted.
[3 : mcmc] Progress @ 2026-08-06 04:58:09 : 4066 steps taken, and 16113 accepted.
[1 : mcmc] Progress @ 2026-08-06 04:58:12 : 4200 steps taken, and 16290 accepted.
[0 : mcmc] Progress @ 2026-08-06 04:59:00 : 3813 steps taken, and 16281 accepted.
[2 : mcmc] Progress @ 2026-08-06 04:59:18 : 4103 steps taken, and 16290 accepted.
[3 : mcmc] Progress @ 2026-08-06 04:59:19 : 4073 steps taken, and 16116 accepted.
[1 : mcmc] Progress @ 2026-08-06 04:59:23 : 4207 steps taken, and 16291 accepted.
[0 : mcmc] Progress @ 2026-08-06 05:00:10 : 3818 steps taken, and 16282 accepted.
[2 : mcmc] Progress @ 2026-08-06 05:00:30 : 4108 steps taken, and 16290 accepted.
[3 : mcmc] Progress @ 2026-08-06 05:00:30 : 4079 steps taken, and 16118 accepted.
[1 : mcmc] Progress @ 2026-08-06 05:00:32 : 4211 steps taken, and 16292 accepted.
[0 : mcmc] Progress @ 2026-08-06 05:01:17 : 3827 steps taken, and 16282 accepted.
[2 : mcmc] Progress @ 2026-08-06 05:01:40 : 4112 steps taken, and 16292 accepted.
[3 : mcmc] Progress @ 2026-08-06 05:01:40 : 4084 steps taken, and 16120 accepted.
[3 : mcmc] Learn + convergence test @ 16120 samples accepted.
[3 : mcmc] Ready to check convergence and learn a new proposal covmat (waiting for the rest...)
[1 : mcmc] Progress @ 2026-08-06 05:01:41 : 4215 steps taken, and 16293 accepted.
[0 : mcmc] Progress @ 2026-08-06 05:02:27 : 3834 steps taken, and 16283 accepted.
[1 : mcmc] Progress @ 2026-08-06 05:02:47 : 4221 steps taken, and 16293 accepted.
[2 : mcmc] Progress @ 2026-08-06 05:02:49 : 4121 steps taken, and 16293 accepted.
[0 : mcmc] Progress @ 2026-08-06 05:03:34 : 3844 steps taken, and 16283 accepted.
[0 : mcmc] All chains are ready to check convergence and learn a new proposal covmat
[0 : mcmc]  - Acceptance rate: 0.195 = avg([0.1938, 0.1948, 0.1973, 0.1953])
[0 : mcmc]  - Convergence of means: R-1 = 0.027547 after 64992 accepted steps = sum([16284, 16294, 16294, 16120])
[0 : mcmc]  - Updated covariance matrix of proposal pdf.
[2 : mcmc] Progress @ 2026-08-06 05:04:18 : 4129 steps taken, and 16294 accepted.
[1 : mcmc] Progress @ 2026-08-06 05:04:18 : 4223 steps taken, and 16295 accepted.
[3 : mcmc] Progress @ 2026-08-06 05:04:19 : 4085 steps taken, and 16121 accepted.
[0 : mcmc] Progress @ 2026-08-06 05:04:36 : 3853 steps taken, and 16284 accepted.
[1 : mcmc] Progress @ 2026-08-06 05:05:27 : 4232 steps taken, and 16296 accepted.
[2 : mcmc] Progress @ 2026-08-06 05:05:28 : 4137 steps taken, and 16294 accepted.
[3 : mcmc] Progress @ 2026-08-06 05:05:30 : 4099 steps taken, and 16124 accepted.
[0 : mcmc] Progress @ 2026-08-06 05:05:46 : 3861 steps taken, and 16284 accepted.
[1 : mcmc] Progress @ 2026-08-06 05:06:31 : 4241 steps taken, and 16297 accepted.
[2 : mcmc] Progress @ 2026-08-06 05:06:40 : 4144 steps taken, and 16294 accepted.
[3 : mcmc] Progress @ 2026-08-06 05:06:41 : 4109 steps taken, and 16126 accepted.
[0 : mcmc] Progress @ 2026-08-06 05:06:59 : 3867 steps taken, and 16285 accepted.
[1 : mcmc] Progress @ 2026-08-06 05:07:38 : 4250 steps taken, and 16297 accepted.
[2 : mcmc] Progress @ 2026-08-06 05:07:50 : 4150 steps taken, and 16295 accepted.
[3 : mcmc] Progress @ 2026-08-06 05:07:53 : 4115 steps taken, and 16128 accepted.
[0 : mcmc] Progress @ 2026-08-06 05:08:11 : 3874 steps taken, and 16285 accepted.
[1 : mcmc] Progress @ 2026-08-06 05:08:46 : 4258 steps taken, and 16298 accepted.
[2 : mcmc] Progress @ 2026-08-06 05:08:59 : 4158 steps taken, and 16298 accepted.
[3 : mcmc] Progress @ 2026-08-06 05:09:06 : 4121 steps taken, and 16129 accepted.
[0 : mcmc] Progress @ 2026-08-06 05:09:22 : 3879 steps taken, and 16286 accepted.
[1 : mcmc] Progress @ 2026-08-06 05:09:53 : 4267 steps taken, and 16298 accepted.
[2 : mcmc] Progress @ 2026-08-06 05:10:10 : 4166 steps taken, and 16300 accepted.
[3 : mcmc] Progress @ 2026-08-06 05:10:15 : 4136 steps taken, and 16131 accepted.
[0 : mcmc] Progress @ 2026-08-06 05:10:32 : 3884 steps taken, and 16287 accepted.
[1 : mcmc] Progress @ 2026-08-06 05:11:03 : 4278 steps taken, and 16300 accepted.
[2 : mcmc] Progress @ 2026-08-06 05:11:19 : 4173 steps taken, and 16301 accepted.
[3 : mcmc] Progress @ 2026-08-06 05:11:27 : 4144 steps taken, and 16131 accepted.
[0 : mcmc] Progress @ 2026-08-06 05:11:43 : 3890 steps taken, and 16288 accepted.
[1 : mcmc] Progress @ 2026-08-06 05:12:14 : 4286 steps taken, and 16302 accepted.
[2 : mcmc] Progress @ 2026-08-06 05:12:29 : 4178 steps taken, and 16303 accepted.
[3 : mcmc] Progress @ 2026-08-06 05:12:39 : 4156 steps taken, and 16132 accepted.
[0 : mcmc] Progress @ 2026-08-06 05:12:53 : 3896 steps taken, and 16290 accepted.
[1 : mcmc] Progress @ 2026-08-06 05:13:24 : 4292 steps taken, and 16303 accepted.
[2 : mcmc] Progress @ 2026-08-06 05:13:40 : 4184 steps taken, and 16305 accepted.
[3 : mcmc] Progress @ 2026-08-06 05:13:49 : 4171 steps taken, and 16132 accepted.
[0 : mcmc] Progress @ 2026-08-06 05:14:02 : 3906 steps taken, and 16291 accepted.
[1 : mcmc] Progress @ 2026-08-06 05:14:34 : 4301 steps taken, and 16304 accepted.
[2 : mcmc] Progress @ 2026-08-06 05:14:51 : 4190 steps taken, and 16306 accepted.
[3 : mcmc] Progress @ 2026-08-06 05:14:58 : 4183 steps taken, and 16132 accepted.
[0 : mcmc] Progress @ 2026-08-06 05:15:12 : 3913 steps taken, and 16292 accepted.
[1 : mcmc] Progress @ 2026-08-06 05:15:44 : 4307 steps taken, and 16305 accepted.
[2 : mcmc] Progress @ 2026-08-06 05:16:02 : 4199 steps taken, and 16306 accepted.
[3 : mcmc] Progress @ 2026-08-06 05:16:09 : 4190 steps taken, and 16133 accepted.
[0 : mcmc] Progress @ 2026-08-06 05:16:22 : 3921 steps taken, and 16293 accepted.
[1 : mcmc] Progress @ 2026-08-06 05:16:56 : 4314 steps taken, and 16307 accepted.
[2 : mcmc] Progress @ 2026-08-06 05:17:12 : 4204 steps taken, and 16308 accepted.
[3 : mcmc] Progress @ 2026-08-06 05:17:20 : 4200 steps taken, and 16135 accepted.
[0 : mcmc] Progress @ 2026-08-06 05:17:32 : 3928 steps taken, and 16294 accepted.
[1 : mcmc] Progress @ 2026-08-06 05:18:05 : 4320 steps taken, and 16309 accepted.
[2 : mcmc] Progress @ 2026-08-06 05:18:21 : 4208 steps taken, and 16311 accepted.
[3 : mcmc] Progress @ 2026-08-06 05:18:31 : 4214 steps taken, and 16137 accepted.
[0 : mcmc] Progress @ 2026-08-06 05:18:42 : 3932 steps taken, and 16296 accepted.
[1 : mcmc] Progress @ 2026-08-06 05:19:16 : 4326 steps taken, and 16312 accepted.
[2 : mcmc] Progress @ 2026-08-06 05:19:29 : 4214 steps taken, and 16313 accepted.
[3 : mcmc] Progress @ 2026-08-06 05:19:40 : 4222 steps taken, and 16138 accepted.
[0 : mcmc] Progress @ 2026-08-06 05:19:50 : 3936 steps taken, and 16298 accepted.
[1 : mcmc] Progress @ 2026-08-06 05:20:28 : 4336 steps taken, and 16314 accepted.
[2 : mcmc] Progress @ 2026-08-06 05:20:38 : 4219 steps taken, and 16314 accepted.
[3 : mcmc] Progress @ 2026-08-06 05:20:48 : 4230 steps taken, and 16140 accepted.
[0 : mcmc] Progress @ 2026-08-06 05:20:59 : 3941 steps taken, and 16300 accepted.
[1 : mcmc] Progress @ 2026-08-06 05:21:38 : 4344 steps taken, and 16317 accepted.
[2 : mcmc] Progress @ 2026-08-06 05:21:47 : 4226 steps taken, and 16315 accepted.
[3 : mcmc] Progress @ 2026-08-06 05:21:57 : 4237 steps taken, and 16144 accepted.
[0 : mcmc] Progress @ 2026-08-06 05:22:06 : 3946 steps taken, and 16301 accepted.
[1 : mcmc] Progress @ 2026-08-06 05:22:48 : 4350 steps taken, and 16320 accepted.
[2 : mcmc] Progress @ 2026-08-06 05:22:56 : 4231 steps taken, and 16319 accepted.
[3 : mcmc] Progress @ 2026-08-06 05:23:07 : 4245 steps taken, and 16146 accepted.
[0 : mcmc] Progress @ 2026-08-06 05:23:14 : 3953 steps taken, and 16302 accepted.
[1 : mcmc] Progress @ 2026-08-06 05:23:57 : 4355 steps taken, and 16322 accepted.
[2 : mcmc] Progress @ 2026-08-06 05:24:02 : 4236 steps taken, and 16321 accepted.
[3 : mcmc] Progress @ 2026-08-06 05:24:18 : 4251 steps taken, and 16146 accepted.
[0 : mcmc] Progress @ 2026-08-06 05:24:22 : 3960 steps taken, and 16303 accepted.
[1 : mcmc] Progress @ 2026-08-06 05:25:06 : 4362 steps taken, and 16324 accepted.
[2 : mcmc] Progress @ 2026-08-06 05:25:10 : 4246 steps taken, and 16323 accepted.
[3 : mcmc] Progress @ 2026-08-06 05:25:27 : 4256 steps taken, and 16148 accepted.
[0 : mcmc] Progress @ 2026-08-06 05:25:30 : 3966 steps taken, and 16303 accepted.
[1 : mcmc] Progress @ 2026-08-06 05:26:19 : 4372 steps taken, and 16326 accepted.
[2 : mcmc] Progress @ 2026-08-06 05:26:20 : 4250 steps taken, and 16325 accepted.
[3 : mcmc] Progress @ 2026-08-06 05:26:37 : 4260 steps taken, and 16148 accepted.
[0 : mcmc] Progress @ 2026-08-06 05:26:39 : 3970 steps taken, and 16306 accepted.
[1 : mcmc] Progress @ 2026-08-06 05:27:31 : 4377 steps taken, and 16328 accepted.
[2 : mcmc] Progress @ 2026-08-06 05:27:31 : 4259 steps taken, and 16327 accepted.
[3 : mcmc] Progress @ 2026-08-06 05:27:47 : 4270 steps taken, and 16148 accepted.
[0 : mcmc] Progress @ 2026-08-06 05:27:50 : 3976 steps taken, and 16306 accepted.
[1 : mcmc] Progress @ 2026-08-06 05:28:41 : 4387 steps taken, and 16328 accepted.
[2 : mcmc] Progress @ 2026-08-06 05:28:42 : 4264 steps taken, and 16328 accepted.
[3 : mcmc] Progress @ 2026-08-06 05:28:59 : 4275 steps taken, and 16149 accepted.
[0 : mcmc] Progress @ 2026-08-06 05:28:59 : 3981 steps taken, and 16307 accepted.
[1 : mcmc] Progress @ 2026-08-06 05:29:50 : 4395 steps taken, and 16330 accepted.
[2 : mcmc] Progress @ 2026-08-06 05:29:52 : 4268 steps taken, and 16328 accepted.
[3 : mcmc] Progress @ 2026-08-06 05:30:08 : 4285 steps taken, and 16152 accepted.
[0 : mcmc] Progress @ 2026-08-06 05:30:11 : 3985 steps taken, and 16308 accepted.
[1 : mcmc] Progress @ 2026-08-06 05:31:01 : 4403 steps taken, and 16330 accepted.
[2 : mcmc] Progress @ 2026-08-06 05:31:04 : 4276 steps taken, and 16331 accepted.
[3 : mcmc] Progress @ 2026-08-06 05:31:16 : 4290 steps taken, and 16153 accepted.
[0 : mcmc] Progress @ 2026-08-06 05:31:23 : 3990 steps taken, and 16309 accepted.
[1 : mcmc] Progress @ 2026-08-06 05:32:11 : 4410 steps taken, and 16331 accepted.
[2 : mcmc] Progress @ 2026-08-06 05:32:13 : 4289 steps taken, and 16332 accepted.
[3 : mcmc] Progress @ 2026-08-06 05:32:24 : 4294 steps taken, and 16154 accepted.
[0 : mcmc] Progress @ 2026-08-06 05:32:33 : 3996 steps taken, and 16313 accepted.
[1 : mcmc] Progress @ 2026-08-06 05:33:19 : 4415 steps taken, and 16333 accepted.
[2 : mcmc] Progress @ 2026-08-06 05:33:26 : 4310 steps taken, and 16332 accepted.
[3 : mcmc] Progress @ 2026-08-06 05:33:31 : 4298 steps taken, and 16156 accepted.
[0 : mcmc] Progress @ 2026-08-06 05:33:41 : 4001 steps taken, and 16313 accepted.
[1 : mcmc] Progress @ 2026-08-06 05:34:28 : 4422 steps taken, and 16334 accepted.
[2 : mcmc] Progress @ 2026-08-06 05:34:36 : 4315 steps taken, and 16334 accepted.
[3 : mcmc] Progress @ 2026-08-06 05:34:40 : 4304 steps taken, and 16156 accepted.
[0 : mcmc] Progress @ 2026-08-06 05:34:49 : 4005 steps taken, and 16315 accepted.
[1 : mcmc] Progress @ 2026-08-06 05:35:39 : 4428 steps taken, and 16335 accepted.
[2 : mcmc] Progress @ 2026-08-06 05:35:44 : 4325 steps taken, and 16335 accepted.
[3 : mcmc] Progress @ 2026-08-06 05:35:49 : 4310 steps taken, and 16156 accepted.
[0 : mcmc] Progress @ 2026-08-06 05:35:56 : 4011 steps taken, and 16315 accepted.
[1 : mcmc] Progress @ 2026-08-06 05:36:48 : 4440 steps taken, and 16338 accepted.
[2 : mcmc] Progress @ 2026-08-06 05:36:54 : 4334 steps taken, and 16336 accepted.
[3 : mcmc] Progress @ 2026-08-06 05:36:59 : 4320 steps taken, and 16159 accepted.
[0 : mcmc] Progress @ 2026-08-06 05:37:04 : 4018 steps taken, and 16316 accepted.
[1 : mcmc] Progress @ 2026-08-06 05:37:59 : 4447 steps taken, and 16340 accepted.
[2 : mcmc] Progress @ 2026-08-06 05:38:06 : 4342 steps taken, and 16337 accepted.
[3 : mcmc] Progress @ 2026-08-06 05:38:08 : 4326 steps taken, and 16161 accepted.
[0 : mcmc] Progress @ 2026-08-06 05:38:15 : 4026 steps taken, and 16318 accepted.
[1 : mcmc] Progress @ 2026-08-06 05:39:07 : 4453 steps taken, and 16341 accepted.
[2 : mcmc] Progress @ 2026-08-06 05:39:14 : 4351 steps taken, and 16339 accepted.
[3 : mcmc] Progress @ 2026-08-06 05:39:15 : 4333 steps taken, and 16164 accepted.
[0 : mcmc] Progress @ 2026-08-06 05:39:27 : 4035 steps taken, and 16319 accepted.
[1 : mcmc] Progress @ 2026-08-06 05:40:15 : 4459 steps taken, and 16341 accepted.
[3 : mcmc] Progress @ 2026-08-06 05:40:24 : 4340 steps taken, and 16166 accepted.
[2 : mcmc] Progress @ 2026-08-06 05:40:25 : 4357 steps taken, and 16340 accepted.
[0 : mcmc] Progress @ 2026-08-06 05:40:39 : 4044 steps taken, and 16321 accepted.
[1 : mcmc] Progress @ 2026-08-06 05:41:22 : 4470 steps taken, and 16343 accepted.
[3 : mcmc] Progress @ 2026-08-06 05:41:35 : 4346 steps taken, and 16168 accepted.
[2 : mcmc] Progress @ 2026-08-06 05:41:36 : 4365 steps taken, and 16342 accepted.
[0 : mcmc] Progress @ 2026-08-06 05:41:51 : 4052 steps taken, and 16325 accepted.
[1 : mcmc] Progress @ 2026-08-06 05:42:30 : 4481 steps taken, and 16344 accepted.
[3 : mcmc] Progress @ 2026-08-06 05:42:44 : 4352 steps taken, and 16169 accepted.
[2 : mcmc] Progress @ 2026-08-06 05:42:47 : 4369 steps taken, and 16343 accepted.
[0 : mcmc] Progress @ 2026-08-06 05:43:04 : 4065 steps taken, and 16328 accepted.
[1 : mcmc] Progress @ 2026-08-06 05:43:40 : 4485 steps taken, and 16344 accepted.
[3 : mcmc] Progress @ 2026-08-06 05:43:54 : 4357 steps taken, and 16171 accepted.
[2 : mcmc] Progress @ 2026-08-06 05:43:58 : 4379 steps taken, and 16343 accepted.
[0 : mcmc] Progress @ 2026-08-06 05:44:16 : 4072 steps taken, and 16331 accepted.
[1 : mcmc] Progress @ 2026-08-06 05:44:51 : 4492 steps taken, and 16345 accepted.
[3 : mcmc] Progress @ 2026-08-06 05:45:04 : 4362 steps taken, and 16173 accepted.
[2 : mcmc] Progress @ 2026-08-06 05:45:10 : 4387 steps taken, and 16346 accepted.
[0 : mcmc] Progress @ 2026-08-06 05:45:28 : 4083 steps taken, and 16332 accepted.
[1 : mcmc] Progress @ 2026-08-06 05:46:02 : 4504 steps taken, and 16346 accepted.
[3 : mcmc] Progress @ 2026-08-06 05:46:10 : 4367 steps taken, and 16176 accepted.
[2 : mcmc] Progress @ 2026-08-06 05:46:20 : 4396 steps taken, and 16347 accepted.
[0 : mcmc] Progress @ 2026-08-06 05:46:43 : 4087 steps taken, and 16334 accepted.
[1 : mcmc] Progress @ 2026-08-06 05:47:11 : 4509 steps taken, and 16348 accepted.
[3 : mcmc] Progress @ 2026-08-06 05:47:19 : 4378 steps taken, and 16177 accepted.
[2 : mcmc] Progress @ 2026-08-06 05:47:28 : 4401 steps taken, and 16349 accepted.
[0 : mcmc] Progress @ 2026-08-06 05:47:54 : 4092 steps taken, and 16336 accepted.
[1 : mcmc] Progress @ 2026-08-06 05:48:22 : 4514 steps taken, and 16349 accepted.
[3 : mcmc] Progress @ 2026-08-06 05:48:28 : 4384 steps taken, and 16177 accepted.
[2 : mcmc] Progress @ 2026-08-06 05:48:39 : 4409 steps taken, and 16350 accepted.
[0 : mcmc] Progress @ 2026-08-06 05:49:05 : 4097 steps taken, and 16338 accepted.
[1 : mcmc] Progress @ 2026-08-06 05:49:32 : 4518 steps taken, and 16350 accepted.
[3 : mcmc] Progress @ 2026-08-06 05:49:37 : 4388 steps taken, and 16177 accepted.
[2 : mcmc] Progress @ 2026-08-06 05:49:50 : 4416 steps taken, and 16351 accepted.
[0 : mcmc] Progress @ 2026-08-06 05:50:14 : 4105 steps taken, and 16340 accepted.
[1 : mcmc] Progress @ 2026-08-06 05:50:42 : 4523 steps taken, and 16353 accepted.
[3 : mcmc] Progress @ 2026-08-06 05:50:47 : 4394 steps taken, and 16179 accepted.
[2 : mcmc] Progress @ 2026-08-06 05:51:00 : 4421 steps taken, and 16355 accepted.
[0 : mcmc] Progress @ 2026-08-06 05:51:23 : 4117 steps taken, and 16342 accepted.
[1 : mcmc] Progress @ 2026-08-06 05:51:54 : 4528 steps taken, and 16354 accepted.
[3 : mcmc] Progress @ 2026-08-06 05:51:57 : 4402 steps taken, and 16180 accepted.
[2 : mcmc] Progress @ 2026-08-06 05:52:10 : 4437 steps taken, and 16355 accepted.
[0 : mcmc] Progress @ 2026-08-06 05:52:33 : 4123 steps taken, and 16343 accepted.
[1 : mcmc] Progress @ 2026-08-06 05:53:04 : 4536 steps taken, and 16356 accepted.
[3 : mcmc] Progress @ 2026-08-06 05:53:08 : 4407 steps taken, and 16181 accepted.
[2 : mcmc] Progress @ 2026-08-06 05:53:21 : 4443 steps taken, and 16355 accepted.
[0 : mcmc] Progress @ 2026-08-06 05:53:43 : 4127 steps taken, and 16345 accepted.
[1 : mcmc] Progress @ 2026-08-06 05:54:16 : 4542 steps taken, and 16356 accepted.
[3 : mcmc] Progress @ 2026-08-06 05:54:17 : 4413 steps taken, and 16182 accepted.
[2 : mcmc] Progress @ 2026-08-06 05:54:29 : 4452 steps taken, and 16358 accepted.
[0 : mcmc] Progress @ 2026-08-06 05:54:52 : 4132 steps taken, and 16347 accepted.
[1 : mcmc] Progress @ 2026-08-06 05:55:26 : 4552 steps taken, and 16358 accepted.
[3 : mcmc] Progress @ 2026-08-06 05:55:26 : 4421 steps taken, and 16182 accepted.
[2 : mcmc] Progress @ 2026-08-06 05:55:39 : 4467 steps taken, and 16359 accepted.
[0 : mcmc] Progress @ 2026-08-06 05:56:01 : 4139 steps taken, and 16350 accepted.
[3 : mcmc] Progress @ 2026-08-06 05:56:37 : 4426 steps taken, and 16183 accepted.
[1 : mcmc] Progress @ 2026-08-06 05:56:39 : 4558 steps taken, and 16360 accepted.
[2 : mcmc] Progress @ 2026-08-06 05:56:47 : 4474 steps taken, and 16362 accepted.
[0 : mcmc] Progress @ 2026-08-06 05:57:13 : 4143 steps taken, and 16351 accepted.
[1 : mcmc] Progress @ 2026-08-06 05:57:50 : 4568 steps taken, and 16362 accepted.
[3 : mcmc] Progress @ 2026-08-06 05:57:50 : 4432 steps taken, and 16186 accepted.
[2 : mcmc] Progress @ 2026-08-06 05:57:54 : 4478 steps taken, and 16365 accepted.
[0 : mcmc] Progress @ 2026-08-06 05:58:24 : 4148 steps taken, and 16354 accepted.
[3 : mcmc] Progress @ 2026-08-06 05:59:04 : 4436 steps taken, and 16187 accepted.
[1 : mcmc] Progress @ 2026-08-06 05:59:05 : 4573 steps taken, and 16364 accepted.
[2 : mcmc] Progress @ 2026-08-06 05:59:08 : 4487 steps taken, and 16366 accepted.
[0 : mcmc] Progress @ 2026-08-06 05:59:33 : 4155 steps taken, and 16355 accepted.
[1 : mcmc] Progress @ 2026-08-06 06:00:17 : 4581 steps taken, and 16364 accepted.
[3 : mcmc] Progress @ 2026-08-06 06:00:18 : 4441 steps taken, and 16189 accepted.
[2 : mcmc] Progress @ 2026-08-06 06:00:19 : 4495 steps taken, and 16367 accepted.
[0 : mcmc] Progress @ 2026-08-06 06:00:43 : 4159 steps taken, and 16356 accepted.
[2 : mcmc] Progress @ 2026-08-06 06:01:31 : 4500 steps taken, and 16370 accepted.
[3 : mcmc] Progress @ 2026-08-06 06:01:31 : 4448 steps taken, and 16189 accepted.
[1 : mcmc] Progress @ 2026-08-06 06:01:33 : 4586 steps taken, and 16364 accepted.
[0 : mcmc] Progress @ 2026-08-06 06:01:53 : 4166 steps taken, and 16356 accepted.
[2 : mcmc] Progress @ 2026-08-06 06:02:39 : 4511 steps taken, and 16373 accepted.
[3 : mcmc] Progress @ 2026-08-06 06:02:41 : 4457 steps taken, and 16191 accepted.
[1 : mcmc] Progress @ 2026-08-06 06:02:42 : 4591 steps taken, and 16365 accepted.
[0 : mcmc] Progress @ 2026-08-06 06:03:01 : 4171 steps taken, and 16358 accepted.
[2 : mcmc] Progress @ 2026-08-06 06:03:47 : 4537 steps taken, and 16376 accepted.
[3 : mcmc] Progress @ 2026-08-06 06:03:50 : 4461 steps taken, and 16192 accepted.
[1 : mcmc] Progress @ 2026-08-06 06:03:53 : 4596 steps taken, and 16366 accepted.
[0 : mcmc] Progress @ 2026-08-06 06:04:10 : 4178 steps taken, and 16359 accepted.
[2 : mcmc] Progress @ 2026-08-06 06:04:54 : 4547 steps taken, and 16380 accepted.
[3 : mcmc] Progress @ 2026-08-06 06:04:57 : 4466 steps taken, and 16193 accepted.
[1 : mcmc] Progress @ 2026-08-06 06:05:03 : 4600 steps taken, and 16366 accepted.
[0 : mcmc] Progress @ 2026-08-06 06:05:17 : 4186 steps taken, and 16361 accepted.
[2 : mcmc] Progress @ 2026-08-06 06:06:01 : 4555 steps taken, and 16382 accepted.
[3 : mcmc] Progress @ 2026-08-06 06:06:08 : 4471 steps taken, and 16193 accepted.
[1 : mcmc] Progress @ 2026-08-06 06:06:15 : 4606 steps taken, and 16366 accepted.
[0 : mcmc] Progress @ 2026-08-06 06:06:24 : 4193 steps taken, and 16362 accepted.
[2 : mcmc] Progress @ 2026-08-06 06:07:11 : 4562 steps taken, and 16384 accepted.
[3 : mcmc] Progress @ 2026-08-06 06:07:19 : 4477 steps taken, and 16195 accepted.
[1 : mcmc] Progress @ 2026-08-06 06:07:26 : 4618 steps taken, and 16366 accepted.
[0 : mcmc] Progress @ 2026-08-06 06:07:31 : 4205 steps taken, and 16364 accepted.
[2 : mcmc] Progress @ 2026-08-06 06:08:20 : 4567 steps taken, and 16388 accepted.
[3 : mcmc] Progress @ 2026-08-06 06:08:28 : 4484 steps taken, and 16197 accepted.
[1 : mcmc] Progress @ 2026-08-06 06:08:36 : 4622 steps taken, and 16366 accepted.
[0 : mcmc] Progress @ 2026-08-06 06:08:41 : 4211 steps taken, and 16367 accepted.
[2 : mcmc] Progress @ 2026-08-06 06:09:32 : 4572 steps taken, and 16391 accepted.
[3 : mcmc] Progress @ 2026-08-06 06:09:35 : 4491 steps taken, and 16197 accepted.
[1 : mcmc] Progress @ 2026-08-06 06:09:45 : 4630 steps taken, and 16368 accepted.
[0 : mcmc] Progress @ 2026-08-06 06:09:51 : 4219 steps taken, and 16368 accepted.
[2 : mcmc] Progress @ 2026-08-06 06:10:41 : 4579 steps taken, and 16392 accepted.
[3 : mcmc] Progress @ 2026-08-06 06:10:44 : 4497 steps taken, and 16198 accepted.
[1 : mcmc] Progress @ 2026-08-06 06:10:55 : 4635 steps taken, and 16368 accepted.
[0 : mcmc] Progress @ 2026-08-06 06:11:01 : 4228 steps taken, and 16370 accepted.
[2 : mcmc] Progress @ 2026-08-06 06:11:50 : 4584 steps taken, and 16394 accepted.
[3 : mcmc] Progress @ 2026-08-06 06:11:55 : 4504 steps taken, and 16198 accepted.
[1 : mcmc] Progress @ 2026-08-06 06:12:05 : 4640 steps taken, and 16370 accepted.
[0 : mcmc] Progress @ 2026-08-06 06:12:09 : 4232 steps taken, and 16370 accepted.
[2 : mcmc] Progress @ 2026-08-06 06:12:58 : 4595 steps taken, and 16395 accepted.
[3 : mcmc] Progress @ 2026-08-06 06:13:02 : 4513 steps taken, and 16200 accepted.
[1 : mcmc] Progress @ 2026-08-06 06:13:14 : 4648 steps taken, and 16372 accepted.
[0 : mcmc] Progress @ 2026-08-06 06:13:19 : 4236 steps taken, and 16373 accepted.
[2 : mcmc] Progress @ 2026-08-06 06:14:06 : 4605 steps taken, and 16396 accepted.
[3 : mcmc] Progress @ 2026-08-06 06:14:12 : 4522 steps taken, and 16202 accepted.
[1 : mcmc] Progress @ 2026-08-06 06:14:23 : 4652 steps taken, and 16375 accepted.
[0 : mcmc] Progress @ 2026-08-06 06:14:29 : 4241 steps taken, and 16374 accepted.
[2 : mcmc] Progress @ 2026-08-06 06:15:12 : 4612 steps taken, and 16400 accepted.
[3 : mcmc] Progress @ 2026-08-06 06:15:22 : 4527 steps taken, and 16206 accepted.
[1 : mcmc] Progress @ 2026-08-06 06:15:31 : 4659 steps taken, and 16376 accepted.
[0 : mcmc] Progress @ 2026-08-06 06:15:39 : 4248 steps taken, and 16374 accepted.
[2 : mcmc] Progress @ 2026-08-06 06:16:19 : 4617 steps taken, and 16402 accepted.
[3 : mcmc] Progress @ 2026-08-06 06:16:34 : 4532 steps taken, and 16208 accepted.
[1 : mcmc] Progress @ 2026-08-06 06:16:41 : 4665 steps taken, and 16376 accepted.
[0 : mcmc] Progress @ 2026-08-06 06:16:49 : 4255 steps taken, and 16378 accepted.
[2 : mcmc] Progress @ 2026-08-06 06:17:27 : 4622 steps taken, and 16403 accepted.
[3 : mcmc] Progress @ 2026-08-06 06:17:47 : 4542 steps taken, and 16210 accepted.
[1 : mcmc] Progress @ 2026-08-06 06:17:50 : 4672 steps taken, and 16377 accepted.
[0 : mcmc] Progress @ 2026-08-06 06:17:58 : 4262 steps taken, and 16380 accepted.
[2 : mcmc] Progress @ 2026-08-06 06:18:34 : 4628 steps taken, and 16405 accepted.
[3 : mcmc] Progress @ 2026-08-06 06:18:57 : 4547 steps taken, and 16211 accepted.
[1 : mcmc] Progress @ 2026-08-06 06:18:59 : 4679 steps taken, and 16378 accepted.
[0 : mcmc] Progress @ 2026-08-06 06:19:09 : 4266 steps taken, and 16383 accepted.
[2 : mcmc] Progress @ 2026-08-06 06:19:44 : 4635 steps taken, and 16406 accepted.
[1 : mcmc] Progress @ 2026-08-06 06:20:07 : 4683 steps taken, and 16380 accepted.
[3 : mcmc] Progress @ 2026-08-06 06:20:09 : 4552 steps taken, and 16211 accepted.
[0 : mcmc] Progress @ 2026-08-06 06:20:16 : 4271 steps taken, and 16385 accepted.
[2 : mcmc] Progress @ 2026-08-06 06:20:55 : 4643 steps taken, and 16407 accepted.
[1 : mcmc] Progress @ 2026-08-06 06:21:15 : 4689 steps taken, and 16380 accepted.
[3 : mcmc] Progress @ 2026-08-06 06:21:17 : 4557 steps taken, and 16212 accepted.
[0 : mcmc] Progress @ 2026-08-06 06:21:23 : 4276 steps taken, and 16386 accepted.
[2 : mcmc] Progress @ 2026-08-06 06:22:06 : 4651 steps taken, and 16408 accepted.
[1 : mcmc] Progress @ 2026-08-06 06:22:26 : 4695 steps taken, and 16382 accepted.
[3 : mcmc] Progress @ 2026-08-06 06:22:30 : 4561 steps taken, and 16215 accepted.
[0 : mcmc] Progress @ 2026-08-06 06:22:33 : 4282 steps taken, and 16387 accepted.
[2 : mcmc] Progress @ 2026-08-06 06:23:14 : 4662 steps taken, and 16410 accepted.
[1 : mcmc] Progress @ 2026-08-06 06:23:34 : 4702 steps taken, and 16383 accepted.
[3 : mcmc] Progress @ 2026-08-06 06:23:38 : 4567 steps taken, and 16217 accepted.
[0 : mcmc] Progress @ 2026-08-06 06:23:41 : 4286 steps taken, and 16389 accepted.
[2 : mcmc] Progress @ 2026-08-06 06:24:25 : 4682 steps taken, and 16410 accepted.
[1 : mcmc] Progress @ 2026-08-06 06:24:41 : 4707 steps taken, and 16384 accepted.
[3 : mcmc] Progress @ 2026-08-06 06:24:47 : 4575 steps taken, and 16217 accepted.
[0 : mcmc] Progress @ 2026-08-06 06:24:50 : 4290 steps taken, and 16390 accepted.
[2 : mcmc] Progress @ 2026-08-06 06:25:36 : 4687 steps taken, and 16412 accepted.
[1 : mcmc] Progress @ 2026-08-06 06:25:47 : 4712 steps taken, and 16384 accepted.
[3 : mcmc] Progress @ 2026-08-06 06:25:58 : 4583 steps taken, and 16218 accepted.
[0 : mcmc] Progress @ 2026-08-06 06:26:01 : 4297 steps taken, and 16392 accepted.
[2 : mcmc] Progress @ 2026-08-06 06:26:46 : 4698 steps taken, and 16413 accepted.
[1 : mcmc] Progress @ 2026-08-06 06:26:58 : 4721 steps taken, and 16386 accepted.
[3 : mcmc] Progress @ 2026-08-06 06:27:10 : 4590 steps taken, and 16221 accepted.
[0 : mcmc] Progress @ 2026-08-06 06:27:13 : 4303 steps taken, and 16394 accepted.
[2 : mcmc] Progress @ 2026-08-06 06:27:57 : 4704 steps taken, and 16415 accepted.
[1 : mcmc] Progress @ 2026-08-06 06:28:05 : 4730 steps taken, and 16388 accepted.
[3 : mcmc] Progress @ 2026-08-06 06:28:20 : 4594 steps taken, and 16224 accepted.
[0 : mcmc] Progress @ 2026-08-06 06:28:21 : 4309 steps taken, and 16395 accepted.
[2 : mcmc] Progress @ 2026-08-06 06:29:07 : 4709 steps taken, and 16416 accepted.
[1 : mcmc] Progress @ 2026-08-06 06:29:13 : 4737 steps taken, and 16390 accepted.
[3 : mcmc] Progress @ 2026-08-06 06:29:29 : 4605 steps taken, and 16225 accepted.
[0 : mcmc] Progress @ 2026-08-06 06:29:29 : 4315 steps taken, and 16397 accepted.
[2 : mcmc] Progress @ 2026-08-06 06:30:18 : 4716 steps taken, and 16419 accepted.
[1 : mcmc] Progress @ 2026-08-06 06:30:21 : 4742 steps taken, and 16392 accepted.
[0 : mcmc] Progress @ 2026-08-06 06:30:38 : 4319 steps taken, and 16401 accepted.
[3 : mcmc] Progress @ 2026-08-06 06:30:40 : 4614 steps taken, and 16226 accepted.
[1 : mcmc] Progress @ 2026-08-06 06:31:27 : 4747 steps taken, and 16392 accepted.
[2 : mcmc] Progress @ 2026-08-06 06:31:29 : 4722 steps taken, and 16420 accepted.
[0 : mcmc] Progress @ 2026-08-06 06:31:47 : 4325 steps taken, and 16404 accepted.
[3 : mcmc] Progress @ 2026-08-06 06:31:51 : 4625 steps taken, and 16228 accepted.
[1 : mcmc] Progress @ 2026-08-06 06:32:34 : 4756 steps taken, and 16394 accepted.
[2 : mcmc] Progress @ 2026-08-06 06:32:41 : 4727 steps taken, and 16422 accepted.
[0 : mcmc] Progress @ 2026-08-06 06:32:58 : 4331 steps taken, and 16407 accepted.
[3 : mcmc] Progress @ 2026-08-06 06:33:02 : 4631 steps taken, and 16229 accepted.
[1 : mcmc] Progress @ 2026-08-06 06:33:40 : 4765 steps taken, and 16396 accepted.
[2 : mcmc] Progress @ 2026-08-06 06:33:53 : 4733 steps taken, and 16423 accepted.
[0 : mcmc] Progress @ 2026-08-06 06:34:05 : 4335 steps taken, and 16409 accepted.
[3 : mcmc] Progress @ 2026-08-06 06:34:13 : 4637 steps taken, and 16230 accepted.
[1 : mcmc] Progress @ 2026-08-06 06:34:47 : 4773 steps taken, and 16398 accepted.
[2 : mcmc] Progress @ 2026-08-06 06:35:07 : 4738 steps taken, and 16425 accepted.
[0 : mcmc] Progress @ 2026-08-06 06:35:12 : 4339 steps taken, and 16410 accepted.
[3 : mcmc] Progress @ 2026-08-06 06:35:23 : 4642 steps taken, and 16231 accepted.
[1 : mcmc] Progress @ 2026-08-06 06:35:54 : 4781 steps taken, and 16399 accepted.
[2 : mcmc] Progress @ 2026-08-06 06:36:19 : 4745 steps taken, and 16426 accepted.
[0 : mcmc] Progress @ 2026-08-06 06:36:23 : 4344 steps taken, and 16411 accepted.
[3 : mcmc] Progress @ 2026-08-06 06:36:34 : 4649 steps taken, and 16235 accepted.
[1 : mcmc] Progress @ 2026-08-06 06:36:59 : 4788 steps taken, and 16401 accepted.
[2 : mcmc] Progress @ 2026-08-06 06:37:30 : 4752 steps taken, and 16426 accepted.
[0 : mcmc] Progress @ 2026-08-06 06:37:32 : 4349 steps taken, and 16412 accepted.
[3 : mcmc] Progress @ 2026-08-06 06:37:49 : 4654 steps taken, and 16236 accepted.
[1 : mcmc] Progress @ 2026-08-06 06:38:13 : 4795 steps taken, and 16405 accepted.
[2 : mcmc] Progress @ 2026-08-06 06:38:32 : 4758 steps taken, and 16427 accepted.
[0 : mcmc] Progress @ 2026-08-06 06:38:53 : 4353 steps taken, and 16415 accepted.
[3 : mcmc] Progress @ 2026-08-06 06:39:04 : 4663 steps taken, and 16238 accepted.
[1 : mcmc] Progress @ 2026-08-06 06:39:29 : 4803 steps taken, and 16406 accepted.
[2 : mcmc] Progress @ 2026-08-06 06:39:48 : 4763 steps taken, and 16428 accepted.
[0 : mcmc] Progress @ 2026-08-06 06:40:04 : 4358 steps taken, and 16417 accepted.
[3 : mcmc] Progress @ 2026-08-06 06:40:14 : 4677 steps taken, and 16239 accepted.
[1 : mcmc] Progress @ 2026-08-06 06:40:39 : 4811 steps taken, and 16406 accepted.
[2 : mcmc] Progress @ 2026-08-06 06:40:59 : 4772 steps taken, and 16429 accepted.
[0 : mcmc] Progress @ 2026-08-06 06:41:15 : 4363 steps taken, and 16418 accepted.
[3 : mcmc] Progress @ 2026-08-06 06:41:24 : 4685 steps taken, and 16240 accepted.
[1 : mcmc] Progress @ 2026-08-06 06:41:48 : 4815 steps taken, and 16407 accepted.
[2 : mcmc] Progress @ 2026-08-06 06:42:08 : 4778 steps taken, and 16432 accepted.
[0 : mcmc] Progress @ 2026-08-06 06:42:27 : 4368 steps taken, and 16420 accepted.
[3 : mcmc] Progress @ 2026-08-06 06:42:33 : 4690 steps taken, and 16241 accepted.
[1 : mcmc] Progress @ 2026-08-06 06:42:57 : 4819 steps taken, and 16411 accepted.
[2 : mcmc] Progress @ 2026-08-06 06:43:17 : 4782 steps taken, and 16434 accepted.
[0 : mcmc] Progress @ 2026-08-06 06:43:40 : 4372 steps taken, and 16420 accepted.
[3 : mcmc] Progress @ 2026-08-06 06:43:44 : 4702 steps taken, and 16242 accepted.
[1 : mcmc] Progress @ 2026-08-06 06:44:03 : 4826 steps taken, and 16413 accepted.
[2 : mcmc] Progress @ 2026-08-06 06:44:26 : 4791 steps taken, and 16434 accepted.
[0 : mcmc] Progress @ 2026-08-06 06:44:51 : 4376 steps taken, and 16423 accepted.
[3 : mcmc] Progress @ 2026-08-06 06:44:56 : 4710 steps taken, and 16243 accepted.
[1 : mcmc] Progress @ 2026-08-06 06:45:09 : 4832 steps taken, and 16415 accepted.
[2 : mcmc] Progress @ 2026-08-06 06:45:34 : 4795 steps taken, and 16436 accepted.
[0 : mcmc] Progress @ 2026-08-06 06:46:02 : 4382 steps taken, and 16423 accepted.
[3 : mcmc] Progress @ 2026-08-06 06:46:07 : 4722 steps taken, and 16245 accepted.
[1 : mcmc] Progress @ 2026-08-06 06:46:17 : 4836 steps taken, and 16417 accepted.
[2 : mcmc] Progress @ 2026-08-06 06:46:42 : 4800 steps taken, and 16437 accepted.
[0 : mcmc] Progress @ 2026-08-06 06:47:12 : 4388 steps taken, and 16425 accepted.
[3 : mcmc] Progress @ 2026-08-06 06:47:18 : 4730 steps taken, and 16247 accepted.
[1 : mcmc] Progress @ 2026-08-06 06:47:24 : 4844 steps taken, and 16420 accepted.
[2 : mcmc] Progress @ 2026-08-06 06:47:53 : 4805 steps taken, and 16438 accepted.
[0 : mcmc] Progress @ 2026-08-06 06:48:22 : 4394 steps taken, and 16426 accepted.
[3 : mcmc] Progress @ 2026-08-06 06:48:31 : 4743 steps taken, and 16248 accepted.
[1 : mcmc] Progress @ 2026-08-06 06:48:31 : 4849 steps taken, and 16422 accepted.
[2 : mcmc] Progress @ 2026-08-06 06:49:02 : 4813 steps taken, and 16438 accepted.
[0 : mcmc] Progress @ 2026-08-06 06:49:29 : 4399 steps taken, and 16426 accepted.
[1 : mcmc] Progress @ 2026-08-06 06:49:40 : 4857 steps taken, and 16423 accepted.
[3 : mcmc] Progress @ 2026-08-06 06:49:43 : 4750 steps taken, and 16249 accepted.
[2 : mcmc] Progress @ 2026-08-06 06:50:12 : 4819 steps taken, and 16439 accepted.
[0 : mcmc] Progress @ 2026-08-06 06:50:37 : 4406 steps taken, and 16426 accepted.
[1 : mcmc] Progress @ 2026-08-06 06:50:49 : 4867 steps taken, and 16425 accepted.
[3 : mcmc] Progress @ 2026-08-06 06:50:53 : 4757 steps taken, and 16251 accepted.
[2 : mcmc] Progress @ 2026-08-06 06:51:21 : 4829 steps taken, and 16442 accepted.
[0 : mcmc] Progress @ 2026-08-06 06:51:45 : 4412 steps taken, and 16426 accepted.
[1 : mcmc] Progress @ 2026-08-06 06:51:58 : 4873 steps taken, and 16428 accepted.
[3 : mcmc] Progress @ 2026-08-06 06:52:05 : 4761 steps taken, and 16253 accepted.
[2 : mcmc] Progress @ 2026-08-06 06:52:32 : 4834 steps taken, and 16443 accepted.
[0 : mcmc] Progress @ 2026-08-06 06:52:55 : 4422 steps taken, and 16428 accepted.
[1 : mcmc] Progress @ 2026-08-06 06:53:10 : 4878 steps taken, and 16431 accepted.
[3 : mcmc] Progress @ 2026-08-06 06:53:15 : 4770 steps taken, and 16256 accepted.
[2 : mcmc] Progress @ 2026-08-06 06:53:44 : 4839 steps taken, and 16444 accepted.
[0 : mcmc] Progress @ 2026-08-06 06:54:05 : 4427 steps taken, and 16430 accepted.
[1 : mcmc] Progress @ 2026-08-06 06:54:21 : 4889 steps taken, and 16433 accepted.
[3 : mcmc] Progress @ 2026-08-06 06:54:25 : 4775 steps taken, and 16256 accepted.
[2 : mcmc] Progress @ 2026-08-06 06:54:52 : 4848 steps taken, and 16446 accepted.
[0 : mcmc] Progress @ 2026-08-06 06:55:16 : 4434 steps taken, and 16431 accepted.
[1 : mcmc] Progress @ 2026-08-06 06:55:27 : 4898 steps taken, and 16436 accepted.
[3 : mcmc] Progress @ 2026-08-06 06:55:34 : 4783 steps taken, and 16257 accepted.
[2 : mcmc] Progress @ 2026-08-06 06:56:03 : 4855 steps taken, and 16446 accepted.
[0 : mcmc] Progress @ 2026-08-06 06:56:26 : 4442 steps taken, and 16433 accepted.
[1 : mcmc] Progress @ 2026-08-06 06:56:36 : 4905 steps taken, and 16436 accepted.
[3 : mcmc] Progress @ 2026-08-06 06:56:46 : 4788 steps taken, and 16257 accepted.
[2 : mcmc] Progress @ 2026-08-06 06:57:14 : 4861 steps taken, and 16447 accepted.
[0 : mcmc] Progress @ 2026-08-06 06:57:34 : 4450 steps taken, and 16435 accepted.
[1 : mcmc] Progress @ 2026-08-06 06:57:44 : 4913 steps taken, and 16437 accepted.
[3 : mcmc] Progress @ 2026-08-06 06:57:54 : 4792 steps taken, and 16260 accepted.
[2 : mcmc] Progress @ 2026-08-06 06:58:26 : 4870 steps taken, and 16449 accepted.
[0 : mcmc] Progress @ 2026-08-06 06:58:44 : 4457 steps taken, and 16436 accepted.
[1 : mcmc] Progress @ 2026-08-06 06:58:52 : 4922 steps taken, and 16440 accepted.
[3 : mcmc] Progress @ 2026-08-06 06:59:04 : 4802 steps taken, and 16260 accepted.
[2 : mcmc] Progress @ 2026-08-06 06:59:37 : 4878 steps taken, and 16450 accepted.
[0 : mcmc] Progress @ 2026-08-06 06:59:55 : 4470 steps taken, and 16438 accepted.
[1 : mcmc] Progress @ 2026-08-06 06:59:59 : 4928 steps taken, and 16442 accepted.
[3 : mcmc] Progress @ 2026-08-06 07:00:13 : 4811 steps taken, and 16261 accepted.
[2 : mcmc] Progress @ 2026-08-06 07:00:50 : 4885 steps taken, and 16452 accepted.
[0 : mcmc] Progress @ 2026-08-06 07:01:05 : 4481 steps taken, and 16439 accepted.
[1 : mcmc] Progress @ 2026-08-06 07:01:09 : 4932 steps taken, and 16442 accepted.
[3 : mcmc] Progress @ 2026-08-06 07:01:23 : 4817 steps taken, and 16263 accepted.
[2 : mcmc] Progress @ 2026-08-06 07:02:00 : 4891 steps taken, and 16455 accepted.
[0 : mcmc] Progress @ 2026-08-06 07:02:14 : 4487 steps taken, and 16443 accepted.
[1 : mcmc] Progress @ 2026-08-06 07:02:19 : 4937 steps taken, and 16443 accepted.
[3 : mcmc] Progress @ 2026-08-06 07:02:33 : 4824 steps taken, and 16266 accepted.
[2 : mcmc] Progress @ 2026-08-06 07:03:10 : 4896 steps taken, and 16459 accepted.
[0 : mcmc] Progress @ 2026-08-06 07:03:22 : 4502 steps taken, and 16445 accepted.
[1 : mcmc] Progress @ 2026-08-06 07:03:29 : 4944 steps taken, and 16443 accepted.
[3 : mcmc] Progress @ 2026-08-06 07:03:42 : 4831 steps taken, and 16268 accepted.
[2 : mcmc] Progress @ 2026-08-06 07:04:19 : 4900 steps taken, and 16459 accepted.
[0 : mcmc] Progress @ 2026-08-06 07:04:31 : 4520 steps taken, and 16447 accepted.
[1 : mcmc] Progress @ 2026-08-06 07:04:37 : 4953 steps taken, and 16444 accepted.
[3 : mcmc] Progress @ 2026-08-06 07:04:51 : 4836 steps taken, and 16269 accepted.
[2 : mcmc] Progress @ 2026-08-06 07:05:29 : 4904 steps taken, and 16460 accepted.
[0 : mcmc] Progress @ 2026-08-06 07:05:38 : 4527 steps taken, and 16448 accepted.
[1 : mcmc] Progress @ 2026-08-06 07:05:47 : 4959 steps taken, and 16446 accepted.
[3 : mcmc] Progress @ 2026-08-06 07:06:01 : 4842 steps taken, and 16269 accepted.
[2 : mcmc] Progress @ 2026-08-06 07:06:40 : 4910 steps taken, and 16460 accepted.
[0 : mcmc] Progress @ 2026-08-06 07:06:45 : 4535 steps taken, and 16449 accepted.
[1 : mcmc] Progress @ 2026-08-06 07:06:57 : 4971 steps taken, and 16447 accepted.
[3 : mcmc] Progress @ 2026-08-06 07:07:13 : 4848 steps taken, and 16270 accepted.
[2 : mcmc] Progress @ 2026-08-06 07:07:50 : 4915 steps taken, and 16461 accepted.
[0 : mcmc] Progress @ 2026-08-06 07:07:50 : 4544 steps taken, and 16453 accepted.
[1 : mcmc] Progress @ 2026-08-06 07:08:09 : 4978 steps taken, and 16450 accepted.
[3 : mcmc] Progress @ 2026-08-06 07:08:23 : 4853 steps taken, and 16270 accepted.
[2 : mcmc] Progress @ 2026-08-06 07:08:57 : 4919 steps taken, and 16461 accepted.
[0 : mcmc] Progress @ 2026-08-06 07:08:59 : 4549 steps taken, and 16455 accepted.
[1 : mcmc] Progress @ 2026-08-06 07:09:18 : 4983 steps taken, and 16452 accepted.
[3 : mcmc] Progress @ 2026-08-06 07:09:35 : 4858 steps taken, and 16272 accepted.
[2 : mcmc] Progress @ 2026-08-06 07:10:05 : 4924 steps taken, and 16462 accepted.
[0 : mcmc] Progress @ 2026-08-06 07:10:08 : 4555 steps taken, and 16455 accepted.
[1 : mcmc] Progress @ 2026-08-06 07:10:27 : 4996 steps taken, and 16452 accepted.
[3 : mcmc] Progress @ 2026-08-06 07:10:45 : 4867 steps taken, and 16272 accepted.
[2 : mcmc] Progress @ 2026-08-06 07:11:14 : 4929 steps taken, and 16464 accepted.
[0 : mcmc] Progress @ 2026-08-06 07:11:15 : 4559 steps taken, and 16455 accepted.
[1 : mcmc] Progress @ 2026-08-06 07:11:38 : 5006 steps taken, and 16454 accepted.
[3 : mcmc] Progress @ 2026-08-06 07:11:57 : 4872 steps taken, and 16273 accepted.
[2 : mcmc] Progress @ 2026-08-06 07:12:20 : 4941 steps taken, and 16465 accepted.
[0 : mcmc] Progress @ 2026-08-06 07:12:23 : 4564 steps taken, and 16457 accepted.
[1 : mcmc] Progress @ 2026-08-06 07:12:49 : 5012 steps taken, and 16456 accepted.
[3 : mcmc] Progress @ 2026-08-06 07:13:07 : 4879 steps taken, and 16275 accepted.
[2 : mcmc] Progress @ 2026-08-06 07:13:28 : 4948 steps taken, and 16465 accepted.
[0 : mcmc] Progress @ 2026-08-06 07:13:31 : 4569 steps taken, and 16458 accepted.
[1 : mcmc] Progress @ 2026-08-06 07:13:59 : 5030 steps taken, and 16457 accepted.
[3 : mcmc] Progress @ 2026-08-06 07:14:18 : 4884 steps taken, and 16278 accepted.
[2 : mcmc] Progress @ 2026-08-06 07:14:37 : 4962 steps taken, and 16466 accepted.
[0 : mcmc] Progress @ 2026-08-06 07:14:39 : 4574 steps taken, and 16460 accepted.
[1 : mcmc] Progress @ 2026-08-06 07:15:07 : 5045 steps taken, and 16461 accepted.
[3 : mcmc] Progress @ 2026-08-06 07:15:30 : 4889 steps taken, and 16279 accepted.
[2 : mcmc] Progress @ 2026-08-06 07:15:45 : 4975 steps taken, and 16468 accepted.
[0 : mcmc] Progress @ 2026-08-06 07:15:48 : 4579 steps taken, and 16461 accepted.
[1 : mcmc] Progress @ 2026-08-06 07:16:11 : 5053 steps taken, and 16462 accepted.
[3 : mcmc] Progress @ 2026-08-06 07:16:38 : 4893 steps taken, and 16282 accepted.
[2 : mcmc] Progress @ 2026-08-06 07:16:53 : 4980 steps taken, and 16469 accepted.
[0 : mcmc] Progress @ 2026-08-06 07:16:56 : 4584 steps taken, and 16462 accepted.
[1 : mcmc] Progress @ 2026-08-06 07:17:20 : 5060 steps taken, and 16462 accepted.
[3 : mcmc] Progress @ 2026-08-06 07:17:48 : 4897 steps taken, and 16285 accepted.
[2 : mcmc] Progress @ 2026-08-06 07:18:00 : 4990 steps taken, and 16471 accepted.
[0 : mcmc] Progress @ 2026-08-06 07:18:04 : 4588 steps taken, and 16462 accepted.
[1 : mcmc] Progress @ 2026-08-06 07:18:27 : 5067 steps taken, and 16462 accepted.
[3 : mcmc] Progress @ 2026-08-06 07:18:57 : 4909 steps taken, and 16285 accepted.
[2 : mcmc] Progress @ 2026-08-06 07:19:08 : 4995 steps taken, and 16473 accepted.
[0 : mcmc] Progress @ 2026-08-06 07:19:12 : 4593 steps taken, and 16463 accepted.
[1 : mcmc] Progress @ 2026-08-06 07:19:35 : 5075 steps taken, and 16464 accepted.
[3 : mcmc] Progress @ 2026-08-06 07:20:04 : 4915 steps taken, and 16287 accepted.
[2 : mcmc] Progress @ 2026-08-06 07:20:17 : 5003 steps taken, and 16474 accepted.
[0 : mcmc] Progress @ 2026-08-06 07:20:22 : 4604 steps taken, and 16466 accepted.
[1 : mcmc] Progress @ 2026-08-06 07:20:42 : 5079 steps taken, and 16466 accepted.
[3 : mcmc] Progress @ 2026-08-06 07:21:13 : 4919 steps taken, and 16289 accepted.
[2 : mcmc] Progress @ 2026-08-06 07:21:26 : 5011 steps taken, and 16477 accepted.
[0 : mcmc] Progress @ 2026-08-06 07:21:33 : 4608 steps taken, and 16467 accepted.
[1 : mcmc] Progress @ 2026-08-06 07:21:50 : 5084 steps taken, and 16466 accepted.
[3 : mcmc] Progress @ 2026-08-06 07:22:22 : 4926 steps taken, and 16292 accepted.
[2 : mcmc] Progress @ 2026-08-06 07:22:33 : 5025 steps taken, and 16479 accepted.
[0 : mcmc] Progress @ 2026-08-06 07:22:43 : 4617 steps taken, and 16469 accepted.
[1 : mcmc] Progress @ 2026-08-06 07:22:58 : 5089 steps taken, and 16467 accepted.
[3 : mcmc] Progress @ 2026-08-06 07:23:32 : 4933 steps taken, and 16292 accepted.
[2 : mcmc] Progress @ 2026-08-06 07:23:40 : 5030 steps taken, and 16480 accepted.
[0 : mcmc] Progress @ 2026-08-06 07:23:53 : 4621 steps taken, and 16470 accepted.
[1 : mcmc] Progress @ 2026-08-06 07:24:08 : 5094 steps taken, and 16467 accepted.
[3 : mcmc] Progress @ 2026-08-06 07:24:39 : 4937 steps taken, and 16293 accepted.
[2 : mcmc] Progress @ 2026-08-06 07:24:48 : 5037 steps taken, and 16484 accepted.
[0 : mcmc] Progress @ 2026-08-06 07:25:01 : 4626 steps taken, and 16471 accepted.
[1 : mcmc] Progress @ 2026-08-06 07:25:18 : 5098 steps taken, and 16467 accepted.
[3 : mcmc] Progress @ 2026-08-06 07:25:46 : 4942 steps taken, and 16295 accepted.
[2 : mcmc] Progress @ 2026-08-06 07:25:55 : 5046 steps taken, and 16487 accepted.
[0 : mcmc] Progress @ 2026-08-06 07:26:10 : 4634 steps taken, and 16473 accepted.
[1 : mcmc] Progress @ 2026-08-06 07:26:27 : 5104 steps taken, and 16469 accepted.
[3 : mcmc] Progress @ 2026-08-06 07:26:54 : 4947 steps taken, and 16296 accepted.
[2 : mcmc] Progress @ 2026-08-06 07:27:05 : 5053 steps taken, and 16489 accepted.
[0 : mcmc] Progress @ 2026-08-06 07:27:19 : 4642 steps taken, and 16475 accepted.
[1 : mcmc] Progress @ 2026-08-06 07:27:36 : 5108 steps taken, and 16469 accepted.
[3 : mcmc] Progress @ 2026-08-06 07:28:04 : 4951 steps taken, and 16299 accepted.
[2 : mcmc] Progress @ 2026-08-06 07:28:15 : 5065 steps taken, and 16490 accepted.
[0 : mcmc] Progress @ 2026-08-06 07:28:28 : 4648 steps taken, and 16475 accepted.
[1 : mcmc] Progress @ 2026-08-06 07:28:46 : 5113 steps taken, and 16471 accepted.
[3 : mcmc] Progress @ 2026-08-06 07:29:12 : 4962 steps taken, and 16301 accepted.
[2 : mcmc] Progress @ 2026-08-06 07:29:23 : 5070 steps taken, and 16491 accepted.
[0 : mcmc] Progress @ 2026-08-06 07:29:39 : 4657 steps taken, and 16476 accepted.
[1 : mcmc] Progress @ 2026-08-06 07:29:55 : 5119 steps taken, and 16471 accepted.
[3 : mcmc] Progress @ 2026-08-06 07:30:23 : 4970 steps taken, and 16302 accepted.
[2 : mcmc] Progress @ 2026-08-06 07:30:31 : 5076 steps taken, and 16493 accepted.
[0 : mcmc] Progress @ 2026-08-06 07:30:49 : 4663 steps taken, and 16478 accepted.
[1 : mcmc] Progress @ 2026-08-06 07:31:03 : 5124 steps taken, and 16471 accepted.
[3 : mcmc] Progress @ 2026-08-06 07:31:33 : 4983 steps taken, and 16302 accepted.
[2 : mcmc] Progress @ 2026-08-06 07:31:38 : 5081 steps taken, and 16495 accepted.
[0 : mcmc] Progress @ 2026-08-06 07:32:00 : 4667 steps taken, and 16478 accepted.
[1 : mcmc] Progress @ 2026-08-06 07:32:10 : 5130 steps taken, and 16473 accepted.
[3 : mcmc] Progress @ 2026-08-06 07:32:43 : 4993 steps taken, and 16303 accepted.
[2 : mcmc] Progress @ 2026-08-06 07:32:46 : 5086 steps taken, and 16499 accepted.
[0 : mcmc] Progress @ 2026-08-06 07:33:10 : 4671 steps taken, and 16479 accepted.
[1 : mcmc] Progress @ 2026-08-06 07:33:18 : 5135 steps taken, and 16473 accepted.
[2 : mcmc] Progress @ 2026-08-06 07:33:55 : 5092 steps taken, and 16499 accepted.
[3 : mcmc] Progress @ 2026-08-06 07:33:55 : 5006 steps taken, and 16305 accepted.
[0 : mcmc] Progress @ 2026-08-06 07:34:18 : 4679 steps taken, and 16482 accepted.
[1 : mcmc] Progress @ 2026-08-06 07:34:28 : 5139 steps taken, and 16475 accepted.
[2 : mcmc] Progress @ 2026-08-06 07:35:05 : 5102 steps taken, and 16501 accepted.
[3 : mcmc] Progress @ 2026-08-06 07:35:10 : 5013 steps taken, and 16306 accepted.
[0 : mcmc] Progress @ 2026-08-06 07:35:28 : 4685 steps taken, and 16483 accepted.
[1 : mcmc] Progress @ 2026-08-06 07:35:38 : 5146 steps taken, and 16478 accepted.
[2 : mcmc] Progress @ 2026-08-06 07:36:14 : 5110 steps taken, and 16502 accepted.
[3 : mcmc] Progress @ 2026-08-06 07:36:21 : 5027 steps taken, and 16307 accepted.
[0 : mcmc] Progress @ 2026-08-06 07:36:39 : 4691 steps taken, and 16485 accepted.
[1 : mcmc] Progress @ 2026-08-06 07:36:47 : 5155 steps taken, and 16479 accepted.
[2 : mcmc] Progress @ 2026-08-06 07:37:22 : 5116 steps taken, and 16504 accepted.
[3 : mcmc] Progress @ 2026-08-06 07:37:33 : 5033 steps taken, and 16308 accepted.
[0 : mcmc] Progress @ 2026-08-06 07:37:50 : 4699 steps taken, and 16488 accepted.
[1 : mcmc] Progress @ 2026-08-06 07:37:58 : 5167 steps taken, and 16481 accepted.
[2 : mcmc] Progress @ 2026-08-06 07:38:32 : 5127 steps taken, and 16506 accepted.
[3 : mcmc] Progress @ 2026-08-06 07:38:41 : 5042 steps taken, and 16309 accepted.
[0 : mcmc] Progress @ 2026-08-06 07:39:01 : 4715 steps taken, and 16489 accepted.
[1 : mcmc] Progress @ 2026-08-06 07:39:08 : 5176 steps taken, and 16483 accepted.
[2 : mcmc] Progress @ 2026-08-06 07:39:43 : 5138 steps taken, and 16507 accepted.
[3 : mcmc] Progress @ 2026-08-06 07:39:48 : 5052 steps taken, and 16310 accepted.
[0 : mcmc] Progress @ 2026-08-06 07:40:10 : 4721 steps taken, and 16491 accepted.
[1 : mcmc] Progress @ 2026-08-06 07:40:17 : 5188 steps taken, and 16485 accepted.
[2 : mcmc] Progress @ 2026-08-06 07:40:53 : 5146 steps taken, and 16508 accepted.
[3 : mcmc] Progress @ 2026-08-06 07:40:59 : 5059 steps taken, and 16311 accepted.
[0 : mcmc] Progress @ 2026-08-06 07:41:21 : 4732 steps taken, and 16491 accepted.
[1 : mcmc] Progress @ 2026-08-06 07:41:25 : 5195 steps taken, and 16486 accepted.
[2 : mcmc] Progress @ 2026-08-06 07:42:03 : 5169 steps taken, and 16512 accepted.
[3 : mcmc] Progress @ 2026-08-06 07:42:10 : 5075 steps taken, and 16313 accepted.
[0 : mcmc] Progress @ 2026-08-06 07:42:33 : 4738 steps taken, and 16492 accepted.
[1 : mcmc] Progress @ 2026-08-06 07:42:35 : 5199 steps taken, and 16487 accepted.
[2 : mcmc] Progress @ 2026-08-06 07:43:13 : 5173 steps taken, and 16515 accepted.
[3 : mcmc] Progress @ 2026-08-06 07:43:21 : 5087 steps taken, and 16314 accepted.
[0 : mcmc] Progress @ 2026-08-06 07:43:42 : 4746 steps taken, and 16493 accepted.
[1 : mcmc] Progress @ 2026-08-06 07:43:46 : 5206 steps taken, and 16487 accepted.
[2 : mcmc] Progress @ 2026-08-06 07:44:22 : 5179 steps taken, and 16515 accepted.
[3 : mcmc] Progress @ 2026-08-06 07:44:31 : 5092 steps taken, and 16317 accepted.
[0 : mcmc] Progress @ 2026-08-06 07:44:52 : 4753 steps taken, and 16494 accepted.
[1 : mcmc] Progress @ 2026-08-06 07:44:56 : 5210 steps taken, and 16490 accepted.
[2 : mcmc] Progress @ 2026-08-06 07:45:30 : 5190 steps taken, and 16515 accepted.
[3 : mcmc] Progress @ 2026-08-06 07:45:40 : 5096 steps taken, and 16319 accepted.
[0 : mcmc] Progress @ 2026-08-06 07:46:02 : 4761 steps taken, and 16494 accepted.
[1 : mcmc] Progress @ 2026-08-06 07:46:07 : 5215 steps taken, and 16490 accepted.
[2 : mcmc] Progress @ 2026-08-06 07:46:42 : 5200 steps taken, and 16516 accepted.
[3 : mcmc] Progress @ 2026-08-06 07:46:49 : 5101 steps taken, and 16321 accepted.
[0 : mcmc] Progress @ 2026-08-06 07:47:10 : 4767 steps taken, and 16495 accepted.
[1 : mcmc] Progress @ 2026-08-06 07:47:18 : 5222 steps taken, and 16490 accepted.
[2 : mcmc] Progress @ 2026-08-06 07:47:50 : 5206 steps taken, and 16517 accepted.
[3 : mcmc] Progress @ 2026-08-06 07:47:59 : 5107 steps taken, and 16322 accepted.
[0 : mcmc] Progress @ 2026-08-06 07:48:20 : 4774 steps taken, and 16498 accepted.
[1 : mcmc] Progress @ 2026-08-06 07:48:29 : 5229 steps taken, and 16492 accepted.
[2 : mcmc] Progress @ 2026-08-06 07:48:59 : 5211 steps taken, and 16518 accepted.
[3 : mcmc] Progress @ 2026-08-06 07:49:12 : 5113 steps taken, and 16323 accepted.
[0 : mcmc] Progress @ 2026-08-06 07:49:31 : 4778 steps taken, and 16499 accepted.
[1 : mcmc] Progress @ 2026-08-06 07:49:39 : 5233 steps taken, and 16492 accepted.
[2 : mcmc] Progress @ 2026-08-06 07:50:09 : 5218 steps taken, and 16520 accepted.
[3 : mcmc] Progress @ 2026-08-06 07:50:24 : 5119 steps taken, and 16324 accepted.
[0 : mcmc] Progress @ 2026-08-06 07:50:40 : 4785 steps taken, and 16500 accepted.
[1 : mcmc] Progress @ 2026-08-06 07:50:50 : 5238 steps taken, and 16493 accepted.
[2 : mcmc] Progress @ 2026-08-06 07:51:19 : 5223 steps taken, and 16523 accepted.
[3 : mcmc] Progress @ 2026-08-06 07:51:35 : 5124 steps taken, and 16327 accepted.
[0 : mcmc] Progress @ 2026-08-06 07:51:49 : 4793 steps taken, and 16502 accepted.
[1 : mcmc] Progress @ 2026-08-06 07:51:59 : 5250 steps taken, and 16495 accepted.
[2 : mcmc] Progress @ 2026-08-06 07:52:29 : 5231 steps taken, and 16525 accepted.
[3 : mcmc] Progress @ 2026-08-06 07:52:47 : 5133 steps taken, and 16329 accepted.
[0 : mcmc] Progress @ 2026-08-06 07:52:55 : 4809 steps taken, and 16503 accepted.
[1 : mcmc] Progress @ 2026-08-06 07:53:09 : 5257 steps taken, and 16497 accepted.
[2 : mcmc] Progress @ 2026-08-06 07:53:42 : 5238 steps taken, and 16527 accepted.
[3 : mcmc] Progress @ 2026-08-06 07:53:58 : 5137 steps taken, and 16330 accepted.
[0 : mcmc] Progress @ 2026-08-06 07:54:03 : 4817 steps taken, and 16505 accepted.
[1 : mcmc] Progress @ 2026-08-06 07:54:18 : 5265 steps taken, and 16500 accepted.
[2 : mcmc] Progress @ 2026-08-06 07:54:53 : 5244 steps taken, and 16530 accepted.
[3 : mcmc] Progress @ 2026-08-06 07:55:08 : 5144 steps taken, and 16331 accepted.
[0 : mcmc] Progress @ 2026-08-06 07:55:11 : 4823 steps taken, and 16507 accepted.
[1 : mcmc] Progress @ 2026-08-06 07:55:27 : 5279 steps taken, and 16503 accepted.
[2 : mcmc] Progress @ 2026-08-06 07:56:04 : 5259 steps taken, and 16532 accepted.
[3 : mcmc] Progress @ 2026-08-06 07:56:20 : 5150 steps taken, and 16333 accepted.
[0 : mcmc] Progress @ 2026-08-06 07:56:23 : 4830 steps taken, and 16508 accepted.
[1 : mcmc] Progress @ 2026-08-06 07:56:38 : 5286 steps taken, and 16505 accepted.
[2 : mcmc] Progress @ 2026-08-06 07:57:14 : 5264 steps taken, and 16534 accepted.
[3 : mcmc] Progress @ 2026-08-06 07:57:31 : 5159 steps taken, and 16334 accepted.
[0 : mcmc] Progress @ 2026-08-06 07:57:32 : 4837 steps taken, and 16510 accepted.
[1 : mcmc] Progress @ 2026-08-06 07:57:47 : 5295 steps taken, and 16507 accepted.
[2 : mcmc] Progress @ 2026-08-06 07:58:25 : 5270 steps taken, and 16534 accepted.
[0 : mcmc] Progress @ 2026-08-06 07:58:41 : 4844 steps taken, and 16511 accepted.
[3 : mcmc] Progress @ 2026-08-06 07:58:41 : 5165 steps taken, and 16335 accepted.
[1 : mcmc] Progress @ 2026-08-06 07:58:56 : 5302 steps taken, and 16509 accepted.
[2 : mcmc] Progress @ 2026-08-06 07:59:35 : 5276 steps taken, and 16535 accepted.
[0 : mcmc] Progress @ 2026-08-06 07:59:50 : 4853 steps taken, and 16511 accepted.
[3 : mcmc] Progress @ 2026-08-06 07:59:53 : 5172 steps taken, and 16338 accepted.
[1 : mcmc] Progress @ 2026-08-06 08:00:08 : 5308 steps taken, and 16512 accepted.
[2 : mcmc] Progress @ 2026-08-06 08:00:47 : 5284 steps taken, and 16536 accepted.
[0 : mcmc] Progress @ 2026-08-06 08:01:00 : 4862 steps taken, and 16512 accepted.
[3 : mcmc] Progress @ 2026-08-06 08:01:05 : 5178 steps taken, and 16340 accepted.
[1 : mcmc] Progress @ 2026-08-06 08:01:19 : 5318 steps taken, and 16513 accepted.
[2 : mcmc] Progress @ 2026-08-06 08:01:57 : 5288 steps taken, and 16538 accepted.
[0 : mcmc] Progress @ 2026-08-06 08:02:09 : 4871 steps taken, and 16512 accepted.
[3 : mcmc] Progress @ 2026-08-06 08:02:16 : 5185 steps taken, and 16341 accepted.
[1 : mcmc] Progress @ 2026-08-06 08:02:31 : 5324 steps taken, and 16514 accepted.
[2 : mcmc] Progress @ 2026-08-06 08:03:06 : 5298 steps taken, and 16538 accepted.
[0 : mcmc] Progress @ 2026-08-06 08:03:14 : 4875 steps taken, and 16513 accepted.
[3 : mcmc] Progress @ 2026-08-06 08:03:26 : 5195 steps taken, and 16344 accepted.
[1 : mcmc] Progress @ 2026-08-06 08:03:42 : 5328 steps taken, and 16518 accepted.
[2 : mcmc] Progress @ 2026-08-06 08:04:19 : 5302 steps taken, and 16541 accepted.
[0 : mcmc] Progress @ 2026-08-06 08:04:22 : 4886 steps taken, and 16515 accepted.
[3 : mcmc] Progress @ 2026-08-06 08:04:34 : 5212 steps taken, and 16347 accepted.
[1 : mcmc] Progress @ 2026-08-06 08:04:54 : 5334 steps taken, and 16520 accepted.
[2 : mcmc] Progress @ 2026-08-06 08:05:29 : 5313 steps taken, and 16545 accepted.
[0 : mcmc] Progress @ 2026-08-06 08:05:30 : 4895 steps taken, and 16516 accepted.
[3 : mcmc] Progress @ 2026-08-06 08:05:43 : 5228 steps taken, and 16348 accepted.
[1 : mcmc] Progress @ 2026-08-06 08:06:05 : 5354 steps taken, and 16522 accepted.
[0 : mcmc] Progress @ 2026-08-06 08:06:40 : 4903 steps taken, and 16519 accepted.
[2 : mcmc] Progress @ 2026-08-06 08:06:41 : 5322 steps taken, and 16546 accepted.
[3 : mcmc] Progress @ 2026-08-06 08:06:50 : 5240 steps taken, and 16348 accepted.
[1 : mcmc] Progress @ 2026-08-06 08:07:18 : 5360 steps taken, and 16523 accepted.
[2 : mcmc] Progress @ 2026-08-06 08:07:50 : 5333 steps taken, and 16546 accepted.
[0 : mcmc] Progress @ 2026-08-06 08:07:52 : 4911 steps taken, and 16522 accepted.
[3 : mcmc] Progress @ 2026-08-06 08:07:58 : 5251 steps taken, and 16350 accepted.
[1 : mcmc] Progress @ 2026-08-06 08:08:28 : 5366 steps taken, and 16525 accepted.
[2 : mcmc] Progress @ 2026-08-06 08:09:01 : 5337 steps taken, and 16547 accepted.
[0 : mcmc] Progress @ 2026-08-06 08:09:03 : 4918 steps taken, and 16523 accepted.
[3 : mcmc] Progress @ 2026-08-06 08:09:06 : 5256 steps taken, and 16350 accepted.
[1 : mcmc] Progress @ 2026-08-06 08:09:40 : 5371 steps taken, and 16526 accepted.
[2 : mcmc] Progress @ 2026-08-06 08:10:10 : 5344 steps taken, and 16548 accepted.
[0 : mcmc] Progress @ 2026-08-06 08:10:14 : 4928 steps taken, and 16523 accepted.
[3 : mcmc] Progress @ 2026-08-06 08:10:15 : 5264 steps taken, and 16352 accepted.
[1 : mcmc] Progress @ 2026-08-06 08:10:51 : 5376 steps taken, and 16527 accepted.
[2 : mcmc] Progress @ 2026-08-06 08:11:20 : 5352 steps taken, and 16549 accepted.
[3 : mcmc] Progress @ 2026-08-06 08:11:25 : 5272 steps taken, and 16352 accepted.
[0 : mcmc] Progress @ 2026-08-06 08:11:26 : 4943 steps taken, and 16524 accepted.
[1 : mcmc] Progress @ 2026-08-06 08:12:01 : 5381 steps taken, and 16528 accepted.
[2 : mcmc] Progress @ 2026-08-06 08:12:29 : 5358 steps taken, and 16550 accepted.
[3 : mcmc] Progress @ 2026-08-06 08:12:35 : 5280 steps taken, and 16353 accepted.
[0 : mcmc] Progress @ 2026-08-06 08:12:36 : 4956 steps taken, and 16524 accepted.
[1 : mcmc] Progress @ 2026-08-06 08:13:13 : 5387 steps taken, and 16528 accepted.
[2 : mcmc] Progress @ 2026-08-06 08:13:36 : 5363 steps taken, and 16552 accepted.
[3 : mcmc] Progress @ 2026-08-06 08:13:44 : 5288 steps taken, and 16355 accepted.
[0 : mcmc] Progress @ 2026-08-06 08:13:46 : 4964 steps taken, and 16524 accepted.
[1 : mcmc] Progress @ 2026-08-06 08:14:23 : 5391 steps taken, and 16529 accepted.
[2 : mcmc] Progress @ 2026-08-06 08:14:47 : 5372 steps taken, and 16554 accepted.
[3 : mcmc] Progress @ 2026-08-06 08:14:53 : 5295 steps taken, and 16356 accepted.
[0 : mcmc] Progress @ 2026-08-06 08:14:57 : 4979 steps taken, and 16525 accepted.
[1 : mcmc] Progress @ 2026-08-06 08:15:33 : 5397 steps taken, and 16530 accepted.
[2 : mcmc] Progress @ 2026-08-06 08:15:56 : 5379 steps taken, and 16556 accepted.
[3 : mcmc] Progress @ 2026-08-06 08:16:02 : 5302 steps taken, and 16358 accepted.
[0 : mcmc] Progress @ 2026-08-06 08:16:07 : 4995 steps taken, and 16527 accepted.
[1 : mcmc] Progress @ 2026-08-06 08:16:44 : 5401 steps taken, and 16530 accepted.
[2 : mcmc] Progress @ 2026-08-06 08:17:04 : 5387 steps taken, and 16558 accepted.
[3 : mcmc] Progress @ 2026-08-06 08:17:13 : 5310 steps taken, and 16359 accepted.
[0 : mcmc] Progress @ 2026-08-06 08:17:14 : 5000 steps taken, and 16528 accepted.
[1 : mcmc] Progress @ 2026-08-06 08:17:54 : 5405 steps taken, and 16530 accepted.
[2 : mcmc] Progress @ 2026-08-06 08:18:12 : 5391 steps taken, and 16558 accepted.
[0 : mcmc] Progress @ 2026-08-06 08:18:22 : 5007 steps taken, and 16530 accepted.
[3 : mcmc] Progress @ 2026-08-06 08:18:23 : 5315 steps taken, and 16360 accepted.
[1 : mcmc] Progress @ 2026-08-06 08:19:06 : 5409 steps taken, and 16532 accepted.
[2 : mcmc] Progress @ 2026-08-06 08:19:23 : 5402 steps taken, and 16560 accepted.
[0 : mcmc] Progress @ 2026-08-06 08:19:29 : 5016 steps taken, and 16531 accepted.
[3 : mcmc] Progress @ 2026-08-06 08:19:31 : 5326 steps taken, and 16362 accepted.
[1 : mcmc] Progress @ 2026-08-06 08:20:16 : 5414 steps taken, and 16533 accepted.
[2 : mcmc] Progress @ 2026-08-06 08:20:34 : 5412 steps taken, and 16561 accepted.
[0 : mcmc] Progress @ 2026-08-06 08:20:37 : 5025 steps taken, and 16533 accepted.
[3 : mcmc] Progress @ 2026-08-06 08:20:38 : 5332 steps taken, and 16363 accepted.
[1 : mcmc] Progress @ 2026-08-06 08:21:25 : 5420 steps taken, and 16535 accepted.
[2 : mcmc] Progress @ 2026-08-06 08:21:44 : 5420 steps taken, and 16563 accepted.
[3 : mcmc] Progress @ 2026-08-06 08:21:47 : 5336 steps taken, and 16364 accepted.
[0 : mcmc] Progress @ 2026-08-06 08:21:48 : 5029 steps taken, and 16533 accepted.
[1 : mcmc] Progress @ 2026-08-06 08:22:34 : 5424 steps taken, and 16536 accepted.
[2 : mcmc] Progress @ 2026-08-06 08:22:55 : 5428 steps taken, and 16564 accepted.
[3 : mcmc] Progress @ 2026-08-06 08:22:55 : 5340 steps taken, and 16365 accepted.
[0 : mcmc] Progress @ 2026-08-06 08:22:58 : 5037 steps taken, and 16533 accepted.
[1 : mcmc] Progress @ 2026-08-06 08:23:44 : 5428 steps taken, and 16537 accepted.
[3 : mcmc] Progress @ 2026-08-06 08:24:02 : 5344 steps taken, and 16366 accepted.
[2 : mcmc] Progress @ 2026-08-06 08:24:05 : 5434 steps taken, and 16566 accepted.
[0 : mcmc] Progress @ 2026-08-06 08:24:07 : 5043 steps taken, and 16535 accepted.
[1 : mcmc] Progress @ 2026-08-06 08:24:55 : 5433 steps taken, and 16537 accepted.
[3 : mcmc] Progress @ 2026-08-06 08:25:12 : 5353 steps taken, and 16367 accepted.
[2 : mcmc] Progress @ 2026-08-06 08:25:15 : 5438 steps taken, and 16569 accepted.
[0 : mcmc] Progress @ 2026-08-06 08:25:17 : 5049 steps taken, and 16536 accepted.
[1 : mcmc] Progress @ 2026-08-06 08:26:07 : 5438 steps taken, and 16539 accepted.
[3 : mcmc] Progress @ 2026-08-06 08:26:21 : 5358 steps taken, and 16370 accepted.
[2 : mcmc] Progress @ 2026-08-06 08:26:24 : 5445 steps taken, and 16570 accepted.
[0 : mcmc] Progress @ 2026-08-06 08:26:27 : 5055 steps taken, and 16537 accepted.
[1 : mcmc] Progress @ 2026-08-06 08:27:18 : 5445 steps taken, and 16541 accepted.
[3 : mcmc] Progress @ 2026-08-06 08:27:31 : 5363 steps taken, and 16370 accepted.
[2 : mcmc] Progress @ 2026-08-06 08:27:34 : 5450 steps taken, and 16570 accepted.
[0 : mcmc] Progress @ 2026-08-06 08:27:37 : 5065 steps taken, and 16540 accepted.
[1 : mcmc] Progress @ 2026-08-06 08:28:29 : 5452 steps taken, and 16542 accepted.
[3 : mcmc] Progress @ 2026-08-06 08:28:37 : 5368 steps taken, and 16373 accepted.
[2 : mcmc] Progress @ 2026-08-06 08:28:45 : 5460 steps taken, and 16573 accepted.
[0 : mcmc] Progress @ 2026-08-06 08:28:47 : 5071 steps taken, and 16542 accepted.
[1 : mcmc] Progress @ 2026-08-06 08:29:42 : 5458 steps taken, and 16544 accepted.
[3 : mcmc] Progress @ 2026-08-06 08:29:44 : 5374 steps taken, and 16374 accepted.
[2 : mcmc] Progress @ 2026-08-06 08:29:55 : 5464 steps taken, and 16575 accepted.
[0 : mcmc] Progress @ 2026-08-06 08:29:58 : 5079 steps taken, and 16543 accepted.
[1 : mcmc] Progress @ 2026-08-06 08:30:53 : 5463 steps taken, and 16545 accepted.
[3 : mcmc] Progress @ 2026-08-06 08:30:54 : 5381 steps taken, and 16375 accepted.
[2 : mcmc] Progress @ 2026-08-06 08:31:04 : 5470 steps taken, and 16576 accepted.
[0 : mcmc] Progress @ 2026-08-06 08:31:09 : 5085 steps taken, and 16545 accepted.
[1 : mcmc] Progress @ 2026-08-06 08:32:05 : 5472 steps taken, and 16548 accepted.
[3 : mcmc] Progress @ 2026-08-06 08:32:05 : 5385 steps taken, and 16376 accepted.
[2 : mcmc] Progress @ 2026-08-06 08:32:11 : 5476 steps taken, and 16577 accepted.
[0 : mcmc] Progress @ 2026-08-06 08:32:19 : 5091 steps taken, and 16549 accepted.
[3 : mcmc] Progress @ 2026-08-06 08:33:14 : 5391 steps taken, and 16377 accepted.
[1 : mcmc] Progress @ 2026-08-06 08:33:17 : 5491 steps taken, and 16548 accepted.
[2 : mcmc] Progress @ 2026-08-06 08:33:20 : 5481 steps taken, and 16579 accepted.
[0 : mcmc] Progress @ 2026-08-06 08:33:26 : 5096 steps taken, and 16549 accepted.
[3 : mcmc] Progress @ 2026-08-06 08:34:22 : 5396 steps taken, and 16377 accepted.
[2 : mcmc] Progress @ 2026-08-06 08:34:30 : 5487 steps taken, and 16579 accepted.
[1 : mcmc] Progress @ 2026-08-06 08:34:30 : 5501 steps taken, and 16548 accepted.
[0 : mcmc] Progress @ 2026-08-06 08:34:33 : 5105 steps taken, and 16550 accepted.
[3 : mcmc] Progress @ 2026-08-06 08:35:29 : 5403 steps taken, and 16377 accepted.
[2 : mcmc] Progress @ 2026-08-06 08:35:41 : 5492 steps taken, and 16581 accepted.
[0 : mcmc] Progress @ 2026-08-06 08:35:42 : 5115 steps taken, and 16551 accepted.
[1 : mcmc] Progress @ 2026-08-06 08:35:42 : 5506 steps taken, and 16550 accepted.
[3 : mcmc] Progress @ 2026-08-06 08:36:38 : 5408 steps taken, and 16378 accepted.
[0 : mcmc] Progress @ 2026-08-06 08:36:51 : 5120 steps taken, and 16551 accepted.
[2 : mcmc] Progress @ 2026-08-06 08:36:52 : 5502 steps taken, and 16582 accepted.
[1 : mcmc] Progress @ 2026-08-06 08:36:53 : 5510 steps taken, and 16553 accepted.
[3 : mcmc] Progress @ 2026-08-06 08:37:52 : 5412 steps taken, and 16379 accepted.
[0 : mcmc] Progress @ 2026-08-06 08:38:04 : 5127 steps taken, and 16552 accepted.
[2 : mcmc] Progress @ 2026-08-06 08:38:10 : 5519 steps taken, and 16583 accepted.
[1 : mcmc] Progress @ 2026-08-06 08:38:10 : 5517 steps taken, and 16554 accepted.
[3 : mcmc] Progress @ 2026-08-06 08:38:52 : 5417 steps taken, and 16380 accepted.
[1 : mcmc] Progress @ 2026-08-06 08:39:10 : 5522 steps taken, and 16556 accepted.
[0 : mcmc] Progress @ 2026-08-06 08:39:13 : 5131 steps taken, and 16554 accepted.
[2 : mcmc] Progress @ 2026-08-06 08:39:23 : 5526 steps taken, and 16584 accepted.
[3 : mcmc] Progress @ 2026-08-06 08:40:02 : 5421 steps taken, and 16381 accepted.
[0 : mcmc] Progress @ 2026-08-06 08:40:21 : 5136 steps taken, and 16555 accepted.
[1 : mcmc] Progress @ 2026-08-06 08:40:22 : 5526 steps taken, and 16556 accepted.
[2 : mcmc] Progress @ 2026-08-06 08:40:32 : 5534 steps taken, and 16585 accepted.
[3 : mcmc] Progress @ 2026-08-06 08:41:11 : 5426 steps taken, and 16382 accepted.
[0 : mcmc] Progress @ 2026-08-06 08:41:30 : 5144 steps taken, and 16556 accepted.
[1 : mcmc] Progress @ 2026-08-06 08:41:32 : 5531 steps taken, and 16556 accepted.
[2 : mcmc] Progress @ 2026-08-06 08:41:41 : 5543 steps taken, and 16585 accepted.
[3 : mcmc] Progress @ 2026-08-06 08:42:22 : 5433 steps taken, and 16384 accepted.
[0 : mcmc] Progress @ 2026-08-06 08:42:41 : 5148 steps taken, and 16559 accepted.
[1 : mcmc] Progress @ 2026-08-06 08:42:44 : 5537 steps taken, and 16557 accepted.
[2 : mcmc] Progress @ 2026-08-06 08:42:47 : 5554 steps taken, and 16587 accepted.
[3 : mcmc] Progress @ 2026-08-06 08:43:34 : 5441 steps taken, and 16385 accepted.
[0 : mcmc] Progress @ 2026-08-06 08:43:49 : 5153 steps taken, and 16560 accepted.
[1 : mcmc] Progress @ 2026-08-06 08:43:54 : 5544 steps taken, and 16557 accepted.
[2 : mcmc] Progress @ 2026-08-06 08:43:57 : 5559 steps taken, and 16588 accepted.
[3 : mcmc] Progress @ 2026-08-06 08:44:43 : 5448 steps taken, and 16385 accepted.
[0 : mcmc] Progress @ 2026-08-06 08:44:56 : 5159 steps taken, and 16560 accepted.
[1 : mcmc] Progress @ 2026-08-06 08:45:05 : 5556 steps taken, and 16559 accepted.
[2 : mcmc] Progress @ 2026-08-06 08:45:07 : 5565 steps taken, and 16589 accepted.
[3 : mcmc] Progress @ 2026-08-06 08:45:53 : 5453 steps taken, and 16386 accepted.
[0 : mcmc] Progress @ 2026-08-06 08:46:02 : 5166 steps taken, and 16562 accepted.
[1 : mcmc] Progress @ 2026-08-06 08:46:16 : 5564 steps taken, and 16560 accepted.
[2 : mcmc] Progress @ 2026-08-06 08:46:16 : 5569 steps taken, and 16591 accepted.
[3 : mcmc] Progress @ 2026-08-06 08:47:03 : 5458 steps taken, and 16388 accepted.
[0 : mcmc] Progress @ 2026-08-06 08:47:11 : 5174 steps taken, and 16563 accepted.
[2 : mcmc] Progress @ 2026-08-06 08:47:26 : 5574 steps taken, and 16592 accepted.
[1 : mcmc] Progress @ 2026-08-06 08:47:28 : 5575 steps taken, and 16561 accepted.
[3 : mcmc] Progress @ 2026-08-06 08:48:14 : 5465 steps taken, and 16389 accepted.
[0 : mcmc] Progress @ 2026-08-06 08:48:19 : 5178 steps taken, and 16567 accepted.
[2 : mcmc] Progress @ 2026-08-06 08:48:35 : 5580 steps taken, and 16593 accepted.
[1 : mcmc] Progress @ 2026-08-06 08:48:39 : 5581 steps taken, and 16562 accepted.
[3 : mcmc] Progress @ 2026-08-06 08:49:24 : 5475 steps taken, and 16389 accepted.
[0 : mcmc] Progress @ 2026-08-06 08:49:25 : 5182 steps taken, and 16568 accepted.
[2 : mcmc] Progress @ 2026-08-06 08:49:46 : 5585 steps taken, and 16594 accepted.
[1 : mcmc] Progress @ 2026-08-06 08:49:48 : 5586 steps taken, and 16563 accepted.
[3 : mcmc] Progress @ 2026-08-06 08:50:33 : 5480 steps taken, and 16390 accepted.
[0 : mcmc] Progress @ 2026-08-06 08:50:34 : 5188 steps taken, and 16571 accepted.
[2 : mcmc] Progress @ 2026-08-06 08:50:55 : 5594 steps taken, and 16594 accepted.
[1 : mcmc] Progress @ 2026-08-06 08:50:56 : 5592 steps taken, and 16565 accepted.
[0 : mcmc] Progress @ 2026-08-06 08:51:44 : 5195 steps taken, and 16571 accepted.
[3 : mcmc] Progress @ 2026-08-06 08:51:45 : 5487 steps taken, and 16392 accepted.
[2 : mcmc] Progress @ 2026-08-06 08:52:05 : 5600 steps taken, and 16595 accepted.
[1 : mcmc] Progress @ 2026-08-06 08:52:05 : 5599 steps taken, and 16566 accepted.
[0 : mcmc] Progress @ 2026-08-06 08:52:54 : 5199 steps taken, and 16573 accepted.
[3 : mcmc] Progress @ 2026-08-06 08:52:55 : 5494 steps taken, and 16395 accepted.
[2 : mcmc] Progress @ 2026-08-06 08:53:14 : 5612 steps taken, and 16596 accepted.
[1 : mcmc] Progress @ 2026-08-06 08:53:16 : 5615 steps taken, and 16566 accepted.
[0 : mcmc] Progress @ 2026-08-06 08:54:02 : 5204 steps taken, and 16574 accepted.
[3 : mcmc] Progress @ 2026-08-06 08:54:04 : 5500 steps taken, and 16397 accepted.
[2 : mcmc] Progress @ 2026-08-06 08:54:23 : 5618 steps taken, and 16598 accepted.
[1 : mcmc] Progress @ 2026-08-06 08:54:27 : 5622 steps taken, and 16567 accepted.
[0 : mcmc] Progress @ 2026-08-06 08:55:08 : 5209 steps taken, and 16574 accepted.
[3 : mcmc] Progress @ 2026-08-06 08:55:13 : 5507 steps taken, and 16398 accepted.
[2 : mcmc] Progress @ 2026-08-06 08:55:33 : 5627 steps taken, and 16598 accepted.
[1 : mcmc] Progress @ 2026-08-06 08:55:37 : 5633 steps taken, and 16567 accepted.
[0 : mcmc] Progress @ 2026-08-06 08:56:16 : 5213 steps taken, and 16576 accepted.
[3 : mcmc] Progress @ 2026-08-06 08:56:22 : 5513 steps taken, and 16399 accepted.
[2 : mcmc] Progress @ 2026-08-06 08:56:42 : 5633 steps taken, and 16600 accepted.
[1 : mcmc] Progress @ 2026-08-06 08:56:45 : 5638 steps taken, and 16569 accepted.
[0 : mcmc] Progress @ 2026-08-06 08:57:23 : 5221 steps taken, and 16577 accepted.
[3 : mcmc] Progress @ 2026-08-06 08:57:32 : 5518 steps taken, and 16402 accepted.
[2 : mcmc] Progress @ 2026-08-06 08:57:53 : 5638 steps taken, and 16601 accepted.
[1 : mcmc] Progress @ 2026-08-06 08:57:54 : 5648 steps taken, and 16569 accepted.
[0 : mcmc] Progress @ 2026-08-06 08:58:31 : 5229 steps taken, and 16577 accepted.
[3 : mcmc] Progress @ 2026-08-06 08:58:43 : 5526 steps taken, and 16405 accepted.
[1 : mcmc] Progress @ 2026-08-06 08:59:04 : 5654 steps taken, and 16571 accepted.
[2 : mcmc] Progress @ 2026-08-06 08:59:06 : 5644 steps taken, and 16602 accepted.
[0 : mcmc] Progress @ 2026-08-06 08:59:39 : 5235 steps taken, and 16577 accepted.
[3 : mcmc] Progress @ 2026-08-06 08:59:55 : 5538 steps taken, and 16407 accepted.
[1 : mcmc] Progress @ 2026-08-06 09:00:13 : 5660 steps taken, and 16572 accepted.
[2 : mcmc] Progress @ 2026-08-06 09:00:18 : 5650 steps taken, and 16604 accepted.
[0 : mcmc] Progress @ 2026-08-06 09:00:48 : 5240 steps taken, and 16579 accepted.
[3 : mcmc] Progress @ 2026-08-06 09:01:04 : 5547 steps taken, and 16409 accepted.
[1 : mcmc] Progress @ 2026-08-06 09:01:24 : 5666 steps taken, and 16573 accepted.
[2 : mcmc] Progress @ 2026-08-06 09:01:28 : 5654 steps taken, and 16606 accepted.
[0 : mcmc] Progress @ 2026-08-06 09:01:57 : 5245 steps taken, and 16581 accepted.
[3 : mcmc] Progress @ 2026-08-06 09:02:15 : 5560 steps taken, and 16412 accepted.
[1 : mcmc] Progress @ 2026-08-06 09:02:34 : 5671 steps taken, and 16575 accepted.
[2 : mcmc] Progress @ 2026-08-06 09:02:37 : 5658 steps taken, and 16608 accepted.
[0 : mcmc] Progress @ 2026-08-06 09:03:04 : 5250 steps taken, and 16582 accepted.
[3 : mcmc] Progress @ 2026-08-06 09:03:23 : 5573 steps taken, and 16413 accepted.
[1 : mcmc] Progress @ 2026-08-06 09:03:47 : 5680 steps taken, and 16576 accepted.
[2 : mcmc] Progress @ 2026-08-06 09:03:48 : 5663 steps taken, and 16610 accepted.
[0 : mcmc] Progress @ 2026-08-06 09:04:13 : 5255 steps taken, and 16585 accepted.
[3 : mcmc] Progress @ 2026-08-06 09:04:31 : 5581 steps taken, and 16415 accepted.
[1 : mcmc] Progress @ 2026-08-06 09:04:58 : 5692 steps taken, and 16578 accepted.
[2 : mcmc] Progress @ 2026-08-06 09:04:58 : 5668 steps taken, and 16610 accepted.
[0 : mcmc] Progress @ 2026-08-06 09:05:21 : 5260 steps taken, and 16585 accepted.
[3 : mcmc] Progress @ 2026-08-06 09:05:40 : 5588 steps taken, and 16415 accepted.
[1 : mcmc] Progress @ 2026-08-06 09:06:10 : 5698 steps taken, and 16578 accepted.
[2 : mcmc] Progress @ 2026-08-06 09:06:11 : 5673 steps taken, and 16610 accepted.
[0 : mcmc] Progress @ 2026-08-06 09:06:29 : 5264 steps taken, and 16585 accepted.
[3 : mcmc] Progress @ 2026-08-06 09:06:49 : 5601 steps taken, and 16418 accepted.
[1 : mcmc] Progress @ 2026-08-06 09:07:21 : 5703 steps taken, and 16578 accepted.
[2 : mcmc] Progress @ 2026-08-06 09:07:23 : 5678 steps taken, and 16611 accepted.
[0 : mcmc] Progress @ 2026-08-06 09:07:40 : 5269 steps taken, and 16587 accepted.
[3 : mcmc] Progress @ 2026-08-06 09:07:58 : 5606 steps taken, and 16420 accepted.
[1 : mcmc] Progress @ 2026-08-06 09:08:34 : 5714 steps taken, and 16578 accepted.
[2 : mcmc] Progress @ 2026-08-06 09:08:35 : 5683 steps taken, and 16612 accepted.
[0 : mcmc] Progress @ 2026-08-06 09:08:51 : 5274 steps taken, and 16588 accepted.
[3 : mcmc] Progress @ 2026-08-06 09:09:11 : 5614 steps taken, and 16424 accepted.
[1 : mcmc] Progress @ 2026-08-06 09:09:46 : 5724 steps taken, and 16578 accepted.
[2 : mcmc] Progress @ 2026-08-06 09:09:46 : 5688 steps taken, and 16613 accepted.
[0 : mcmc] Progress @ 2026-08-06 09:10:02 : 5278 steps taken, and 16590 accepted.
[3 : mcmc] Progress @ 2026-08-06 09:10:22 : 5621 steps taken, and 16424 accepted.
[2 : mcmc] Progress @ 2026-08-06 09:10:54 : 5695 steps taken, and 16614 accepted.
[1 : mcmc] Progress @ 2026-08-06 09:10:57 : 5732 steps taken, and 16578 accepted.
[0 : mcmc] Progress @ 2026-08-06 09:11:12 : 5284 steps taken, and 16591 accepted.
[3 : mcmc] Progress @ 2026-08-06 09:11:35 : 5628 steps taken, and 16424 accepted.
[2 : mcmc] Progress @ 2026-08-06 09:12:05 : 5705 steps taken, and 16617 accepted.
[1 : mcmc] Progress @ 2026-08-06 09:12:07 : 5740 steps taken, and 16578 accepted.
[0 : mcmc] Progress @ 2026-08-06 09:12:23 : 5289 steps taken, and 16592 accepted.
[3 : mcmc] Progress @ 2026-08-06 09:12:44 : 5635 steps taken, and 16425 accepted.
[2 : mcmc] Progress @ 2026-08-06 09:13:14 : 5718 steps taken, and 16619 accepted.
[1 : mcmc] Progress @ 2026-08-06 09:13:18 : 5747 steps taken, and 16578 accepted.
[0 : mcmc] Progress @ 2026-08-06 09:13:34 : 5295 steps taken, and 16593 accepted.
[3 : mcmc] Progress @ 2026-08-06 09:13:55 : 5643 steps taken, and 16427 accepted.
[2 : mcmc] Progress @ 2026-08-06 09:14:22 : 5728 steps taken, and 16622 accepted.
[1 : mcmc] Progress @ 2026-08-06 09:14:31 : 5753 steps taken, and 16580 accepted.
[0 : mcmc] Progress @ 2026-08-06 09:14:46 : 5303 steps taken, and 16593 accepted.
[3 : mcmc] Progress @ 2026-08-06 09:15:04 : 5650 steps taken, and 16427 accepted.
[2 : mcmc] Progress @ 2026-08-06 09:15:27 : 5738 steps taken, and 16623 accepted.
[1 : mcmc] Progress @ 2026-08-06 09:15:41 : 5759 steps taken, and 16580 accepted.
[0 : mcmc] Progress @ 2026-08-06 09:15:56 : 5312 steps taken, and 16595 accepted.
[3 : mcmc] Progress @ 2026-08-06 09:16:15 : 5657 steps taken, and 16430 accepted.
[2 : mcmc] Progress @ 2026-08-06 09:16:37 : 5745 steps taken, and 16624 accepted.
[1 : mcmc] Progress @ 2026-08-06 09:16:52 : 5770 steps taken, and 16583 accepted.
[0 : mcmc] Progress @ 2026-08-06 09:17:08 : 5317 steps taken, and 16595 accepted.
[3 : mcmc] Progress @ 2026-08-06 09:17:28 : 5674 steps taken, and 16431 accepted.
[2 : mcmc] Progress @ 2026-08-06 09:17:46 : 5758 steps taken, and 16627 accepted.
[1 : mcmc] Progress @ 2026-08-06 09:18:05 : 5777 steps taken, and 16585 accepted.
[0 : mcmc] Progress @ 2026-08-06 09:18:15 : 5326 steps taken, and 16596 accepted.
[3 : mcmc] Progress @ 2026-08-06 09:18:41 : 5681 steps taken, and 16432 accepted.
[2 : mcmc] Progress @ 2026-08-06 09:18:57 : 5764 steps taken, and 16628 accepted.
[1 : mcmc] Progress @ 2026-08-06 09:19:17 : 5785 steps taken, and 16585 accepted.
[0 : mcmc] Progress @ 2026-08-06 09:19:22 : 5332 steps taken, and 16597 accepted.
[3 : mcmc] Progress @ 2026-08-06 09:19:53 : 5689 steps taken, and 16434 accepted.
[2 : mcmc] Progress @ 2026-08-06 09:20:07 : 5770 steps taken, and 16631 accepted.
[1 : mcmc] Progress @ 2026-08-06 09:20:29 : 5789 steps taken, and 16586 accepted.
[0 : mcmc] Progress @ 2026-08-06 09:20:30 : 5340 steps taken, and 16599 accepted.
[3 : mcmc] Progress @ 2026-08-06 09:21:06 : 5697 steps taken, and 16436 accepted.
[2 : mcmc] Progress @ 2026-08-06 09:21:17 : 5778 steps taken, and 16632 accepted.
[0 : mcmc] Progress @ 2026-08-06 09:21:40 : 5349 steps taken, and 16600 accepted.
[1 : mcmc] Progress @ 2026-08-06 09:21:41 : 5793 steps taken, and 16588 accepted.
[3 : mcmc] Progress @ 2026-08-06 09:22:18 : 5706 steps taken, and 16437 accepted.
[2 : mcmc] Progress @ 2026-08-06 09:22:26 : 5787 steps taken, and 16636 accepted.
[0 : mcmc] Progress @ 2026-08-06 09:22:50 : 5358 steps taken, and 16603 accepted.
[1 : mcmc] Progress @ 2026-08-06 09:22:52 : 5797 steps taken, and 16589 accepted.
[3 : mcmc] Progress @ 2026-08-06 09:23:27 : 5712 steps taken, and 16440 accepted.
[2 : mcmc] Progress @ 2026-08-06 09:23:33 : 5796 steps taken, and 16638 accepted.
[0 : mcmc] Progress @ 2026-08-06 09:24:02 : 5363 steps taken, and 16605 accepted.
[1 : mcmc] Progress @ 2026-08-06 09:24:05 : 5803 steps taken, and 16591 accepted.
[3 : mcmc] Progress @ 2026-08-06 09:24:38 : 5722 steps taken, and 16440 accepted.
[2 : mcmc] Progress @ 2026-08-06 09:24:41 : 5801 steps taken, and 16639 accepted.
[2 : mcmc] Learn + convergence test @ 16640 samples accepted.
[2 : mcmc] Ready to check convergence and learn a new proposal covmat (waiting for the rest...)
[0 : mcmc] Progress @ 2026-08-06 09:25:14 : 5371 steps taken, and 16606 accepted.
[1 : mcmc] Progress @ 2026-08-06 09:25:15 : 5811 steps taken, and 16595 accepted.
[3 : mcmc] Progress @ 2026-08-06 09:25:45 : 5727 steps taken, and 16442 accepted.
[2 : mcmc] Progress @ 2026-08-06 09:25:49 : 5813 steps taken, and 16641 accepted.
[0 : mcmc] Progress @ 2026-08-06 09:26:23 : 5379 steps taken, and 16608 accepted.
[1 : mcmc] Progress @ 2026-08-06 09:26:27 : 5820 steps taken, and 16595 accepted.
[3 : mcmc] Progress @ 2026-08-06 09:26:53 : 5742 steps taken, and 16444 accepted.
[2 : mcmc] Progress @ 2026-08-06 09:27:00 : 5818 steps taken, and 16641 accepted.
[0 : mcmc] Progress @ 2026-08-06 09:27:34 : 5383 steps taken, and 16610 accepted.
[1 : mcmc] Progress @ 2026-08-06 09:27:39 : 5827 steps taken, and 16597 accepted.
[3 : mcmc] Progress @ 2026-08-06 09:28:01 : 5749 steps taken, and 16446 accepted.
[2 : mcmc] Progress @ 2026-08-06 09:28:09 : 5835 steps taken, and 16642 accepted.
[0 : mcmc] Progress @ 2026-08-06 09:28:43 : 5389 steps taken, and 16610 accepted.
[1 : mcmc] Progress @ 2026-08-06 09:28:52 : 5840 steps taken, and 16597 accepted.
[3 : mcmc] Progress @ 2026-08-06 09:29:11 : 5753 steps taken, and 16448 accepted.
[2 : mcmc] Progress @ 2026-08-06 09:29:16 : 5842 steps taken, and 16645 accepted.
[0 : mcmc] Progress @ 2026-08-06 09:29:52 : 5396 steps taken, and 16612 accepted.
[1 : mcmc] Progress @ 2026-08-06 09:30:04 : 5846 steps taken, and 16597 accepted.
[3 : mcmc] Progress @ 2026-08-06 09:30:21 : 5761 steps taken, and 16449 accepted.
[2 : mcmc] Progress @ 2026-08-06 09:30:26 : 5852 steps taken, and 16647 accepted.
[0 : mcmc] Progress @ 2026-08-06 09:31:01 : 5410 steps taken, and 16613 accepted.
[1 : mcmc] Progress @ 2026-08-06 09:31:15 : 5852 steps taken, and 16598 accepted.
[3 : mcmc] Progress @ 2026-08-06 09:31:30 : 5766 steps taken, and 16450 accepted.
[2 : mcmc] Progress @ 2026-08-06 09:31:37 : 5858 steps taken, and 16650 accepted.
[0 : mcmc] Progress @ 2026-08-06 09:32:13 : 5423 steps taken, and 16614 accepted.
[1 : mcmc] Progress @ 2026-08-06 09:32:26 : 5856 steps taken, and 16600 accepted.
[3 : mcmc] Progress @ 2026-08-06 09:32:39 : 5770 steps taken, and 16452 accepted.
[2 : mcmc] Progress @ 2026-08-06 09:32:48 : 5867 steps taken, and 16652 accepted.
[0 : mcmc] Progress @ 2026-08-06 09:33:23 : 5446 steps taken, and 16616 accepted.
[1 : mcmc] Progress @ 2026-08-06 09:33:36 : 5869 steps taken, and 16602 accepted.
[3 : mcmc] Progress @ 2026-08-06 09:33:49 : 5774 steps taken, and 16453 accepted.
[2 : mcmc] Progress @ 2026-08-06 09:33:57 : 5881 steps taken, and 16653 accepted.
[0 : mcmc] Progress @ 2026-08-06 09:34:33 : 5457 steps taken, and 16618 accepted.
[1 : mcmc] Progress @ 2026-08-06 09:34:46 : 5881 steps taken, and 16604 accepted.
[3 : mcmc] Progress @ 2026-08-06 09:35:00 : 5781 steps taken, and 16454 accepted.
[2 : mcmc] Progress @ 2026-08-06 09:35:08 : 5886 steps taken, and 16654 accepted.
[0 : mcmc] Progress @ 2026-08-06 09:35:42 : 5468 steps taken, and 16620 accepted.
[1 : mcmc] Progress @ 2026-08-06 09:35:57 : 5891 steps taken, and 16606 accepted.
[3 : mcmc] Progress @ 2026-08-06 09:36:08 : 5787 steps taken, and 16455 accepted.
[2 : mcmc] Progress @ 2026-08-06 09:36:19 : 5892 steps taken, and 16655 accepted.
[0 : mcmc] Progress @ 2026-08-06 09:36:52 : 5478 steps taken, and 16621 accepted.
[1 : mcmc] Progress @ 2026-08-06 09:37:08 : 5897 steps taken, and 16607 accepted.
[3 : mcmc] Progress @ 2026-08-06 09:37:17 : 5793 steps taken, and 16456 accepted.
[2 : mcmc] Progress @ 2026-08-06 09:37:30 : 5898 steps taken, and 16656 accepted.
[0 : mcmc] Progress @ 2026-08-06 09:38:03 : 5490 steps taken, and 16624 accepted.
[1 : mcmc] Progress @ 2026-08-06 09:38:20 : 5904 steps taken, and 16608 accepted.
[3 : mcmc] Progress @ 2026-08-06 09:38:27 : 5799 steps taken, and 16456 accepted.
[2 : mcmc] Progress @ 2026-08-06 09:38:40 : 5908 steps taken, and 16658 accepted.
[0 : mcmc] Progress @ 2026-08-06 09:39:16 : 5500 steps taken, and 16625 accepted.
[1 : mcmc] Progress @ 2026-08-06 09:39:31 : 5914 steps taken, and 16609 accepted.
[3 : mcmc] Progress @ 2026-08-06 09:39:36 : 5803 steps taken, and 16457 accepted.
[2 : mcmc] Progress @ 2026-08-06 09:39:49 : 5914 steps taken, and 16658 accepted.
[0 : mcmc] Progress @ 2026-08-06 09:40:28 : 5509 steps taken, and 16626 accepted.
[1 : mcmc] Progress @ 2026-08-06 09:40:40 : 5922 steps taken, and 16610 accepted.
[3 : mcmc] Progress @ 2026-08-06 09:40:48 : 5807 steps taken, and 16459 accepted.
[2 : mcmc] Progress @ 2026-08-06 09:40:57 : 5920 steps taken, and 16658 accepted.
[0 : mcmc] Progress @ 2026-08-06 09:41:39 : 5517 steps taken, and 16627 accepted.
[1 : mcmc] Progress @ 2026-08-06 09:41:49 : 5926 steps taken, and 16611 accepted.
[3 : mcmc] Progress @ 2026-08-06 09:42:00 : 5815 steps taken, and 16461 accepted.
[2 : mcmc] Progress @ 2026-08-06 09:42:07 : 5927 steps taken, and 16661 accepted.
[0 : mcmc] Progress @ 2026-08-06 09:42:48 : 5522 steps taken, and 16631 accepted.
[1 : mcmc] Progress @ 2026-08-06 09:43:00 : 5933 steps taken, and 16613 accepted.
[3 : mcmc] Progress @ 2026-08-06 09:43:10 : 5826 steps taken, and 16464 accepted.
[2 : mcmc] Progress @ 2026-08-06 09:43:15 : 5935 steps taken, and 16663 accepted.
[0 : mcmc] Progress @ 2026-08-06 09:43:56 : 5527 steps taken, and 16632 accepted.
[1 : mcmc] Progress @ 2026-08-06 09:44:10 : 5940 steps taken, and 16615 accepted.
[3 : mcmc] Progress @ 2026-08-06 09:44:18 : 5836 steps taken, and 16465 accepted.
[2 : mcmc] Progress @ 2026-08-06 09:44:25 : 5944 steps taken, and 16664 accepted.
[0 : mcmc] Progress @ 2026-08-06 09:45:05 : 5536 steps taken, and 16634 accepted.
[1 : mcmc] Progress @ 2026-08-06 09:45:18 : 5947 steps taken, and 16615 accepted.
[3 : mcmc] Progress @ 2026-08-06 09:45:27 : 5845 steps taken, and 16466 accepted.
[2 : mcmc] Progress @ 2026-08-06 09:45:34 : 5952 steps taken, and 16664 accepted.
[0 : mcmc] Progress @ 2026-08-06 09:46:14 : 5543 steps taken, and 16634 accepted.
[1 : mcmc] Progress @ 2026-08-06 09:46:27 : 5953 steps taken, and 16615 accepted.
[3 : mcmc] Progress @ 2026-08-06 09:46:35 : 5853 steps taken, and 16468 accepted.
[2 : mcmc] Progress @ 2026-08-06 09:46:44 : 5958 steps taken, and 16667 accepted.
[0 : mcmc] Progress @ 2026-08-06 09:47:24 : 5554 steps taken, and 16634 accepted.
[1 : mcmc] Progress @ 2026-08-06 09:47:39 : 5961 steps taken, and 16617 accepted.
[3 : mcmc] Progress @ 2026-08-06 09:47:42 : 5862 steps taken, and 16470 accepted.
[2 : mcmc] Progress @ 2026-08-06 09:47:50 : 5965 steps taken, and 16668 accepted.
[0 : mcmc] Progress @ 2026-08-06 09:48:35 : 5564 steps taken, and 16635 accepted.
[1 : mcmc] Progress @ 2026-08-06 09:48:49 : 5965 steps taken, and 16618 accepted.
[3 : mcmc] Progress @ 2026-08-06 09:48:53 : 5871 steps taken, and 16472 accepted.
[2 : mcmc] Progress @ 2026-08-06 09:48:57 : 5971 steps taken, and 16669 accepted.
[0 : mcmc] Progress @ 2026-08-06 09:49:44 : 5576 steps taken, and 16638 accepted.
[1 : mcmc] Progress @ 2026-08-06 09:49:59 : 5973 steps taken, and 16618 accepted.
[3 : mcmc] Progress @ 2026-08-06 09:50:03 : 5877 steps taken, and 16473 accepted.
[2 : mcmc] Progress @ 2026-08-06 09:50:03 : 5976 steps taken, and 16670 accepted.
[0 : mcmc] Progress @ 2026-08-06 09:50:50 : 5581 steps taken, and 16640 accepted.
[0 : mcmc] Learn + convergence test @ 16640 samples accepted.
[0 : mcmc] Ready to check convergence and learn a new proposal covmat (waiting for the rest...)
[1 : mcmc] Progress @ 2026-08-06 09:51:10 : 5979 steps taken, and 16619 accepted.
[2 : mcmc] Progress @ 2026-08-06 09:51:11 : 5980 steps taken, and 16671 accepted.
[3 : mcmc] Progress @ 2026-08-06 09:51:12 : 5881 steps taken, and 16476 accepted.
[0 : mcmc] Progress @ 2026-08-06 09:52:01 : 5586 steps taken, and 16641 accepted.
[2 : mcmc] Progress @ 2026-08-06 09:52:18 : 5984 steps taken, and 16672 accepted.
[1 : mcmc] Progress @ 2026-08-06 09:52:19 : 5984 steps taken, and 16620 accepted.
[3 : mcmc] Progress @ 2026-08-06 09:52:20 : 5893 steps taken, and 16476 accepted.
[0 : mcmc] Progress @ 2026-08-06 09:53:11 : 5592 steps taken, and 16643 accepted.
[2 : mcmc] Progress @ 2026-08-06 09:53:28 : 5995 steps taken, and 16673 accepted.
[3 : mcmc] Progress @ 2026-08-06 09:53:30 : 5900 steps taken, and 16478 accepted.
[1 : mcmc] Progress @ 2026-08-06 09:53:31 : 5991 steps taken, and 16622 accepted.
[0 : mcmc] Progress @ 2026-08-06 09:54:18 : 5598 steps taken, and 16644 accepted.
[2 : mcmc] Progress @ 2026-08-06 09:54:37 : 6003 steps taken, and 16676 accepted.
[3 : mcmc] Progress @ 2026-08-06 09:54:38 : 5907 steps taken, and 16479 accepted.
[1 : mcmc] Progress @ 2026-08-06 09:54:41 : 5997 steps taken, and 16623 accepted.
[0 : mcmc] Progress @ 2026-08-06 09:55:25 : 5606 steps taken, and 16647 accepted.
[2 : mcmc] Progress @ 2026-08-06 09:55:42 : 6011 steps taken, and 16676 accepted.
[3 : mcmc] Progress @ 2026-08-06 09:55:47 : 5918 steps taken, and 16481 accepted.
[1 : mcmc] Progress @ 2026-08-06 09:55:53 : 6007 steps taken, and 16625 accepted.
[0 : mcmc] Progress @ 2026-08-06 09:56:34 : 5611 steps taken, and 16647 accepted.
[2 : mcmc] Progress @ 2026-08-06 09:56:52 : 6023 steps taken, and 16678 accepted.
[3 : mcmc] Progress @ 2026-08-06 09:56:58 : 5924 steps taken, and 16482 accepted.
[1 : mcmc] Progress @ 2026-08-06 09:57:02 : 6013 steps taken, and 16626 accepted.
[0 : mcmc] Progress @ 2026-08-06 09:57:42 : 5620 steps taken, and 16649 accepted.
[2 : mcmc] Progress @ 2026-08-06 09:57:58 : 6029 steps taken, and 16679 accepted.
[3 : mcmc] Progress @ 2026-08-06 09:58:05 : 5929 steps taken, and 16483 accepted.
[1 : mcmc] Progress @ 2026-08-06 09:58:16 : 6022 steps taken, and 16628 accepted.
[0 : mcmc] Progress @ 2026-08-06 09:58:53 : 5627 steps taken, and 16649 accepted.
[2 : mcmc] Progress @ 2026-08-06 09:59:03 : 6038 steps taken, and 16681 accepted.
[3 : mcmc] Progress @ 2026-08-06 09:59:12 : 5937 steps taken, and 16483 accepted.
[1 : mcmc] Progress @ 2026-08-06 09:59:28 : 6027 steps taken, and 16629 accepted.
[0 : mcmc] Progress @ 2026-08-06 10:00:04 : 5638 steps taken, and 16650 accepted.
[2 : mcmc] Progress @ 2026-08-06 10:00:10 : 6047 steps taken, and 16684 accepted.
[3 : mcmc] Progress @ 2026-08-06 10:00:22 : 5943 steps taken, and 16485 accepted.
[1 : mcmc] Progress @ 2026-08-06 10:00:38 : 6032 steps taken, and 16631 accepted.
[0 : mcmc] Progress @ 2026-08-06 10:01:15 : 5652 steps taken, and 16652 accepted.
[2 : mcmc] Progress @ 2026-08-06 10:01:17 : 6061 steps taken, and 16685 accepted.
[3 : mcmc] Progress @ 2026-08-06 10:01:33 : 5952 steps taken, and 16488 accepted.
[1 : mcmc] Progress @ 2026-08-06 10:01:47 : 6036 steps taken, and 16633 accepted.
[2 : mcmc] Progress @ 2026-08-06 10:02:24 : 6068 steps taken, and 16687 accepted.
[0 : mcmc] Progress @ 2026-08-06 10:02:24 : 5658 steps taken, and 16652 accepted.
[3 : mcmc] Progress @ 2026-08-06 10:02:42 : 5961 steps taken, and 16489 accepted.
[1 : mcmc] Progress @ 2026-08-06 10:02:58 : 6042 steps taken, and 16634 accepted.
[2 : mcmc] Progress @ 2026-08-06 10:03:34 : 6079 steps taken, and 16689 accepted.
[0 : mcmc] Progress @ 2026-08-06 10:03:36 : 5669 steps taken, and 16653 accepted.
[3 : mcmc] Progress @ 2026-08-06 10:03:53 : 5966 steps taken, and 16490 accepted.
[1 : mcmc] Progress @ 2026-08-06 10:04:07 : 6046 steps taken, and 16636 accepted.
[2 : mcmc] Progress @ 2026-08-06 10:04:40 : 6085 steps taken, and 16691 accepted.
[0 : mcmc] Progress @ 2026-08-06 10:04:47 : 5675 steps taken, and 16655 accepted.
[3 : mcmc] Progress @ 2026-08-06 10:05:04 : 5971 steps taken, and 16492 accepted.
[1 : mcmc] Progress @ 2026-08-06 10:05:19 : 6052 steps taken, and 16638 accepted.
[2 : mcmc] Progress @ 2026-08-06 10:05:45 : 6090 steps taken, and 16694 accepted.
[1 : mcmc] Learn + convergence test @ 16640 samples accepted.
[1 : mcmc] Ready to check convergence and learn a new proposal covmat (waiting for the rest...)
[0 : mcmc] Progress @ 2026-08-06 10:05:58 : 5686 steps taken, and 16656 accepted.
[3 : mcmc] Progress @ 2026-08-06 10:06:14 : 5982 steps taken, and 16494 accepted.
[1 : mcmc] Progress @ 2026-08-06 10:06:28 : 6060 steps taken, and 16641 accepted.
[2 : mcmc] Progress @ 2026-08-06 10:06:51 : 6102 steps taken, and 16696 accepted.
[0 : mcmc] Progress @ 2026-08-06 10:07:10 : 5692 steps taken, and 16658 accepted.
[3 : mcmc] Progress @ 2026-08-06 10:07:24 : 5996 steps taken, and 16494 accepted.
[1 : mcmc] Progress @ 2026-08-06 10:07:37 : 6070 steps taken, and 16642 accepted.
[2 : mcmc] Progress @ 2026-08-06 10:07:59 : 6109 steps taken, and 16697 accepted.
[0 : mcmc] Progress @ 2026-08-06 10:08:20 : 5702 steps taken, and 16659 accepted.
[3 : mcmc] Progress @ 2026-08-06 10:08:35 : 6002 steps taken, and 16496 accepted.
[1 : mcmc] Progress @ 2026-08-06 10:08:44 : 6081 steps taken, and 16643 accepted.
[2 : mcmc] Progress @ 2026-08-06 10:09:08 : 6113 steps taken, and 16698 accepted.
[0 : mcmc] Progress @ 2026-08-06 10:09:28 : 5707 steps taken, and 16659 accepted.
[3 : mcmc] Progress @ 2026-08-06 10:09:45 : 6007 steps taken, and 16497 accepted.
[1 : mcmc] Progress @ 2026-08-06 10:09:56 : 6088 steps taken, and 16644 accepted.
[2 : mcmc] Progress @ 2026-08-06 10:10:15 : 6120 steps taken, and 16699 accepted.
[0 : mcmc] Progress @ 2026-08-06 10:10:38 : 5717 steps taken, and 16659 accepted.
[3 : mcmc] Progress @ 2026-08-06 10:10:55 : 6015 steps taken, and 16501 accepted.
[1 : mcmc] Progress @ 2026-08-06 10:11:03 : 6095 steps taken, and 16647 accepted.
[2 : mcmc] Progress @ 2026-08-06 10:11:21 : 6124 steps taken, and 16700 accepted.
[0 : mcmc] Progress @ 2026-08-06 10:11:48 : 5724 steps taken, and 16661 accepted.
[3 : mcmc] Progress @ 2026-08-06 10:12:06 : 6021 steps taken, and 16501 accepted.
[1 : mcmc] Progress @ 2026-08-06 10:12:12 : 6100 steps taken, and 16649 accepted.
[2 : mcmc] Progress @ 2026-08-06 10:12:29 : 6133 steps taken, and 16701 accepted.
[0 : mcmc] Progress @ 2026-08-06 10:12:56 : 5728 steps taken, and 16663 accepted.
[3 : mcmc] Progress @ 2026-08-06 10:13:17 : 6035 steps taken, and 16502 accepted.
[1 : mcmc] Progress @ 2026-08-06 10:13:23 : 6109 steps taken, and 16652 accepted.
[2 : mcmc] Progress @ 2026-08-06 10:13:38 : 6138 steps taken, and 16703 accepted.
[0 : mcmc] Progress @ 2026-08-06 10:14:05 : 5732 steps taken, and 16665 accepted.
[3 : mcmc] Progress @ 2026-08-06 10:14:27 : 6042 steps taken, and 16503 accepted.
[1 : mcmc] Progress @ 2026-08-06 10:14:33 : 6126 steps taken, and 16653 accepted.
[2 : mcmc] Progress @ 2026-08-06 10:14:47 : 6145 steps taken, and 16705 accepted.
[0 : mcmc] Progress @ 2026-08-06 10:15:16 : 5736 steps taken, and 16666 accepted.
[3 : mcmc] Progress @ 2026-08-06 10:15:37 : 6062 steps taken, and 16503 accepted.
[1 : mcmc] Progress @ 2026-08-06 10:15:43 : 6135 steps taken, and 16654 accepted.
[2 : mcmc] Progress @ 2026-08-06 10:15:54 : 6160 steps taken, and 16706 accepted.
[0 : mcmc] Progress @ 2026-08-06 10:16:25 : 5744 steps taken, and 16668 accepted.
[3 : mcmc] Progress @ 2026-08-06 10:16:49 : 6070 steps taken, and 16505 accepted.
[1 : mcmc] Progress @ 2026-08-06 10:16:53 : 6139 steps taken, and 16656 accepted.
[2 : mcmc] Progress @ 2026-08-06 10:17:03 : 6170 steps taken, and 16709 accepted.
[0 : mcmc] Progress @ 2026-08-06 10:17:33 : 5749 steps taken, and 16670 accepted.
[3 : mcmc] Progress @ 2026-08-06 10:17:59 : 6087 steps taken, and 16507 accepted.
[1 : mcmc] Progress @ 2026-08-06 10:18:03 : 6145 steps taken, and 16656 accepted.
[2 : mcmc] Progress @ 2026-08-06 10:18:15 : 6175 steps taken, and 16711 accepted.
[0 : mcmc] Progress @ 2026-08-06 10:18:42 : 5753 steps taken, and 16671 accepted.
[3 : mcmc] Progress @ 2026-08-06 10:19:10 : 6093 steps taken, and 16509 accepted.
[1 : mcmc] Progress @ 2026-08-06 10:19:13 : 6151 steps taken, and 16656 accepted.
[2 : mcmc] Progress @ 2026-08-06 10:19:27 : 6179 steps taken, and 16712 accepted.
[0 : mcmc] Progress @ 2026-08-06 10:19:50 : 5761 steps taken, and 16671 accepted.
[1 : mcmc] Progress @ 2026-08-06 10:20:20 : 6155 steps taken, and 16658 accepted.
[3 : mcmc] Progress @ 2026-08-06 10:20:21 : 6100 steps taken, and 16510 accepted.
[2 : mcmc] Progress @ 2026-08-06 10:20:38 : 6188 steps taken, and 16714 accepted.
[0 : mcmc] Progress @ 2026-08-06 10:20:57 : 5767 steps taken, and 16672 accepted.
[1 : mcmc] Progress @ 2026-08-06 10:21:29 : 6159 steps taken, and 16660 accepted.
[3 : mcmc] Progress @ 2026-08-06 10:21:32 : 6107 steps taken, and 16510 accepted.
[2 : mcmc] Progress @ 2026-08-06 10:21:48 : 6201 steps taken, and 16717 accepted.
[0 : mcmc] Progress @ 2026-08-06 10:22:07 : 5771 steps taken, and 16674 accepted.
[1 : mcmc] Progress @ 2026-08-06 10:22:33 : 6166 steps taken, and 16662 accepted.
[3 : mcmc] Progress @ 2026-08-06 10:22:44 : 6115 steps taken, and 16512 accepted.
[2 : mcmc] Progress @ 2026-08-06 10:22:56 : 6207 steps taken, and 16717 accepted.
[0 : mcmc] Progress @ 2026-08-06 10:23:19 : 5776 steps taken, and 16677 accepted.
[1 : mcmc] Progress @ 2026-08-06 10:23:39 : 6176 steps taken, and 16663 accepted.
[3 : mcmc] Progress @ 2026-08-06 10:23:56 : 6119 steps taken, and 16513 accepted.
[2 : mcmc] Progress @ 2026-08-06 10:24:03 : 6214 steps taken, and 16719 accepted.
[0 : mcmc] Progress @ 2026-08-06 10:24:29 : 5787 steps taken, and 16677 accepted.
[1 : mcmc] Progress @ 2026-08-06 10:24:46 : 6184 steps taken, and 16664 accepted.
[3 : mcmc] Progress @ 2026-08-06 10:25:07 : 6128 steps taken, and 16515 accepted.
[2 : mcmc] Progress @ 2026-08-06 10:25:14 : 6222 steps taken, and 16720 accepted.
[0 : mcmc] Progress @ 2026-08-06 10:25:38 : 5795 steps taken, and 16679 accepted.
[1 : mcmc] Progress @ 2026-08-06 10:25:53 : 6189 steps taken, and 16667 accepted.
[3 : mcmc] Progress @ 2026-08-06 10:26:19 : 6136 steps taken, and 16517 accepted.
[2 : mcmc] Progress @ 2026-08-06 10:26:21 : 6229 steps taken, and 16721 accepted.
[0 : mcmc] Progress @ 2026-08-06 10:26:46 : 5801 steps taken, and 16679 accepted.
[1 : mcmc] Progress @ 2026-08-06 10:27:00 : 6200 steps taken, and 16669 accepted.
[2 : mcmc] Progress @ 2026-08-06 10:27:29 : 6238 steps taken, and 16723 accepted.
[3 : mcmc] Progress @ 2026-08-06 10:27:30 : 6143 steps taken, and 16519 accepted.
[0 : mcmc] Progress @ 2026-08-06 10:27:53 : 5806 steps taken, and 16681 accepted.
[1 : mcmc] Progress @ 2026-08-06 10:28:09 : 6210 steps taken, and 16672 accepted.
[2 : mcmc] Progress @ 2026-08-06 10:28:39 : 6246 steps taken, and 16724 accepted.
[3 : mcmc] Progress @ 2026-08-06 10:28:41 : 6153 steps taken, and 16521 accepted.
[0 : mcmc] Progress @ 2026-08-06 10:29:01 : 5813 steps taken, and 16684 accepted.
[1 : mcmc] Progress @ 2026-08-06 10:29:17 : 6231 steps taken, and 16673 accepted.
[2 : mcmc] Progress @ 2026-08-06 10:29:49 : 6266 steps taken, and 16727 accepted.
[3 : mcmc] Progress @ 2026-08-06 10:29:51 : 6159 steps taken, and 16522 accepted.
[0 : mcmc] Progress @ 2026-08-06 10:30:12 : 5820 steps taken, and 16686 accepted.
[1 : mcmc] Progress @ 2026-08-06 10:30:26 : 6239 steps taken, and 16676 accepted.
[2 : mcmc] Progress @ 2026-08-06 10:30:56 : 6272 steps taken, and 16728 accepted.
[3 : mcmc] Progress @ 2026-08-06 10:31:01 : 6170 steps taken, and 16523 accepted.
[0 : mcmc] Progress @ 2026-08-06 10:31:20 : 5834 steps taken, and 16686 accepted.
[1 : mcmc] Progress @ 2026-08-06 10:31:34 : 6243 steps taken, and 16677 accepted.
[2 : mcmc] Progress @ 2026-08-06 10:32:04 : 6279 steps taken, and 16729 accepted.
[3 : mcmc] Progress @ 2026-08-06 10:32:12 : 6177 steps taken, and 16526 accepted.
[0 : mcmc] Progress @ 2026-08-06 10:32:31 : 5849 steps taken, and 16687 accepted.
[1 : mcmc] Progress @ 2026-08-06 10:32:43 : 6251 steps taken, and 16679 accepted.
[2 : mcmc] Progress @ 2026-08-06 10:33:11 : 6287 steps taken, and 16731 accepted.
[3 : mcmc] Progress @ 2026-08-06 10:33:24 : 6184 steps taken, and 16527 accepted.
[0 : mcmc] Progress @ 2026-08-06 10:33:43 : 5862 steps taken, and 16687 accepted.
[1 : mcmc] Progress @ 2026-08-06 10:33:50 : 6255 steps taken, and 16681 accepted.
[2 : mcmc] Progress @ 2026-08-06 10:34:19 : 6298 steps taken, and 16732 accepted.
[3 : mcmc] Progress @ 2026-08-06 10:34:34 : 6193 steps taken, and 16529 accepted.
[0 : mcmc] Progress @ 2026-08-06 10:34:53 : 5871 steps taken, and 16689 accepted.
[1 : mcmc] Progress @ 2026-08-06 10:34:58 : 6263 steps taken, and 16684 accepted.
[2 : mcmc] Progress @ 2026-08-06 10:35:28 : 6306 steps taken, and 16735 accepted.
[3 : mcmc] Progress @ 2026-08-06 10:35:45 : 6198 steps taken, and 16529 accepted.
[0 : mcmc] Progress @ 2026-08-06 10:36:04 : 5882 steps taken, and 16691 accepted.
[1 : mcmc] Progress @ 2026-08-06 10:36:09 : 6273 steps taken, and 16685 accepted.
[2 : mcmc] Progress @ 2026-08-06 10:36:38 : 6315 steps taken, and 16738 accepted.
[3 : mcmc] Progress @ 2026-08-06 10:36:55 : 6203 steps taken, and 16530 accepted.
[0 : mcmc] Progress @ 2026-08-06 10:37:13 : 5890 steps taken, and 16694 accepted.
[1 : mcmc] Progress @ 2026-08-06 10:37:19 : 6282 steps taken, and 16687 accepted.
[2 : mcmc] Progress @ 2026-08-06 10:37:51 : 6329 steps taken, and 16739 accepted.
[3 : mcmc] Progress @ 2026-08-06 10:37:56 : 6209 steps taken, and 16530 accepted.
[0 : mcmc] Progress @ 2026-08-06 10:38:29 : 5896 steps taken, and 16696 accepted.
[1 : mcmc] Progress @ 2026-08-06 10:38:33 : 6289 steps taken, and 16687 accepted.
[2 : mcmc] Progress @ 2026-08-06 10:39:01 : 6342 steps taken, and 16739 accepted.
[3 : mcmc] Progress @ 2026-08-06 10:39:11 : 6213 steps taken, and 16532 accepted.
[0 : mcmc] Progress @ 2026-08-06 10:39:44 : 5900 steps taken, and 16699 accepted.
[1 : mcmc] Progress @ 2026-08-06 10:39:45 : 6301 steps taken, and 16689 accepted.
[2 : mcmc] Progress @ 2026-08-06 10:40:08 : 6348 steps taken, and 16741 accepted.
[3 : mcmc] Progress @ 2026-08-06 10:40:21 : 6217 steps taken, and 16533 accepted.
[0 : mcmc] Progress @ 2026-08-06 10:40:54 : 5908 steps taken, and 16699 accepted.
[1 : mcmc] Progress @ 2026-08-06 10:40:57 : 6311 steps taken, and 16690 accepted.
[2 : mcmc] Progress @ 2026-08-06 10:41:15 : 6355 steps taken, and 16743 accepted.
[3 : mcmc] Progress @ 2026-08-06 10:41:33 : 6222 steps taken, and 16533 accepted.
[0 : mcmc] Progress @ 2026-08-06 10:42:02 : 5913 steps taken, and 16700 accepted.
[1 : mcmc] Progress @ 2026-08-06 10:42:09 : 6320 steps taken, and 16692 accepted.
[2 : mcmc] Progress @ 2026-08-06 10:42:25 : 6362 steps taken, and 16745 accepted.
[3 : mcmc] Progress @ 2026-08-06 10:42:44 : 6230 steps taken, and 16536 accepted.
[0 : mcmc] Progress @ 2026-08-06 10:43:11 : 5919 steps taken, and 16702 accepted.
[1 : mcmc] Progress @ 2026-08-06 10:43:18 : 6327 steps taken, and 16693 accepted.
[2 : mcmc] Progress @ 2026-08-06 10:43:32 : 6373 steps taken, and 16745 accepted.
[3 : mcmc] Progress @ 2026-08-06 10:43:56 : 6236 steps taken, and 16536 accepted.
[0 : mcmc] Progress @ 2026-08-06 10:44:19 : 5924 steps taken, and 16703 accepted.
[1 : mcmc] Progress @ 2026-08-06 10:44:27 : 6335 steps taken, and 16696 accepted.
[2 : mcmc] Progress @ 2026-08-06 10:44:36 : 6382 steps taken, and 16747 accepted.
[3 : mcmc] Progress @ 2026-08-06 10:45:07 : 6240 steps taken, and 16538 accepted.
[0 : mcmc] Progress @ 2026-08-06 10:45:29 : 5929 steps taken, and 16704 accepted.
[1 : mcmc] Progress @ 2026-08-06 10:45:36 : 6341 steps taken, and 16698 accepted.
[2 : mcmc] Progress @ 2026-08-06 10:45:45 : 6390 steps taken, and 16747 accepted.
[3 : mcmc] Progress @ 2026-08-06 10:46:18 : 6250 steps taken, and 16540 accepted.
[0 : mcmc] Progress @ 2026-08-06 10:46:39 : 5936 steps taken, and 16704 accepted.
[1 : mcmc] Progress @ 2026-08-06 10:46:46 : 6345 steps taken, and 16700 accepted.
[2 : mcmc] Progress @ 2026-08-06 10:46:52 : 6402 steps taken, and 16748 accepted.
[3 : mcmc] Progress @ 2026-08-06 10:47:29 : 6260 steps taken, and 16541 accepted.
[0 : mcmc] Progress @ 2026-08-06 10:47:47 : 5941 steps taken, and 16706 accepted.
[1 : mcmc] Progress @ 2026-08-06 10:47:54 : 6355 steps taken, and 16702 accepted.
[2 : mcmc] Progress @ 2026-08-06 10:47:58 : 6409 steps taken, and 16750 accepted.
[3 : mcmc] Progress @ 2026-08-06 10:48:38 : 6267 steps taken, and 16542 accepted.
[0 : mcmc] Progress @ 2026-08-06 10:48:58 : 5945 steps taken, and 16706 accepted.
[2 : mcmc] Progress @ 2026-08-06 10:49:05 : 6413 steps taken, and 16752 accepted.
[1 : mcmc] Progress @ 2026-08-06 10:49:06 : 6364 steps taken, and 16704 accepted.
[3 : mcmc] Progress @ 2026-08-06 10:49:50 : 6278 steps taken, and 16544 accepted.
[0 : mcmc] Progress @ 2026-08-06 10:50:07 : 5951 steps taken, and 16708 accepted.
[2 : mcmc] Progress @ 2026-08-06 10:50:12 : 6420 steps taken, and 16752 accepted.
[1 : mcmc] Progress @ 2026-08-06 10:50:16 : 6372 steps taken, and 16704 accepted.
[3 : mcmc] Progress @ 2026-08-06 10:51:02 : 6289 steps taken, and 16545 accepted.
[0 : mcmc] Progress @ 2026-08-06 10:51:18 : 5959 steps taken, and 16708 accepted.
[2 : mcmc] Progress @ 2026-08-06 10:51:21 : 6429 steps taken, and 16754 accepted.
[1 : mcmc] Progress @ 2026-08-06 10:51:24 : 6379 steps taken, and 16707 accepted.
[3 : mcmc] Progress @ 2026-08-06 10:52:15 : 6303 steps taken, and 16546 accepted.
[2 : mcmc] Progress @ 2026-08-06 10:52:29 : 6433 steps taken, and 16756 accepted.
[0 : mcmc] Progress @ 2026-08-06 10:52:30 : 5966 steps taken, and 16709 accepted.
[1 : mcmc] Progress @ 2026-08-06 10:52:34 : 6383 steps taken, and 16708 accepted.
[3 : mcmc] Progress @ 2026-08-06 10:53:25 : 6310 steps taken, and 16547 accepted.
[2 : mcmc] Progress @ 2026-08-06 10:53:37 : 6441 steps taken, and 16759 accepted.
[0 : mcmc] Progress @ 2026-08-06 10:53:40 : 5971 steps taken, and 16710 accepted.
[1 : mcmc] Progress @ 2026-08-06 10:53:45 : 6397 steps taken, and 16711 accepted.
[3 : mcmc] Progress @ 2026-08-06 10:54:35 : 6318 steps taken, and 16548 accepted.
[2 : mcmc] Progress @ 2026-08-06 10:54:43 : 6446 steps taken, and 16761 accepted.
[0 : mcmc] Progress @ 2026-08-06 10:54:50 : 5979 steps taken, and 16712 accepted.
[1 : mcmc] Progress @ 2026-08-06 10:54:54 : 6403 steps taken, and 16713 accepted.
[3 : mcmc] Progress @ 2026-08-06 10:55:47 : 6326 steps taken, and 16549 accepted.
[2 : mcmc] Progress @ 2026-08-06 10:55:48 : 6458 steps taken, and 16764 accepted.
[0 : mcmc] Progress @ 2026-08-06 10:55:59 : 5984 steps taken, and 16713 accepted.
[1 : mcmc] Progress @ 2026-08-06 10:56:05 : 6407 steps taken, and 16713 accepted.
[2 : mcmc] Progress @ 2026-08-06 10:56:56 : 6468 steps taken, and 16766 accepted.
[3 : mcmc] Progress @ 2026-08-06 10:56:59 : 6333 steps taken, and 16550 accepted.
[0 : mcmc] Progress @ 2026-08-06 10:57:07 : 5989 steps taken, and 16717 accepted.
[1 : mcmc] Progress @ 2026-08-06 10:57:13 : 6411 steps taken, and 16714 accepted.
[2 : mcmc] Progress @ 2026-08-06 10:58:03 : 6476 steps taken, and 16767 accepted.
[3 : mcmc] Progress @ 2026-08-06 10:58:09 : 6341 steps taken, and 16551 accepted.
[0 : mcmc] Progress @ 2026-08-06 10:58:16 : 5996 steps taken, and 16719 accepted.
[1 : mcmc] Progress @ 2026-08-06 10:58:23 : 6416 steps taken, and 16716 accepted.
[2 : mcmc] Progress @ 2026-08-06 10:59:10 : 6481 steps taken, and 16769 accepted.
[3 : mcmc] Progress @ 2026-08-06 10:59:19 : 6351 steps taken, and 16551 accepted.
[0 : mcmc] Progress @ 2026-08-06 10:59:27 : 6002 steps taken, and 16720 accepted.
[1 : mcmc] Progress @ 2026-08-06 10:59:31 : 6422 steps taken, and 16719 accepted.
[2 : mcmc] Progress @ 2026-08-06 11:00:17 : 6488 steps taken, and 16770 accepted.
[3 : mcmc] Progress @ 2026-08-06 11:00:30 : 6356 steps taken, and 16552 accepted.
[0 : mcmc] Progress @ 2026-08-06 11:00:36 : 6010 steps taken, and 16723 accepted.
[1 : mcmc] Progress @ 2026-08-06 11:00:39 : 6427 steps taken, and 16720 accepted.
[2 : mcmc] Progress @ 2026-08-06 11:01:26 : 6494 steps taken, and 16771 accepted.
[3 : mcmc] Progress @ 2026-08-06 11:01:38 : 6361 steps taken, and 16556 accepted.
[0 : mcmc] Progress @ 2026-08-06 11:01:45 : 6015 steps taken, and 16726 accepted.
[1 : mcmc] Progress @ 2026-08-06 11:01:50 : 6431 steps taken, and 16722 accepted.
[2 : mcmc] Progress @ 2026-08-06 11:02:33 : 6500 steps taken, and 16773 accepted.
[3 : mcmc] Progress @ 2026-08-06 11:02:48 : 6368 steps taken, and 16557 accepted.
[0 : mcmc] Progress @ 2026-08-06 11:02:52 : 6024 steps taken, and 16727 accepted.
[1 : mcmc] Progress @ 2026-08-06 11:03:00 : 6443 steps taken, and 16724 accepted.
[2 : mcmc] Progress @ 2026-08-06 11:03:40 : 6508 steps taken, and 16774 accepted.
[3 : mcmc] Progress @ 2026-08-06 11:03:58 : 6374 steps taken, and 16559 accepted.
[0 : mcmc] Progress @ 2026-08-06 11:04:00 : 6035 steps taken, and 16728 accepted.
[1 : mcmc] Progress @ 2026-08-06 11:04:08 : 6451 steps taken, and 16726 accepted.
[2 : mcmc] Progress @ 2026-08-06 11:04:49 : 6514 steps taken, and 16775 accepted.
[0 : mcmc] Progress @ 2026-08-06 11:05:08 : 6039 steps taken, and 16731 accepted.
[3 : mcmc] Progress @ 2026-08-06 11:05:08 : 6382 steps taken, and 16560 accepted.
[1 : mcmc] Progress @ 2026-08-06 11:05:19 : 6458 steps taken, and 16729 accepted.
[2 : mcmc] Progress @ 2026-08-06 11:05:55 : 6518 steps taken, and 16775 accepted.
[3 : mcmc] Progress @ 2026-08-06 11:06:16 : 6386 steps taken, and 16564 accepted.
[0 : mcmc] Progress @ 2026-08-06 11:06:19 : 6047 steps taken, and 16731 accepted.
[1 : mcmc] Progress @ 2026-08-06 11:06:28 : 6466 steps taken, and 16730 accepted.
[2 : mcmc] Progress @ 2026-08-06 11:07:04 : 6522 steps taken, and 16776 accepted.
[3 : mcmc] Progress @ 2026-08-06 11:07:24 : 6393 steps taken, and 16565 accepted.
[0 : mcmc] Progress @ 2026-08-06 11:07:28 : 6052 steps taken, and 16731 accepted.
[1 : mcmc] Progress @ 2026-08-06 11:07:38 : 6471 steps taken, and 16732 accepted.
[2 : mcmc] Progress @ 2026-08-06 11:08:13 : 6527 steps taken, and 16778 accepted.
[3 : mcmc] Progress @ 2026-08-06 11:08:34 : 6401 steps taken, and 16566 accepted.
[0 : mcmc] Progress @ 2026-08-06 11:08:36 : 6057 steps taken, and 16732 accepted.
[1 : mcmc] Progress @ 2026-08-06 11:08:47 : 6477 steps taken, and 16735 accepted.
[2 : mcmc] Progress @ 2026-08-06 11:09:19 : 6532 steps taken, and 16779 accepted.
[3 : mcmc] Progress @ 2026-08-06 11:09:43 : 6411 steps taken, and 16568 accepted.
[0 : mcmc] Progress @ 2026-08-06 11:09:45 : 6062 steps taken, and 16733 accepted.
[1 : mcmc] Progress @ 2026-08-06 11:09:56 : 6490 steps taken, and 16736 accepted.
[2 : mcmc] Progress @ 2026-08-06 11:10:25 : 6537 steps taken, and 16782 accepted.
[3 : mcmc] Progress @ 2026-08-06 11:10:51 : 6425 steps taken, and 16568 accepted.
[0 : mcmc] Progress @ 2026-08-06 11:10:57 : 6069 steps taken, and 16736 accepted.
[1 : mcmc] Progress @ 2026-08-06 11:11:04 : 6495 steps taken, and 16739 accepted.
[2 : mcmc] Progress @ 2026-08-06 11:11:34 : 6541 steps taken, and 16784 accepted.
[3 : mcmc] Progress @ 2026-08-06 11:11:59 : 6433 steps taken, and 16569 accepted.
[0 : mcmc] Progress @ 2026-08-06 11:12:06 : 6076 steps taken, and 16737 accepted.
[1 : mcmc] Progress @ 2026-08-06 11:12:12 : 6502 steps taken, and 16741 accepted.
[2 : mcmc] Progress @ 2026-08-06 11:12:42 : 6546 steps taken, and 16788 accepted.
[3 : mcmc] Progress @ 2026-08-06 11:13:06 : 6444 steps taken, and 16571 accepted.
[0 : mcmc] Progress @ 2026-08-06 11:13:16 : 6083 steps taken, and 16739 accepted.
[1 : mcmc] Progress @ 2026-08-06 11:13:20 : 6511 steps taken, and 16744 accepted.
[2 : mcmc] Progress @ 2026-08-06 11:13:50 : 6551 steps taken, and 16790 accepted.
[3 : mcmc] Progress @ 2026-08-06 11:14:13 : 6448 steps taken, and 16573 accepted.
[0 : mcmc] Progress @ 2026-08-06 11:14:27 : 6088 steps taken, and 16739 accepted.
[1 : mcmc] Progress @ 2026-08-06 11:14:31 : 6517 steps taken, and 16746 accepted.
[2 : mcmc] Progress @ 2026-08-06 11:14:56 : 6556 steps taken, and 16790 accepted.
[3 : mcmc] Progress @ 2026-08-06 11:15:21 : 6458 steps taken, and 16575 accepted.
[0 : mcmc] Progress @ 2026-08-06 11:15:38 : 6098 steps taken, and 16739 accepted.
[1 : mcmc] Progress @ 2026-08-06 11:15:39 : 6524 steps taken, and 16747 accepted.
[2 : mcmc] Progress @ 2026-08-06 11:16:02 : 6560 steps taken, and 16791 accepted.
[3 : mcmc] Progress @ 2026-08-06 11:16:28 : 6464 steps taken, and 16577 accepted.
[0 : mcmc] Progress @ 2026-08-06 11:16:50 : 6105 steps taken, and 16741 accepted.
[1 : mcmc] Progress @ 2026-08-06 11:16:52 : 6529 steps taken, and 16749 accepted.
[2 : mcmc] Progress @ 2026-08-06 11:17:10 : 6567 steps taken, and 16795 accepted.
[3 : mcmc] Progress @ 2026-08-06 11:17:36 : 6473 steps taken, and 16578 accepted.
[0 : mcmc] Progress @ 2026-08-06 11:18:00 : 6110 steps taken, and 16741 accepted.
[1 : mcmc] Progress @ 2026-08-06 11:18:02 : 6537 steps taken, and 16751 accepted.
[2 : mcmc] Progress @ 2026-08-06 11:18:17 : 6576 steps taken, and 16797 accepted.
[3 : mcmc] Progress @ 2026-08-06 11:18:43 : 6480 steps taken, and 16582 accepted.
[0 : mcmc] Progress @ 2026-08-06 11:19:09 : 6114 steps taken, and 16742 accepted.
[1 : mcmc] Progress @ 2026-08-06 11:19:12 : 6542 steps taken, and 16754 accepted.
[2 : mcmc] Progress @ 2026-08-06 11:19:24 : 6581 steps taken, and 16799 accepted.
[3 : mcmc] Progress @ 2026-08-06 11:19:52 : 6486 steps taken, and 16584 accepted.
[0 : mcmc] Progress @ 2026-08-06 11:20:18 : 6118 steps taken, and 16745 accepted.
[1 : mcmc] Progress @ 2026-08-06 11:20:20 : 6549 steps taken, and 16755 accepted.
[2 : mcmc] Progress @ 2026-08-06 11:20:31 : 6586 steps taken, and 16800 accepted.
[3 : mcmc] Progress @ 2026-08-06 11:21:01 : 6498 steps taken, and 16586 accepted.
[0 : mcmc] Progress @ 2026-08-06 11:21:26 : 6124 steps taken, and 16746 accepted.
[1 : mcmc] Progress @ 2026-08-06 11:21:27 : 6556 steps taken, and 16755 accepted.
[2 : mcmc] Progress @ 2026-08-06 11:21:37 : 6591 steps taken, and 16801 accepted.
[3 : mcmc] Progress @ 2026-08-06 11:22:10 : 6510 steps taken, and 16587 accepted.
[1 : mcmc] Progress @ 2026-08-06 11:22:36 : 6564 steps taken, and 16756 accepted.
[0 : mcmc] Progress @ 2026-08-06 11:22:36 : 6130 steps taken, and 16747 accepted.
[2 : mcmc] Progress @ 2026-08-06 11:22:43 : 6599 steps taken, and 16803 accepted.
[3 : mcmc] Progress @ 2026-08-06 11:23:18 : 6533 steps taken, and 16587 accepted.
[1 : mcmc] Progress @ 2026-08-06 11:23:44 : 6570 steps taken, and 16757 accepted.
[0 : mcmc] Progress @ 2026-08-06 11:23:49 : 6139 steps taken, and 16750 accepted.
[2 : mcmc] Progress @ 2026-08-06 11:23:50 : 6607 steps taken, and 16805 accepted.
[3 : mcmc] Progress @ 2026-08-06 11:24:28 : 6542 steps taken, and 16591 accepted.
[1 : mcmc] Progress @ 2026-08-06 11:24:52 : 6576 steps taken, and 16759 accepted.
[2 : mcmc] Progress @ 2026-08-06 11:24:57 : 6612 steps taken, and 16807 accepted.
[0 : mcmc] Progress @ 2026-08-06 11:25:01 : 6144 steps taken, and 16751 accepted.
[3 : mcmc] Progress @ 2026-08-06 11:25:37 : 6546 steps taken, and 16595 accepted.
[1 : mcmc] Progress @ 2026-08-06 11:25:58 : 6580 steps taken, and 16761 accepted.
[2 : mcmc] Progress @ 2026-08-06 11:26:04 : 6619 steps taken, and 16808 accepted.
[0 : mcmc] Progress @ 2026-08-06 11:26:12 : 6151 steps taken, and 16751 accepted.
[3 : mcmc] Progress @ 2026-08-06 11:26:47 : 6551 steps taken, and 16596 accepted.
[1 : mcmc] Progress @ 2026-08-06 11:27:06 : 6587 steps taken, and 16762 accepted.
[2 : mcmc] Progress @ 2026-08-06 11:27:11 : 6627 steps taken, and 16811 accepted.
[0 : mcmc] Progress @ 2026-08-06 11:27:22 : 6159 steps taken, and 16752 accepted.
[3 : mcmc] Progress @ 2026-08-06 11:27:55 : 6556 steps taken, and 16600 accepted.
[1 : mcmc] Progress @ 2026-08-06 11:28:14 : 6593 steps taken, and 16762 accepted.
[2 : mcmc] Progress @ 2026-08-06 11:28:18 : 6635 steps taken, and 16814 accepted.
[0 : mcmc] Progress @ 2026-08-06 11:28:33 : 6165 steps taken, and 16753 accepted.
[3 : mcmc] Progress @ 2026-08-06 11:29:05 : 6567 steps taken, and 16601 accepted.
[1 : mcmc] Progress @ 2026-08-06 11:29:22 : 6598 steps taken, and 16762 accepted.
[2 : mcmc] Progress @ 2026-08-06 11:29:26 : 6644 steps taken, and 16816 accepted.
[0 : mcmc] Progress @ 2026-08-06 11:29:43 : 6171 steps taken, and 16755 accepted.
[3 : mcmc] Progress @ 2026-08-06 11:30:16 : 6571 steps taken, and 16602 accepted.
[1 : mcmc] Progress @ 2026-08-06 11:30:28 : 6604 steps taken, and 16763 accepted.
[2 : mcmc] Progress @ 2026-08-06 11:30:36 : 6649 steps taken, and 16818 accepted.
[0 : mcmc] Progress @ 2026-08-06 11:30:55 : 6178 steps taken, and 16757 accepted.
[3 : mcmc] Progress @ 2026-08-06 11:31:26 : 6576 steps taken, and 16604 accepted.
[1 : mcmc] Progress @ 2026-08-06 11:31:34 : 6611 steps taken, and 16765 accepted.
[2 : mcmc] Progress @ 2026-08-06 11:31:47 : 6654 steps taken, and 16820 accepted.
[0 : mcmc] Progress @ 2026-08-06 11:32:07 : 6192 steps taken, and 16757 accepted.
[3 : mcmc] Progress @ 2026-08-06 11:32:33 : 6584 steps taken, and 16606 accepted.
[1 : mcmc] Progress @ 2026-08-06 11:32:42 : 6618 steps taken, and 16766 accepted.
[2 : mcmc] Progress @ 2026-08-06 11:32:56 : 6670 steps taken, and 16822 accepted.
[0 : mcmc] Progress @ 2026-08-06 11:33:17 : 6209 steps taken, and 16757 accepted.
[3 : mcmc] Progress @ 2026-08-06 11:33:40 : 6599 steps taken, and 16607 accepted.
[1 : mcmc] Progress @ 2026-08-06 11:33:51 : 6634 steps taken, and 16768 accepted.
[2 : mcmc] Progress @ 2026-08-06 11:34:06 : 6676 steps taken, and 16824 accepted.
[0 : mcmc] Progress @ 2026-08-06 11:34:26 : 6221 steps taken, and 16759 accepted.
[3 : mcmc] Progress @ 2026-08-06 11:34:47 : 6608 steps taken, and 16608 accepted.
[1 : mcmc] Progress @ 2026-08-06 11:35:00 : 6643 steps taken, and 16770 accepted.
[2 : mcmc] Progress @ 2026-08-06 11:35:15 : 6681 steps taken, and 16828 accepted.
[0 : mcmc] Progress @ 2026-08-06 11:35:37 : 6234 steps taken, and 16762 accepted.
[3 : mcmc] Progress @ 2026-08-06 11:35:57 : 6616 steps taken, and 16609 accepted.
[1 : mcmc] Progress @ 2026-08-06 11:36:07 : 6649 steps taken, and 16771 accepted.
[2 : mcmc] Progress @ 2026-08-06 11:36:26 : 6695 steps taken, and 16829 accepted.
[0 : mcmc] Progress @ 2026-08-06 11:36:47 : 6238 steps taken, and 16763 accepted.
[3 : mcmc] Progress @ 2026-08-06 11:37:05 : 6620 steps taken, and 16612 accepted.
[1 : mcmc] Progress @ 2026-08-06 11:37:14 : 6655 steps taken, and 16772 accepted.
[2 : mcmc] Progress @ 2026-08-06 11:37:37 : 6706 steps taken, and 16830 accepted.
[0 : mcmc] Progress @ 2026-08-06 11:37:59 : 6250 steps taken, and 16763 accepted.
[3 : mcmc] Progress @ 2026-08-06 11:38:16 : 6635 steps taken, and 16614 accepted.
[1 : mcmc] Progress @ 2026-08-06 11:38:21 : 6663 steps taken, and 16775 accepted.
[2 : mcmc] Progress @ 2026-08-06 11:38:46 : 6715 steps taken, and 16831 accepted.
[0 : mcmc] Progress @ 2026-08-06 11:39:09 : 6255 steps taken, and 16763 accepted.
[3 : mcmc] Progress @ 2026-08-06 11:39:28 : 6643 steps taken, and 16616 accepted.
[1 : mcmc] Progress @ 2026-08-06 11:39:30 : 6669 steps taken, and 16777 accepted.
[2 : mcmc] Progress @ 2026-08-06 11:39:52 : 6721 steps taken, and 16833 accepted.
[0 : mcmc] Progress @ 2026-08-06 11:40:20 : 6259 steps taken, and 16765 accepted.
[1 : mcmc] Progress @ 2026-08-06 11:40:40 : 6678 steps taken, and 16781 accepted.
[3 : mcmc] Progress @ 2026-08-06 11:40:40 : 6648 steps taken, and 16617 accepted.
[2 : mcmc] Progress @ 2026-08-06 11:40:59 : 6726 steps taken, and 16834 accepted.
[0 : mcmc] Progress @ 2026-08-06 11:41:31 : 6264 steps taken, and 16768 accepted.
[1 : mcmc] Progress @ 2026-08-06 11:41:49 : 6685 steps taken, and 16783 accepted.
[3 : mcmc] Progress @ 2026-08-06 11:41:51 : 6654 steps taken, and 16620 accepted.
[2 : mcmc] Progress @ 2026-08-06 11:42:07 : 6731 steps taken, and 16837 accepted.
[0 : mcmc] Progress @ 2026-08-06 11:42:42 : 6271 steps taken, and 16768 accepted.
[1 : mcmc] Progress @ 2026-08-06 11:42:59 : 6701 steps taken, and 16784 accepted.
[3 : mcmc] Progress @ 2026-08-06 11:43:02 : 6664 steps taken, and 16621 accepted.
[2 : mcmc] Progress @ 2026-08-06 11:43:16 : 6736 steps taken, and 16838 accepted.
[0 : mcmc] Progress @ 2026-08-06 11:43:53 : 6279 steps taken, and 16768 accepted.
[1 : mcmc] Progress @ 2026-08-06 11:44:10 : 6712 steps taken, and 16785 accepted.
[3 : mcmc] Progress @ 2026-08-06 11:44:13 : 6673 steps taken, and 16622 accepted.
[2 : mcmc] Progress @ 2026-08-06 11:44:23 : 6743 steps taken, and 16841 accepted.
[0 : mcmc] Progress @ 2026-08-06 11:45:04 : 6284 steps taken, and 16771 accepted.
[1 : mcmc] Progress @ 2026-08-06 11:45:20 : 6721 steps taken, and 16787 accepted.
[3 : mcmc] Progress @ 2026-08-06 11:45:24 : 6682 steps taken, and 16622 accepted.
[2 : mcmc] Progress @ 2026-08-06 11:45:29 : 6748 steps taken, and 16843 accepted.
[0 : mcmc] Progress @ 2026-08-06 11:46:15 : 6297 steps taken, and 16773 accepted.
[1 : mcmc] Progress @ 2026-08-06 11:46:27 : 6726 steps taken, and 16789 accepted.
[3 : mcmc] Progress @ 2026-08-06 11:46:36 : 6695 steps taken, and 16623 accepted.
[2 : mcmc] Progress @ 2026-08-06 11:46:39 : 6752 steps taken, and 16845 accepted.
[0 : mcmc] Progress @ 2026-08-06 11:47:25 : 6304 steps taken, and 16773 accepted.
[1 : mcmc] Progress @ 2026-08-06 11:47:35 : 6730 steps taken, and 16790 accepted.
[3 : mcmc] Progress @ 2026-08-06 11:47:48 : 6699 steps taken, and 16623 accepted.
[2 : mcmc] Progress @ 2026-08-06 11:47:49 : 6757 steps taken, and 16847 accepted.
[0 : mcmc] Progress @ 2026-08-06 11:48:37 : 6312 steps taken, and 16774 accepted.
[1 : mcmc] Progress @ 2026-08-06 11:48:42 : 6735 steps taken, and 16791 accepted.
[3 : mcmc] Progress @ 2026-08-06 11:48:59 : 6704 steps taken, and 16625 accepted.
[2 : mcmc] Progress @ 2026-08-06 11:49:00 : 6761 steps taken, and 16849 accepted.
[0 : mcmc] Progress @ 2026-08-06 11:49:47 : 6318 steps taken, and 16774 accepted.
[1 : mcmc] Progress @ 2026-08-06 11:49:51 : 6739 steps taken, and 16793 accepted.
[2 : mcmc] Progress @ 2026-08-06 11:50:09 : 6770 steps taken, and 16851 accepted.
[3 : mcmc] Progress @ 2026-08-06 11:50:10 : 6714 steps taken, and 16628 accepted.
[0 : mcmc] Progress @ 2026-08-06 11:50:58 : 6329 steps taken, and 16775 accepted.
[1 : mcmc] Progress @ 2026-08-06 11:51:00 : 6745 steps taken, and 16794 accepted.
[2 : mcmc] Progress @ 2026-08-06 11:51:19 : 6776 steps taken, and 16853 accepted.
[3 : mcmc] Progress @ 2026-08-06 11:51:21 : 6724 steps taken, and 16631 accepted.
[0 : mcmc] Progress @ 2026-08-06 11:52:07 : 6334 steps taken, and 16776 accepted.
[1 : mcmc] Progress @ 2026-08-06 11:52:09 : 6756 steps taken, and 16795 accepted.
[2 : mcmc] Progress @ 2026-08-06 11:52:27 : 6785 steps taken, and 16854 accepted.
[3 : mcmc] Progress @ 2026-08-06 11:52:30 : 6728 steps taken, and 16631 accepted.
[0 : mcmc] Progress @ 2026-08-06 11:53:17 : 6339 steps taken, and 16777 accepted.
[1 : mcmc] Progress @ 2026-08-06 11:53:17 : 6762 steps taken, and 16797 accepted.
[2 : mcmc] Progress @ 2026-08-06 11:53:36 : 6793 steps taken, and 16856 accepted.
[3 : mcmc] Progress @ 2026-08-06 11:53:39 : 6745 steps taken, and 16633 accepted.
[1 : mcmc] Progress @ 2026-08-06 11:54:27 : 6768 steps taken, and 16797 accepted.
[0 : mcmc] Progress @ 2026-08-06 11:54:27 : 6343 steps taken, and 16778 accepted.
[2 : mcmc] Progress @ 2026-08-06 11:54:47 : 6800 steps taken, and 16857 accepted.
[3 : mcmc] Progress @ 2026-08-06 11:54:48 : 6751 steps taken, and 16633 accepted.
[0 : mcmc] Progress @ 2026-08-06 11:55:36 : 6349 steps taken, and 16778 accepted.
[1 : mcmc] Progress @ 2026-08-06 11:55:37 : 6772 steps taken, and 16799 accepted.
[2 : mcmc] Progress @ 2026-08-06 11:55:56 : 6811 steps taken, and 16859 accepted.
[3 : mcmc] Progress @ 2026-08-06 11:55:59 : 6758 steps taken, and 16634 accepted.
[0 : mcmc] Progress @ 2026-08-06 11:56:44 : 6355 steps taken, and 16779 accepted.
[1 : mcmc] Progress @ 2026-08-06 11:56:49 : 6776 steps taken, and 16799 accepted.
[2 : mcmc] Progress @ 2026-08-06 11:57:07 : 6817 steps taken, and 16860 accepted.
[3 : mcmc] Progress @ 2026-08-06 11:57:09 : 6765 steps taken, and 16634 accepted.
[0 : mcmc] Progress @ 2026-08-06 11:57:52 : 6360 steps taken, and 16780 accepted.
[1 : mcmc] Progress @ 2026-08-06 11:57:59 : 6782 steps taken, and 16801 accepted.
[2 : mcmc] Progress @ 2026-08-06 11:58:16 : 6824 steps taken, and 16861 accepted.
[3 : mcmc] Progress @ 2026-08-06 11:58:19 : 6769 steps taken, and 16635 accepted.
[0 : mcmc] Progress @ 2026-08-06 11:59:02 : 6368 steps taken, and 16782 accepted.
[1 : mcmc] Progress @ 2026-08-06 11:59:08 : 6786 steps taken, and 16803 accepted.
[2 : mcmc] Progress @ 2026-08-06 11:59:27 : 6837 steps taken, and 16862 accepted.
[3 : mcmc] Progress @ 2026-08-06 11:59:30 : 6774 steps taken, and 16637 accepted.
[0 : mcmc] Progress @ 2026-08-06 12:00:10 : 6373 steps taken, and 16784 accepted.
[1 : mcmc] Progress @ 2026-08-06 12:00:19 : 6790 steps taken, and 16803 accepted.
[2 : mcmc] Progress @ 2026-08-06 12:00:36 : 6844 steps taken, and 16865 accepted.
[3 : mcmc] Progress @ 2026-08-06 12:00:41 : 6779 steps taken, and 16639 accepted.
[0 : mcmc] Progress @ 2026-08-06 12:01:21 : 6379 steps taken, and 16784 accepted.
[1 : mcmc] Progress @ 2026-08-06 12:01:29 : 6800 steps taken, and 16806 accepted.
[2 : mcmc] Progress @ 2026-08-06 12:01:46 : 6852 steps taken, and 16865 accepted.
[3 : mcmc] Progress @ 2026-08-06 12:01:51 : 6786 steps taken, and 16639 accepted.
[0 : mcmc] Progress @ 2026-08-06 12:02:33 : 6386 steps taken, and 16786 accepted.
[1 : mcmc] Progress @ 2026-08-06 12:02:40 : 6806 steps taken, and 16806 accepted.
[3 : mcmc] Learn + convergence test @ 16640 samples accepted.
[3 : mcmc] Ready to check convergence and learn a new proposal covmat (waiting for the rest...)
[2 : mcmc] Progress @ 2026-08-06 12:02:53 : 6857 steps taken, and 16866 accepted.
[0 : mcmc] Progress @ 2026-08-06 12:03:40 : 6393 steps taken, and 16788 accepted.
[0 : mcmc] All chains are ready to check convergence and learn a new proposal covmat
[0 : mcmc]  - Acceptance rate: 0.195 = avg([0.1938, 0.1949, 0.1979, 0.1940])
[0 : mcmc]  - Convergence of means: R-1 = 0.025570 after 67103 accepted steps = sum([16788, 16808, 16867, 16640])
[0 : mcmc]  - Convergence of bounds: R-1 = 0.115482 after 67103 accepted steps = sum([16788, 16808, 16867, 16640])
[0 : mcmc] The run has converged!
[0 : mcmc] Sampling complete after 67103 accepted steps.
TERMINADO
TERMINADO
TERMINADO
TERMINADO
